Name,Term,ES,NES,NOM p-val,FDR q-val,FWER p-val,Tag %,Gene %,Lead_genes
gsea,PI3K-Akt signaling pathway,0.5831371040704088,2.557318237960408,0.001,0.0031716630932595814,0.002,136/353,17.01%,COMP;ITGB3;PIK3R6;ITGA11;LAMA2;HGF;FGF18;PIK3CG;ITGA8;GNG2;COL6A6;PIK3R5;ITGA9;FGF7;COL4A4;NTRK1;CREB3L1;FLT4;COL4A3;PDGFRA;TNN;GNG7;FLT3;VEGFC;ITGB7;IFNAR2;THBS2;GNGT2;TEK;TNXB;PDGFD;IL2RG;ITGA1;IL7R;JAK3;LAMA4;ITGA4;ITGB6;IL2RB;CSF3R;FGF1;TLR4;EREG;CD19;COL6A5;IL2RA;CSF1R;PRLR;OSM;GNG8;FGF10;COL9A2;IL2;LPAR4;ITGA10;IL7;COL6A3;ANGPT4;KIT;IGF1;PDGFRB;ITGA7;PDGFC;PRKCA;LAMC3;PDGFA;VTN;CSF1;LAMB4;AKT3;KDR;FLT3LG;FN1;PIK3CD;IL3RA;FGF20;AREG;ANGPT1;NTF3;NOS3;FASLG;FGF16;ANGPT2;GNG11;SGK2;ERBB4;TNR;THBS1;COL2A1;RELN;IRS1;FGF9;PDGFB;THBS4;JAK2;COL1A2;COL6A2;TCL1A;IL4R;COL6A1;LAMA3;EFNA5;CHAD;FLT1;COL1A1;VWF;FGF5;TNC;FGF23;COL4A2;TLR2;F2R;CCND2;LAMB1;EPOR;NR4A1;GH1;G6PC2;ITGA5;CSF3;IFNA1;PIK3AP1;IL4;IGF2;LAMC2;ITGA3;COL9A1;COL9A3;NGFR;FGFR1;COL4A1;IL3;JAK1;LAMB2;PTEN;PRL
gsea,Oxidative phosphorylation,-0.5189346469963728,-2.540717358244209,0.001,0.0011324264933874383,0.003,84/118,27.97%,NDUFA7;NDUFA13;ATP6V1E2;ATP4A;UQCRHL;ATP12A;NDUFS7;ATP6V1C2;UQCR11;NDUFB5;NDUFB9;COX11;NDUFA9;ATP6V0E2;ATP6V1B1;COX8C;ATP5MC1;COX6A1;NDUFA11;NDUFB2;ATP5MF;ATP5PD;COX7B;ATP5MC3;ATP5MG;ATP5ME;ATP5PO;NDUFB1;UQCR10;COX7A2L;COX5A;NDUFB6;ATP6V0A4;COX10;UQCRFS1;COX5B;ATP6V0A2;SDHD;NDUFA5;NDUFAB1;NDUFA6;UQCRQ;NDUFA12;NDUFS3;NDUFA8;NDUFA10;NDUFV3;COX6C;ATP5PF;NDUFB7;NDUFB8;NDUFS4;COX7A2;NDUFA2;NDUFC1;COX15;PPA2;NDUFB3;ATP6V1F;COX8A;SDHC;NDUFC2;ATP5F1C;NDUFB4;NDUFA1;ATP5F1D;CYC1;COX17;COX4I1;NDUFS8;UQCRB;UQCRC2;NDUFS2;COX6B1;UQCRH;ATP5MC2;UQCRC1;NDUFS1;ATP6V1G1;NDUFB11;COX7C;ATP5F1B;NDUFB10;ATP5F1E
gsea,Focal adhesion,0.646338749484709,2.4784244606080836,0.001,0.0047574946398893725,0.003,87/200,16.00%,COMP;ITGB3;ITGA11;LAMA2;HGF;ITGA8;COL6A6;RASGRF1;ITGA9;COL4A4;FLT4;COL4A3;PARVG;PRKCB;PDGFRA;TNN;VEGFC;ITGB7;THBS2;TNXB;ILK;SHC3;PAK3;PDGFD;ITGA1;LAMA4;ITGA4;ITGB6;FLNC;COL6A5;BIRC3;PPP1R12B;COL9A2;ITGA10;COL6A3;IGF1;MYLK;PDGFRB;ITGA7;PDGFC;PRKCA;LAMC3;VAV3;PDGFA;VTN;LAMB4;AKT3;KDR;FN1;PIK3CD;FYN;MYLK4;VAV1;TNR;THBS1;VAV2;COL2A1;RELN;PDGFB;THBS4;COL1A2;COL6A2;SHC2;COL6A1;LAMA3;CHAD;FLT1;COL1A1;CAV3;VWF;RAC2;TNC;COL4A2;MYL9;CCND2;LAMB1;CAV1;ITGA5;PXN;MYLK3;MYL10;LAMC2;ITGA3;COL9A1;COL9A3;COL4A1;PARVA
gsea,Tuberculosis,0.5804685298472712,2.4736456016489976,0.001,0.0031716630932595814,0.003,61/177,14.74%,TGFB2;CIITA;FCGR2C;ITGAM;FCGR2B;CAMK2A;TNF;MRC1;IL10RA;CR1;IL10;CD209;TLR4;HLA-DQA2;HLA-DOA;CR1L;CARD9;TGFB3;VDR;ITGAX;ATP6V0D2;FCGR1A;CLEC4E;LSP1;FCGR2A;NOD2;CYP27B1;HLA-DMB;CLEC7A;ITGB2;AKT3;HLA-DOB;HLA-DQA1;MRC2;TLR9;IRAK2;PLK3;HLA-DQB1;TLR1;TLR6;CORO1A;IL10RB;IL12B;C3;HLA-DPA1;JAK2;FCGR3A;HLA-DPB1;HLA-DMA;FCGR3B;HLA-DRB5;CLEC4M;CAMP;TLR2;CASP10;IL1B;TCIRG1;CD14;CALML5;IFNA1;CTSS
gsea,Kaposi sarcoma-associated herpesvirus infection,0.4965628486707173,2.4480152500170127,0.001,0.0031716630932595814,0.004,40/193,10.50%,PIK3R6;NFATC2;CCR4;PIK3CG;GNG2;PIK3R5;TCF7;CCR8;GNG7;CCR5;IFNAR2;GNGT2;ITPR2;ITPR1;CCR1;CSF2;HLA-G;TLR3;GNG8;CXCL2;CD86;PTGS2;CLEC2B;ICAM1;PREX1;CXCL3;FAS;CD200R1;AKT3;PIK3CD;NFATC1;IRF7;ANGPT2;GNG11;MICB;C3;PDGFB;JAK2;PLCG2;NFATC4
gsea,Leukocyte transendothelial migration,0.6158597849368869,2.4345090872690465,0.001,0.0028544967839336235,0.005,47/112,15.01%,JAM2;ITGAM;VCAM1;PRKCB;JAM3;ITK;CLDN9;CLDN14;ITGAL;RAPGEF3;RHOH;ITGA4;NCF1;CXCL12;CLDN2;CLDN18;NCF4;TXK;MMP9;THY1;CDH5;CYBB;ICAM1;CLDN5;PRKCA;VAV3;ITGB2;PIK3CD;CLDN11;CLDN6;MMP2;VAV1;VAV2;CLDN19;CLDN23;PLCG2;CLDN10;NCF2;ESAM;PECAM1;RAC2;RASSF5;MYL9;CTNNA3;CXCR4;PXN;MYL10
gsea,Proteoglycans in cancer,0.5393711050162658,2.4334422938222735,0.001,0.0023787473199446863,0.005,62/203,14.86%,ITGB3;TGFB2;ESR1;HGF;CAMK2A;TNF;PRKCB;WNT2;WNT10A;MRAS;ITPR2;ANK2;ITPR1;FLNC;TLR4;WNT6;ANK1;FZD4;IHH;PPP1R12B;MMP9;TWIST1;TWIST2;TIMP3;WNT1;IGF1;PRKCA;VAV3;FAS;VTN;WNT7A;HSPG2;AKT3;KDR;FN1;PIK3CD;WNT4;DCN;MMP2;HPSE2;FASLG;VAV1;ERBB4;THBS1;VAV2;IL12B;PLCG2;COL1A2;TIAM1;WNT9B;SDC2;WNT10B;WNT5B;PLAUR;COL1A1;CAV3;TLR2;FZD8;CAV1;ITGA5;PXN;IGF2
gsea,Toxoplasmosis,0.6326706342152612,2.407402990223416,0.001,0.0033982104570638373,0.009,44/110,16.82%,TGFB2;PIK3R6;LAMA2;CIITA;PIK3CG;PIK3R5;CD40LG;TNF;CCR5;IL10RA;ALOX5;IL10;LAMA4;BIRC7;TLR4;IRGM;HLA-DQA2;HLA-DOA;TGFB3;BIRC3;HLA-DMB;LAMC3;LAMB4;AKT3;HLA-DOB;HLA-DQA1;GNAO1;HLA-DQB1;IL10RB;IL12B;HLA-DPA1;JAK2;HLA-DPB1;HLA-DMA;LAMA3;HSPA2;HLA-DRB5;TLR2;LAMB1;LAMC2;CD40;LY96;JAK1;LAMB2
gsea,Ribosome biogenesis in eukaryotes,-0.5679471757913823,-2.3859525143451674,0.001,0.003019803982366502,0.013,53/84,26.10%,REXO5;RPP40;SNORD3A;SNORD3C;RPP38;EMG1;UTP15;IMP3;RBM28;CSNK2A3;RPP25;LSG1;DKC1;RPP25L;WDR75;WDR43;NMD3;XPO1;POP7;POP5;CSNK2A2;UTP18;UTP4;WDR3;RIOK1;PWP2;UTP6;MPHOSPH10;RRP7A;POP1;IMP4;NXT1;NOB1;GTPBP4;RCL1;NOP58;SNU13;NAT10;NOP56;CSNK2A1;NXT2;NOP10;UTP14A;NHP2;SNORD3B-2;RPP30;FBL;CSNK2B;GNL3;HEATR1;RAN;AK6;POP4
gsea,Protein digestion and absorption,0.690635061882924,2.365926453375553,0.001,0.0061450972431904395,0.016,51/103,13.00%,COL14A1;XPNPEP2;DPP4;COL8A1;COL13A1;COL8A2;COL6A6;ELN;COL4A4;KCNN4;COL4A3;COL10A1;COL16A1;COL22A1;COL5A3;COL11A1;KCNK5;COL21A1;SLC7A7;COL15A1;COL23A1;COL12A1;KCNQ1;COL6A5;COL5A1;SLC8A3;SLC8A1;CPB2;MME;COL9A2;ATP1A4;COL6A3;ATP1A2;FXYD2;CPA3;COL5A2;MEP1A;COL18A1;COL24A1;SLC1A1;ATP1B2;SLC16A10;COL2A1;PRSS2;COL1A2;COL6A2;COL6A1;COL27A1;COL1A1;COL3A1;COL4A2
gsea,Human cytomegalovirus infection,0.48014271232788086,2.3642065156863956,0.001,0.005638512165794812,0.017,54/223,14.98%,ITGB3;PTGER2;NFATC2;GNG2;CREB3L1;TNF;PRKCB;PDGFRA;GNG7;CCR5;GNGT2;PTGER3;IL10RA;ITPR2;ADCY4;ITPR1;CCR1;CXCL12;HLA-G;PLCB2;PTGER1;GNG8;CCL3;PTGS2;ADCY7;CGAS;PRKCA;PTGER4;FAS;AKT3;PIK3CD;CCL4;GNAO1;NFATC1;CCL2;ADCY1;FASLG;CCL3L3;CCL4L2;GNG11;IL10RB;NFATC4;IL1R1;STING1;RAC2;CCL5;HLA-F;IL1B;ADCY6;CXCR4;PXN;CALML5;IFNA1;TRAF5
gsea,JAK-STAT signaling pathway,0.6103278903315303,2.3565548920470154,0.001,0.005867576722530226,0.018,77/162,20.04%,IL21R;STAT4;CSF2RA;CSF2RB;PDGFRA;IFNAR2;IL12RB1;IL22RA2;IL10RA;AOX1;IL2RG;IL10;IL7R;JAK3;IL15;IL2RB;CSF3R;CRLF2;IL5RA;IL11;IL2RA;PRLR;CSF2;IL9R;OSM;IL2;CISH;IL7;LIFR;IL11RA;IL12RB2;STAT5A;PDGFRB;IL13;PDGFA;AKT3;IL13RA2;PIK3CD;FHL1;IL3RA;LIF;IL20;LEPR;IL21;IL10RB;IL12B;PDGFB;JAK2;IL4R;IL15RA;IL22;IL24;CNTF;IL27RA;CCND2;EPOR;GH1;CSF3;IFNA1;IL4;IL6ST;IL3;IFNE;JAK1;IL23R;MPL;IL5;PRL;IFNW1;IFNA21;CSH1;IFNG;CCND1;IL6;IRF9;IFNA16;IFNA13
gsea,Chemokine signaling pathway,0.6551626534204872,2.3457981076247267,0.001,0.005766660169562876,0.019,84/189,14.47%,PIK3R6;DOCK2;CCR4;PIK3CG;CCR2;GNG2;PIK3R5;ARRB1;CX3CR1;PRKCB;CCR8;GNG7;CCR5;ITK;RASGRP2;GNGT2;CXCR5;SHC3;CCR6;ADCY4;CCL23;JAK3;CXCR3;CCR7;CCR1;NCF1;CCL13;CCL14;CXCL12;CCL7;PLCB2;FGR;GNG8;CXCR6;CCL3;CXCL2;WAS;CCL1;CCR10;CXCL13;CCL22;CCL19;PPBP;ADCY7;CXCL11;PREX1;CCL21;VAV3;CXCL3;GRK5;AKT3;CCL28;PIK3CD;CCL16;CCL4;XCR1;CCL2;CCL25;ADCY1;CCL3L3;CCL4L2;GNG11;VAV1;PF4;VAV2;CXCL5;JAK2;PLCG2;SHC2;TIAM1;CCL11;CCL17;RAC2;CCL5;CCL8;CCR9;CCL18;ADCY6;CXCR4;CXCR1;CCL15;CXCL10;CXCL9;PXN
gsea,Ras signaling pathway,0.5708270469009468,2.3406964670472115,0.001,0.0059468682998617154,0.02,77/232,13.64%,PLA2G5;RASGRF2;RASGRP4;RASGRP3;HGF;FGF18;GNG2;RASGRF1;FGF7;NTRK1;FLT4;PRKCB;PDGFRA;GNG7;FLT3;VEGFC;RASGRP2;GNGT2;RASAL3;TEK;PLA2G4C;MRAS;SHC3;PAK3;PDGFD;PLA1A;RASA4B;ZAP70;FGF1;RASA3;PLA2G1B;CSF1R;ETS1;GNG8;FGF10;PLA2G2A;GRIN2A;ANGPT4;KIT;PLA2G2F;IGF1;PDGFRB;PDGFC;PRKCA;PDGFA;CSF1;AKT3;KDR;FLT3LG;PIK3CD;FGF20;GAB2;ANGPT1;NTF3;PLA2G4D;FASLG;FGF16;ANGPT2;RASA4;GNG11;PLA2G12B;FGF9;PDGFB;PLCG2;SHC2;TIAM1;EFNA5;FLT1;RAC2;RASSF5;FGF5;PLA2G4E;FGF23;RGL1;PLA2G2C;RASGRP1;SYNGAP1
gsea,Human papillomavirus infection,0.4723854846616927,2.3350449273030778,0.001,0.005611403934228491,0.02,98/330,18.80%,COMP;ITGB3;ITGA11;LAMA2;DLG2;ITGA8;COL6A6;ITGA9;TCF7;COL4A4;CREB3L1;COL4A3;TNF;TNN;ITGB7;WNT2;IFNAR2;THBS2;WNT10A;TNXB;ITGA1;LAMA4;NOTCH4;ITGA4;ITGB6;WNT6;FZD4;COL6A5;ATP6V0D2;HLA-G;TLR3;COL9A2;HEYL;MFNG;ITGA10;PTGS2;COL6A3;WNT1;PDGFRB;ITGA7;LAMC3;PTGER4;FAS;VTN;WNT7A;LAMB4;AKT3;FN1;PIK3CD;WNT4;AXIN2;MAML2;FASLG;MX2;TNR;THBS1;COL2A1;RELN;THBS4;COL1A2;COL6A2;OASL;WNT9B;COL6A1;LAMA3;WNT10B;WNT5B;CHAD;COL1A1;VWF;TNC;HLA-F;COL4A2;CCND2;LAMB1;TCIRG1;FZD8;ITGA5;PXN;IFNA1;IRF1;LAMC2;ITGA3;COL9A1;COL9A3;COL4A1;LFNG;FZD1;JAK1;LAMB2;PTEN;THBS3;RBPJL;IFNA21;NOTCH2;HEY2;ATM;CCND1
gsea,Coronavirus disease,0.47996980235473513,2.3330271611070077,0.001,0.0052105893674978835,0.02,67/228,20.04%,NLRP3;C4B;TLR7;TNF;AGTR1;PRKCB;C4A;IFNAR2;C7;CFB;C3AR1;F13A1;TLR4;TLR8;CSF2;TLR3;C2;FCGR2A;IL2;SELP;CYBB;ACE;C6;CGAS;PRKCA;C5AR1;C8B;PIK3CD;NRP1;CCL2;FGG;FGA;MX2;MAS1;IL12B;C3;PLCG2;C5;TMPRSS2;STING1;MMP3;VWF;MMP1;TLR2;IL1B;MASP2;C9;MASP1;CXCL10;IFIH1;CSF3;IFNA1;IL6ST;C1R;C1S;C8A;JAK1;C1QC;C1QB;IFNA21;C1QA;CFD;PRKCG;IL6;IRF9;IFNA16;IFNA13
gsea,Phagosome,0.5909079589137428,2.3289823074544067,0.001,0.00507466094921533,0.02,56/149,14.74%,COMP;ITGB3;COLEC12;OLR1;FCGR2C;ITGAM;FCGR2B;MARCO;THBS2;MRC1;FCAR;MSR1;CD209;TLR4;HLA-DQA2;HLA-DOA;NCF1;ATP6V0D2;HLA-G;NCF4;FCGR1A;FCGR2A;CD36;CYBB;MPO;HLA-DMB;SFTPD;TUBB3;CLEC7A;ITGB2;HLA-DOB;HLA-DQA1;MRC2;DYNC2H1;HLA-DQB1;TLR6;CORO1A;THBS1;C3;HLA-DPA1;THBS4;FCGR3A;HLA-DPB1;SFTPA1;HLA-DMA;NCF2;SFTPA2;FCGR3B;HLA-DRB5;CLEC4M;HLA-F;TLR2;TCIRG1;CD14;ITGA5;CTSS
gsea,MAPK signaling pathway,0.5145914375416522,2.322600156667222,0.001,0.004955723583218096,0.021,87/294,15.00%,RASGRF2;CACNA1C;TGFB2;RASGRP4;MEF2C;RASGRP3;HGF;FGF18;RASGRF1;FGF7;NTRK1;FLT4;ARRB1;TNF;PRKCB;PDGFRA;FLT3;VEGFC;RASGRP2;CACNA1G;TEK;CACNA1H;PLA2G4C;MRAS;PDGFD;DUSP4;FLNC;FGF1;CACNB2;PTPN7;EREG;CACNA2D4;TGFB3;CSF1R;CACNA1D;FGF10;ANGPT4;PTPRR;KIT;IGF1;PDGFRB;PDGFC;PRKCA;RPS6KA2;FAS;PDGFA;CSF1;AKT3;KDR;FLT3LG;RAPGEF2;TGFBR2;FGF20;AREG;ANGPT1;CACNA2D2;NTF3;NFATC1;PLA2G4D;FASLG;FGF16;ANGPT2;ERBB4;FGF9;PDGFB;MAP4K1;CACNG4;EFNA5;IL1R1;CACNG6;FLT1;MAP3K14;RAC2;HSPA2;FGF5;PLA2G4E;FGF23;MAP3K12;GADD45B;IL1B;PTPN5;RASGRP1;NR4A1;CD14;CACNG5;IGF2;DUSP10
gsea,Platelet activation,0.6263051217626502,2.3224966470951336,0.001,0.004757494639889372,0.022,47/123,13.52%,ITGB3;PTGIR;PIK3R6;TBXA2R;PIK3CG;PIK3R5;P2RX1;PTGS1;GUCY1A2;APBB1IP;RASGRP2;BTK;PLA2G4C;F2RL3;ITPR2;ADCY4;PRKG1;GP5;ITPR1;TBXAS1;LCP2;PLCB2;P2RY12;FCGR2A;ADCY7;MYLK;AKT3;PIK3CD;FYN;FERMT3;FGG;FGA;PLA2G4D;NOS3;ADCY1;MYLK4;PLCG2;COL1A2;GUCY1A1;COL1A1;VWF;PLA2G4E;GP9;COL3A1;ADCY6;F2R;RASGRP1
gsea,AGE-RAGE signaling pathway in diabetic complications,0.586752577404711,2.317815109313082,0.001,0.0047574946398893725,0.023,35/100,14.42%,TGFB2;VCAM1;COL4A4;COL4A3;TNF;AGTR1;PRKCB;VEGFC;NOX4;TGFB3;AGT;PLCB2;CYBB;ICAM1;STAT5A;SELE;PRKCA;AGER;AKT3;FN1;PIK3CD;TGFBR2;NFATC1;CCL2;MMP2;NOS3;JAK2;PLCG2;COL1A2;COL1A1;COL3A1;COL4A2;IL1B;SERPINE1;PLCD4
gsea,ECM-receptor interaction,0.7131941828433873,2.3121448254086725,0.001,0.004674029821645699,0.024,54/87,17.38%,COMP;ITGB3;ITGA11;LAMA2;ITGA8;COL6A6;ITGA9;COL4A4;COL4A3;TNN;ITGB7;THBS2;TNXB;ITGA1;LAMA4;GP5;ITGA4;ITGB6;COL6A5;COL9A2;ITGA10;CD36;COL6A3;ITGA7;LAMC3;VTN;HSPG2;LAMB4;FN1;TNR;THBS1;COL2A1;RELN;THBS4;COL1A2;COL6A2;COL6A1;LAMA3;CHAD;COL1A1;VWF;TNC;GP9;COL4A2;LAMB1;ITGA5;LAMC2;ITGA3;COL9A1;COL9A3;GP1BA;COL4A1;LAMB2;THBS3
gsea,Ribosome,-0.6023614210793797,-2.3072757059620317,0.003952569169960474,0.005284656969141378,0.03,123/136,36.10%,MRPL2;MRPL12;MRPL4;RPL22L1;RPS17;MRPS18C;MRPL19;MRPS11;MRPS17;RPS10;MRPS7;MRPL21;RSL24D1;MRPL11;MRPL34;MRPS18A;MRPL30;MRPS9;MRPL24;MRPL13;MRPL35;MRPS2;MRPL22;RPS10-NUDT3;MRPL27;MRPS12;RPL17;MRPL17;RPL3L;RPL26L1;MRPL10;RPS15A;RPS4Y1;RPL38;RPL39;RPS29;MRPL15;RPL36A;MRPL16;RPL26;MRPS21;MRPS14;MRPL3;RPS7;MRPL33;MRPL36;MRPL32;MRPL9;MRPL1;MRPL23;MRPS5;RPL35A;MRPS15;RPL10L;RPL23;MRPL14;RPL27;RPL36;RPL18A;RPS26;RPL23A;RPL31;RPL35;MRPS16;RPS28;RPS15;RPL19;MRPL18;RPS27A;MRPL28;RPL41;UBA52;RPS3A;RPS21;RPLP1;RPL37A;RPL24;RPL37;RPSA;RPS19;RPS3;RPL9;RPL27A;FAU;MRPS10;RPS18;RPL12;RPL7A;RPLP0;RPL6;RPL4;RPL32;RPS27;RPL14;RPL30;RPL15;RPL29;RPS16;RPS4X;RPS5;RPS6;RPS14;RPS20;RPL8;RPL10A;RPS25;RPL18;RPL7;RPS13;MRPS6;RPS24;RPL34;RPL36AL;MRPL20;RPL5;RPS23;RPLP2;RPL10;RPL13;RPS8;RPS2;RPL21;RPL3
gsea,Lipid and atherosclerosis,0.4681016489247491,2.306694000292219,0.001,0.004836786217220862,0.027,50/213,14.60%,POU2F2;NLRP3;NFATC2;OLR1;VCAM1;CAMK2A;CD40LG;TNF;TICAM2;ITPR1;TLR4;NCF1;PLCB2;NCF4;CCL3;CXCL2;MMP9;SELP;CD36;CYBB;ICAM1;SELE;PRKCA;VAV3;CXCL3;FAS;AGER;AKT3;PIK3CD;NFATC1;CCL2;NOS3;IRF7;FASLG;CCL3L3;VAV1;TLR6;VAV2;IL12B;JAK2;NCF2;MMP3;CCL5;HSPA2;MMP1;TLR2;IL1B;CD14;CALML5;IFNA1
gsea,Influenza A,0.4998740687609885,2.3021582918296737,0.001,0.004908526215758876,0.03,61/169,23.74%,NLRP3;CIITA;TLR7;TNF;PRKCB;IFNAR2;TLR4;HLA-DQA2;HLA-DOA;TLR3;HLA-DMB;ICAM1;TPSAB1;PRKCA;FAS;AKT3;HLA-DOB;PIK3CD;TPSD1;HLA-DQA1;RSAD2;TPSB2;CCL2;HLA-DQB1;IRF7;FASLG;MX2;IL12B;PRSS2;HLA-DPA1;IL33;JAK2;TMPRSS2;HLA-DPB1;HLA-DMA;CCL5;NXF3;HLA-DRB5;IL1B;CXCL10;IFIH1;KPNA5;IFNA1;NXF2B;JAK1;IFNA21;IFNG;APAF1;HLA-DRB1;IL6;IRF9;IFNA16;IFNA13;IL18;HLA-DRA;IFNA8;PIK3R1;IFNA5;PRSS1;NXF5;CASP1
gsea,Amoebiasis,0.6511346853454875,2.3014486042509756,0.001,0.004685411387769837,0.03,48/101,16.87%,TGFB2;LAMA2;ITGAM;COL4A4;COL4A3;TNF;PRKCB;CD1E;IL10;CD1C;LAMA4;CD1A;TLR4;TGFB3;CSF2;CD1D;PLCB2;CXCL2;CD1B;GNA14;PRKCA;LAMC3;CXCL3;ITGB2;LAMB4;C8B;FN1;PIK3CD;CTSG;SERPINB9;ADCY1;IL12B;COL1A2;LAMA3;IL1R1;COL1A1;COL3A1;COL4A2;TLR2;IL1B;C9;LAMB1;CD14;LAMC2;COL4A1;C8A;LAMB2;RAB7B
gsea,Fc epsilon RI signaling pathway,0.5913444557308004,2.301020971862513,0.0018552875695732839,0.004481697849171148,0.03,27/67,16.90%,TNF;BTK;INPP5D;PLA2G4C;MS4A2;ALOX5;FCER1A;CSF2;LCP2;ALOX5AP;PRKCA;VAV3;IL13;AKT3;PIK3CD;FYN;GAB2;PLA2G4D;VAV1;VAV2;PLCG2;RAC2;PLA2G4E;IL4;IL3;FCER1G;IL5
gsea,Osteoclast differentiation,0.667390070975737,2.2996721891995078,0.001,0.004361036753231924,0.03,52/126,12.19%,ITGB3;TGFB2;NFATC2;TNFSF11;FCGR2C;FCGR2B;MITF;LILRB1;TNF;LILRA6;LILRA1;IFNAR2;BTK;LILRA2;LILRB3;OSCAR;BLNK;LILRB2;LILRB5;NCF1;SIRPB1;CSF1R;TNFRSF11B;LCP2;LILRB4;FHL2;LILRA4;NCF4;LCK;FCGR1A;CAMK4;LILRA5;FCGR2A;SIRPG;CTSK;FOSB;CSF1;AKT3;TREM2;PIK3CD;SPI1;TGFBR2;FYN;GAB2;NFATC1;PLCG2;FCGR3A;NCF2;IL1R1;MAP3K14;FCGR3B;SIRPA
gsea,NF-kappa B signaling pathway,0.6555054776503986,2.296538346944232,0.001,0.004250028544967839,0.031,48/101,18.96%,TNFSF11;VCAM1;TNFSF14;CD40LG;TNF;PRKCB;EDA2R;BTK;LTB;LTA;BLNK;TICAM2;ZAP70;PRKCQ;TLR4;TNFSF13B;CCL13;CXCL12;BIRC3;LCK;CXCL2;PTGS2;CCL19;ICAM1;CCL21;CXCL3;BCL2A1;TRAF1;CCL4;CCL4L2;PLCG2;EDAR;IL1R1;MAP3K14;TNFAIP3;GADD45B;IL1B;CD14;TRAF5;CD40;LY96;CYLD;GADD45G;NFKB2;CFLAR;ATM;CARD10;RELB
gsea,Human T-cell leukemia virus 1 infection,0.46904393853346976,2.272367081697743,0.005607476635514018,0.005306436329107377,0.036,56/217,13.41%,TGFB2;NFATC2;CREB3L1;TNF;ITGAL;LTA;ADCY4;IL2RG;JAK3;IL15;IL2RB;HLA-DQA2;HLA-DOA;MAD1L1;TGFB3;IL2RA;CSF2;ETS1;HLA-G;CD3G;LCK;IL2;CD3E;MMP7;HLA-DMB;ADCY7;ICAM1;STAT5A;MSX2;CD4;ITGB2;AKT3;HLA-DOB;PIK3CD;HLA-DQA1;SPI1;NRP1;TGFBR2;NFATC1;HLA-DQB1;ADCY1;CD3D;HLA-DPA1;NFATC4;HLA-DPB1;EGR2;HLA-DMA;IL15RA;IL1R1;MAP3K14;KAT2B;HLA-DRB5;HLA-F;CDKN2B;ADCY6;CCND2
gsea,Cytokine-cytokine receptor interaction,0.6651288735778702,2.262970132574096,0.001,0.005697246667521841,0.04,166/290,17.20%,IL16;TGFB2;IL21R;TNFSF11;CCR4;BMP2;CCR2;INHBA;TNFSF14;CD40LG;TNFSF8;CX3CR1;TNF;EDA2R;CSF2RA;CCR8;CSF2RB;TNFRSF10D;CCR5;IFNAR2;IL12RB1;TNFRSF8;LTB;IL10RA;GDF10;CXCR5;EBI3;TNFRSF9;CD27;LTA;CCR6;IL2RG;CCL23;IL10;TNFRSF13B;TNFRSF4;IL7R;CXCR3;CCR7;IL15;IL2RB;TNFRSF10C;CSF3R;TNFSF4;CCR1;CRLF2;IL5RA;TNFSF13B;IL11;IL34;CD70;BMP5;CCL13;CCL14;TGFB3;CXCL12;IL2RA;CSF1R;PRLR;ACKR4;CSF2;IL1RL1;CCL7;IL9R;TNFRSF11B;IL18R1;OSM;BMP8A;CXCR6;CCL3;CXCL2;TNFRSF17;IL2;CCL1;GDF5;TNFRSF19;CCR10;IL27;IL7;CXCL13;CCL22;ACVRL1;CCL19;LIFR;PPBP;IL11RA;IL12RB2;CXCL11;CCL21;IL13;CXCL3;IL32;FAS;CD4;CSF1;TNFRSF1B;IL13RA2;CCL28;IL3RA;LIF;TGFBR2;CCL16;CCL4;XCR1;BMP6;CCL2;CCL25;IL18RAP;TNFRSF14;FASLG;IL20;LEPR;CCL3L3;CCL4L2;PF4;BMP4;CXCL5;IL21;IL10RB;IL12B;TNFSF12;IL33;IL4R;TNFSF15;EDAR;IL15RA;CCL11;IL1R1;IL17RB;CCL17;CCL5;CCL8;IL22;IL24;GDF3;RELT;CCR9;CCL18;CNTF;IL27RA;IL1B;IL26;EPOR;CXCR4;CXCR1;CCL15;CXCL10;CXCL9;GH1;CSF3;BMP10;IFNA1;IL4;IL6ST;TNFSF13;TNFRSF12A;NGFR;CD40;GDF6;IL3;IFNE;IL23R;MPL;IL5;PRL;IL17C
gsea,Relaxin signaling pathway,0.5307440972844497,2.261851605737979,0.0018656716417910447,0.005607047254155332,0.041,36/129,13.58%,GNG2;COL4A4;CREB3L1;ARRB1;COL4A3;GNG7;VEGFC;GNGT2;MMP13;SHC3;EDNRB;ADCY4;RXFP3;PLCB2;GNG8;MMP9;ADCY7;PRKCA;ACTA2;AKT3;PIK3CD;TGFBR2;GNAO1;INSL3;MMP2;NOS3;ADCY1;GNG11;COL1A2;SHC2;COL1A1;MMP1;COL3A1;COL4A2;ADCY6;RXFP2
gsea,"Parathyroid hormone synthesis, secretion and action",0.5791223783934769,2.257635236022139,0.001,0.005632436182857533,0.042,27/105,8.86%,PTH1R;GATA3;MEF2C;TNFSF11;RUNX2;CREB3L1;ARRB1;PRKCB;MMP16;MMP13;KL;ITPR2;ADCY4;ITPR1;CYP24A1;MMP25;VDR;PLCB2;MMP24;CYP27B1;PDE4B;ADCY7;SLC34A2;PRKCA;TRPV5;ADCY1;PDE4A
gsea,Chagas disease,0.5685927857842855,2.2552276762704904,0.001834862385321101,0.005497549361649942,0.043,38/101,19.63%,TGFB2;TNF;IL10;CD247;TLR4;TGFB3;CD3G;PLCB2;CCL3;IL2;GNA14;CD3E;ACE;FAS;AKT3;PIK3CD;TLR9;TGFBR2;GNAO1;CCL2;BDKRB2;ADCY1;FASLG;CD3D;CCL3L3;TLR6;IL12B;C3;CCL5;TLR2;IL1B;SERPINE1;C1QC;CFLAR;C1QB;C1QA;IFNG;IL6
gsea,RNA transport,-0.4299703759441499,-2.2475269236029334,0.0021008403361344537,0.008493198700405786,0.058,116/183,32.23%,THOC3;RPP40;SNORD3A;EIF3CL;GEMIN6;SNORD3C;NUP35;SMN1;GEMIN2;NUP37;ELAC1;RNU4-1;RPP14;PABPC3;RPP38;RNU4-2;SEH1L;MAGOHB;EIF4E;SENP2;NUP88;RPP25;FXR1;EIF2B5;SNUPN;GEMIN4;THOC5;RPP25L;RAE1;NMD3;XPOT;RNU5A-1;XPO1;NUP93;POP7;POP5;EIF4EBP1;EIF4A3;NUP205;ALYREF;TRNT1;RNVU1-7;XPO5;NUP85;UPF3B;SUMO2;NCBP2;PRMT5;TGS1;POP1;NXT1;CLNS1A;PYM1;GLE1;EIF3C;NDC1;THOC1;EIF4A2;NUP107;RPP21;NUP42;EIF3J;NXT2;EIF5;THOC7;FMR1;EIF2B2;SNORD3B-2;NCBP1;EIF1AX;PABPC1L;EIF2S1;NUP50;NUP54;DDX19A;RPP30;EIF2B4;RBM8A;EIF3E;EIF1;RAN;SUMO1;STRAP;SAP18;ELAC2;DDX20;POP4;SMN2;AAAS;EIF2S2;KPNB1;EIF1B;CASC3;MAGOH;NUP43;TACC3;PNN;NUP133;EIF4G1;POM121C;NUP155;RNPS1;EIF5B;NUP210;THOC6;NUP153;FXR2;EIF3D;NUP188;SUMO3;POM121;EIF3G;PAIP1;EIF2B1;EIF3I;EIF4E2
gsea,NOD-like receptor signaling pathway,0.502954240233151,2.243380631782215,0.001,0.0061387027611475775,0.048,60/178,21.99%,NLRP3;TNF;NLRP12;ANTXR2;IFNAR2;NLRP1;NLRC4;P2RX7;ITPR2;ITPR1;TLR4;NLRP7;CARD9;BIRC3;NAIP;MEFV;RIPK3;PLCB2;TRPV2;CXCL2;CASP12;NOD2;PSTPIP1;CYBB;CARD8;CXCL3;AIM2;CCL2;IRF7;CASP5;NOD1;GBP4;GBP5;ANTXR1;GBP3;STING1;CCL5;TNFAIP3;NLRP6;CAMP;IL1B;CARD6;IFNA1;TRAF5;CASR;JAK1;DEFA4;IFNA21;GBP1;GBP2;IL6;IRF9;PYDC1;IFNA16;IFNA13;IL18;CYBA;DEFA1;CARD16;IFNA8
gsea,Oxytocin signaling pathway,0.5925194831151501,2.242858385125681,0.001,0.0059468682998617154,0.048,52/154,14.99%,CACNA1C;CAMK1G;PIK3R6;MEF2C;NFATC2;KCNJ5;PIK3CG;PIK3R5;NPR1;CAMK2A;PRKCB;GUCY1A2;PLA2G4C;ITPR2;ADCY4;ITPR1;KCNJ12;CACNB2;CACNA2D4;CACNA1D;PLCB2;OXT;CAMK4;PPP1R12B;PTGS2;ADCY7;MYLK;PRKCA;OXTR;GNAO1;CACNA2D2;KCNJ6;NFATC1;PLA2G4D;NOS3;ADCY1;MYLK4;RYR3;NFATC4;CACNG4;GUCY1A1;CACNG6;PLA2G4E;MYL9;KCNJ18;CAMK1;ADCY6;CD38;CACNG5;NPR2;CALML5;MYLK3
gsea,Diabetic cardiomyopathy,0.37054796846018034,2.2350785320179427,0.0019011406844106464,0.006391381687932187,0.05,35/188,12.82%,TGFB2;GFPT2;PLN;CAMK2A;AGTR1;PRKCB;PDK4;NCF1;ATP2A3;TGFB3;AGT;COX6B2;PLCB2;NCF4;MMP9;CD36;CYBB;ACE;PRKCA;AGER;AKT3;PIK3CD;TGFBR2;COX7A1;MMP2;NOS3;REN;IRS1;COL1A2;COX4I2;NCF2;COL1A1;CMA1;RAC2;COL3A1
gsea,Cell adhesion molecules,0.6876844769995197,2.233309997996383,0.001,0.006389968290831803,0.052,81/145,13.10%,JAM2;SPN;ITGAM;LRRC4C;ITGA8;CD28;ICAM3;VCAM1;NCAM2;ITGA9;CD40LG;ICAM2;PTPRM;JAM3;CADM3;ITGB7;CLDN9;CLDN14;ITGAL;CD80;CTLA4;ICOS;CD6;SIGLEC1;NTNG1;CADM1;CDH2;CD22;NEGR1;ITGA4;CD226;NTNG2;HLA-DQA2;CNTNAP1;HLA-DOA;PDCD1;PTPRC;CDH15;TIGIT;CD8B2;VCAN;HLA-G;CLDN2;CLDN18;SELP;SELPLG;CD86;CDH5;HLA-DMB;ICAM1;SELL;CLDN5;L1CAM;SELE;CD4;ITGB2;CD2;HLA-DOB;CD34;HLA-DQA1;CLDN11;CLDN6;NFASC;HLA-DQB1;VSIR;CLDN19;CD8B;HLA-DPA1;CLDN23;HLA-DPB1;CD8A;SDC2;HLA-DMA;CLDN10;PDCD1LG2;ESAM;CDH4;PECAM1;HLA-DRB5;HLA-F;LRRC4B
gsea,Regulation of actin cytoskeleton,0.5033686562813248,2.2331219928089574,0.001,0.006207397768236609,0.052,62/217,15.24%,ITGB3;ITGA11;IQGAP2;FGF18;ITGAM;ITGA8;ITGA9;FGF7;PDGFRA;NCKAP1L;ITGB7;ITGAL;MRAS;PAK3;PDGFD;ITGA1;ARHGEF6;ITGA4;ITGB6;FGF1;SPATA13;CXCL12;ITGAX;FGF10;PPP1R12B;LPAR4;ITGA10;CYFIP2;FGD3;INSRR;MYLK;PDGFRB;ITGA7;PDGFC;VAV3;PDGFA;ITGB2;FN1;PIK3CD;FGF20;CHRM4;ARPC1B;BDKRB2;FGF16;MYLK4;VAV1;VAV2;FGF9;PDGFB;TIAM1;RAC2;FGF5;FGF23;MYL9;F2R;ACTR3C;CXCR4;ITGA5;PXN;MYLK3;MYL10;ITGA3
gsea,T cell receptor signaling pathway,0.6024205026216384,2.2175378652042887,0.005802707930367505,0.0070040893309482434,0.062,34/104,11.73%,NFATC2;CD28;CD40LG;TNF;ITK;CTLA4;ICOS;PAK3;GRAP2;IL10;CD247;ZAP70;PRKCQ;PDCD1;PTPRC;CSF2;CD8B2;LCP2;CD3G;LCK;IL2;CD3E;VAV3;CD4;AKT3;PIK3CD;FYN;NFATC1;CD3D;VAV1;VAV2;CD8B;CD8A;MAP3K14
gsea,cGMP-PKG signaling pathway,0.5917507566902358,2.2164134847506465,0.001,0.006900510243443144,0.062,58/167,13.35%,CACNA1C;KCNMB1;PIK3R6;ADORA1;MEF2C;NFATC2;ADRA2A;PIK3CG;IRAG1;PLN;PIK3R5;NPR1;CREB3L1;AGTR1;GUCY1A2;PDE2A;PDE3A;EDNRA;ADRA1B;ITPR2;EDNRB;ADCY4;PRKG1;ADORA3;ITPR1;ADRB2;KCNJ8;ATP2A3;SLC8A3;CACNA1D;TRPC6;PLCB2;SLC8A1;ATP1A4;KCNMB4;ATP1A2;FXYD2;ADCY7;MYLK;ADRA1A;PDE5A;AKT3;ADRB3;NFATC1;BDKRB2;NOS3;ADCY1;MYLK4;ATP1B2;IRS1;NFATC4;GUCY1A1;OPRD1;KCNMA1;KCNU1;MYL9;ADCY6;ATP2B2
gsea,Rap1 signaling pathway,0.5516084321992615,2.2144330447639686,0.001,0.006802382686859366,0.062,67/210,13.36%,ITGB3;RASGRP3;HGF;FGF18;ITGAM;FGF7;FLT4;FYB1;PRKCB;PDGFRA;APBB1IP;VEGFC;RASGRP2;ITGAL;TEK;MRAS;RAPGEF3;F2RL3;PDGFD;ADCY4;FGF1;CSF1R;LCP2;FPR1;PLCB2;FGF10;GRIN2A;LPAR4;DOCK4;ANGPT4;KIT;ADCY7;IGF1;PDGFRB;PDGFC;PRKCA;VAV3;PDGFA;CNR1;ITGB2;CSF1;AKT3;KDR;RAPGEF2;PIK3CD;FGF20;ADORA2A;GNAO1;ANGPT1;ADCY1;FGF16;ANGPT2;VAV1;THBS1;VAV2;PRKD1;FGF9;PDGFB;TIAM1;EFNA5;FLT1;RAC2;RASSF5;FGF5;FGF23;ADCY6;F2R
gsea,Spliceosome,-0.442016136643717,-2.2017064375326383,0.008113590263691683,0.010946789436078568,0.074,80/146,30.97%,THOC3;RNU4-1;SNRPG;RNU4-2;MAGOHB;SNRPD1;LSM8;SNRPF;PRPF4;LSM5;SNRPA1;PRPF40B;RNU5A-1;LSM7;LSM4;USP39;RBMXL1;EIF4A3;PHF5A;TRA2B;ALYREF;RNVU1-7;PPIL1;BUD31;PRPF18;NCBP2;SNRPE;LSM3;DHX8;ISY1;PPIH;EFTUD2;THOC1;LSM2;SNU13;LSM6;SRSF9;CDC40;PQBP1;CHERP;HSPA1B;NCBP1;PRPF3;SMNDC1;PRPF40A;SF3B6;SNRPD2;SNRPA;SRSF7;SNRNP27;RBM8A;BCAS2;HNRNPC;SNRPB;SRSF3;SRSF2;SRSF1;PRPF19;CDC5L;CWC15;SNRPC;U2SURP;RBM17;AQR;RP9;MAGOH;SNRNP40;SNW1;SF3B5;SF3B4;HNRNPA3;SNRPB2;SNRPD3;RBMX;CRNKL1;PPIE;TXNL4A;WBP11;SF3A2;CCDC12
gsea,Citrate cycle (TCA cycle),-0.6259493007477844,-2.199625756783357,0.001,0.009562712610827256,0.076,20/30,29.90%,OGDHL;IDH3A;PCK2;IDH1;PC;SUCLG1;DLD;SDHD;SUCLA2;MDH1;PDHA1;FH;SDHC;MDH2;ACO2;ACLY;DLAT;CS;SDHA;SDHB
gsea,B cell receptor signaling pathway,0.7092059879328889,2.1981349156689234,0.001,0.007563196607003618,0.068,30/79,10.38%,RASGRP3;NFATC2;FCGR2B;LILRB1;LILRA6;PRKCB;LILRA1;BTK;INPP5D;LILRA2;LILRB3;BLNK;LILRB2;CD22;CD79B;LILRB5;CD19;CD79A;LILRB4;LILRA4;LILRA5;CD72;VAV3;AKT3;PIK3CD;NFATC1;CR2;VAV1;VAV2;PLCG2
gsea,Th1 and Th2 cell differentiation,0.6350877307479355,2.190871007675298,0.001,0.007810220367151719,0.072,38/90,12.46%,GATA3;NFATC2;STAT4;IL12RB1;IL2RG;CD247;JAK3;ZAP70;IL2RB;PRKCQ;HLA-DQA2;HLA-DOA;TBX21;IL2RA;CD3G;LCK;IL2;CD3E;DLL4;HLA-DMB;IL12RB2;STAT5A;IL13;CD4;HLA-DOB;HLA-DQA1;NFATC1;MAML2;HLA-DQB1;CD3D;IL12B;HLA-DPA1;JAK2;IL4R;HLA-DPB1;HLA-DMA;MAF;HLA-DRB5
gsea,Leishmaniasis,0.7011118347081794,2.1905095457261266,0.0019305019305019305,0.007619727187465092,0.072,36/74,13.17%,TGFB2;FCGR2C;ITGAM;TNF;PRKCB;CR1;IL10;ITGA4;TLR4;HLA-DQA2;HLA-DOA;NCF1;CR1L;TGFB3;NCF4;FCGR1A;FCGR2A;PTGS2;CYBB;HLA-DMB;ITGB2;HLA-DOB;HLA-DQA1;HLA-DQB1;IL12B;C3;HLA-DPA1;JAK2;FCGR3A;HLA-DPB1;HLA-DMA;NCF2;FCGR3B;HLA-DRB5;TLR2;IL1B
gsea,Vascular smooth muscle contraction,0.5963095235638416,2.1904153346090363,0.001,0.007438305111573066,0.072,52/133,16.30%,PLA2G5;CACNA1C;PTGIR;KCNMB1;IRAG1;NPR1;AGTR1;PRKCB;GUCY1A2;ACTG2;EDNRA;PLA2G4C;ADRA1B;ITPR2;ADCY4;PRKG1;ITPR1;PRKCQ;PLA2G1B;AGT;CACNA1D;PLCB2;PPP1R12B;PLA2G2A;KCNMB4;PLA2G2F;ADCY7;MYLK;PRKCA;ADRA1A;ACTA2;PPP1R14A;ADORA2A;PLA2G4D;RAMP1;ADCY1;MYLK4;PLA2G12B;CALD1;GUCY1A1;PLA2G4E;KCNMA1;KCNU1;PLA2G2C;MYL9;ADCY6;NPR2;CALML5;MYLK3;EDN2;PLA2G2D;EDN3
gsea,Th17 cell differentiation,0.6344646185431483,2.174317628902879,0.001,0.008261075963838911,0.076,53/105,21.43%,GATA3;IL21R;NFATC2;IRF4;FOXP3;IL12RB1;IL2RG;CD247;JAK3;ZAP70;IL2RB;PRKCQ;HLA-DQA2;HLA-DOA;TBX21;IL2RA;CD3G;RORC;LCK;IL2;CD3E;HLA-DMB;STAT5A;CD4;HLA-DOB;HLA-DQA1;TGFBR2;NFATC1;HLA-DQB1;CD3D;IL21;HLA-DPA1;JAK2;IL4R;HLA-DPB1;HLA-DMA;IL1R1;IL22;HLA-DRB5;IL27RA;IL1B;IL4;IL6ST;JAK1;IL23R;RARA;IFNG;HLA-DRB1;IL6;RXRG;RUNX1;HLA-DRA;NFKBIE
gsea,Aldosterone synthesis and secretion,0.6155555038574934,2.173185555003423,0.001,0.008145407489507563,0.078,36/98,14.75%,CACNA1C;CAMK1G;KCNJ5;NPR1;CREB3L1;CAMK2A;AGTR1;PRKCB;PDE2A;CACNA1G;CACNA1H;ITPR2;ADCY4;KCNK3;ITPR1;AGT;CACNA1D;PLCB2;CAMK4;ATP1A4;ATP1A2;ADCY7;CYP21A2;PRKCA;ADCY1;ATP1B2;HSD3B2;PRKD1;MC2R;CYP11A1;CAMK1;ADCY6;ATP2B2;NR4A1;CALML5;DAGLA
gsea,C-type lectin receptor signaling pathway,0.5433239555552565,2.1704591158766484,0.0037593984962406013,0.008105361238330043,0.078,40/104,19.73%,NLRP3;NFATC2;TNF;MRAS;ITPR2;IL10;ITPR1;EGR3;CD209;CARD9;CLEC4E;LSP1;IL2;CCL22;PTGS2;CLEC7A;CLEC4D;AKT3;PIK3CD;PLK3;NFATC1;CLEC6A;IL12B;PLCG2;NFATC4;EGR2;MAP3K14;CLEC1B;CCL17;CLEC4M;IL1B;CALML5;IRF1;FCER1G;RRAS;CYLD;NFKB2;RELB;IL6;IRF9
gsea,Yersinia infection,0.5075997218622194,2.170454528033698,0.0057692307692307696,0.007929157733148954,0.078,35/136,14.47%,NLRP3;NFATC2;FYB1;TNF;NLRC4;IL10;ZAP70;ITGA4;TLR4;CD8B2;MEFV;LCP2;LCK;FCGR2A;IL2;WAS;VAV3;RPS6KA2;CD4;AKT3;FN1;PIK3CD;WIPF1;NFATC1;ARPC1B;CCL2;VAV1;VAV2;CD8B;CD8A;RAC2;IL1B;ACTR3C;ITGA5;PXN
gsea,Rheumatoid arthritis,0.6853670531181111,2.1661046827848263,0.0019267822736030828,0.008030381023359366,0.081,46/89,13.66%,TGFB2;TNFSF11;CD28;TNF;ITGAL;TEK;CD80;LTB;CTLA4;IL15;TLR4;TNFSF13B;HLA-DQA2;HLA-DOA;IL11;TGFB3;CXCL12;CSF2;ATP6V0D2;CCL3;CXCL2;CD86;HLA-DMB;CTSK;ICAM1;CXCL3;ITGB2;CSF1;HLA-DOB;HLA-DQA1;ANGPT1;CCL2;HLA-DQB1;CCL3L3;CXCL5;HLA-DPA1;HLA-DPB1;HLA-DMA;FLT1;MMP3;CCL5;MMP1;HLA-DRB5;TLR2;IL1B;TCIRG1
gsea,Malaria,0.7640439738018984,2.164133289413297,0.001,0.00806131036203477,0.083,43/50,21.45%,COMP;TGFB2;HGF;VCAM1;CD40LG;TNF;THBS2;ITGAL;GYPC;CR1;IL10;TLR4;CR1L;TGFB3;KLRB1;SELP;CD36;ICAM1;SELE;ITGB2;TLR9;ACKR1;CCL2;THBS1;HBA2;THBS4;KLRC4-KLRK1;SDC2;LRP1;PECAM1;HBB;TLR2;IL1B;HBA1;CSF3;CD40;THBS3;GYPB;IFNG;IL6;IL18;GYPA;KLRK1
gsea,Acute myeloid leukemia,0.5285669559509832,2.1611790461133813,0.0019157088122605363,0.008058613369608529,0.084,15/67,7.52%,RUNX1T1;ITGAM;TCF7;FLT3;CSF1R;CSF2;ZBTB16;FCGR1A;KIT;MPO;STAT5A;AKT3;BCL2A1;PIK3CD;SPI1
gsea,Pertussis,0.5900427349831379,2.161161014014186,0.001,0.007897441102216358,0.084,33/76,19.63%,NLRP3;ITGAM;C4B;TNF;C4A;IRF8;IL10;TICAM2;TLR4;C2;C4BPB;C4BPA;ITGB2;NOD1;CXCL5;SERPING1;IL12B;C3;C5;SFTPA1;SFTPA2;IL1B;CD14;ITGA5;CALML5;IRF1;C1R;LY96;C1S;C1QC;C1QB;C1QA;IL6
gsea,Viral myocarditis,0.6819525107152195,2.160747385095911,0.001,0.0077736840521068174,0.084,26/57,12.64%,SGCD;LAMA2;CD28;CD40LG;SGCA;ITGAL;CD80;DMD;HLA-DQA2;HLA-DOA;HLA-G;CD86;HLA-DMB;ICAM1;ITGB2;HLA-DOB;HLA-DQA1;PRF1;FYN;HLA-DQB1;HLA-DPA1;HLA-DPB1;HLA-DMA;RAC2;HLA-DRB5;HLA-F
gsea,TNF signaling pathway,0.5434531064669549,2.1598233597195664,0.009652509652509652,0.007685183649052064,0.084,36/112,14.98%,VCAM1;CREB3L1;TNF;VEGFC;LTA;IL15;BIRC3;CSF2;RIPK3;IL18R1;CXCL2;NOD2;MMP9;PTGS2;ICAM1;SELE;CXCL3;FAS;CSF1;TNFRSF1B;AKT3;TRAF1;PIK3CD;LIF;CCL2;CXCL5;MLKL;MAP3K14;MMP3;CCL5;TNFAIP3;CASP10;IL1B;CXCL10;IRF1;TRAF5
gsea,Hematopoietic cell lineage,0.7647702316841389,2.157345885413182,0.001,0.007689786933657666,0.084,74/95,16.15%,ITGB3;ITGAM;CD33;TNF;CD5;CSF2RA;FLT3;CD1E;CR1;ITGA1;IL7R;ANPEP;CD22;CD1C;GP5;ITGA4;CD1A;CSF3R;IL5RA;CD37;HLA-DQA2;HLA-DOA;IL11;CR1L;CD19;IL2RA;CSF1R;CSF2;CD1D;CD8B2;IL9R;CD3G;FCGR1A;MME;CD1B;MS4A1;CD7;CD3E;IL7;CD36;KIT;IL11RA;HLA-DMB;CD4;CSF1;CD2;FCER2;HLA-DOB;FLT3LG;CD34;HLA-DQA1;IL3RA;HLA-DQB1;CD3D;CR2;CD8B;HLA-DPA1;IL4R;HLA-DPB1;CD8A;HLA-DMA;IL1R1;HLA-DRB5;GP9;IL1B;CD38;EPOR;CD14;ITGA5;CSF3;IL4;ITGA3;GP1BA;IL3
gsea,Hepatitis B,0.4227026862917563,2.1472961143360494,0.001,0.008487135499555733,0.094,31/161,14.60%,TGFB2;NFATC2;STAT4;CREB3L1;TNF;PRKCB;TICAM2;JAK3;EGR3;TLR4;TGFB3;TLR3;CASP12;MMP9;STAT5A;PRKCA;FAS;HSPG2;AKT3;PIK3CD;TGFBR2;NFATC1;IRF7;FASLG;JAK2;NFATC4;EGR2;TLR2;CASP10;IFIH1;IFNA1
gsea,cAMP signaling pathway,0.5389806538742511,2.145055208408111,0.001,0.008390490546713984,0.094,83/216,18.90%,CACNA1C;PTGER2;ADORA1;PLN;NPR1;GLI3;CREB3L1;CAMK2A;PDE3A;EDNRA;PTGER3;GRIA1;RAPGEF3;SSTR2;ADCY4;HHIP;ADRB2;GHRL;ADCYAP1;ATP2A3;CACNA1D;DRD5;DRD1;OXT;CAMK4;GRIN2A;TSHR;ATP1A4;TSHB;HTR1F;ATP1A2;FXYD2;PDE4B;ADCY7;OXTR;GRIN3B;VAV3;HCAR1;AKT3;PIK3CD;HTR1B;GRIA3;GIPR;NPY1R;ADORA2A;GABBR2;ADCYAP1R1;SSTR1;NFATC1;HCN4;SUCNR1;ADCY1;PDE4A;ATP1B2;VAV1;VAV2;MC2R;GRIN3A;TIAM1;VIPR2;CNGA3;RAC2;SOX9;CFTR;MYL9;ADCY6;ATP2B2;F2R;CNGA4;PDE4C;CALML5;GRIN2D;EDN2;EDN3;RRAS;HCN2;PDE10A;ARAP3;PPP1R1B;RYR2;ACOX3;HTR4;ADRB1
gsea,Natural killer cell mediated cytotoxicity,0.61070741589444,2.143391323968563,0.0019801980198019802,0.00843888930170853,0.097,68/124,24.23%,NFATC2;TNF;PRKCB;ICAM2;IFNAR2;ITGAL;SHC3;CD247;HCST;ZAP70;NCR3;CSF2;LCP2;NCR1;HLA-G;LCK;SH2D1A;CD48;ICAM1;PRKCA;VAV3;FAS;ITGB2;PIK3CD;PRF1;FYN;CD244;NFATC1;FASLG;VAV1;MICB;VAV2;KLRC1;NCR2;PLCG2;FCGR3A;KLRC4-KLRK1;SHC2;FCGR3B;RAC2;SH3BP2;KLRD1;IFNA1;KIR3DL1;KIR2DL3;TYROBP;GZMB;RAET1E;FCER1G;KIR2DL1;IFNA21;IFNG;PRKCG;IFNA16;IFNA13;SH2D1B;RAET1G;PTK2B;KLRK1;KLRC3;KIR3DL2;IFNA8;PIK3R1;LAT;IFNA5;KLRC2;ULBP2;PPP3R2
gsea,Dopaminergic synapse,0.5225891927080909,2.1388699049977804,0.001,0.008652519491260788,0.1,28/131,9.38%,CACNA1C;KCNJ5;GNG2;CREB3L1;CAMK2A;ARRB1;PRKCB;GNG7;GNGT2;GRIA1;SLC18A2;ITPR2;ITPR1;CACNA1D;DRD5;DRD1;PLCB2;MAOB;GNG8;GRIN2A;PRKCA;SCN1A;AKT3;GRIA3;GNAO1;KCNJ6;GNG11;SLC18A1
gsea,Hypertrophic cardiomyopathy,0.6533920297538457,2.136548798121263,0.001,0.008640047736810584,0.101,40/90,15.48%,CACNA1C;ITGB3;TGFB2;ITGA11;SGCD;LAMA2;ITGA8;ITGA9;SGCA;TNF;ITGB7;DES;DMD;ITGA1;ITGA4;ITGB6;CACNB2;CACNA2D4;ATP2A3;TGFB3;SLC8A3;AGT;CACNA1D;SLC8A1;ITGA10;ACE;IGF1;ITGA7;CACNA2D2;TPM1;TNNC1;CACNG4;ACTC1;CACNG6;MYL3;TPM2;ITGA5;CACNG5;ITGA3;MYBPC3
gsea,Epstein-Barr virus infection,0.4049358635450733,2.133834125380904,0.009633911368015413,0.008681755755278346,0.103,56/197,20.04%,TNF;IFNAR2;BTK;ITGAL;BLNK;CD247;JAK3;HLA-DQA2;HLA-DOA;CD19;ENTPD1;HLA-G;CD3G;CD3E;HLA-DMB;ICAM1;FAS;AKT3;FCER2;HLA-DOB;PIK3CD;HLA-DQA1;HLA-DQB1;IRF7;CD3D;CR2;HLA-DPA1;PLCG2;HLA-DPB1;HLA-DMA;MAP3K14;TNFAIP3;VIM;HLA-DRB5;HLA-F;GADD45B;TLR2;CCND2;CXCL10;IFNA1;TRAF5;NCOR2;CD40;JAK1;GADD45G;NFKB2;RBPJL;IFNA21;CCND1;RELB;APAF1;HLA-DRB1;IL6;IRF9;IFNA16;IFNA13
gsea,Transcriptional misregulation in cancer,0.5008457940784223,2.133732641902522,0.001,0.008537059826023707,0.103,75/189,22.06%,RUNX1T1;MEF2C;ITGAM;FLI1;RUNX2;NTRK1;MITF;FLT3;ITGB7;ELANE;LYL1;NR4A3;CDK14;IL2RB;PAX5;PTCRA;CSF1R;BIRC3;CSF2;ZBTB16;MYCN;FCGR1A;MMP9;CD86;ETV1;MPO;ZEB1;ERG;IGF1;HPGD;PDGFA;BCL2A1;TRAF1;GRIA3;SPI1;TGFBR2;LMO2;NUPR1;BMP2K;TMPRSS2;FLT1;WT1;MAF;MMP3;ETV7;GADD45B;CCND2;ARNT2;CD14;CEBPE;BAIAP3;JMJD1C;NGFR;GZMB;CD40;IL3;NFKBIZ;MEIS1;DEFA4;RARA;GADD45G;PLAT;ID2;AFF1;ATM;DUSP6;IL6;RXRG;RUNX1;PROM1;KMT2A;DEFA1;PBX3;CEBPB;PLAU
gsea,Arrhythmogenic right ventricular cardiomyopathy,0.6682205608646121,2.131942390636572,0.001,0.008475099741005113,0.104,33/77,15.24%,CACNA1C;ITGB3;ITGA11;SGCD;LAMA2;ITGA8;ITGA9;TCF7;SGCA;ITGB7;DES;DMD;CDH2;ITGA1;ITGA4;ITGB6;CACNB2;CACNA2D4;ATP2A3;SLC8A3;CACNA1D;SLC8A1;ITGA10;ITGA7;CACNA2D2;CACNG4;CACNG6;ACTN2;CTNNA3;ACTN3;ITGA5;CACNG5;ITGA3
gsea,Inflammatory bowel disease,0.7437779001745197,2.1317968575258233,0.001,0.008338404583892126,0.104,46/63,21.09%,GATA3;TGFB2;IL21R;STAT4;FOXP3;TNF;IL12RB1;IL2RG;IL10;TLR4;HLA-DQA2;HLA-DOA;TBX21;TGFB3;IL18R1;RORC;NOD2;IL2;HLA-DMB;IL12RB2;IL13;HLA-DOB;HLA-DQA1;NFATC1;HLA-DQB1;IL18RAP;IL21;IL12B;HLA-DPA1;IL4R;HLA-DPB1;HLA-DMA;MAF;IL22;HLA-DRB5;TLR2;IL1B;IL4;IL23R;IL5;TLR5;IFNG;HLA-DRB1;IL6;IL18;HLA-DRA
gsea,Human immunodeficiency virus 1 infection,0.38929127477917097,2.1184655414686437,0.0073937153419593345,0.009112238410793401,0.113,42/211,14.98%,NFATC2;GNG2;TNF;PRKCB;GNG7;CCR5;GNGT2;PAK3;ITPR2;CD247;ITPR1;TLR4;HLA-G;CD3G;GNG8;CD3E;CGAS;PRKCA;FAS;CD4;TNFRSF1B;AKT3;PIK3CD;GNAO1;NFATC1;FASLG;CD3D;GNG11;PLCG2;NFATC4;STING1;RAC2;APOBEC3G;HLA-F;TLR2;TRIM5;CXCR4;PXN;CALML5;IFNA1;SAMHD1;TRAF5
gsea,Renin secretion,0.6489642951667194,2.115546234818725,0.001,0.009192867246869569,0.116,29/69,15.12%,CACNA1C;PTGER2;PDE1B;ADORA1;NPR1;AGTR1;GUCY1A2;PDE3A;EDNRA;ITPR2;PDE1A;ITPR1;ADRB2;ADCYAP1;AGT;CACNA1D;PLCB2;ACE;PTGER4;PDE1C;ADCYAP1R1;ADRB3;REN;GUCY1A1;KCNMA1;ADCY6;AQP1;CALML5;EDN2
gsea,GnRH secretion,0.6479819940534262,2.114773563878758,0.001,0.009051438519994652,0.116,20/64,10.23%,CACNA1C;KCNJ5;GPER1;KCNN4;ARRB1;PRKCB;CACNA1G;CACNA1H;ITPR2;ITPR1;KCNN3;CACNA1D;PLCB2;KCNN2;PRKCA;AKT3;PIK3CD;GABBR2;KCNJ6;KISS1
gsea,Hippo signaling pathway,0.5064787461197361,2.1138329323822016,0.001,0.009010406514941992,0.116,48/163,16.30%,TGFB2;DCHS1;FAT4;DLG2;BMP2;SMAD7;TCF7;NKD1;WNT2;WNT10A;WTIP;RASSF2;FGF1;WNT6;FZD4;BMP5;TGFB3;BIRC3;BMP8A;GDF5;RASSF4;WNT1;WNT7A;ITGB2;WNT4;TGFBR2;LATS2;AREG;AXIN2;BMP6;DLG4;DCHS2;BMP4;CCN2;WNT9B;WNT10B;WNT5B;CRB2;RASSF6;CTNNA3;CCND2;FZD8;FRMD1;SERPINE1;TP73;GDF6;NKD2;FZD1
gsea,Viral protein interaction with cytokine and cytokine receptor,0.7685575745765955,2.10388113226148,0.001,0.009870026193203325,0.123,69/97,14.00%,CCR4;CCR2;TNFSF14;CX3CR1;TNF;CCR8;TNFRSF10D;CCR5;IL10RA;CXCR5;LTA;CCR6;IL2RG;CCL23;IL10;CXCR3;CCR7;IL2RB;TNFRSF10C;CCR1;IL34;CCL13;CCL14;CXCL12;IL2RA;CSF1R;ACKR4;CCL7;IL18R1;CCL3;CXCL2;IL2;CCL1;CCR10;CXCL13;CCL22;CCL19;PPBP;CXCL11;CCL21;CXCL3;CSF1;TNFRSF1B;CCL28;CCL16;CCL4;XCR1;CCL2;CCL25;IL18RAP;TNFRSF14;IL20;CCL3L3;CCL4L2;PF4;CXCL5;IL10RB;CCL11;CCL17;CCL5;CCL8;IL24;CCR9;CCL18;CXCR4;CXCR1;CCL15;CXCL10;CXCL9
gsea,Measles,0.483043945985441,2.1007363163267403,0.0019723865877712033,0.010051373479374116,0.125,42/138,20.04%,FCGR2B;CD28;TLR7;IFNAR2;SLAMF1;IL2RG;JAK3;IL2RB;CD209;TLR4;IL2RA;CD3G;IL2;CD3E;STAT5A;FAS;AKT3;PIK3CD;TLR9;IRF7;FASLG;CD3D;MX2;IL12B;TNFAIP3;HSPA2;CLEC4M;TLR2;IL1B;CCND2;IFIH1;IFNA1;TP73;JAK1;IFNA21;CCND1;APAF1;IL6;IRF9;RAB9B;IFNA16;IFNA13
gsea,Long-term potentiation,0.5358715739516641,2.092520977447143,0.001,0.01077905790390394,0.131,13/67,8.84%,CACNA1C;CAMK2A;PRKCB;GRIA1;RAPGEF3;ITPR2;ITPR1;PLCB2;CAMK4;GRIN2A;PRKCA;RPS6KA2;ADCY1
gsea,Calcium signaling pathway,0.5801580190513143,2.0914139064590254,0.001,0.0107156903079413,0.131,98/239,14.99%,CACNA1C;CAMK1G;PDE1B;TBXA2R;HRH2;HGF;FGF18;PLN;FGF7;P2RX1;CYSLTR1;NTRK1;FLT4;CAMK2A;AGTR1;PRKCB;PDGFRA;VEGFC;EDNRA;CACNA1G;CACNA1H;PTGER3;ADRA1B;HTR2A;P2RX7;ITPR2;PDGFD;EDNRB;ADCY4;PDE1A;ITPR1;NTRK3;FGF1;HRH1;ADRB2;PTGFR;ATP2A3;SLC8A3;CACNA1D;DRD5;DRD1;PTAFR;PLCB2;SLC8A1;PTGER1;CAMK4;FGF10;ORAI2;GRIN2A;RET;GNA14;MST1R;ADCY7;MYLK;PDGFRB;PDGFC;PRKCA;ADRA1A;P2RX2;OXTR;PDGFA;KDR;CASQ1;FGF20;ADORA2A;CASQ2;PDE1C;ADRB3;CYSLTR2;GDNF;BDKRB2;NOS3;ADCY1;FGF16;MYLK4;HRC;RYR3;TNNC1;HTR2B;ERBB4;FGF9;PDGFB;PLCG2;FLT1;TPCN2;FGF5;PHKG1;FGF23;TPCN1;CAMK1;ATP2B2;F2R;CD38;CXCR4;PLCD4;CALML5;GRIN2D;MYLK3
gsea,Adrenergic signaling in cardiomyocytes,0.5578363724065136,2.089819569260713,0.001,0.010743450337027175,0.132,48/149,14.52%,CACNA1C;PIK3R6;PIK3CG;PLN;PIK3R5;SCN7A;CREB3L1;CAMK2A;SCN1B;AGTR1;ADRA1B;RAPGEF3;ADCY4;ADRB2;CACNB2;CACNA2D4;ATP2A3;KCNQ1;SLC8A3;MYL4;AGT;CACNA1D;PLCB2;SLC8A1;ATP1A4;ATP1A2;FXYD2;ADCY7;KCNE1;PRKCA;ADRA1A;AKT3;SCN4B;CACNA2D2;AGTR2;TPM1;ADCY1;ATP1B2;TNNC1;CACNG4;ACTC1;CACNG6;MYL3;ADCY6;ATP2B2;TPM2;CACNG5;CALML5
gsea,Amphetamine addiction,0.5624056201875073,2.085427220973515,0.001,0.011144871702703809,0.138,33/69,27.47%,CACNA1C;CREB3L1;CAMK2A;PRKCB;GRIA1;SLC18A2;CACNA1D;DRD1;MAOB;CAMK4;GRIN2A;FOSB;PRKCA;GRIN3B;GRIA3;ARC;SLC18A1;GRIN3A;CALML5;GRIN2D;TH;STX1A;PPP1R1B;PRKCG;GRIA4;CREB3L2;CREB3L3;PPP3R2;CAMK2B;JUN;PRKACB;ADCY5;SIRT1
gsea,Endocrine and other factor-regulated calcium reabsorption,0.6113882073712504,2.084981721527116,0.001,0.010992202227324305,0.138,16/53,9.12%,PTH1R;ESR1;DNM3;PRKCB;KL;SLC8A3;VDR;PLCB2;SLC8A1;ATP1A4;ATP1A2;FXYD2;PRKCA;TRPV5;BDKRB2;ATP1B2
gsea,TGF-beta signaling pathway,0.5300147697710562,2.082993818096791,0.0038022813688212928,0.010907949422088697,0.138,30/94,16.15%,TGFB2;BMP2;SMAD7;INHBA;GREM2;NOG;TNF;FBN1;GREM1;SMAD6;BMP5;TGFB3;BMP8A;HAMP;GDF5;FMOD;THSD4;LEFTY2;CHRD;TGFBR2;BMP6;DCN;BMP4;THBS1;MICOS10-NBL1;CDKN2B;NBL1;ID4;GDF6;LTBP1
gsea,Complement and coagulation cascades,0.6718271575719128,2.079631432572902,0.004,0.010995098723299884,0.139,58/85,20.18%,F5;F10;ITGAM;C4B;C4A;CFI;C7;F2RL3;CR1;CFB;C3AR1;F13A1;CR1L;ITGAX;CPB2;C2;PROC;SERPINA5;C4BPB;VSIG4;C6;F11;CFH;C4BPA;C5AR1;VTN;ITGB2;SERPINA1;C8B;FGG;FGA;BDKRB2;CR2;SERPING1;C3;C5;SERPIND1;A2M;PLAUR;VWF;F8;MASP2;F2R;C9;MASP1;SERPINE1;C1R;TFPI;C1S;C8A;KLKB1;C1QC;PLAT;C1QB;C1QA;CFD;PROS1;BDKRB1
gsea,Apelin signaling pathway,0.5090929616091237,2.0777922353634746,0.001869158878504673,0.010996489803603945,0.14,32/137,10.22%,PIK3R6;MEF2C;PIK3CG;GNG2;PIK3R5;AGTR1;GNG7;GNGT2;MRAS;ITPR2;ADCY4;ITPR1;APLNR;SLC8A3;MYL4;KLF2;PLCB2;SLC8A1;GNG8;CAMK4;ADCY7;PPARGC1A;MYLK;ACTA2;AKT3;APLN;NOS3;ADCY1;MYLK4;GNG11;RYR3;CCN2
gsea,Dilated cardiomyopathy,0.6497225840949953,2.0764039539033226,0.001,0.01097724953706076,0.14,44/95,15.48%,CACNA1C;ITGB3;TGFB2;ITGA11;SGCD;LAMA2;PLN;ITGA8;ITGA9;SGCA;TNF;ITGB7;DES;DMD;ADCY4;ITGA1;ITGA4;ITGB6;CACNB2;CACNA2D4;ATP2A3;TGFB3;SLC8A3;AGT;CACNA1D;SLC8A1;ITGA10;ADCY7;IGF1;ITGA7;CACNA2D2;TPM1;ADCY1;TNNC1;CACNG4;ACTC1;CACNG6;MYL3;ADCY6;TPM2;ITGA5;CACNG5;ITGA3;MYBPC3
gsea,Toll-like receptor signaling pathway,0.5290204105407885,2.07468009234784,0.001,0.01095850261068535,0.14,40/102,23.00%,TLR7;TNF;IFNAR2;CD80;TICAM2;TLR4;TLR8;TLR3;CCL3;CD86;CTSK;CXCL11;AKT3;PIK3CD;TLR9;CCL4;IRF7;TLR1;CCL3L3;CCL4L2;TLR6;IL12B;CCL5;TLR2;IL1B;CXCL10;CD14;CXCL9;IFNA1;CD40;LY96;IFNA21;TLR5;IL6;IFNA16;IFNA13;IFNA8;PIK3R1;TIRAP;IFNA5
gsea,DNA replication,-0.7084937005668731,-2.0737289739809834,0.001,0.02933523868584602,0.171,29/36,24.67%,RNASEH2A;POLA2;POLE2;DNA2;PRIM1;RFC4;PRIM2;RFC5;RFC3;SSBP1;RPA3;POLA1;FEN1;MCM2;POLE3;RPA4;RFC2;MCM4;RPA1;MCM6;MCM7;RNASEH2C;POLD2;POLE;POLD3;MCM5;MCM3;PCNA;POLE4
gsea,Fc gamma R-mediated phagocytosis,0.49709281139115247,2.072592684338887,0.007619047619047619,0.010980377924132855,0.142,26/96,13.53%,FCGR2B;PRKCB;INPP5D;PLA2G4C;PTPRC;NCF1;FCGR1A;FCGR2A;WAS;PRKCA;VAV3;AKT3;PIK3CD;GAB2;ARPC1B;PLA2G4D;VAV1;BIN1;VAV2;PLCG2;FCGR3A;AMPH;FCGR3B;RAC2;PLA2G4E;ACTR3C
gsea,Legionellosis,0.598903379137759,2.067344921167792,0.0018867924528301887,0.011358518452735876,0.148,22/57,20.86%,ITGAM;TNF;NLRC4;CR1;TLR4;CR1L;NAIP;CXCL2;CXCL3;ITGB2;CLK4;IL12B;C3;HSPA2;TLR2;IL1B;CD14;NFKB2;TLR5;APAF1;IL6;IL18
gsea,Fanconi anemia pathway,-0.6925959843980332,-2.0647870599206284,0.001,0.02755571133909433,0.176,35/54,20.49%,EME1;FANCB;BRIP1;CENPS;BRCA1;BRCA2;BLM;RAD51;FANCM;RAD51C;RMI2;FANCI;FANCG;RMI1;FANCD2;UBE2T;FANCC;FANCE;FAN1;CENPX;SLX1A;FANCA;ATR;PALB2;ERCC4;FANCL;RPA3;ATRIP;PMS2;FAAP24;RPA4;CENPS-CORT;REV1;SLX1B;RPA1
gsea,Glioma,0.4939918142313404,2.0647822951406605,0.001834862385321101,0.011570696840224768,0.153,22/75,19.51%,CAMK1G;CAMK2A;PRKCB;PDGFRA;SHC3;CAMK4;IGF1;PDGFRB;PRKCA;PDGFA;AKT3;PIK3CD;PDGFB;PLCG2;SHC2;GADD45B;CAMK1;CALML5;PTEN;GADD45G;CCND1;PRKCG
gsea,"Growth hormone synthesis, secretion and action",0.4851332987381172,2.06124024850044,0.0019267822736030828,0.011777700145091982,0.155,25/119,10.71%,CACNA1C;CREB3L1;PRKCB;SHC3;SSTR2;ITPR2;ADCY4;SSTR3;ITPR1;GHRL;CACNA1D;PLCB2;ADCY7;IGF1;STAT5A;PRKCA;AKT3;PIK3CD;IGFALS;SSTR1;ADCY1;IRS1;JAK2;PLCG2;SHC2
gsea,VEGF signaling pathway,0.495447584590486,2.0597907138591887,0.007575757575757576,0.011769544972577725,0.155,15/59,14.47%,NFATC2;PRKCB;PLA2G4C;PTGS2;PRKCA;AKT3;KDR;PIK3CD;PLA2G4D;NOS3;PLCG2;SHC2;RAC2;PLA2G4E;PXN
gsea,Phospholipase D signaling pathway,0.5115948142335615,2.0369291617521816,0.0019230769230769232,0.013668357616190101,0.166,42/147,13.72%,PIK3R6;DNM3;PIK3CG;PIK3R5;AGTR1;PDGFRA;PLA2G4C;AGPAT4;MRAS;RAPGEF3;MS4A2;CYTH4;SHC3;PDGFD;ADCY4;FCER1A;PTGFR;AGT;PLCB2;LPAR4;KIT;ADCY7;PDGFRB;PDGFC;PRKCA;PDGFA;AKT3;PIK3CD;AVPR2;FYN;GAB2;PLA2G4D;ADCY1;PDGFB;PLCG2;GRM4;SHC2;GRM6;PLA2G4E;ADCY6;F2R;CXCR1
gsea,Type I diabetes mellitus,0.7528250434851315,2.034615676777392,0.001,0.013675464984466312,0.167,27/41,13.17%,CD28;TNF;CD80;LTA;PTPRN;HLA-DQA2;HLA-DOA;PTPRN2;HLA-G;IL2;CD86;HLA-DMB;FAS;HLA-DOB;HLA-DQA1;PRF1;ICA1;HLA-DQB1;FASLG;IL12B;HLA-DPA1;HLA-DPB1;HLA-DMA;CPE;HLA-DRB5;HLA-F;IL1B
gsea,Neuroactive ligand-receptor interaction,0.5602472662371684,2.0340329963859713,0.001,0.013534887851468216,0.167,151/339,18.90%,PTH1R;PTGIR;PTGER2;TBXA2R;ADORA1;HRH2;ADRA2A;P2RY8;PTGDR;P2RX1;CYSLTR1;SCT;AGTR1;MCHR1;EDNRA;PTGER3;ADRA1B;P2RY10;GRIA1;HTR2A;F2RL3;NPY4R;S1PR3;CHRNA1;P2RX7;SSTR2;EDNRB;SSTR3;S1PR4;C3AR1;ADORA3;CHRNA6;HRH1;ADRB2;P2RY13;S1PR1;APLNR;GHRL;PTGFR;ADCYAP1;PRLR;GPR35;NPFFR1;RXFP3;AGT;DRD5;DRD1;NMUR1;FPR1;NPY4R2;PTAFR;GRIK4;PTGER1;OXT;FPR3;CNR2;GRP;GRIN2A;LPAR4;FPR2;TSHR;P2RY6;OPRL1;GABRR2;TSHB;HTR1F;MC5R;ADRA1A;P2RX2;OXTR;GRIN3B;PTGER4;C5AR1;CNR1;GLP2R;UTS2R;UTS2;HTR1B;GRIK1;SCTR;UCN3;GRIA3;AVPR2;GIPR;NPY1R;CTSG;ADORA2A;P2RY14;GABBR2;ADCYAP1R1;ADRB3;AGTR2;CHRM4;SSTR1;CYSLTR2;INSL3;APLN;S1PR2;BDKRB2;LEPR;GRID1;HTR2B;MAS1;MTNR1B;CHRNA9;PRSS2;C3;KISS1;GRM4;C5;MC2R;GRIN3A;MTNR1A;GRM6;VIPR2;UTS2B;OPRD1;GZMA;CHRNB1;HCRTR1;F2R;RXFP2;CCK;GH1;CHRNE;PENK;GRIN2D;EDN2;HTR7;HCRT;CCKAR;GABRB1;EDN3;GPR156;GLRB;CCKBR;TRHR;PRL;GABRD;GRM3;UCN2;HRH4;NMBR;CSH1;GABRP;P2RY2;GABRG2;P2RX5;HTR4;P2RX6;ADRB1
gsea,Asthma,0.7812991771027602,2.031126667440015,0.001,0.013561593916006488,0.168,24/28,16.90%,CD40LG;TNF;MS4A2;IL10;FCER1A;HLA-DQA2;HLA-DOA;HLA-DMB;RNASE3;IL13;HLA-DOB;HLA-DQA1;HLA-DQB1;PRG2;HLA-DPA1;HLA-DPB1;HLA-DMA;CCL11;HLA-DRB5;IL4;CD40;IL3;FCER1G;IL5
gsea,Axon guidance,0.5159145782542631,2.0288273766698817,0.007633587786259542,0.013641755463622179,0.17,54/182,14.15%,UNC5C;SEMA5A;PLXNA4;SLIT3;NFATC2;LRRC4C;CAMK2A;PLXNC1;ABLIM3;EPHB2;ILK;UNC5A;PAK3;ABLIM2;NTNG1;SEMA6B;NTNG2;CXCL12;SEMA3B;TRPC6;BOC;UNC5B;EPHA3;SEMA7A;RND1;ROBO1;SLIT2;RGS3;TRPC3;L1CAM;PRKCA;SEMA3E;PIK3CD;WNT4;NRP1;SEMA3G;FYN;DPYSL2;NTN4;NTN3;ROBO3;SEMA5B;SEMA3C;PLCG2;NFATC4;EFNA5;WNT5B;FES;RAC2;SEMA3A;MYL9;CXCR4;PLXNA2;EFNB2
gsea,Regulation of lipolysis in adipocytes,0.6002370544080612,2.0263384519257515,0.0019120458891013384,0.013898298947991425,0.174,20/55,10.09%,ADORA1;NPR1;PTGS1;PTGER3;ADCY4;FABP4;PRKG1;ADRB2;TSHR;PTGS2;TSHB;ADCY7;AKT3;PIK3CD;NPY1R;ADRB3;MGLL;ADCY1;AQP7;IRS1
gsea,Melanoma,0.530055708683023,2.0205950286838457,0.00199203187250996,0.014413446723812989,0.177,21/72,13.01%,HGF;FGF18;FGF7;MITF;PDGFRA;PDGFD;FGF1;FGF10;IGF1;PDGFRB;PDGFC;PDGFA;AKT3;PIK3CD;FGF20;FGF16;FGF9;PDGFB;FGF5;FGF23;GADD45B
gsea,Pantothenate and CoA biosynthesis,0.6692580767255621,2.0162263230154522,0.001,0.01472557864727663,0.184,9/20,13.58%,DPYD;VNN2;VNN1;BCAT1;DPYS;ENPP1;UPB1;ENPP3;ALDH2
gsea,Central carbon metabolism in cancer,0.44961774618581285,2.0149062335256205,0.011560693641618497,0.014789602902264788,0.185,13/69,10.13%,NTRK1;PDGFRA;FLT3;HK3;NTRK3;LDHAL6B;RET;KIT;PDGFRB;AKT3;PIK3CD;SCO2;LDHAL6A
gsea,Primary immunodeficiency,0.7854571792300954,2.0098490888372087,0.00202020202020202,0.015295601046526048,0.193,23/37,11.17%,CIITA;CD40LG;BTK;ICOS;BLNK;IL2RG;TNFRSF13B;IL7R;JAK3;ZAP70;IGLL1;PTPRC;CD19;CD8B2;CD79A;LCK;AIRE;CD3E;CD4;CD3D;CD8B;CD8A;AICDA
gsea,Homologous recombination,-0.6716832871148449,-2.0047491503781947,0.001,0.040054344488333456,0.22,25/41,18.19%,EME1;RAD54B;RAD51B;BRIP1;XRCC2;RAD51D;BRCA1;BRCA2;BLM;RAD51;RAD51C;RAD54L;XRCC3;ABRAXAS1;BARD1;SEM1;PALB2;RBBP8;BABAM1;SSBP1;RPA3;TOPBP1;BRCC3;RPA4;RAD52
gsea,Carbohydrate digestion and absorption,0.573866967569935,2.0033806135393255,0.001,0.01594266820813992,0.201,17/47,14.43%,PRKCB;HK3;SLC2A5;CACNA1D;PLCB2;TAS1R3;ATP1A4;ATP1A2;FXYD2;AKT3;PIK3CD;ATP1B2;MGAM2;AMY2B;TAS1R2;G6PC2;AMY1B
gsea,Cholinergic synapse,0.560730075231259,2.0033778826076407,0.001,0.015774850648054235,0.201,32/113,9.22%,CACNA1C;PIK3R6;PIK3CG;GNG2;PIK3R5;CREB3L1;CAMK2A;PRKCB;GNG7;GNGT2;ITPR2;ADCY4;ITPR1;CHRNA6;KCNJ12;KCNQ3;ACHE;KCNQ1;CACNA1D;PLCB2;GNG8;CAMK4;ADCY7;PRKCA;AKT3;PIK3CD;FYN;GNAO1;CHRM4;KCNJ6;ADCY1;GNG11
gsea,Serotonergic synapse,0.5491726154450148,1.9979827278309985,0.001,0.01638692598184117,0.204,31/112,9.44%,CACNA1C;KCNJ5;GNG2;PRKCB;PTGS1;GNG7;GNGT2;PLA2G4C;SLC18A2;RAPGEF3;HTR2A;ALOX5;ITPR2;ITPR1;KCND2;CACNA1D;PLCB2;MAOB;GNG8;KCNN2;PTGS2;HTR1F;PRKCA;HTR1B;ALOX15B;GNAO1;KCNJ6;PLA2G4D;GNG11;SLC18A1;HTR2B
gsea,Renin-angiotensin system,0.7107572476011293,1.9973724977061966,0.001,0.016234337379416312,0.204,12/23,11.75%,AGTR1;ANPEP;ENPEP;AGT;MME;ACE;CPA3;CTSG;AGTR2;MAS1;REN;CMA1
gsea,Staphylococcus aureus infection,0.6343810227915083,1.9965845744580144,0.001,0.01614959064833195,0.204,52/91,19.44%,FCGR2C;ITGAM;FCGR2B;C4B;C4A;CFI;ITGAL;IL10;CFB;C3AR1;FCAR;HLA-DQA2;HLA-DOA;FPR1;PTAFR;FCGR1A;C2;FPR3;FCGR2A;SELP;SELPLG;FPR2;HLA-DMB;ICAM1;CFH;C5AR1;ITGB2;HLA-DOB;HLA-DQA1;FGG;HLA-DQB1;C3;HLA-DPA1;FCGR3A;C5;HLA-DPB1;HLA-DMA;FCGR3B;HLA-DRB5;CAMP;MASP2;MASP1;KRT23;C1R;C1S;DEFA4;KRT39;C1QC;C1QB;C1QA;CFD;HLA-DRB1
gsea,Intestinal immune network for IgA production,0.7676549975570774,1.9953920520048387,0.002012072434607646,0.016178685475718067,0.207,40/45,19.63%,CD28;CD40LG;ITGB7;CD80;ICOS;IL10;TNFRSF13B;ITGA4;IL15;TNFSF13B;HLA-DQA2;HLA-DOA;CXCL12;TNFRSF17;IL2;CD86;CCR10;HLA-DMB;HLA-DOB;CCL28;HLA-DQA1;CCL25;HLA-DQB1;HLA-DPA1;HLA-DPB1;HLA-DMA;AICDA;IL15RA;MAP3K14;HLA-DRB5;CCR9;CXCR4;IL4;PIGR;TNFSF13;CD40;IL5;ICOSLG;HLA-DRB1;IL6
gsea,Long-term depression,0.5578178814882039,1.9879956851051346,0.001,0.016857389340674676,0.214,15/60,12.47%,PRKCB;GUCY1A2;PLA2G4C;GRIA1;ITPR2;PRKG1;ITPR1;PLCB2;IGF1;PRKCA;GRIA3;GNAO1;PLA2G4D;GUCY1A1;PLA2G4E
gsea,Cortisol synthesis and secretion,0.5653103089390324,1.9848113408226273,0.001,0.016926004032345687,0.215,21/65,13.67%,CACNA1C;CREB3L1;AGTR1;CACNA1G;CACNA1H;ITPR2;ADCY4;KCNK3;ITPR1;AGT;CACNA1D;PLCB2;CYP17A1;ADCY7;CYP21A2;ADCY1;HSD3B2;MC2R;CYP11A1;ADCY6;NR4A1
gsea,Apoptosis,0.40540457396288354,1.9844890658042136,0.019157088122605363,0.01680670492065494,0.215,35/142,19.32%,NTRK1;TNF;CSF2RB;ITPR2;SEPTIN4;ITPR1;BIRC7;BIRC3;CASP12;CTSK;CTSW;FAS;AKT3;BCL2A1;TRAF1;PIK3CD;IL3RA;PRF1;FASLG;CTSO;MAP3K14;GADD45B;CASP10;CTSH;CTSS;NGFR;GZMB;IL3;GADD45G;CFLAR;TUBA1A;ATM;ERN1;CTSF;APAF1
gsea,Pancreatic secretion,0.5557495660029992,1.9840864890572236,0.0020408163265306124,0.016735911564918278,0.216,46/102,20.31%,PLA2G5;SCT;PRKCB;ITPR2;ADCY4;ITPR1;SLC4A4;PLA2G1B;ATP2A3;KCNQ1;PLCB2;CPB2;PLA2G2A;ATP1A4;ATP1A2;PLA2G2F;FXYD2;ADCY7;PRKCA;CPA3;SCTR;BST1;ADCY1;ATP1B2;PLA2G12B;PRSS2;TPCN2;KCNMA1;AMY2B;CFTR;RAB27B;PLA2G2C;ADCY6;ATP2B2;CD38;CCK;AMY1B;CELA2B;CCKAR;PLA2G2D;AMY1A;CA2;RYR2;PRKCG;ADCY9;CTRB1
gsea,Thyroid hormone signaling pathway,0.45705565866480063,1.9822137159828646,0.011627906976744186,0.016788466661917304,0.217,24/121,12.48%,ITGB3;ESR1;PLN;RCAN2;DIO3;PRKCB;SLC16A2;NOTCH4;ATP2A3;PLCB2;ATP1A4;ATP1A2;FXYD2;PRKCA;AKT3;PIK3CD;WNT4;DIO2;ATP1B2;SLC16A10;BMP4;PLCG2;KAT2B;SLCO1C1
gsea,Nucleotide excision repair,-0.5524990850963567,-1.9700827764653526,0.004149377593360996,0.046240748479987055,0.246,33/45,29.38%,POLE2;MNAT1;RFC4;RFC5;GTF2H2C;XPA;GTF2H2;ERCC4;RFC3;RPA3;GTF2H5;ERCC8;POLE3;RPA4;RFC2;RPA1;RAD23A;GTF2H3;ERCC3;POLD2;RBX1;POLE;POLD3;PCNA;POLE4;CETN2;CDK7;DDB2;GTF2H4;GTF2H1;CCNH;RAD23B;CUL4B
gsea,Prostate cancer,0.44895064349515723,1.9648725726708294,0.02111324376199616,0.01889405014127494,0.233,30/97,23.81%,TCF7;CREB3L1;PDGFRA;PDGFD;AR;MMP9;ZEB1;ERG;INSRR;IGF1;PDGFRB;PDGFC;PDGFA;AKT3;PIK3CD;PDGFB;TMPRSS2;SRD5A2;MMP3;FGFR1;PTEN;PLAT;CCND1;PLAU;PIK3R1;TCF7L2;NKX3-1;PDPK1;CREB3L2;CREB3L3
gsea,Sphingolipid signaling pathway,0.42626578295704554,1.9638567124889912,0.027422303473491772,0.018850450459939022,0.234,20/119,8.73%,ADORA1;TNF;PRKCB;SPTLC3;MS4A2;S1PR3;S1PR4;ADORA3;FCER1A;S1PR1;SGMS2;PLCB2;PRKCA;AKT3;PIK3CD;FYN;GAB2;S1PR2;BDKRB2;NOS3
gsea,Gap junction,0.5141062733697438,1.9518144888221007,0.0019157088122605363,0.020556526683883365,0.247,21/88,11.35%,PRKCB;GUCY1A2;PDGFRA;HTR2A;ITPR2;PDGFD;ADCY4;PRKG1;ITPR1;DRD1;PLCB2;ADCY7;TUBB3;PDGFRB;PDGFC;PRKCA;PDGFA;ADCY1;HTR2B;PDGFB;GUCY1A1
gsea,Wnt signaling pathway,0.4754433257176399,1.9505438466895628,0.007434944237918215,0.020557075604460254,0.248,39/166,12.13%,ROR1;NFATC2;DAAM2;RSPO1;TCF7;RSPO3;PRICKLE2;CAMK2A;NKD1;PRKCB;SOX17;WNT2;WNT10A;PRICKLE1;DKK2;ROR2;WNT6;SFRP4;FZD4;CCN4;PLCB2;LGR5;MMP7;WNT1;SFRP5;PRKCA;WNT7A;WNT4;AXIN2;NFATC1;RSPO4;SFRP2;NFATC4;WNT9B;RSPO2;WNT10B;WNT5B;NOTUM;RAC2
gsea,Salmonella infection,0.3620502490838499,1.950300466213012,0.03731343283582089,0.02041212532038162,0.248,54/248,22.74%,NLRP3;PIK3CG;TCF7;TNF;RHOJ;NCKAP1L;RHOH;CYTH4;NLRC4;PAK3;FLNC;TLR4;PTPRC;BIRC3;NAIP;RIPK3;CYFIP2;TUBB3;AKT3;PIK3CD;TLR9;DYNC2H1;ARPC1B;CASP5;NOD1;PODXL;TLR6;MLKL;TLR2;MYL9;IL1B;ACTR3C;CD14;PIK3C2B;DYNLRB2;MYL10;LY96;RRAS;RAB7B;FYCO1;TUBA1A;FHOD1;TLR5;CYTH3;ELMO1;IL6;MYL7;RAB9B;IL18;TUBB1;SNX33;TCF7L2;FLNA;TIRAP
gsea,Base excision repair,-0.5980160537492326,-1.9482993598943854,0.002004008016032064,0.04893455089607536,0.269,19/33,24.67%,NEIL3;POLE2;LIG3;SMUG1;UNG;PARP2;NEIL1;TDG;FEN1;POLE3;NTHL1;POLB;NEIL2;APEX2;POLD2;POLE;POLD3;PCNA;POLE4
gsea,African trypanosomiasis,0.6747282192920548,1.9409837338696614,0.0019569471624266144,0.021538475733317342,0.255,24/36,20.86%,VCAM1;TNF;PRKCB;IL10;LAMA4;PLCB2;ICAM1;SELE;PRKCA;FAS;IDO2;TLR9;FASLG;IL12B;HBA2;HBB;IL1B;IDO1;HBA1;HPR;IFNG;PRKCG;IL6;IL18
gsea,Cushing syndrome,0.4695998783136747,1.9381490997076622,0.0019120458891013384,0.021744464990725597,0.259,37/155,13.84%,CACNA1C;TCF7;CREB3L1;CAMK2A;AGTR1;WNT2;CACNA1G;WNT10A;CACNA1H;ITPR2;ADCY4;KCNK3;ITPR1;WNT6;FZD4;AGT;CACNA1D;PLCB2;CYP17A1;WNT1;ADCY7;CYP21A2;WNT7A;WNT4;AXIN2;ADCY1;HSD3B2;MC2R;WNT9B;WNT10B;WNT5B;CYP11A1;CDKN2B;ADCY6;AIPL1;NR4A1;FZD8
gsea,Circadian entrainment,0.564610671168341,1.937881789325512,0.001,0.021649432453544195,0.26,36/97,14.65%,CACNA1C;KCNJ5;GNG2;CAMK2A;PRKCB;GUCY1A2;GNG7;GNGT2;CACNA1G;CACNA1H;GRIA1;ADCY4;PRKG1;ITPR1;ADCYAP1;CACNA1D;PLCB2;GNG8;GRIN2A;PER3;ADCY7;PRKCA;GRIA3;ADCYAP1R1;GNAO1;KCNJ6;ADCY1;GNG11;RYR3;MTNR1B;MTNR1A;GUCY1A1;ADCY6;CALML5;PER1;GRIN2D
gsea,PD-L1 expression and PD-1 checkpoint pathway in cancer,0.5006438465356933,1.9334563924703498,0.025390625,0.022033234762909484,0.265,21/89,10.35%,NFATC2;CD28;TICAM2;CD247;ZAP70;PRKCQ;TLR4;PDCD1;CD3G;LCK;CD3E;BATF;CD4;AKT3;PIK3CD;TLR9;BATF2;BATF3;NFATC1;CD3D;JAK2
gsea,Glycosylphosphatidylinositol (GPI)-anchor biosynthesis,-0.6276095862044799,-1.92693476744795,0.002070393374741201,0.05196579352989022,0.28,17/25,24.75%,PIGZ;PIGF;PIGW;GPLD1;PGAP1;PIGX;PIGN;PIGH;PIGP;PIGM;PIGV;PIGC;PIGU;PIGS;PIGO;PIGA;DPM2
gsea,HIF-1 signaling pathway,0.39998305044309573,1.9137073328502552,0.005535055350553505,0.02492815904877706,0.289,21/109,14.07%,CAMK2A;PRKCB;TEK;HK3;TLR4;LDHAL6B;CYBB;ANGPT4;IGF1;PRKCA;AKT3;PIK3CD;ANGPT1;NOS3;ANGPT2;ENO4;LDHAL6A;PLCG2;FLT1;EGLN2;SERPINE1
gsea,Basal transcription factors,-0.47521885551357773,-1.9101729149186475,0.018518518518518517,0.05348537437999131,0.29,31/44,32.73%,TBPL1;MNAT1;GTF2H2C;GTF2H2;TAF5;GTF2E1;GTF2A2;GTF2H5;GTF2IRD1;TAF6L;GTF2E2;GTF2H3;ERCC3;TAF4B;TAF4;TAF11;TAF9;CDK7;GTF2F2;TAF9B;GTF2H4;GTF2H1;TAF15;TAF7;CCNH;TAF5L;TBP;TAF1;GTF2F1;TAF2;GTF2A1
gsea,Hedgehog signaling pathway,0.5676318674588863,1.9007936489838635,0.005813953488372093,0.026917766774098708,0.301,16/56,14.54%,GLI3;GAS1;ARRB1;EVC2;HHIP;EVC;DHH;IHH;BOC;LRP2;CDON;SCUBE2;SUFU;CCND2;MEGF8;IQCE
gsea,Tryptophan metabolism,0.5428295790831398,1.8955623408098645,0.006109979633401222,0.027642684373150317,0.305,14/42,14.12%,CYP1B1;AOX1;INMT;IL4I1;KMO;HAAO;AOC1;MAOB;ALDH7A1;IDO2;TDO2;CYP1A2;ALDH2;IDO1
gsea,Salivary secretion,0.5420005478240049,1.883657046359012,0.00597609561752988,0.029669959449338562,0.322,36/93,14.52%,KCNN4;PRKCB;GUCY1A2;ADRA1B;ITPR2;ADCY4;PRKG1;ITPR1;ADRB2;CST2;PLCB2;ATP1A4;ATP1A2;FXYD2;ADCY7;PRKCA;ADRA1A;CST5;ADRB3;BST1;ADCY1;ATP1B2;RYR3;DMBT1;GUCY1A1;KCNMA1;AMY2B;CAMP;LYZ;ADCY6;ATP2B2;CD38;MUC5B;CST1;AMY1B;CALML5
gsea,Autoimmune thyroid disease,0.6945490552528851,1.8827589914850618,0.001,0.029539472368578644,0.322,37/50,23.00%,CD28;CD40LG;CD80;CTLA4;IL10;HLA-DQA2;HLA-DOA;HLA-G;IL2;CD86;TSHR;TSHB;HLA-DMB;FAS;HLA-DOB;HLA-DQA1;PRF1;HLA-DQB1;FASLG;HLA-DPA1;HLA-DPB1;HLA-DMA;HLA-DRB5;HLA-F;TG;IFNA1;IL4;GZMB;CD40;IL5;IFNA21;HLA-DRB1;IFNA16;IFNA13;HLA-DRA;IFNA8;IFNA5
gsea,Gastric cancer,0.44700498490258245,1.881234040191643,0.015444015444015444,0.029624399396285927,0.323,35/149,13.84%,TGFB2;HGF;FGF18;FGF7;TCF7;WNT2;WNT10A;SHC3;FGF1;WNT6;ABCB1;FZD4;TGFB3;FGF10;CDH17;WNT1;WNT7A;AKT3;PIK3CD;WNT4;TGFBR2;FGF20;AXIN2;FGF16;FGF9;SHC2;WNT9B;WNT10B;WNT5B;FGF5;FGF23;CDKN2B;GADD45B;CTNNA3;FZD8
gsea,Necroptosis,0.38730143344656287,1.880148853259151,0.0019120458891013384,0.02966826518486567,0.323,37/155,20.47%,NLRP3;STAT4;CAMK2A;TNF;ZBP1;IFNAR2;PLA2G4C;TICAM2;JAK3;TLR4;BIRC3;RIPK3;TLR3;CYBB;STAT5A;FAS;PYGM;PLA2G4D;FASLG;MLKL;IL33;JAK2;TNFAIP3;PLA2G4E;IL1B;IFNA1;TRAF5;JAK1;CYLD;CFLAR;IFNA21;IFNG;IRF9;IFNA16;IFNA13;SMPD1;H2AC1
gsea,Glyoxylate and dicarboxylate metabolism,-0.5192048201504649,-1.8704389950553748,0.01694915254237288,0.06527629858311876,0.339,20/29,29.94%,HOGA1;GCSH;SHMT1;PCCB;ACAT2;ACSS1;PGP;AFMID;DLD;MDH1;ACSS2;SHMT2;ACAT1;MDH2;ACO2;GRHPR;AGXT;MMUT;CS;GLDC
gsea,Thyroid hormone synthesis,0.49800063219925,1.86711243072026,0.006024096385542169,0.031991857895234045,0.338,26/75,19.84%,CREB3L1;PRKCB;ASGR2;ITPR2;ADCY4;ITPR1;PLCB2;TSHR;ATP1A4;TSHB;ATP1A2;FXYD2;ADCY7;PRKCA;LRP2;ADCY1;ATP1B2;ASGR1;ADCY6;TG;GPX3;SLC5A5;GPX7;SLC26A4;PRKCG;ADCY9
gsea,Allograft rejection,0.7549228698005875,1.8668456290750202,0.00784313725490196,0.03180762126723851,0.338,29/35,19.44%,CD28;CD40LG;TNF;CD80;IL10;HLA-DQA2;HLA-DOA;HLA-G;IL2;CD86;HLA-DMB;FAS;HLA-DOB;HLA-DQA1;PRF1;HLA-DQB1;FASLG;IL12B;HLA-DPA1;HLA-DPB1;HLA-DMA;HLA-DRB5;HLA-F;IL4;GZMB;CD40;IL5;IFNG;HLA-DRB1
gsea,Aminoacyl-tRNA biosynthesis,-0.5683013768479164,-1.8648610843352635,0.008350730688935281,0.06283708786640964,0.339,31/44,34.34%,MARS2;MTFMT;DARS2;PARS2;YARS2;FARSB;VARS2;GATC;GARS1;NARS2;FARSA;TARS2;DARS1;LARS2;IARS2;PSTK;IARS1;MARS1;SARS2;AARS1;TARS1;QRSL1;EARS2;GATB;LARS1;WARS2;KARS1;RARS2;EPRS1;FARS2;NARS1
gsea,Glutamatergic synapse,0.5337473634547133,1.857923627831754,0.001968503937007874,0.033328248358032594,0.345,37/114,14.65%,CACNA1C;SLC1A7;GNG2;PRKCB;GNG7;GNGT2;PLA2G4C;GRIA1;ITPR2;ADCY4;SHANK1;ITPR1;CACNA1D;PLCB2;GRIK4;GNG8;GRIN2A;SHANK2;ADCY7;SLC1A3;PRKCA;GRIN3B;GRIK1;GRIA3;GNAO1;PLA2G4D;SLC1A1;ADCY1;DLG4;GNG11;GRM4;GRIN3A;GRM6;PLA2G4E;ADCY6;SLC17A8;GRIN2D
gsea,IL-17 signaling pathway,0.48383221901941503,1.8536119355312324,0.03468208092485549,0.03418490100114057,0.349,32/94,19.63%,TNF;MMP13;CSF2;CCL7;CXCL2;MMP9;MAPK4;PTGS2;FOSB;IL13;CXCL3;CCL2;CXCL5;CCL11;IL17RB;CCL17;MMP3;TNFAIP3;MMP1;IL1B;CXCL10;MUC5B;CSF3;IL4;TRAF5;S100A7A;IL5;IL17C;CCL20;IFNG;MAPK15;IL6
gsea,Mismatch repair,-0.6472048219125137,-1.853009821320903,0.002044989775051125,0.06341588362969654,0.352,15/23,24.60%,EXO1;RFC4;RFC5;MSH2;MSH6;RFC3;SSBP1;RPA3;PMS2;RPA4;RFC2;RPA1;POLD2;POLD3;PCNA
gsea,Breast cancer,0.4546666338456312,1.8478998459757625,0.01532567049808429,0.0351547137256892,0.358,44/147,18.80%,ESR1;TNFSF11;FGF18;FGF7;TCF7;PGR;FLT4;WNT2;WNT10A;SHC3;NOTCH4;FGF1;WNT6;FZD4;FGF10;HEYL;DLL4;KIT;WNT1;IGF1;WNT7A;AKT3;PIK3CD;WNT4;FGF20;AXIN2;FGF16;FGF9;SHC2;WNT9B;WNT10B;WNT5B;FGF5;FGF23;GADD45B;FZD8;FGFR1;FZD1;PTEN;GADD45G;NFKB2;NOTCH2;HEY2;CCND1
gsea,Prolactin signaling pathway,0.4211511193270297,1.847461085171428,0.006,0.03492605191982277,0.358,15/70,17.01%,ESR1;TNFSF11;SHC3;PRLR;CYP17A1;CISH;STAT5A;AKT3;PIK3CD;JAK2;SHC2;CCND2;IRF1;TH;PRL
gsea,Insulin secretion,0.5209466831619982,1.8443864421782723,0.0019646365422396855,0.03525041304044015,0.359,26/86,13.75%,CACNA1C;KCNMB1;CREB3L1;CAMK2A;KCNN4;PRKCB;SNAP25;ADCY4;KCNN3;ADCYAP1;CACNA1D;PLCB2;KCNN2;ATP1A4;KCNMB4;ATP1A2;FXYD2;ADCY7;PRKCA;ADCYAP1R1;ADCY1;ATP1B2;KCNMA1;KCNU1;ADCY6;CCK
gsea,Melanogenesis,0.48821198112496483,1.8384435695308856,0.0019047619047619048,0.03618917146645015,0.367,27/101,14.52%,TCF7;CREB3L1;CAMK2A;MITF;PRKCB;WNT2;WNT10A;EDNRB;ADCY4;WNT6;FZD4;PLCB2;KIT;WNT1;ADCY7;PRKCA;WNT7A;WNT4;GNAO1;ADCY1;WNT9B;WNT10B;WNT5B;ADCY6;FZD8;TYRP1;CALML5
gsea,Pathogenic Escherichia coli infection,0.37732296441752533,1.8313090126794034,0.03137254901960784,0.03756822640698171,0.38,32/193,13.53%,NLRP3;MYO1G;TNF;NCKAP1L;CLDN9;CLDN14;CYTH4;PAK3;MYO1F;TLR4;NAIP;CLDN2;CLDN18;FCGR2A;LPAR4;CYFIP2;TUBB3;CLDN5;FAS;WIPF1;FYN;CLDN11;CLDN6;ARPC1B;FASLG;CLDN19;CLDN23;CLDN10;IL1R1;IL1B;F2R;ACTR3C
gsea,MicroRNAs in cancer,0.3940230201099473,1.8297520518898422,0.001,0.03770619469717448,0.381,70/252,22.52%,ITGB3;TGFB2;FOXP1;ZEB2;ZFPM2;PRKCB;PDGFRA;TNN;MMP16;CYP1B1;TNXB;NOTCH4;CYP24A1;ABCB1;MIR145;BMF;MMP9;PTGS2;TIMP3;ZEB1;RECK;PDGFRB;PRKCA;PDGFA;PIK3CD;TPM1;TNR;THBS1;IRS1;PDGFB;PLCG2;MIR135B;MIR7-2;EFNA5;MIR27B;VIM;TNC;MIR125B1;MIR23B;CCND2;MIRLET7I;MIRLET7G;TRIM71;ITGA5;MIR100;MIR181B1;MIR200B;MIR26A1;MIR126;PTEN;MIRLET7F2;MIR615;RASSF1;NOTCH2;MIR483;ATM;IRS2;CCND1;MIR181A2;PRKCG;MIRLET7A2;BMPR2;EFNA2;MIR10B;MIR520H;PLAU;MIR129-1;MIR30D;PIK3R1;MIR96
gsea,Antigen processing and presentation,0.6007190043244727,1.8288870337762164,0.03614457831325301,0.03762415608339992,0.382,38/70,25.59%,CIITA;TNF;HLA-DQA2;HLA-DOA;CD8B2;HLA-G;IFI30;HLA-DMB;CD4;HLA-DOB;HLA-DQA1;HLA-DQB1;KLRC1;CD8B;HLA-DPA1;HLA-DPB1;CD8A;KLRC4;HLA-DMA;HSPA2;HLA-DRB5;HLA-F;KLRD1;KIR3DL1;CTSS;KIR2DL3;KIR2DL1;CD74;IFNG;HLA-DRB1;HLA-DRA;KLRC3;KIR3DL2;CTSL;KLRC2;KIR2DL4;HSPA6;KIR2DS4
gsea,Hepatitis C,0.35451288467042974,1.8271991255520144,0.01603206412825651,0.03765148535710427,0.382,34/155,20.04%,TNF;IFNAR2;CLDN9;CLDN14;CLDN2;CLDN18;TLR3;CLDN5;FAS;AKT3;PIK3CD;RSAD2;CLDN11;CLDN6;IRF7;FASLG;MX2;CLDN19;CLDN23;IFIT1B;CLDN10;CXCL10;IFNA1;JAK1;IFIT1;CFLAR;IFNA21;IFNG;CCND1;APAF1;CLDN3;IRF9;IFNA16;IFNA13
gsea,Small cell lung cancer,0.4442110209207846,1.8257764840275925,0.03294573643410853,0.037785715573457196,0.384,29/92,19.90%,LAMA2;COL4A4;COL4A3;LAMA4;BIRC7;BIRC3;PTGS2;LAMC3;LAMB4;AKT3;TRAF1;FN1;PIK3CD;LAMA3;FHIT;CDKN2B;COL4A2;GADD45B;LAMB1;TRAF5;LAMC2;ITGA3;COL4A1;LAMB2;PTEN;GADD45G;CCND1;APAF1;RXRG
gsea,One carbon pool by folate,-0.5975310955589422,-1.815616724765864,0.0063025210084033615,0.07529525958974125,0.397,12/19,21.14%,MTHFD2L;MTHFD2;SHMT1;MTFMT;TYMS;MTHFS;DHFR;FTCD;DHFR2;GART;MTHFD1;SHMT2
gsea,ErbB signaling pathway,0.4140092973974214,1.8131978480751703,0.03773584905660377,0.04069906484223769,0.4,15/85,10.71%,CAMK2A;PRKCB;SHC3;PAK3;EREG;STAT5A;PRKCA;AKT3;PIK3CD;AREG;NRG3;ERBB4;NRG2;PLCG2;SHC2
gsea,Aldosterone-regulated sodium reabsorption,0.5351188305916692,1.8129812323478112,0.014373716632443531,0.04042108408854155,0.4,12/36,11.54%,PRKCB;ATP1A4;ATP1A2;NR3C2;FXYD2;IGF1;PRKCA;PIK3CD;SCNN1G;ATP1B2;IRS1;KCNJ1
gsea,Morphine addiction,0.5386299872526548,1.8112731727317708,0.008,0.04046202549121598,0.403,39/91,19.84%,PDE1B;ADORA1;KCNJ5;GNG2;ARRB1;PRKCB;GNG7;PDE2A;PDE3A;GNGT2;ADCY4;PDE1A;PDE7B;DRD1;GNG8;GABRR2;PDE4B;ADCY7;PRKCA;GRK5;PDE1C;GABBR2;GNAO1;KCNJ6;ADCY1;PDE4A;GNG11;PDE7A;ADCY6;PDE4C;GRK4;GABRB1;PDE10A;GABRD;GABRP;GABRG2;PRKCG;SLC32A1;ADCY9
gsea,alpha-Linolenic acid metabolism,0.6270409708802647,1.8086814743634163,0.0078125,0.040849631591653515,0.406,12/25,20.72%,PLA2G5;PLA2G4C;PLA2G1B;PLA2G2A;PLA2G2F;PLA2G4D;PLA2G12B;PLA2G4E;PLA2G2C;PLA2G2D;ACOX3;PLB1
gsea,Circadian rhythm,0.5235008854065438,1.8023861660481941,0.022727272727272728,0.041955586788009896,0.41,7/30,16.94%,BHLHE41;RORC;PER3;RORB;NPAS2;PER1;CRY2
gsea,Starch and sucrose metabolism,0.5095958063527751,1.7938228807784873,0.011741682974559686,0.04408383522429864,0.421,14/36,23.90%,HK3;TREH;ENPP1;PYGM;ENPP3;MGAM2;AMY2B;G6PC2;AMY1B;GBA3;AMY1A;HKDC1;PGM2L1;GANC
gsea,Inflammatory mediator regulation of TRP channels,0.48111208469047584,1.786049421540368,0.0148975791433892,0.04575124012026946,0.431,29/98,13.45%,PTGER2;NTRK1;CAMK2A;PRKCB;PLA2G4C;HTR2A;ITPR2;ADCY4;ITPR1;HRH1;PRKCQ;PLCB2;TRPV2;ADCY7;IGF1;PRKCA;PTGER4;PIK3CD;PLA2G4D;BDKRB2;ADCY1;HTR2B;PLCG2;IL1R1;PLA2G4E;TRPA1;IL1B;ADCY6;ASIC2
gsea,Non-alcoholic fatty liver disease,-0.2972290907917961,-1.7823250305956069,0.04573804573804574,0.08595955919250202,0.43,70/149,25.94%,MAPK12;NDUFA7;NDUFA13;MAPK10;UQCRHL;PPARG;PIK3CA;NDUFS7;UQCR11;DDIT3;NDUFB5;NDUFB9;MLXIPL;NDUFA9;COX8C;COX6A1;NDUFA11;NDUFB2;COX7B;PRKAA2;PIK3R2;NDUFB1;UQCR10;PRKAG3;COX7A2L;COX5A;EIF2AK3;NDUFB6;CYCS;UQCRFS1;COX5B;SDHD;MLX;NDUFA5;NDUFAB1;NDUFA6;UQCRQ;NDUFA12;NDUFS3;NDUFA8;NDUFA10;NDUFV3;COX6C;NDUFB7;BID;NDUFB8;NDUFS4;COX7A2;NDUFA2;NDUFC1;NDUFB3;COX8A;SDHC;NDUFC2;NDUFB4;NDUFA1;EIF2S1;CYC1;COX4I1;NDUFS8;UQCRB;PRKAG1;MAPK13;UQCRC2;NDUFS2;COX6B1;UQCRH;UQCRC1;SREBF1;NDUFS1
gsea,Tight junction,0.38813712583300286,1.7805426422601591,0.03937007874015748,0.04686638336742084,0.438,30/166,13.53%,JAM2;DLG2;CGNL1;JAM3;CLDN9;CLDN14;CD1E;CD1C;CD1A;CD1D;CACNA1D;SYNPO;CLDN2;CLDN18;CD1B;WAS;CLDN5;RAPGEF2;CLDN11;CLDN6;ARPC1B;MICALL2;CLDN19;CLDN23;TIAM1;MPDZ;CLDN10;CFTR;MYL9;ACTR3C
gsea,Graft-versus-host disease,0.7454492091987511,1.779907462130557,0.008,0.04673735931440616,0.439,32/38,21.81%,CD28;TNF;CD80;HLA-DQA2;HLA-DOA;HLA-G;IL2;CD86;HLA-DMB;FAS;HLA-DOB;HLA-DQA1;PRF1;HLA-DQB1;FASLG;KLRC1;HLA-DPA1;HLA-DPB1;HLA-DMA;HLA-DRB5;HLA-F;KLRD1;IL1B;KIR3DL1;KIR2DL3;GZMB;KIR2DL1;IFNG;HLA-DRB1;IL6;HLA-DRA;KIR3DL2
gsea,Ether lipid metabolism,0.5041834382815178,1.7786548003917049,0.027184466019417475,0.04678757549112649,0.441,17/48,16.83%,PLA2G5;PLA2G4C;PLD4;ENPP2;PLA2G1B;ENPP6;PLA2G2A;PLA2G2F;PLA2G7;PLA2G4D;PLA2G12B;TMEM86B;PLA2G4E;PLA2G2C;LPCAT1;PLA2G2D;PLPP3
gsea,Non-small cell lung cancer,0.4166413533040188,1.757229571693489,0.056862745098039215,0.05246459366766892,0.472,19/72,22.90%,HGF;PRKCB;JAK3;RET;STAT5A;PRKCA;AKT3;PIK3CD;PLCG2;RASSF5;FHIT;GADD45B;GADD45G;RASSF1;CCND1;PRKCG;RXRG;PIK3R1;PDPK1
gsea,Bacterial invasion of epithelial cells,0.403772891687267,1.749789079052246,0.05019305019305019,0.05421356535616464,0.484,16/77,14.47%,DNM3;ILK;SHC3;SEPTIN1;FN1;PIK3CD;ARPC1B;ARHGAP10;SEPTIN6;SHC2;CAV3;CTNNA3;ACTR3C;CAV1;ITGA5;PXN
gsea,Cholesterol metabolism,0.48851763735377096,1.7460844774747832,0.03543307086614173,0.05501532043616363,0.487,19/50,22.09%,LIPG;LPL;LIPC;CETP;CD36;CYP27A1;LRP2;LCAT;APOH;OSBPL5;LRP1;SOAT2;APOE;APOC1;APOC2;ANGPTL8;SORT1;ABCB11;ANGPTL4
gsea,Purine metabolism,0.4181543810359361,1.7401637658907336,0.04007633587786259,0.056205322162865376,0.491,35/127,14.49%,PDE1B;NPR1;GUCY1A2;PDE2A;PDE3A;ADCY4;NT5E;PDE1A;PDE7B;AMPD1;ENTPD1;PAPSS2;ADA2;PDE4B;ADCY7;PDE5A;ENPP1;AK5;PDE1C;PDE6G;AK9;AMPD3;ENPP4;ADCY1;PDE4A;ENPP3;AK1;PDE7A;GUCY1A1;XDH;NT5C1A;FHIT;ADCY6;PDE4C;NPR2
gsea,RNA polymerase,-0.5543934351269806,-1.7385130316155217,0.029880478087649404,0.10406403460286667,0.481,17/31,25.84%,POLR3G;POLR2F;POLR1C;POLR2H;POLR1B;POLR2D;POLR3K;POLR1H;POLR2I;POLR2J;POLR1D;POLR3F;POLR1E;POLR2C;POLR3C;POLR2G;POLR1F
gsea,Terpenoid backbone biosynthesis,-0.5423571187508845,-1.7348066210074127,0.015473887814313346,0.10097469566037989,0.485,14/22,28.22%,PDSS1;ACAT2;FDPS;IDI1;HMGCR;IDI2;HMGCS1;FNTB;MVK;ACAT1;PCYOX1;FNTA;MVD;RCE1
gsea,Adherens junction,0.4284819340103313,1.7245058880321205,0.06551059730250482,0.060743777282731656,0.515,13/71,17.28%,SORBS1;PTPRB;TCF7;PTPRM;SNAI1;WAS;TGFBR2;FYN;RAC2;CTNNA3;FER;FGFR1;NECTIN3
gsea,Endocytosis,0.337064276242288,1.7080175978692294,0.09302325581395349,0.06565768329637034,0.539,44/252,17.64%,DNM3;IQSEC3;ARRB1;AGAP2;PDGFRA;CCR5;CYTH4;IL2RG;IL2RB;IL2RA;HLA-G;DAB2;ACAP1;PSD;FOLR2;GRK5;FOLR1;TGFBR2;WIPF1;ARPC1B;SH3KBP1;IQSEC1;BIN1;FOLR3;AMPH;CAV3;EHD1;HSPA2;HLA-F;ACTR3C;CXCR4;CXCR1;CAV1;PSD2;EHD2;GRK4;IZUMO1R;RAB31;RAB11FIP2;ARAP2;GIT2;SH3GL2;ARAP3;SMAP2
gsea,Thermogenesis,-0.30636016411973455,-1.7074826976538564,0.05496828752642706,0.11137324687346932,0.518,111/217,25.52%,MAPK12;NDUFA7;NDUFA13;COA6;ADCY10;ADCY8;SMARCE1;DPF1;UQCRHL;PPARG;NDUFAF4;NDUFS7;PRKG2;NDUFAF2;NDUFAF5;UQCR11;NDUFB5;CPT1B;NDUFB9;NDUFAF7;NDUFAF8;COX11;NDUFA9;ACTL6A;UCP1;FGF21;COX8C;ATP5MC1;COX6A1;COA3;NDUFA11;COA5;NDUFB2;ATP5MF;ADCY3;ATP5PD;COX7B;ATP5MC3;PRKAA2;ATP5MG;ATP5ME;ATP5PO;NDUFB1;UQCR10;PRKAG3;COX7A2L;RPS6KB1;COX5A;COA4;NDUFB6;KDM3A;COX10;RPS6KA6;SMARCD2;UQCRFS1;COX5B;SDHD;NDUFA5;NDUFAB1;NDUFA6;UQCRQ;NDUFA12;NDUFS3;NDUFAF1;NDUFA8;NDUFA10;PLIN1;NDUFV3;COX6C;CREB3L4;ATP5PF;NDUFB7;NDUFB8;COX18;ACTL6B;NDUFS4;KRAS;COX7A2;NDUFA2;NDUFC1;COX15;NDUFB3;COA1;COX14;NDUFAF6;COX8A;SDHC;NDUFC2;ATP5F1C;SMARCB1;NDUFB4;NDUFA1;ATP5F1D;CYC1;COX17;COX4I1;NDUFS8;RHEB;UQCRB;PRKAG1;COA7;MAPK13;UQCRC2;HRAS;NDUFS2;COX6B1;MLST8;CPT1A;UQCRH;ATP5MC2;UQCRC1
gsea,Mineral absorption,0.4574007744617112,1.7074611778024005,0.015625,0.06543140961394517,0.541,18/60,17.14%,HEPH;MT1M;MT1A;SLC8A3;VDR;SLC8A1;ATP1A4;ATP1A2;FXYD2;SLC34A2;SLC26A9;MT1E;ATP1B2;HEPHL1;ATP2B2;MT1G;MT1F;MT1B
gsea,FoxO signaling pathway,0.3412017364003931,1.7044876169899863,0.05730129390018484,0.06596429102239548,0.545,29/130,20.44%,TGFB2;AGAP2;IL10;S1PR4;IL7R;S1PR1;TGFB3;KLF2;IGF1;AKT3;PIK3CD;TGFBR2;PLK3;FASLG;SGK2;IRS1;FBXO32;CDKN2B;GADD45B;PLK2;CCND2;G6PC2;PTEN;GADD45G;ATM;IRS2;CCND1;IL6;CCNG2
gsea,Notch signaling pathway,0.44105889623309774,1.7018982581598432,0.05825242718446602,0.0663545305037202,0.547,18/58,18.51%,NOTCH4;PTCRA;HEYL;MFNG;DLL4;MAML2;DTX4;DTX1;KAT2B;ATXN1;TLE7;NCOR2;LFNG;APH1B;RBPJL;TLE2;NOTCH2;HEY2
gsea,Nicotinate and nicotinamide metabolism,0.4755726678663995,1.6993351720292857,0.020637898686679174,0.06663601969465964,0.552,13/34,13.46%,AOX1;NT5E;QPRT;NMNAT2;ENPP1;NNMT;ASPDH;BST1;ENPP3;SIRT4;NMRK2;NT5C1A;CD38
gsea,Cardiac muscle contraction,0.4746034919094514,1.6992560054889843,0.024489795918367346,0.06625480630529917,0.553,26/83,14.46%,CACNA1C;CACNB2;CACNA2D4;ATP2A3;SLC8A3;MYL4;CACNA1D;COX6B2;SLC8A1;ATP1A4;ATP1A2;FXYD2;CASQ2;COX7A1;CACNA2D2;TPM1;ATP1B2;HRC;TNNC1;COX4I2;CACNG4;ACTC1;CACNG6;MYL3;TPM2;CACNG5
gsea,Pentose and glucuronate interconversions,-0.6027655899593458,-1.698096139288246,0.030534351145038167,0.11187001116494087,0.527,20/32,19.54%,UGT1A7;UGT1A1;UGT1A6;XYLB;AKR1B10;UGT1A9;UGT1A4;SORD;UGDH;DCXR;UGT2B17;RPEL1;UGT1A10;UGT1A8;UGT2B15;DHDH;CRPPA;AKR1B1;UGT2B28;UGT2A1
gsea,Cell cycle,-0.40505026637816854,-1.697800298439729,0.0880503144654088,0.10707174554869053,0.527,65/124,25.88%,ORC6;CDC25A;CDC25C;CHEK2;CCNA1;CDC6;ORC1;MAD2L1;TTK;BUB1B;DBF4;CDC45;ESPL1;SKP2;ORC5;BUB1;CDC7;CCNA2;CCNB2;CCNE1;CCNE2;ORC2;PLK1;ORC4;CDK1;ANAPC1;E2F2;ANAPC10;PKMYT1;ANAPC7;ATR;CHEK1;CCNB1;CDC14B;ANAPC11;E2F1;MYC;RBL1;CDC26;MCM2;CDK2;PTTG1;CDK4;TFDP2;CDC14A;ORC3;CDC27;MCM4;HDAC2;MCM6;MCM7;CDC20;ANAPC13;RBX1;STAG2;MCM5;MCM3;PCNA;SKP1;SMAD3;WEE1;CDK7;CUL1;E2F4;CDC23
gsea,Renal cell carcinoma,0.4104102495549758,1.6924991043950457,0.07113821138211382,0.06825214353269249,0.563,10/69,13.73%,TGFB2;HGF;PAK3;TGFB3;ETS1;AKT3;PIK3CD;PDGFB;EGLN2;ARNT2
gsea,Glutathione metabolism,-0.44732024263691844,-1.6900932376746918,0.0408997955010225,0.10619644004655532,0.533,24/56,16.94%,GSTA1;GPX2;GSTM3;CHAC2;GCLC;GCLM;GSTM4;GSTM2;CHAC1;GSTA4;GSTA2;GSR;GSTA3;RRM2;PGD;ODC1;G6PD;IDH1;GGCT;MGST2;SMS;GSS;GSTA5;MGST1
gsea,Other types of O-glycan biosynthesis,0.45538270776973055,1.6892627756196645,0.03359683794466403,0.06888201641002219,0.568,8/47,7.24%,GXYLT2;GALNT17;GALNT15;GALNT5;MFNG;ST6GAL1;GALNT10;GALNT16
gsea,Parkinson disease,-0.2818055724981474,-1.6842219065770803,0.05991735537190083,0.10501368348679509,0.541,122/234,27.97%,TUBB4A;NDUFA7;NDUFA13;MAPK10;UQCRHL;CALML3;NDUFS7;UQCR11;DDIT3;NDUFB5;NDUFB9;SEM1;NFE2L2;NDUFA9;UCHL1;TUBAL3;COX8C;CALML6;ATP5MC1;COX6A1;TUBB8;KLC3;NDUFA11;PSMC1;PSMD11;PSMA6;MFN1;NDUFB2;MAOA;ATP5PD;COX7B;ATP5MC3;TRAP1;PSMD14;PSMD12;ATP5PO;TXN;NDUFB1;UQCR10;MAPT;COX7A2L;KLC2;COX5A;EIF2AK3;NDUFB6;CYCS;UQCRFS1;COX5B;SDHD;VDAC3;NDUFA5;NDUFAB1;PSMC2;NDUFA6;UQCRQ;PSMA4;NDUFA12;NDUFS3;PSMC6;TUBA1C;NDUFA8;NDUFA10;NDUFV3;COX6C;PSMD3;ATP5PF;TUBA3C;NDUFB7;NDUFB8;NDUFS4;PSMA3;COX7A2;PSMD2;NDUFA2;NDUFC1;PSMA1;PSMB3;NDUFB3;SLC25A4;PSMD6;SLC25A5;COX8A;SDHC;NDUFC2;PSMC5;ATP5F1C;DRD2;VDAC2;NDUFB4;NDUFA1;EIF2S1;ATP5F1D;CYC1;COX4I1;NDUFS8;PPIF;UQCRB;HTRA2;CALML4;UQCRC2;PSMB5;NDUFS2;TXN2;COX6B1;TUBB4B;UQCRH;ATP5MC2;UQCRC1;PSMD4;NDUFS1;PSMD7;NDUFB11;PSMB4;UBE2G1;COX7C;CALM2;ATP5F1B;NDUFB10;RPS27A;PSMB6;UBE2L3;ATP5F1E
gsea,Gastric acid secretion,0.47427188431279477,1.6809976463480025,0.015873015873015872,0.07129171373320423,0.583,31/76,20.37%,HRH2;CAMK2A;PRKCB;SSTR2;ITPR2;ADCY4;ITPR1;KCNQ1;PLCB2;ATP1A4;ATP1A2;ADCY7;MYLK;PRKCA;ADCY1;MYLK4;ATP1B2;SLC26A7;KCNJ15;KCNJ1;CFTR;ADCY6;CALML5;MYLK3;CCKBR;CA2;KCNJ10;PRKCG;ADCY9;KCNE2;KCNK10
gsea,Histidine metabolism,0.5793218181550095,1.675385922893519,0.031683168316831684,0.07273747606598793,0.59,8/22,7.49%,ASPA;ALDH3B1;HDC;AOC1;MAOB;ALDH7A1;CARNS1;HNMT
gsea,Cocaine addiction,0.47274504795872707,1.6735559960758697,0.01937984496124031,0.07302804141146747,0.593,23/49,28.21%,CREB3L1;SLC18A2;DRD1;MAOB;GRIN2A;FOSB;GRIN3B;DLG4;SLC18A1;GRIN3A;GRIN2D;TH;GRM3;PPP1R1B;GPSM1;CREB3L2;CREB3L3;GRM2;JUN;PRKACB;GNAI2;ADCY5;NFKB1
gsea,GnRH signaling pathway,0.415729714024743,1.6714791212356623,0.031496062992125984,0.07327532890146277,0.595,14/93,8.84%,CACNA1C;CAMK2A;PRKCB;PLA2G4C;ITPR2;ADCY4;ITPR1;CACNA1D;PLCB2;ADCY7;PRKCA;PLA2G4D;MMP2;ADCY1
gsea,Insulin resistance,0.35025647128432125,1.667252663702082,0.044061302681992334,0.07439618429624105,0.603,16/108,10.09%,GFPT2;CREB3L1;TNF;PRKCB;PRKCQ;AGT;CD36;PPARGC1A;RPS6KA2;AKT3;PIK3CD;PYGM;SLC27A6;NOS3;PPP1R3C;IRS1
gsea,PPAR signaling pathway,0.4395330872787427,1.6597786258171325,0.02976190476190476,0.07686388459343899,0.612,15/74,9.89%,SORBS1;OLR1;ME3;LPL;ACOX2;ACSL5;ILK;FABP4;CD36;CYP27A1;CYP8B1;SLC27A6;PLIN2;FABP3;AQP7
gsea,Lysosome,0.3581979059575341,1.6581340202307466,0.09259259259259259,0.07685932035813096,0.612,24/127,15.01%,SLC11A1;ATP6V0D2;CTSE;CTSK;CTSW;PSAPL1;NAPSA;DNASE2B;CTSG;GALC;CLN3;CLN5;HYAL4;ARSB;CTSO;IDUA;LAPTM5;CD68;IDS;ABCA2;TCIRG1;CTSH;CTSS;PLA2G15
gsea,Glycosphingolipid biosynthesis,0.4608321847573791,1.6576659206650102,0.021400778210116732,0.07652604182944002,0.612,12/45,9.14%,ST6GALNAC5;FUT7;ST3GAL5;ST8SIA1;ST3GAL2;A3GALT2;GBGT1;ST6GALNAC6;B3GALT2;ST3GAL6;ST6GALNAC3;FUT4
gsea,Estrogen signaling pathway,0.38548124658732374,1.650291941444482,0.033203125,0.07869568911396804,0.623,20/137,8.84%,ESR1;KCNJ5;PGR;CREB3L1;GPER1;SHC3;ITPR2;ADCY4;ITPR1;PLCB2;MMP9;ADCY7;AKT3;PIK3CD;GABBR2;GNAO1;KCNJ6;MMP2;NOS3;ADCY1
gsea,Ovarian steroidogenesis,0.4734862866342342,1.6438125051001833,0.015873015873015872,0.08062902562382791,0.633,16/51,13.29%,CYP1B1;PLA2G4C;ALOX5;ADCY4;CYP17A1;PTGS2;ADCY7;IGF1;BMP6;PLA2G4D;ADCY1;HSD17B2;HSD3B2;CYP11A1;PLA2G4E;ADCY6
gsea,Fluid shear stress and atherosclerosis,0.34871869313675075,1.639443675595451,0.05725190839694656,0.08181751260935495,0.637,30/137,14.52%,ITGB3;MEF2C;VCAM1;TNF;NCF1;KLF2;GSTM5;MMP9;CDH5;ICAM1;SELE;PDGFA;AKT3;KDR;PIK3CD;CCL2;MMP2;NOS3;BMP4;SUMO4;PDGFB;SDC2;NCF2;IL1R1;CAV3;PECAM1;RAC2;IL1B;CAV1;CALML5
gsea,Adipocytokine signaling pathway,0.39034742902608927,1.6335221676499492,0.060784313725490195,0.083378869353458,0.643,18/69,22.49%,TNF;ACSL5;PRKCQ;AGRP;CD36;PPARGC1A;TNFRSF1B;AKT3;LEPR;IRS1;JAK2;G6PC2;ACACB;CPT1C;IRS2;RXRG;NFKBIE;NPY
gsea,Neurotrophin signaling pathway,0.35473928417036166,1.6095478731695883,0.10606060606060606,0.09281337176162875,0.678,17/119,10.71%,IRAK3;NTRK1;CAMK2A;SHC3;NTRK3;CAMK4;MATK;SH2B3;RPS6KA2;AKT3;PIK3CD;IRAK2;NTF3;FASLG;IRS1;PLCG2;SHC2
gsea,GABAergic synapse,0.4489162770236317,1.6059333036189753,0.030131826741996232,0.09384391387703349,0.682,20/89,9.22%,CACNA1C;GNG2;PLCL1;PRKCB;GNG7;GNGT2;SLC6A1;ADCY4;SLC6A12;CACNA1D;GNG8;SLC38A5;GABRR2;ADCY7;PRKCA;GABBR2;GNAO1;KCNJ6;ADCY1;GNG11
gsea,Synaptic vesicle cycle,0.42857778094381216,1.6006799610132045,0.03898635477582846,0.09537246564643724,0.686,23/77,19.75%,SLC1A7;DNM3;SLC6A1;SNAP25;SLC18A2;SLC6A7;SLC6A12;ATP6V0D2;STX2;SLC1A3;SLC6A2;SLC1A1;STXBP1;SLC18A1;STX1B;CPLX4;TCIRG1;SLC17A8;SLC17A7;SLC17A6;STX1A;SLC1A2;SLC32A1
gsea,Basal cell carcinoma,0.4981161777371841,1.5995062001219944,0.06666666666666667,0.09532507186398494,0.688,19/63,13.84%,BMP2;TCF7;GLI3;WNT2;WNT10A;HHIP;WNT6;FZD4;WNT1;WNT7A;WNT4;AXIN2;BMP4;WNT9B;WNT10B;WNT5B;SUFU;GADD45B;FZD8
gsea,Amyotrophic lateral sclerosis,-0.25304748123754073,-1.5982340945162081,0.08811475409836066,0.14927704108986717,0.661,176/349,30.72%,GPX2;HAP1;TUBB4A;MAPK12;NDUFA7;NDUFA13;NRG1;UQCRHL;NRG4;DNAH14;PFN2;PRPH;C9orf72;NDUFS7;NUP35;UQCR11;DDIT3;NDUFB5;NDUFB9;NUP37;SEM1;NDUFA9;CHCHD10;TUBAL3;NOS2;COX8C;ATP5MC1;COX6A1;SEH1L;TUBB8;NOS1;KLC3;NDUFA11;PSMC1;PSMD11;NUP88;PSMA6;NDUFB2;MAP2K6;ATP5PD;COX7B;RAE1;ATP5MC3;PSMD14;PSMD12;ATP5PO;NDUFB1;NUP93;UQCR10;COX7A2L;KLC2;PFN4;NUP205;ALYREF;COX5A;EIF2AK3;NDUFB6;CYCS;UQCRFS1;COX5B;NUP85;SDHD;NDUFA5;NDUFAB1;PSMC2;NDUFA6;UQCRQ;PSMA4;NDUFA12;NDUFS3;PSMC6;TUBA1C;NDUFA8;NDUFA10;NXT1;NDUFV3;COX6C;SOD1;PSMD3;ATP5PF;GLE1;TUBA3C;NDUFB7;BID;NDUFB8;NDC1;NDUFS4;NUP107;PSMA3;COX7A2;PSMD2;PPP3R1;NDUFA2;TOMM40;NXT2;NDUFC1;PSMA1;PSMB3;NDUFB3;SIGMAR1;PSMD6;COX8A;SDHC;NDUFC2;PSMC5;ATP5F1C;ATG101;NCBP1;NDUFB4;NDUFA1;EIF2S1;NUP50;ATP5F1D;NUP54;CYC1;COX4I1;NDUFS8;GPX6;WDR41;UQCRB;DCTN5;RB1CC1;MAPK13;UBQLN4;SRSF7;UQCRC2;PSMB5;NDUFS2;COX6B1;WIPI1;TUBB4B;UQCRH;ATP5MC2;UQCRC1;PSMD4;TBK1;DCTN6;SRSF3;NDUFS1;PSMD7;BECN1;NDUFB11;PSMB4;COX7C;ALS2;ATP5F1B;RAB8A;BAD;NUP43;DCTN2;NDUFB10;PSMB6;NUP133;ATP5F1E;ACTR10;HNRNPA3;DCTN3;MCU;NDUFV1;POM121C;NUP155;PSMB7;UBQLN1;ATF4;SDHA;PSMB1;NUP210;PSMD8;SDHB;NUP153;GRIA2;PSMA5;ANXA7;PSMC4;NUP188;SQSTM1
gsea,Thyroid cancer,0.41282011048069245,1.5960197336063722,0.06346153846153846,0.09627739152747222,0.69,8/37,22.57%,TCF7;NTRK1;RET;GADD45B;GADD45G;CCND1;RXRG;TCF7L2
gsea,Shigellosis,0.2909602066405269,1.5923357584869635,0.09888059701492537,0.09720965101352501,0.701,45/244,20.91%,NLRP3;TNF;ILK;CYTH4;NLRC4;HK3;ITPR2;ITPR1;PRKCQ;TLR4;NAIP;CSF2;PLCB2;CGAS;AKT3;PIK3CD;ARPC1B;NOD1;C3;PLCG2;SEPTIN6;IL1R1;STING1;CCL5;MYL9;IL1B;ACTR3C;CD14;ITGA5;PLCD4;PXN;TRAF5;MYL10;TECPR1;ATM;HKDC1;TLR5;CYTH3;ELMO1;DOCK1;MYL7;U2AF1;FNBP1;IL18;ACTN1
gsea,Glycosaminoglycan biosynthesis,0.43809331044512495,1.5838346257669274,0.09125475285171103,0.10048734868901572,0.708,18/53,16.91%,XYLT1;EXTL1;CHST11;DSE;HS3ST2;CHSY3;CSGALNACT1;ST3GAL2;CHST15;CHST13;CSGALNACT2;B3GNT7;HS3ST3B1;CHST12;CHST3;NDST2;NDST3;NDST1
gsea,Porphyrin and chlorophyll metabolism,-0.4863457262715018,-1.5831009361776813,0.07142857142857142,0.1531571880871529,0.676,20/41,19.54%,UGT1A7;UGT1A1;UGT1A6;UGT1A9;UGT1A4;FXN;MMAB;HMBS;FECH;UGT2B17;UGT1A10;CPOX;UGT1A8;UGT2B15;BLVRB;COX10;HCCS;UGT2B28;UROS;UGT2A1
gsea,Linoleic acid metabolism,0.5536834827836684,1.5801808326447309,0.04040404040404041,0.10149321898430662,0.712,11/29,16.11%,PLA2G5;PLA2G4C;PLA2G1B;PLA2G2A;PLA2G2F;PLA2G4D;PLA2G12B;CYP1A2;PLA2G4E;PLA2G2C;PLA2G2D
gsea,Herpes simplex virus 1 infection,0.4518370241739538,1.5753130277314922,0.09861932938856016,0.10302529352935574,0.716,157/493,21.10%,POU2F2;ITGB3;ZNF154;TNFSF14;TNF;IFNAR2;ZNF347;ZNF415;ZNF671;ZNF418;ZNF677;LTA;ZNF662;ZNF540;ZNF471;HLA-DQA2;HLA-DOA;ZIK1;ZNF701;CARD9;BIRC3;ZNF214;ZNF667;ZNF486;HLA-G;ZNF813;ZNF577;TLR3;ZNF331;PILRA;ZNF454;ZNF549;ZNF439;ZNF808;ZNF43;ZNF83;ZNF135;ZNF582;ZNF90;CFP;ZFP28;HLA-DMB;ZNF320;ZNF578;ZNF665;CGAS;ZNF382;ZNF737;FAS;ZNF528;AKT3;ZNF649;HLA-DOB;ZNF611;PIK3CD;ZNF583;HLA-DQA1;TLR9;ZNF585B;ZNF208;ZNF713;ZNF470;ZNF221;ZNF836;CCL2;ZFP82;ZNF175;HLA-DQB1;IRF7;TNFRSF14;FASLG;ZNF718;ZNF613;ZNF254;ZNF699;ZNF211;IL12B;ZNF568;ZNF841;C3;HLA-DPA1;JAK2;C5;HLA-DPB1;ZFP92;ZNF717;ZNF682;HLA-DMA;ZNF727;ZNF285;ZNF816;ZNF229;ZNF91;ZFP57;STING1;CCL5;ZNF615;NXF3;HLA-DRB5;ZNF585A;HLA-F;ZNF814;ZNF790;TLR2;IL1B;ZNF417;ZNF773;ZNF350;ZNF600;ZNF429;IFIH1;ZNF610;ITGA5;IFNA1;ZNF432;ZNF506;NXF2B;TRAF5;ZNF468;ZNF354C;ZNF441;ZNF100;ZNF888;ZNF334;BST2;ZNF155;JAK1;ZNF8;ZNF132;ZNF763;ZNF676;ZNF160;ZNF257;ZNF235;IFNA21;ZNF141;CD74;ZNF250;IFNG;ZNF404;APAF1;ZNF85;ZNF283;HLA-DRB1;ZNF780A;IL6;IRF9;IFNA16;IFNA13;ZNF597;ZNF225;ZNF93;ZNF548;ZNF224;ZNF879;HLA-DRA;TSC2
gsea,Spinocerebellar ataxia,0.31294360599765014,1.570750273637661,0.07606679035250463,0.10437087959982023,0.721,15/143,7.47%,KCND3;PRKCB;BEAN1;GRIA1;ITPR2;ITPR1;ATP2A3;PLCB2;GRIN2A;TRPC3;PRKCA;GRIN3B;AKT3;PIK3CD;GRIA3
gsea,Proteasome,-0.4195181352051617,-1.5614372954972509,0.0482897384305835,0.1610337436132494,0.701,35/46,35.02%,SEM1;PSMC1;PSMD11;PSMA6;PSMD14;PSMD12;PSMC2;PSMA4;PSMC6;PSMD3;PSME3;PSMA3;PSMD2;PSMA1;PSMB3;PSMD6;PSMC5;PSME4;PSMB5;PSMD4;PSMD7;PSMB4;PSMB6;PSMB7;PSMB1;PSMD8;PSMA5;PSMC4;POMP;PSMA7;PSMD13;PSMC3;PSMD1;PSMF1;ADRM1
gsea,beta-Alanine metabolism,0.43848975377975885,1.5479129643283558,0.0631163708086785,0.11486204470421921,0.745,7/30,8.14%,AOC3;ALDH3B1;DPYD;ALDH7A1;DPYS;CARNS1;UPB1
gsea,Chronic myeloid leukemia,0.3689788446436173,1.5435598625468891,0.13609467455621302,0.1162150218421865,0.749,10/76,13.01%,TGFB2;SHC3;TGFB3;STAT5A;AKT3;PIK3CD;TGFBR2;GAB2;SHC2;GADD45B
gsea,Neutrophil extracellular trap formation,0.41519058131310826,1.5429356544311466,0.09541984732824428,0.11592340990861194,0.75,47/180,13.04%,ITGB3;ITGAM;SIGLEC9;TLR7;PRKCB;ITGAL;ELANE;CR1;CLCN4;TLR4;TLR8;AQP9;NCF1;CR1L;FPR1;PLCB2;NCF4;FCGR1A;FPR3;FCGR2A;SELP;SELPLG;FPR2;CYBB;MPO;CLEC7A;PRKCA;C5AR1;AGER;ITGB2;AKT3;PIK3CD;CTSG;FGG;FGA;HDAC9;C3;PLCG2;FCGR3A;AZU1;C5;NCF2;FCGR3B;VWF;RAC2;CAMP;TLR2
gsea,Cytosolic DNA-sensing pathway,0.43452200316050915,1.5423158376033232,0.05189620758483034,0.11566985594236524,0.75,21/60,23.74%,ZBP1;RIPK3;CGAS;CCL4;AIM2;IRF7;CCL4L2;IL33;STING1;CCL5;IL1B;CXCL10;IFNA1;IFNA21;IL6;IFNA16;IFNA13;IL18;IFNA8;IFNA5;CASP1
gsea,Huntington disease,-0.257135545214133,-1.5420751412913416,0.10905349794238683,0.16824994084512673,0.727,140/290,28.14%,GPX2;CACNA1B;HAP1;TUBB4A;NDUFA7;NDUFA13;MAPK10;UQCRHL;DNAH14;PPARG;BDNF;CLTCL1;TBPL1;NDUFS7;UQCR11;NDUFB5;NDUFB9;POLR2F;SEM1;POLR2H;NDUFA9;UCP1;TUBAL3;POLR2D;COX8C;ATP5MC1;COX6A1;TUBB8;KLC3;NDUFA11;PSMC1;PSMD11;PSMA6;NDUFB2;ATP5PD;COX7B;ATP5MC3;PSMD14;PSMD12;ATP5PO;NDUFB1;UQCR10;COX7A2L;KLC2;COX5A;PLCB4;NDUFB6;POLR2I;CYCS;UQCRFS1;COX5B;POLR2J;SDHD;VDAC3;NDUFA5;NDUFAB1;PSMC2;NDUFA6;UQCRQ;PSMA4;NDUFA12;NDUFS3;PSMC6;TUBA1C;NDUFA8;NDUFA10;NDUFV3;COX6C;SOD1;PSMD3;CREB3L4;ATP5PF;TUBA3C;NDUFB7;NDUFB8;HDAC2;NDUFS4;PSMA3;COX7A2;PSMD2;NDUFA2;NDUFC1;PSMA1;PSMB3;NDUFB3;SLC25A4;PSMD6;SLC25A5;COX8A;SDHC;NDUFC2;POLR2C;PSMC5;ATP5F1C;ATG101;VDAC2;NDUFB4;NDUFA1;TAF4B;ATP5F1D;CYC1;COX4I1;NDUFS8;GPX6;PPIF;UQCRB;POLR2G;TAF4;DCTN5;RB1CC1;CLTA;UQCRC2;TFAM;PSMB5;NDUFS2;COX6B1;WIPI1;TUBB4B;UQCRH;ATP5MC2;UQCRC1;PSMD4;DCTN6;NDUFS1;PSMD7;SIN3A;BECN1;NDUFB11;PSMB4;COX7C;ATP5F1B;NRF1;AP2M1;DCTN2;NDUFB10;PLCB1;PSMB6;ATP5F1E;ACTR10;DCTN3
gsea,Endometrial cancer,0.3761903888184163,1.5249881242916519,0.10433070866141732,0.12315758437542397,0.766,13/58,22.90%,TCF7;ILK;AKT3;PIK3CD;AXIN2;GADD45B;CTNNA3;PTEN;GADD45G;CCND1;PIK3R1;TCF7L2;PDPK1
gsea,Prion disease,0.24028650327259657,1.5062484034298869,0.0903954802259887,0.13216699330199913,0.788,34/258,14.65%,CACNA1C;NCAM2;CREB3L1;TNF;C7;ITPR2;ITPR1;NCF1;CACNA1D;COX6B2;NCF4;CASP12;GRIN2A;CYBB;C6;TUBB3;GRIN3B;C8B;PIK3CD;FYN;COX7A1;RYR3;C5;GRIN3A;COX4I2;NCF2;CAV3;RAC2;CCL5;HSPA2;IL1B;C9;CAV1;GRIN2D
gsea,Glucagon signaling pathway,0.32716835998059685,1.5060919706192144,0.0533596837944664,0.13152115362130207,0.788,28/105,27.47%,CREB3L1;CAMK2A;ITPR2;ITPR1;FBP1;PLCB2;LDHAL6B;PPARGC1A;AKT3;PYGM;LDHAL6A;SIK1;PHKG1;G6PC2;CALML5;ACACB;CPT1C;SIK2;CREB3L2;CREB3L3;PPP3R2;CAMK2B;FOXO1;FBP2;PRKACB;LDHC;ADCY2;SIRT1
gsea,Inositol phosphate metabolism,0.39310103906507105,1.5041451780585622,0.13690476190476192,0.13187979765198712,0.792,17/73,17.38%,PIK3CG;INPP5D;INPP4B;PLCB2;PIK3CD;PLCG2;INPP5B;FIG4;MTMR7;SYNJ2;PLCD4;SYNJ1;PIK3C2B;MTMR8;PLCH2;PTEN;INPP1
gsea,Arachidonic acid metabolism,0.44542137597976283,1.4951777127673809,0.0661625708884688,0.13604229770607007,0.797,30/61,22.94%,PLA2G5;PTGDS;PTGS1;PLA2G4C;HPGDS;ALOX5;LTC4S;PTGIS;TBXAS1;GGT5;PLA2G1B;PLA2G2A;PTGS2;PLA2G2F;ALOX15B;PLA2G4D;PLA2G12B;PLA2G4E;CYP2U1;PLA2G2C;GGT1;PLA2G2D;GPX3;GPX7;PTGES;PLB1;EPHX2;GPX8;PRXL2B;CYP4F8
gsea,Glycerolipid metabolism,0.3536597901687918,1.4929782780876937,0.07835820895522388,0.1364743010261882,0.797,11/61,8.74%,LIPG;LPL;LIPC;PLPP4;AGPAT4;MOGAT2;GPAT2;ALDH7A1;DGAT2;LPIN2;MGLL
gsea,Metabolism of xenobiotics by cytochrome P450,-0.4948184210732078,-1.4928595297561955,0.06666666666666667,0.19791040349434463,0.801,38/72,19.54%,ADH7;UGT1A7;CBR3;GSTA1;UGT1A1;ALDH3A1;GSTM3;AKR1C1;UGT1A6;UGT1A9;UGT1A4;CYP2S1;GSTM4;GSTM2;GSTA4;CBR1;GSTA2;ADH1C;ADH4;GSTA3;ADH6;UGT2B17;UGT1A10;UGT1A8;MGST2;SULT2A1;UGT2B15;GSTA5;AKR7L;EPHX1;DHDH;MGST1;ADH5;AKR7A3;GSTT2B;UGT2B28;CYP2C9;UGT2A1
gsea,Glycerophospholipid metabolism,0.3616575763180778,1.4922470384636781,0.08949416342412451,0.13612979371704617,0.798,17/97,9.44%,PLA2G5;PLA2G4C;PLD4;PLPP4;AGPAT4;PLA1A;PLA2G1B;ACHE;PLA2G2A;GPAT2;PLA2G2F;LCAT;GPD1;PNPLA7;LPIN2;PLA2G4D;PLA2G12B
gsea,N-Glycan biosynthesis,0.35782076273960933,1.4869960595851082,0.11233885819521179,0.1382260854933472,0.806,5/50,6.86%,MAN1C1;ST6GAL1;MAN1A1;MGAT3;MGAT4A
gsea,Retrograde endocannabinoid signaling,0.3628785735901145,1.478331423621196,0.05893909626719057,0.14196928594671618,0.812,24/139,9.22%,CACNA1C;KCNJ5;GNG2;PRKCB;GNG7;GNGT2;GRIA1;ITPR2;ADCY4;ITPR1;CACNA1D;PLCB2;GNG8;GABRR2;PTGS2;ADCY7;PRKCA;CNR1;GRIA3;GNAO1;KCNJ6;MGLL;ADCY1;GNG11
gsea,Pathways of neurodegeneration,0.25971143455342777,1.4734620725653487,0.12859884836852206,0.1439142128566535,0.814,53/460,11.31%,CACNA1C;CAMK2A;TNF;PRKCB;WNT2;WNT10A;GRIA1;ITPR2;DNALI1;ITPR1;DKK2;WNT6;NOX4;FZD4;ATP2A3;CACNA1D;COX6B2;PLCB2;CASP12;GRIN2A;PTGS2;CYBB;DNAH5;WNT1;DNAH1;TUBB3;DNAH6;TRPC3;PRKCA;LRRK2;FAS;AGER;WNT7A;CSF1;UBA7;TNFRSF1B;WNT4;GPR37;GRIA3;DNAH8;COX7A1;AXIN2;FASLG;DLG4;PINK1;DNAH7;RYR3;DNAI2;NEFH;WNT9B;COX4I2;WNT10B;WNT5B
gsea,RNA degradation,-0.3498377659016998,-1.4732769004988888,0.13513513513513514,0.20608944516755257,0.82,36/76,26.76%,BTG4;EXOSC3;C1D;PNPT1;PABPC3;EXOSC2;EXOSC7;LSM8;ENO3;DIS3L;LSM5;LSM7;DHX36;LSM4;HSPD1;LSM1;EXOSC6;EXOSC4;LSM3;CNOT4;MPHOSPH6;EXOSC5;EXOSC8;CNOT7;EDC3;LSM2;LSM6;ZCCHC7;HSPA9;PABPC1L;TENT4B;EXOSC9;BTG3;EXOSC1;PFKM;CNOT10
gsea,Choline metabolism in cancer,0.3467273339526537,1.4714109517987723,0.11444652908067542,0.14424493679319159,0.818,20/98,13.64%,SLC22A3;PRKCB;PDGFRA;PLA2G4C;PDGFD;SLC22A4;WAS;PDGFRB;PDGFC;PRKCA;PDGFA;AKT3;PIK3CD;PLA2G4D;SLC22A2;PDGFB;RAC2;PLA2G4E;SLC44A4;SLC22A1
gsea,Longevity regulating pathway,0.32246985079584833,1.4712452634778483,0.10919540229885058,0.14359949886415224,0.818,14/101,13.29%,CREB3L1;KL;ADCY4;FOXA2;CAMK4;ADCY7;IGF1;PPARGC1A;AKT3;PIK3CD;ADCY1;IRS1;HSPA2;ADCY6
gsea,Hepatocellular carcinoma,0.32280947905000534,1.4675825221384755,0.13446969696969696,0.14479048644203485,0.822,25/167,11.31%,TGFB2;HGF;TCF7;PRKCB;WNT2;WNT10A;SHC3;DPF3;WNT6;FZD4;TGFB3;GSTM5;WNT1;PRKCA;WNT7A;AKT3;PIK3CD;WNT4;TGFBR2;AXIN2;PLCG2;SHC2;WNT9B;WNT10B;WNT5B
gsea,Protein export,-0.48324435831894896,-1.4539084764432515,0.05566218809980806,0.21418195667120538,0.836,16/23,34.59%,IMMP1L;SEC61A2;SRPRB;IMMP2L;SRP68;SEC62;SRP9;SEC11A;SEC61G;SRP54;SRP19;SPCS1;SRP14;OXA1L;SEC61B;SRP72
gsea,Colorectal cancer,0.3233940062669474,1.4483882470225744,0.16068052930056712,0.15410884422784502,0.834,9/86,8.14%,TGFB2;TCF7;EREG;TGFB3;AKT3;PIK3CD;TGFBR2;AREG;AXIN2
gsea,Chemical carcinogenesis,0.31932143944323604,1.4423331427563904,0.08433734939759036,0.1566431272379142,0.837,45/227,14.40%,CACNA1C;ESR1;TNFSF11;FGF18;FGF7;PGR;CREB3L1;ARRB1;PRKCB;CYP1B1;HPGDS;ADCY4;ADRB2;HSD11B1;VDR;CACNA1D;GSTM5;FGF10;AR;DLL4;PTGS2;WNT1;ADCY7;NAT2;STAT5A;PRKCA;RPS6KA2;AKT3;PIK3CD;FGF20;ADRB3;ADCY1;FGF16;CHRNA9;FGF9;CYP1A2;JAK2;UGT2B4;FGF5;EPHX3;ADCY6;AIPL1;MIRLET7I;MIRLET7G;KPNA5
gsea,mTOR signaling pathway,0.30824426316993153,1.4413688464964216,0.1441947565543071,0.1564286663496285,0.839,21/154,11.31%,TNF;PRKCB;WNT2;WNT10A;WNT6;FZD4;WNT1;IGF1;PRKCA;RPS6KA2;WNT7A;AKT3;PIK3CD;WNT4;LPIN2;FNIP2;IRS1;WNT9B;RNF152;WNT10B;WNT5B
gsea,Vasopressin-regulated water reabsorption,0.32968098776696697,1.4338323712632137,0.11368015414258188,0.15972272205578342,0.846,10/44,23.81%,CREB3L1;AVPR2;DYNC2H1;AQP4;AQP3;ADCY6;ARHGDIB;ADCY9;CREB3L2;CREB3L3
gsea,Fat digestion and absorption,0.42413477231712704,1.4242349514070036,0.07028112449799197,0.16462517285563855,0.852,13/43,16.86%,PLA2G5;MOGAT2;PLA2G1B;PLA2G2A;CD36;PLA2G2F;DGAT2;PLA2G12B;PLA2G2C;LIPF;PLA2G2D;PLPP3;SLC27A1
gsea,Alzheimer disease,0.24720020453207825,1.402784736229198,0.16,0.17703718445187,0.872,39/354,11.31%,CACNA1C;TNF;LPL;WNT2;WNT10A;ITPR2;ITPR1;DKK2;WNT6;NOX4;FZD4;ATP2A3;CACNA1D;COX6B2;PLCB2;MME;CASP12;GRIN2A;PTGS2;CYBB;WNT1;TUBB3;FAS;AGER;WNT7A;CSF1;AKT3;PIK3CD;WNT4;APBB1;COX7A1;AXIN2;RYR3;IRS1;WNT9B;COX4I2;LRP1;WNT10B;WNT5B
gsea,Mucin type O-glycan biosynthesis,0.4265885224348265,1.402517067638124,0.12698412698412698,0.17634132772474437,0.872,12/36,20.69%,GALNT17;GALNT15;GALNT5;ST3GAL2;GALNT10;GALNT16;ST6GALNAC3;GCNT1;GCNT4;GALNTL6;GALNT9;GALNT2
gsea,mRNA surveillance pathway,-0.2923061329395564,-1.3992474677921432,0.15991471215351813,0.2507238010965582,0.879,48/98,30.55%,MSI2;MSI1;PABPC3;PPP2R3B;FIP1L1;PPP2R3A;MAGOHB;PPP2R2C;PPP2R5A;CPSF4;EIF4A3;CSTF3;ALYREF;CSTF2;PAPOLG;UPF3B;CPSF2;NCBP2;NXT1;CPSF3;PYM1;GLE1;CSTF1;NXT2;NUDT21;NCBP1;PABPC1L;DDX19A;PPP1CB;PPP1CC;RBM8A;PPP2R1B;PPP2R2A;SAP18;PPP2R5C;CASC3;MAGOH;CPSF6;PNN;PPP2R5E;PAPOLA;WDR33;RNPS1;CLP1;RNMT;PPP2CA;PCF11;SMG7
gsea,Pyrimidine metabolism,0.3253242842506071,1.3934645465478537,0.13837638376383765,0.18104259159184924,0.882,12/54,12.53%,NT5E;DPYD;ENTPD1;DPYS;ENPP1;UPB1;AK9;ENPP3;CDA;TK2;CMPK2;NT5C1A
gsea,Taste transduction,0.42342771802115525,1.3743661881694698,0.086,0.19251528555042535,0.894,22/85,13.69%,CACNA1C;PDE1B;ADCY4;PDE1A;KCNK5;PLCB2;TAS1R3;HTR1F;P2RX2;HTR1B;PDE1C;GABBR2;HCN4;TAS2R10;SCNN1G;GRM4;PKD1L3;ADCY6;PKD2L1;ASIC2;TAS2R1;TAS1R2
gsea,Folate biosynthesis,-0.4286893678716044,-1.3718985951748728,0.13485477178423236,0.266120225946048,0.898,10/26,12.18%,AKR1C3;AKR1B10;CBR1;GGH;PTS;PCBD2;GPHN;PAH;SPR;DHFR
gsea,Primary bile acid biosynthesis,0.4888776797311664,1.3712962766620744,0.12151394422310757,0.19346371292519238,0.896,5/17,7.78%,ACOX2;CYP7B1;CYP39A1;CYP27A1;CYP8B1
gsea,ABC transporters,0.4136854211538431,1.3569734230313988,0.12859884836852206,0.20195487764216474,0.901,8/45,4.36%,ABCA6;ABCC9;ABCA8;ABCB4;ABCA3;ABCB1;ABCA9;ABCD2
gsea,Signaling pathways regulating pluripotency of stem cells,0.3382082495208763,1.354765172188554,0.1776061776061776,0.2024118613212836,0.903,34/142,16.65%,INHBA;TCF7;WNT2;WNT10A;JAK3;WNT6;FZD4;LIFR;WNT1;IGF1;WNT7A;LEFTY2;AKT3;PIK3CD;ISL1;WNT4;LIF;AXIN2;BMP4;JAK2;WNT9B;ESRRB;HOXD1;WNT10B;WNT5B;TBX3;FZD8;IL6ST;ID4;FGFR1;ESX1;FZD1;JAK1;MEIS1
gsea,Epithelial cell signaling in Helicobacter pylori infection,0.31247169143278,1.3452587513054546,0.1746641074856046,0.20791166479131923,0.911,11/70,13.72%,JAM2;JAM3;ATP6V0D2;CXCL2;CXCL3;NOD1;PLCG2;MAP3K14;CCL5;TCIRG1;CXCR1
gsea,Cellular senescence,0.2635967202041305,1.3302667847443443,0.21374045801526717,0.2171830447807871,0.917,23/156,14.52%,TGFB2;NFATC2;MRAS;ITPR2;ITPR1;TGFB3;CACNA1D;ETS1;HLA-G;AKT3;PIK3CD;TGFBR2;NFATC1;NFATC4;ZFP36L2;RASSF5;HLA-F;CDKN2B;GADD45B;CCND2;HIPK4;SERPINE1;CALML5
gsea,Steroid hormone biosynthesis,-0.39360196748300635,-1.3184902905150309,0.1252408477842004,0.3062944039257452,0.932,11/59,0.86%,UGT1A7;UGT1A1;DHRS11;AKR1C2;AKR1C3;AKR1C1;UGT1A6;HSD17B1;AKR1C4;UGT1A9;UGT1A4
gsea,Proximal tubule bicarbonate reclamation,0.42038100183023464,1.3099842207218366,0.17578125,0.2306705258254933,0.929,8/23,18.15%,SLC4A4;ATP1A4;ATP1A2;FXYD2;ATP1B2;CA4;AQP1;CA2
gsea,Phosphatidylinositol signaling system,0.32233301961749844,1.3073329813699848,0.2084130019120459,0.2315464373865905,0.93,20/97,17.38%,PRKCB;INPP5D;ITPR2;ITPR1;INPP4B;PLCB2;IP6K3;PRKCA;PIK3CD;PLCG2;INPP5B;MTMR7;SYNJ2;PLCD4;CALML5;SYNJ1;PIK3C2B;MTMR8;PTEN;INPP1
gsea,Type II diabetes mellitus,0.3688078889547777,1.3063819541829529,0.166,0.23116486927122845,0.93,7/46,10.09%,CACNA1C;TNF;CACNA1G;HK3;CACNA1D;PIK3CD;IRS1
gsea,Nicotine addiction,0.4491199903816389,1.2914224068048858,0.15643564356435644,0.241120847273016,0.938,18/40,20.90%,GRIA1;CHRNA6;GRIN2A;GABRR2;GRIN3B;GRIA3;GRIN3A;SLC17A8;GRIN2D;SLC17A7;GABRB1;GABRD;SLC17A6;GABRP;GABRG2;SLC32A1;GRIA4;GABRA4
gsea,Glycosaminoglycan degradation,0.40893567473582615,1.2885804256415605,0.20309477756286268,0.24238027208956633,0.938,5/19,12.87%,HPSE2;HYAL4;ARSB;IDUA;IDS
gsea,Pyruvate metabolism,-0.3362451286868553,-1.2855829319659426,0.20233463035019456,0.3285399936787833,0.947,26/47,25.71%,ADH7;ME1;ADH1C;ALDH3A2;LDHD;ADH4;ACYP1;LDHB;ACOT12;ADH6;PCK2;ACAT2;PC;ACSS1;DLD;ADH5;MDH1;PDHA1;FH;ACSS2;GLO1;ACAT1;MDH2;GRHPR;DLAT;ACYP2
gsea,Phenylalanine metabolism,0.44130673155847816,1.2721351609266158,0.1717171717171717,0.25350439267962455,0.948,4/17,4.44%,AOC3;ALDH3B1;IL4I1;MAOB
gsea,Fructose and mannose metabolism,-0.34346779160245033,-1.27182973666579,0.22587268993839835,0.3329537931368688,0.951,13/33,17.90%,AKR1B10;KHK;SORD;PFKFB1;ALDOC;HK2;MPI;TKFC;PFKFB4;FPGT;ENOSF1;AKR1B1;ALDOA
gsea,Arginine and proline metabolism,0.3167838301031556,1.2662850040011109,0.20874751491053678,0.2567358488615609,0.949,8/50,8.73%,AZIN2;P4HA3;AOC1;MAOB;ALDH7A1;CARNS1;CKMT2;NOS3
gsea,Bladder cancer,0.3136726659240687,1.2509074946610268,0.21595330739299612,0.26785206381140597,0.953,10/41,21.74%,MMP9;DAPK1;MMP2;DAPK2;THBS1;MMP1;RASSF1;CCND1;UPK3A;TYMP
gsea,Cysteine and methionine metabolism,-0.2984558432244871,-1.2434839616065516,0.2231404958677686,0.35155882480241074,0.959,21/49,19.25%,GCLC;GCLM;DNMT3B;CBS;PSAT1;BHMT;PHGDH;KYAT1;CTH;LDHB;MRI1;SMS;GSS;GOT2;MPST;GOT1;AHCY;AMD1;MDH1;ADI1;TST
gsea,Systemic lupus erythematosus,0.3739704842480276,1.235091742327969,0.24714828897338403,0.2785898657856931,0.961,45/124,21.09%,CD28;CD40LG;C4B;TNF;C4A;CD80;C7;ELANE;IL10;HLA-DQA2;HLA-DOA;FCGR1A;C2;FCGR2A;GRIN2A;CD86;HLA-DMB;C6;HLA-DOB;C8B;HLA-DQA1;CTSG;HLA-DQB1;C3;HLA-DPA1;FCGR3A;C5;HLA-DPB1;HLA-DMA;FCGR3B;HLA-DRB5;C9;C1R;CD40;C1S;C8A;C1QC;C1QB;C1QA;IFNG;HLA-DRB1;H2BC1;H2AC1;ACTN1;HLA-DRA
gsea,"Valine, leucine and isoleucine degradation",0.30036508966802866,1.2279129195505956,0.25048923679060664,0.2827269721763176,0.964,6/48,9.42%,AOX1;IL4I1;ALDH7A1;ACAA2;BCAT1;HMGCLL1
gsea,RIG-I-like receptor signaling pathway,0.307791418914659,1.2100649611586,0.2528957528957529,0.2961972912843851,0.97,18/69,24.56%,TNF;RNF125;IRF7;IL12B;STING1;CASP10;CXCL10;IFIH1;IFNA1;IFNE;CYLD;IFNW1;IFNA21;IFNA16;IFNA13;IFNA8;IFNA5;MAP3K1
gsea,Drug metabolism,-0.3406352198570685,-1.2096421562402753,0.2578740157480315,0.3770786645801813,0.971,32/103,13.93%,ADH7;UGT1A7;GSTA1;UGT1A1;ALDH3A1;GSTM3;UGT1A6;UGT1A9;UGT1A4;GSTM4;NME2;GSTM2;GSTA4;GSTA2;ADH1C;NME1;ADH4;CYP2C19;GSTA3;RRM2;CES1;UMPS;ADH6;HPRT1;UGT2B17;GMPS;UGT1A10;UGT1A8;MAOA;TK1;MGST2;DUT
gsea,Protein processing in endoplasmic reticulum,0.20669815548048226,1.2093880419093184,0.2701612903225806,0.2954884943831138,0.97,7/169,5.72%,MAN1C1;DERL3;FBXO2;DNAJC5B;CASP12;TXNDC5;MAN1A1
gsea,Thiamine metabolism,0.44566908352131174,1.2015599763445413,0.263671875,0.3005150780863453,0.972,5/15,13.28%,TPK1;AK5;ALPP;AK1;ALPL
gsea,Various types of N-glycan biosynthesis,0.30784274673685985,1.1958074841496167,0.2682926829268293,0.3040743098759786,0.974,3/39,6.86%,MAN1C1;MAN1A1;MGAT4A
gsea,Tyrosine metabolism,0.37273979217396036,1.1948259528933052,0.21649484536082475,0.30353098986698945,0.974,7/36,5.23%,AOC3;ALDH3B1;AOX1;IL4I1;DBH;MAOB;ADH1B
gsea,Insulin signaling pathway,0.23885761939425607,1.1877673068312078,0.28460038986354774,0.3079684863555054,0.975,19/137,18.55%,SORBS1;HK3;SHC3;FBP1;PPARGC1A;AKT3;PIK3CD;PYGM;PPP1R3C;IRS1;SHC2;PHKG1;G6PC2;PRKAR2B;CALML5;ACACB;PPP1R3B;HKDC1;IRS2
gsea,Bile secretion,0.3301466183195977,1.183147915798312,0.22526315789473683,0.3104089828684162,0.975,24/88,14.32%,SCT;ABCB4;SLC51B;ADCY4;SLC4A4;AQP9;ABCB1;NR0B2;KCNN2;ATP1A4;ATP1A2;FXYD2;ADCY7;SCTR;ADCY1;ATP1B2;AQP4;AQP8;UGT2B4;CFTR;ADCY6;SLC10A2;SLC22A1;AQP1
gsea,Ascorbate and aldarate metabolism,-0.43556099766910544,-1.1793611077047657,0.30097087378640774,0.40031276541245936,0.974,10/28,12.43%,UGT1A7;UGT1A1;UGT1A6;UGT1A9;UGT1A4;ALDH3A2;UGDH;UGT2B17;UGT1A10;UGT1A8
gsea,SNARE interactions in vesicular transport,0.3158915493935508,1.175685870924059,0.27586206896551724,0.31524514776065776,0.977,7/33,22.87%,STX2;STX1B;STX11;STX1A;STX7;VAMP5;VAMP1
gsea,AMPK signaling pathway,0.24346686608342127,1.1570014810004157,0.30134357005758156,0.32909482293328307,0.979,28/120,26.64%,CREB3L1;FBP1;CD36;IGF1;PPARGC1A;ADRA1A;AKT3;PIK3CD;LEPR;IRS1;HNF4A;TBC1D1;CFTR;G6PC2;CAB39L;ACACB;CPT1C;IRS2;CCND1;TSC2;PIK3R1;PDPK1;CREB3L2;CREB3L3;FOXO1;FBP2;PFKFB3;LEP
gsea,"Glycine, serine and threonine metabolism",-0.3404985747134517,-1.1554380403020985,0.29591836734693877,0.4156189365121067,0.977,12/38,8.12%,GCSH;AOC2;GAMT;CBS;PSAT1;BHMT;SHMT1;GCAT;PHGDH;CTH;PSPH;PGAM4
gsea,Arginine biosynthesis,-0.37740932349234996,-1.151466871708216,0.3025540275049116,0.4096867402743887,0.977,9/22,16.72%,GLS2;GPT2;ARG2;ACY1;NOS2;NOS1;GLUD2;GOT2;GOT1
gsea,"Alanine, aspartate and glutamate metabolism",0.3147517647540628,1.140764119553605,0.30754352030947774,0.3419302115562993,0.98,4/36,3.33%,GFPT2;ASPA;IL4I1;DDO
gsea,Retinol metabolism,-0.3623407764902498,-1.1333244401639293,0.27788649706457924,0.4183745290569916,0.98,22/66,12.43%,ADH7;UGT1A7;UGT1A1;UGT1A6;UGT1A9;UGT1A4;CYP2S1;CYP2C18;CYP26A1;ALDH1A1;ADH1C;RDH10;ADH4;DHRS4;RPE65;PNPLA4;DHRS4L2;ADH6;DHRS9;UGT2B17;UGT1A10;UGT1A8
gsea,Amino sugar and nucleotide sugar metabolism,0.2647145810655974,1.124391476696397,0.3223938223938224,0.35540553435904,0.982,4/48,7.19%,GFPT2;HK3;CHIA;CHIT1
gsea,Sphingolipid metabolism,0.27304444388468946,1.1128421974303708,0.32386363636363635,0.36441173228659113,0.983,9/48,16.83%,SPTLC3;SGMS2;PSAPL1;GALC;SMPD3;NEU2;ENPP7;SGPP1;PLPP3
gsea,Glycolysis / Gluconeogenesis,0.261748374075973,1.1081289996901529,0.32653061224489793,0.3673387384305386,0.984,11/66,14.83%,ALDH3B1;HK3;FBP1;LDHAL6B;ALDH7A1;ADH1B;ENO4;LDHAL6A;ALDH2;G6PC2;GALM
gsea,Lysine degradation,-0.2784504482861368,-1.1078753658894462,0.3683127572016461,0.43644746533782214,0.985,17/63,17.48%,HYKK;COLGALT2;SUV39H2;SUV39H1;ALDH3A2;EZH2;EHHADH;TMLHE;CAMKMT;ACAT2;GCDH;KMT5A;PRDM7;AADAT;DLD;NSD3;HADH
gsea,Progesterone-mediated oocyte maturation,-0.25501058216050027,-1.0834558393195892,0.3452631578947368,0.451678792318074,0.988,26/99,14.19%,MAPK12;CDC25A;MAPK10;CDC25C;ADCY8;CCNA1;MAD2L1;SPDYA;PIK3CA;SPDYE18;BUB1;CCNA2;CCNB2;PLK1;SPDYE17;CDK1;ANAPC1;AURKA;ANAPC10;PKMYT1;ANAPC7;CCNB1;ADCY3;KIF22;ANAPC11;PIK3R2
gsea,Ferroptosis,0.2881366530970594,1.0617431169353742,0.3858267716535433,0.4116423938700273,0.989,4/41,6.01%,MAP1LC3C;ACSL5;CYBB;SLC39A8
gsea,Pancreatic cancer,0.24685012564207595,1.061509457092923,0.37524557956778,0.4101407665405483,0.989,11/76,18.80%,TGFB2;ARHGEF6;TGFB3;AKT3;PIK3CD;TGFBR2;RAC2;GADD45B;JAK1;GADD45G;CCND1
gsea,Steroid biosynthesis,-0.31973318438114806,-1.0599148707906714,0.37344398340248963,0.4677824076489197,0.992,9/20,16.75%,CEL;TM7SF2;HSD17B7;EBP;CYP51A1;NSDHL;FDFT1;DHCR7;SC5D
gsea,Vitamin digestion and absorption,0.33550573354840557,1.0462414117776395,0.4112903225806452,0.4243617736587847,0.993,5/24,16.00%,CUBN;BTD;SLC19A3;RBP2;SLC23A1
gsea,Vibrio cholerae infection,0.2555432972835239,1.0409394791939441,0.4321705426356589,0.42824171384201937,0.993,6/50,13.66%,KCNQ1;ATP6V0D2;PRKCA;PLCG2;CFTR;TCIRG1
gsea,Viral carcinogenesis,0.20288868893851336,1.035007778234367,0.3935361216730038,0.4326710526083356,0.993,28/198,17.65%,CCR4;CREB3L1;CCR8;CCR5;JAK3;EGR3;MAD1L1;ATP6V0D2;HLA-G;STAT5A;TRAF1;PIK3CD;IRF7;HDAC9;C3;EGR2;KAT2B;HPN;HLA-F;CDKN2B;CCND2;PXN;TRAF5;IL6ST;JAK1;HDAC7;NFKB2;RBPJL
gsea,Biosynthesis of unsaturated fatty acids,-0.32305742782545144,-1.0280493238314645,0.4109014675052411,0.4924288339649929,0.997,7/27,16.06%,ELOVL6;ELOVL7;ELOVL4;HACD3;HACD1;TECR;HSD17B12
gsea,Fatty acid biosynthesis,0.3364758635329739,1.0258641225134857,0.43478260869565216,0.4405213489173755,0.994,1/18,1.09%,ACSL5
gsea,Nitrogen metabolism,0.38174103730537406,1.0239555369169502,0.42857142857142855,0.44081472301401736,0.994,5/17,18.15%,CA3;CPS1;CA4;CA9;CA2
gsea,Pentose phosphate pathway,-0.27165671300882627,-1.021584428315048,0.4126315789473684,0.48995533206609415,0.997,13/30,18.89%,PGD;G6PD;ALDOC;RPIA;RPEL1;TALDO1;TKT;IDNK;GPI;PRPS2;ALDOA;PGLS;DERA
gsea,Fatty acid degradation,-0.28076575442392726,-1.0140642356888199,0.4188376753507014,0.48830692609761595,0.997,14/43,17.48%,ADH7;ADH1C;ALDH3A2;ADH4;EHHADH;CPT1B;ADH6;ACAT2;GCDH;ECI2;ACADSB;ADH5;ECI1;HADH
gsea,Oocyte meiosis,0.2244028751537428,1.0123139120176405,0.4588235294117647,0.45135408869661564,0.994,18/128,15.87%,PGR;CAMK2A;ITPR2;ADCY4;ITPR1;MAD1L1;AR;ADCY7;IGF1;RPS6KA2;SPDYE4;ADCY1;REC8;CPEB4;ADCY6;CALML5;CPEB3;CPEB2
gsea,Autophagy,0.20985980309732302,1.005094192542612,0.41732283464566927,0.45723932232640774,0.994,22/137,23.09%,MRAS;ITPR1;PRKCQ;DAPK1;AKT3;PIK3CD;DAPK2;IRS1;ATG16L2;DEPTOR;RRAS;RAB7B;PTEN;CFLAR;ATG7;IRS2;ERN1;TSC2;PIK3R1;CTSL;PDPK1;MTMR3
gsea,Alcoholism,-0.26506936777012347,-0.984670278757761,0.4551148225469729,0.5114415519635466,0.998,56/178,17.50%,NTRK2;H2AC20;H2AC14;H2AC8;H4C2;H2BW1;GNGT1;H4C15;H2BC13;H2AC12;H3C10;H4C4;H4C8;GNG10;CALML3;H4C14;BDNF;H2AC11;MACROH2A2;H4C3;H2AC13;HDAC8;H3C7;H3-5;H4C5;H3C2;H3C15;ADORA2B;H2BC15;H4C12;H2BC9;H2BC17;H4C9;SLC29A2;H2AC4;HDAC10;H2BC21;H4C11;GNG3;CALML6;H2BC14;H3C8;MAOA;GNG13;H2AC16;H2BC8;H2BC6;H2BC5;H2AZ1;H2BC10;DDC;H3C13;HAT1;H2AX;H2AC21;H2AC17
gsea,Selenocompound metabolism,-0.3182570667320887,-0.9682558582362912,0.47764227642276424,0.5204128862944938,0.999,11/17,28.37%,MARS2;TXNRD1;KYAT1;CTH;TXNRD3;SCLY;PSTK;MARS1;KYAT3;SEPHS2;SEPHS1
gsea,p53 signaling pathway,0.21644258151428283,0.9451699519133194,0.47731755424063116,0.5213060793284839,0.998,19/73,23.15%,IGF1;FAS;THBS1;ADGRB1;GADD45B;CCND2;SERPINE1;TP73;PTEN;GADD45G;ATM;CCND1;APAF1;CD82;CCNG2;TSC2;BBC3;SESN1;TP53AIP1
gsea,Phototransduction,-0.3104253023853693,-0.9442132697310126,0.5291576673866091,0.5383163555777708,0.999,4/28,4.42%,RGS9;GRK7;GNGT1;CALML3
gsea,Peroxisome,0.20721193047614694,0.9392370646942979,0.48828125,0.5257390510143867,0.999,8/81,13.02%,ACOX2;ACSL5;DDO;ABCD2;HMGCLL1;FAR2;XDH;HAO2
gsea,Fatty acid elongation,-0.2831691130540286,-0.9178103664455747,0.5398773006134969,0.5584785600785067,1.0,8/27,17.48%,ELOVL6;ELOVL7;ELOVL4;HACD3;HACD1;TECR;HSD17B12;HADH
gsea,Mitophagy,0.21082682060839336,0.9036912827960931,0.5321637426900585,0.563945095496176,0.999,7/68,16.87%,MITF;MRAS;TFEB;PINK1;CITED2;RRAS;RAB7B
gsea,Collecting duct acid secretion,-0.2796759733353693,-0.8833251547933969,0.5537190082644629,0.5877083792070917,1.0,5/27,9.56%,ATP6V1E2;ATP4A;ATP6V1C2;ATP6V0E2;ATP6V1B1
gsea,Ubiquitin mediated proteolysis,0.19164714335738298,0.8795126122600038,0.5216535433070866,0.5887448162726772,1.0,8/140,8.57%,RHOBTB2;FBXO2;BIRC7;UBE2QL1;BIRC3;AIRE;UBA7;RHOBTB1
gsea,Propanoate metabolism,-0.23753758851362408,-0.8643100967501642,0.6011787819253438,0.598703592267635,1.0,16/34,24.35%,EHHADH;PCCB;LDHB;ACAT2;ALDH6A1;BCKDHA;ACSS1;SUCLG1;DLD;DBT;SUCLA2;HIBCH;ACSS2;MLYCD;ACAT1;BCKDHB
gsea,Maturity onset diabetes of the young,0.33002573038559435,0.8631756371466451,0.6181818181818182,0.6050076279786687,1.0,5/26,11.28%,HNF1B;FOXA2;NR5A2;BHLHA15;HNF4A
gsea,Mannose type O-glycan biosynthesis,-0.28293125601422636,-0.8562747901703014,0.6024590163934426,0.5972066813163109,1.0,11/23,25.67%,ST3GAL3;CHST10;RXYLT1;B3GALNT2;CRPPA;FKTN;LARGE2;FUT9;POMGNT2;POMK;MGAT5B
gsea,Galactose metabolism,0.20255420044301087,0.7885973920948529,0.7417355371900827,0.6897660987069836,1.0,7/31,23.90%,HK3;MGAM2;G6PC2;GALM;HKDC1;LALBA;GANC
gsea,Other glycan degradation,0.2319809416438742,0.742170366502779,0.7870370370370371,0.7412355694444842,1.0,9/17,48.03%,NEU2;MAN2B2;MAN2B1;FUCA1;HEXA;MANBA;HEXB;NEU3;MAN2C1
gsea,Butanoate metabolism,0.2147951418527752,0.7109702552966075,0.8086785009861933,0.7733699218425788,1.0,5/28,14.05%,ACSM5;ACSM3;HMGCLL1;ACSM4;BDH2
gsea,Olfactory transduction,0.3621572495758769,0.6882549369877857,1.0,0.7958273600345077,1.0,287/432,42.24%,PDE1B;CAMK2A;ARRB1;GNG7;PDE2A;PRKG1;PDE1A;OR52N4;NCALD;SLC8A3;SLC8A1;OR2B11;OR4C6;SLC24A4;OR56B1;PDE1C;OR1L8;ANO2;OR2C3;CNGA3;OR5B21;OR10AC1;CNGA4;OR8S1;OR5P2;OR52B6;CALML5;OR6S1;OR52N5;OR52W1;OR2W3;OR3A2;OR5B2;OR52N2;OR4S2;OR2AE1;OR5AK2;OR2L3;OR10P1;OR2L2;OR2L5;OR3A1;OR2T10;OR10A6;OR2V2;OR52K1;OR2S2;OR10G2;OR52E5;OR5K2;OR5T1;OR2L13;OR52R1;OR5K4;OR52E2;OR2V1;OR4E2;OR9A2;OR2T3;OR6Q1;OR2T4;OR2G3;OR51E1;OR9G4;OR10W1;OR8B12;OR5L2;OR11H12;OR4D10;OR10A2;OR51D1;OR8K3;OR2T35;CAMK2B;OR10J3;OR10A4;OR1L6;OR10X1;OR4D9;OR2G6;OR52K2;OR2M5;OR8B4;OR1A2;OR51G2;OR4A5;OR2T27;OR10H1;OR2AT4;OR7G2;OR2M2;OR4C45;OR4X1;OR4C5;OR5AC2;OR11H1;PRKACB;OR4S1;OR1L1;ARRB2;OR5AL1;OR52M1;OR4D1;OR2T2;OR2A4;OR10A5;OR5V1;OR4C12;OR2W1;OR5T3;OR5B17;OR3A3;OR7A17;OR4K5;OR2T34;OR4F6;OR6N2;OR6C1;OR6C68;OR5K3;OR10G4;OR52H1;OR5AR1;OR4E1;OR2M4;OR2T6;OR11G2;OR2T5;OR5F1;OR8J1;OR4C13;OR51A2;OR5M3;OR10R2;OR4F15;OR2J3;RGS2;OR4K13;OR14J1;OR2T11;OR56A3;OR1L4;OR51V1;OR10Q1;OR51L1;OR2Z1;OR10J5;OR5A1;OR51F1;OR5AN1;OR52E6;OR4D2;OR8J3;OR14C36;OR6A2;OR1C1;OR2T7;OR8D4;OR14A2;CNGA2;OR10Z1;OR5H1;OR6K2;OR11L1;OR2T33;OR4A47;OR5A2;OR6P1;OR9Q2;OR8U3;OR4K14;OR13G1;OR6Y1;OR51A7;OR52E4;OR51A4;OR5H15;OR10J1;OR2T12;OR1S1;OR10G8;OR4C15;OR4Q2;OR2J2;OR12D3;OR9G1;OR5M1;OR1D2;OR5C1;OR6K6;OR56A1;OR9Q1;OR1K1;OR1D4;OR5L1;OR5H14;OR2T29;OR7G1;OR5AU1;OR8H1;OR7E24;OR8G5;OR5AS1;OR6X1;OR10K2;OR8B8;OR1B1;OR2M7;OR2B3;OR4K2;OR8K5;OR5D13;OR2T1;OR2J1;OR4C16;OR4L1;OR4C46;OR8A1;OR10H4;OR6N1;OR8K1;OR8I2;OR2L8;GRK3;OR2M3;OR1N1;OR4D6;OR10G9;OR2Y1;OR2G2;OR10G3;OR5K1;OR13H1;OR4B1;OR2AJ1;OR10K1;OR5W2;OR10G6;OR6C4;CNGB1;OR13C8;OR10A3;OR4D11;OR8H3;OR1Q1;OR4X2;OR56A5;OR5D16;OR52N1;OR5I1;OR8H2;OR51S1;OR1S2;OR51F2;OR7C2;OR8U1;OR4F5;OR56A4;OR52B2;OR1A1;OR7G3;OR6K3;CALM3;OR2AG2;OR5B3;OR5H2;OR10G7;OR10AG1;OR52E1;OR2AK2;OR2C1;OR2D3;OR4F29;OR5B12;OR6C74;OR10J4;OR14K1;OR52I1;OR8G1;OR13C9;OR4A15;OR6F1;OR51M1;OR2F2;OR1N2;OR7A10;OR11A1
