sampleID,chek1,chek1G,AKT1,aktG,BRAF,brafG,CBL,CTNNB1,Canonical_mut_in_KRAS_EGFR_ALK,Cnncl_mt_n_KRAS_EGFR_ALK_RET_ROS1_BRAF_ERBB2_HRAS_NRAS_AKT1_MAP2,EGFR,egfrG,ERBB2,ERBB4,HRAS,KRAS,krasG,MAP2K1,MET,NRAS,PIK3CA,pik3caG,PTPN11,ROS1_translocation,STK11,stkG,OS.time,OS,RFS.time,RFS,age_at_initial_pathologic_diagnosis,ageG,gender,longest_dimension,number_pack_years_smoked,pathologic_M,pathologic_N,pathologic_T,pathologic_stage,shortest_dimension,SUR_1,SUR_2,HAZ_1,SUR_3,HAZ_2,EGFRExpression,EGFRGroup,KrasExpression,KrasGroup,TP53Expression,TP53Group,ALKExpression,ALKGroup,BRAFExpression,BRAFGroup,CDKL2Expression,CDKL2Group,SmokingStatus,SFTPBExpressino,SFTPBGroup,RRM1Expression,RRM1Group,RRM2Expression,RRM2Group,c10orf91expression,c10orf91group,linc00261expression,linc00261group,CDKN3expression,CDKN3group,HELLSexpression,HELLSgroup,CDH1expression,CDH1group,TGFBR3expression,TGFBR3group,VIMexpression,VIMgroup,CD274expression,CD274group,IL6expression,IL6group,TNFexpression,TNFgroup,PTX3Expression,PTX3Group,TREM1Expression,TREM1Group,NKX2.1Expression,NKX2.1Group,gas6Expression,gas6group,ADGRD1Expression,ADGRD1Group,CTSLExpression,CTSLGroup,CDK1Expression,CDK1Group,CDK2Expresion,CDK2Group,CCNA2Expression,CCNA2Group,CCNB1Expression,CCNB1Group,DLGAP5Expression,DLGAP5Group,BRCA1Expression,BRCA1Group,E2F1Expression,E2F1Group,PLK1Expression,PLK1Group,MYCExpression,MYCGroup,SMAD3Expression,SMAD3Group,OCLNExpression,OCLNGroup,ESR1Expression,ESR1Group,PPARGExpression,PPARGGroup,SCDExpression,SCDGroup,HSPA5Expression,HSPA5Group,RAD51Expression,RAD51Groupo,MCM2Expression,MCM2Group,MCM4Expression,MCM4Group,MCM6Expression,MCM6Group,SOX2Expression,SOX2Group,TP63Expression,TP63Group,KRT5Expression,KRT5Group,KRT14Expression,KRT14Group,AURKAExpression,AURKAGroup,ECT2group_x,ECT2expression_y,NTRK3expression,NTRK3group,ADAM10expression,ADAM10group,tmem125expression,tmem125group,IGF2BP1expression,IGF2BP1group,IGF2BP2expression,IGF2BP2group,IGF2BP3expression,IGF2BP3group,SignatureScore_IGF2BP1_IGF2BP2_IGF2BP3,SignatureGroup_IGF2BP1_IGF2BP2_IGF2BP3,SMAD7expression,SMAD7group,ITGB1expression,ITGB1group,LOXL2expression,LOXL2group,PLAURexpression,PLAURgroup,SNAI1expression,SNAI1group,VEGFCexpression,VEGFCgroup,SignatureScore_LOXL2_ITGB1_PLAUR_SNAI1_VEGFC,SignatureGroup_LOXL2_ITGB1_PLAUR_SNAI1_VEGFC,BRCA1expression,BRCA1group
TCGA-05-4249,83.71,Low,none,0.0,p.A762E,1.0,none,none,Y,Y,none,0.0,none,none,none,p.G12C,1.0,none,none,none,p.E545K,1.0,none,,none,0.0,1523.0,0.0,1523.0,0.0,67.0,1.0,MALE,1.4,52.0,0.0,0.0,2.0,1.0,0.4,,,,,,1615.54,High,4618.15,High,2366.7,High,7.08,High,132.0,Low,685.12,High,1.0,112463.03,High,1195.1,Low,240.82,Low,2.58,Low,455.57,High,31.55,Low,87.57,Low,20053.07,High,169.99,Low,12512.42,Low,67.61,High,26.16,Low,221.51,High,8.37,Low,8.37,Low,4180.04,High,1636.18,Low,562.46,High,2107.85,Low,229.56,Low,507.08,Low,147.89,Low,211.53,Low,80.49,Low,89.83,Low,121.7,Low,172.57,Low,1040.89,Low,1910.49,High,2691.24,High,604.96,High,122.99,Low,8881.82,High,19161.9,Low,53.77,Low,547.65,Low,687.7,Low,559.56,Low,272.38,High,364.78,High,21.89,Low,0.32,Low,208.95,Low,Low,542.5,542.5,Low,1928.52,High,1824.21,High,3.22,Low,404.06,High,20.93,Low,-0.40199158292833004,Low,714.74,High,13170.93,High,499.0,Low,757.56,Low,45.07,Low,47.97,Low,-0.4740212140353129,Low,89.83,Low
TCGA-05-4250,495.73,High,,,,,,,,,,,,,,,,,,,,,,,,,121.0,1.0,,,79.0,1.0,FEMALE,1.2,47.0,0.0,1.0,3.0,3.0,0.3,0.9506890998493903,0.9506890998493903,0.050568189077442004,,,792.15,Low,4723.2,High,315.68,Low,1.66,Low,207.91,High,198.62,Low,1.0,31106.36,Low,1609.88,High,2860.98,High,0.99,Low,28.52,Low,218.19,High,316.34,High,13691.78,High,93.18,Low,22697.25,High,404.21,High,122.69,High,16.91,Low,27.85,High,27.85,High,1429.13,Low,990.14,Low,145.9,Low,3526.49,High,1454.7,High,1017.33,High,1098.41,High,2041.28,High,496.39,High,869.77,High,717.9,High,1348.92,High,5900.36,High,2887.84,High,1101.22,High,24.21,Low,367.74,High,4260.63,Low,12927.46,Low,276.22,High,2484.95,High,2967.09,High,2407.03,High,10.28,Low,129.65,High,239.08,High,74.28,High,1876.15,High,High,2275.72,2275.72,High,2376.52,High,599.19,Low,215.2,High,1876.15,High,377.35,High,0.6501642393235879,High,409.19,Low,23852.11,High,3540.64,High,6148.39,High,273.23,High,153.53,High,1.2370079647845456,High,869.77,High
TCGA-05-4382,167.51,Low,none,0.0,p.L613F,1.0,none,none,N,N,"p.R222L, p.E545Q",1.0,none,p.D922E,none,none,0.0,none,none,none,none,0.0,none,,none,0.0,607.0,0.0,334.0,1.0,68.0,1.0,MALE,,62.0,0.0,0.0,2.0,1.0,,,,,0.8362065921777327,0.17887957659668727,626.5,Low,1599.75,High,1274.06,Low,9.33,High,143.34,Low,163.68,Low,1.0,203.89,Low,914.62,Low,586.3,Low,0.48,Low,62.7,Low,79.69,Low,72.03,Low,19837.84,High,206.28,Low,34956.89,High,117.26,High,465.99,High,46.66,High,59.35,High,59.35,High,1298.24,Low,4049.74,High,122.05,Low,10633.72,High,438.88,Low,816.03,High,244.35,Low,597.06,Low,163.21,Low,320.19,High,659.52,High,499.19,High,631.04,Low,1159.91,Low,1236.96,High,63.42,Low,532.21,High,7789.83,High,20253.99,High,135.21,High,1463.58,High,1078.3,Low,1104.87,High,425.96,High,180.2,High,0.24,Low,11.73,High,317.08,Low,High,1399.93,1399.93,High,,,1106.54,Low,8.14,High,766.97,High,1264.24,High,0.3478049641718007,High,1306.6,High,27480.97,High,3224.0,High,3096.84,High,113.91,High,282.38,High,0.7228179036191622,High,320.19,High
TCGA-05-4384,35.43,Low,none,0.0,none,0.0,none,p.F777S,N,N,none,0.0,p.S633_splice,none,none,none,0.0,none,none,none,none,0.0,none,,none,0.0,426.0,0.0,183.0,1.0,66.0,1.0,MALE,0.8,20.0,0.0,2.0,2.0,3.0,0.4,,,,0.9685872971347812,0.03191666376472876,582.16,Low,1329.26,Low,1887.6,High,5.5,High,117.9,Low,354.92,High,1.0,415841.47,High,1020.16,Low,235.19,Low,1.83,Low,1206.48,High,20.77,Low,20.77,Low,7411.73,Low,533.9,High,15491.78,Low,32.38,Low,41.54,Low,75.14,High,20.77,Low,20.77,Low,6356.15,High,2205.25,High,5719.0,High,3868.05,High,114.23,Low,376.91,Low,84.43,Low,185.71,Low,33.6,Low,111.79,Low,213.81,Low,74.53,Low,967.01,Low,1364.08,Low,1193.65,High,127.67,High,288.33,High,9164.94,High,18025.66,Low,20.77,Low,345.75,Low,630.42,Low,350.03,Low,12.22,Low,279.78,High,7.33,Low,0.0,Low,126.45,Low,Low,398.29,398.29,Low,1654.86,High,2122.79,High,11.61,High,215.03,Low,84.3,Low,-0.47029398879870454,Low,601.1,Low,9938.91,Low,371.34,Low,942.58,Low,48.26,Low,98.96,Low,-0.515320728888227,Low,111.79,Low
TCGA-05-4389,200.67,High,none,0.0,p.G469V,1.0,none,p.T41A,N,Y,none,0.0,none,none,none,none,0.0,none,none,none,none,0.0,none,,none,0.0,1369.0,0.0,1369.0,0.0,70.0,1.0,MALE,,43.0,0.0,0.0,1.0,1.0,,,,,,,301.01,Low,1361.07,Low,1338.26,High,7.38,High,276.85,High,567.79,High,1.0,69450.34,Low,1497.32,High,1221.14,High,6.71,High,107.05,Low,294.97,High,249.66,High,6252.68,Low,117.11,Low,9859.11,Low,103.69,High,23.83,Low,80.87,High,9.4,Low,9.4,Low,2185.04,Low,1099.66,Low,22.15,Low,4093.29,High,1030.54,High,1002.68,High,493.04,High,800.34,High,343.62,High,297.65,High,858.39,High,531.54,High,1979.19,High,1452.68,High,636.58,Low,200.67,High,123.83,Low,13472.15,High,16539.6,Low,174.83,High,2201.68,High,3096.31,High,1824.5,High,566.78,High,62.75,Low,36.58,Low,1.68,Low,541.28,High,High,1087.92,1087.92,High,1012.42,Low,3357.05,High,10.4,High,273.15,Low,95.64,Low,-0.43486536298319045,Low,750.67,High,8194.97,Low,241.94,Low,586.91,Low,90.6,Low,58.39,Low,-0.56819761158335,Low,297.65,High
TCGA-05-4390,273.35,High,none,0.0,none,0.0,none,none,Y,Y,none,0.0,none,none,none,p.G12V,1.0,none,none,none,none,0.0,none,,none,0.0,1126.0,0.0,395.0,1.0,58.0,0.0,FEMALE,1.8,15.0,0.0,0.0,2.0,1.0,0.3,,,,0.801948842291589,0.22071046081649012,1688.63,High,2207.89,High,1324.6,High,17.24,High,171.8,High,54.93,Low,1.0,281563.47,High,1421.04,High,1763.37,High,22.35,High,1.92,Low,574.8,High,169.89,High,6080.15,Low,31.93,Low,10000.96,Low,54.93,Low,312.41,High,10.22,Low,14.05,Low,14.05,Low,3850.79,High,1052.53,Low,617.6,High,3548.46,High,1164.3,High,814.94,High,1184.07,High,1734.63,High,1018.04,High,389.06,High,1128.53,High,1353.98,High,1107.46,Low,655.28,Low,1205.81,High,86.86,Low,34.49,Low,9966.47,High,21902.6,High,223.53,High,1859.17,High,4113.04,High,1629.25,High,252.28,High,3.83,Low,12.77,Low,0.0,Low,608.02,High,High,1205.17,1205.17,High,1049.34,Low,1557.08,High,30.66,High,407.47,High,2497.84,High,0.7169966927135341,High,594.6,Low,11806.48,High,1610.72,High,1191.12,Low,82.39,Low,77.28,Low,-0.27051062198892795,Low,389.06,High
TCGA-05-4396,155.42,Low,none,0.0,none,0.0,none,none,N,N,none,0.0,none,none,none,none,0.0,none,none,none,none,0.0,none,,none,0.0,303.0,1.0,,,76.0,1.0,MALE,1.6,19.0,0.0,1.0,4.0,3.0,0.5,0.8761810995374231,0.8761810995374231,0.13218247478064332,,,1151.62,High,3103.11,High,287.34,Low,0.0,Low,214.56,High,401.06,High,1.0,391124.34,High,1285.06,High,445.03,Low,4.55,High,1197.88,High,34.87,Low,62.93,Low,12476.12,High,194.09,Low,6379.7,Low,23.5,Low,15.16,Low,21.99,Low,8.34,Low,8.34,Low,2701.03,Low,818.04,Low,1059.89,High,3706.6,High,358.61,Low,416.22,Low,265.27,Low,238.82,Low,102.35,Low,125.85,Low,305.53,Low,199.39,Low,379.83,Low,1069.75,Low,730.1,Low,21.23,Low,269.14,Low,18173.62,High,35116.0,High,72.02,Low,729.34,Low,927.98,Low,844.58,Low,416.22,High,17.44,Low,6.07,Low,0.0,Low,190.3,Low,High,876.42,876.42,High,1933.28,High,4831.69,High,0.76,Low,257.01,Low,777.1,High,-0.14489576275883595,High,699.77,High,13313.12,High,614.78,Low,520.09,Low,24.26,Low,97.04,Low,-0.49645133810297154,Low,125.85,Low
TCGA-05-4397,410.82,High,,,,,,,,,,,,,,,,,,,,,,,,,731.0,1.0,,,65.0,0.0,MALE,,45.0,0.0,1.0,2.0,2.0,,0.6960231745429672,0.6960231745429672,0.36237232244490525,,,297.28,Low,950.41,Low,528.99,Low,150.19,High,166.1,High,215.35,High,1.0,55.66,Low,3157.37,High,3969.3,High,43.29,High,0.0,Low,674.99,High,161.68,High,2038.65,Low,541.14,High,18391.52,High,35.34,Low,22.97,Low,12.59,Low,108.01,High,108.01,High,215.97,Low,7225.84,High,11.49,Low,13592.49,High,1775.37,High,1662.51,High,2572.23,High,2397.57,High,1161.79,High,657.76,High,1975.48,High,2489.9,High,243.18,Low,1800.55,High,213.14,Low,29.6,Low,478.85,High,6196.8,Low,17623.63,Low,328.0,High,6935.84,High,2532.52,High,2004.86,High,2039.76,High,141.58,High,3.09,Low,1.77,Low,3395.47,High,High,4164.11,4164.11,High,1999.12,High,826.28,Low,0.88,Low,403.09,High,63.83,Low,-0.3845981924991393,Low,85.48,Low,11008.06,Low,465.33,Low,358.26,Low,138.27,High,34.01,Low,-0.42872476575586677,Low,657.76,High
TCGA-05-4398,320.14,High,none,0.0,none,0.0,none,none,N,N,none,0.0,none,none,none,none,0.0,none,none,none,none,0.0,none,,none,0.0,1431.0,0.0,1431.0,0.0,47.0,0.0,FEMALE,1.5,72.0,0.0,3.0,4.0,3.0,0.4,,,,,,3457.72,High,1223.58,Low,1324.27,High,13.05,High,230.1,High,154.63,Low,1.0,11118.53,Low,1010.66,Low,1562.85,High,3.91,High,43.93,Low,230.75,High,82.86,Low,8151.59,Low,76.34,Low,24442.32,High,651.59,High,1134.14,High,146.37,High,119.83,High,119.83,High,3642.8,High,1915.18,High,143.11,Low,5029.8,High,1100.26,High,682.91,High,519.73,High,790.13,High,504.57,High,426.92,High,540.45,High,1181.6,High,1858.85,High,1512.83,High,436.28,Low,786.43,High,910.83,High,9289.91,High,18567.2,Low,174.64,High,1719.88,High,2479.99,High,1506.52,High,11.96,Low,14.35,Low,25.88,Low,62.2,High,419.53,High,Low,621.57,621.57,Low,1657.68,High,674.42,Low,15.01,High,671.38,High,2757.07,High,0.9652011325627289,High,1048.28,High,9334.93,Low,1755.06,High,4443.45,High,290.78,High,94.39,Low,0.4583483090517676,High,426.92,High
TCGA-05-4402,153.21,Low,none,0.0,none,0.0,none,none,Y,Y,p.TSPKANKE751del,1.0,none,none,none,none,0.0,none,none,none,none,0.0,none,,none,0.0,244.0,1.0,244.0,0.0,57.0,0.0,FEMALE,1.6,,1.0,,2.0,4.0,0.2,0.9161698665964445,0.9161698665964445,0.08755348761801676,,,3886.06,High,1464.74,High,352.49,Low,2.41,Low,179.99,High,167.68,Low,0.0,21072.92,Low,1514.69,High,808.73,Low,1.21,Low,162.86,High,132.46,High,88.06,Low,10370.71,High,239.34,High,18829.78,High,45.84,Low,45.12,Low,35.47,High,25.57,Low,25.57,Low,2778.98,Low,2586.16,High,574.7,High,3488.27,High,542.61,Low,803.18,High,351.03,High,696.3,High,322.58,High,271.43,High,334.88,Low,445.14,High,563.12,Low,1814.83,High,1315.4,High,63.94,Low,400.02,High,7310.94,Low,24320.65,High,117.5,High,1509.38,High,684.72,Low,1124.31,High,1091.02,High,899.69,High,1171.36,High,59.11,High,243.44,Low,Low,850.23,850.23,Low,1906.99,High,2754.81,High,106.4,High,509.32,High,1687.44,High,0.44908936566711005,High,1314.43,High,11783.34,High,892.9,High,1402.01,Low,60.08,Low,94.58,Low,-0.3410524091477033,Low,271.43,High
TCGA-05-4403,75.9,Low,none,0.0,none,0.0,none,none,Y,Y,none,0.0,none,none,none,p.G12C,1.0,none,p.H476Y,none,none,0.0,none,,none,0.0,578.0,0.0,,,76.0,1.0,MALE,1.5,,0.0,0.0,2.0,1.0,0.4,,,,,,467.61,Low,1346.4,Low,1658.33,High,15.01,High,100.36,Low,92.86,Low,0.0,179980.88,High,771.48,Low,699.19,Low,1.95,Low,254.93,High,68.67,Low,28.64,Low,13659.44,High,754.52,High,20473.34,High,47.26,Low,41.98,Low,20.85,Low,13.62,Low,13.62,Low,647.55,Low,3657.49,High,174.87,Low,3222.13,High,341.12,Low,401.45,Low,243.13,Low,330.0,Low,112.59,Low,76.45,Low,182.65,Low,232.69,Low,1855.99,High,5023.63,High,1196.27,High,31.14,Low,1592.99,High,7434.25,Low,14456.49,Low,181.26,High,424.52,Low,486.24,Low,536.84,Low,583.82,High,103.42,High,281.9,High,21.13,High,158.47,Low,Low,816.79,816.79,Low,,,2380.59,High,85.63,High,1056.16,High,390.33,High,0.1524180516187144,High,570.48,Low,19487.35,High,770.05,Low,3183.49,High,59.49,Low,63.39,Low,0.05939950500142288,High,76.45,Low
TCGA-05-4405,114.64,Low,none,0.0,none,0.0,none,none,N,N,none,0.0,none,none,none,none,0.0,none,none,none,none,0.0,none,,none,0.0,610.0,0.0,610.0,0.0,74.0,1.0,FEMALE,0.9,65.0,0.0,0.0,2.0,1.0,0.3,,,,,,2750.55,High,1144.36,Low,3309.18,High,1.33,Low,190.18,High,445.29,High,1.0,42283.16,Low,1064.19,Low,396.92,Low,1.99,Low,200.78,High,31.81,Low,63.61,Low,5341.47,Low,235.9,High,18179.26,High,79.52,High,90.12,High,18.55,Low,17.89,Low,17.89,Low,4820.32,High,1871.27,High,815.04,High,1826.21,Low,230.6,Low,687.81,High,136.97,Low,257.1,Low,94.76,Low,235.23,Low,108.01,Low,179.57,Low,1273.58,High,1825.55,High,1150.99,High,80.84,Low,94.76,Low,7349.24,Low,21941.71,High,53.67,Low,691.12,Low,982.68,Low,1034.37,Low,394.27,High,204.75,High,141.8,High,2.65,Low,96.08,Low,Low,506.91,506.91,Low,1637.36,High,1091.35,Low,0.0,Low,70.24,Low,15.9,Low,-0.5839093973230124,Low,730.88,High,14481.81,High,839.51,High,2836.06,High,251.14,High,96.08,Low,0.245492733881351,High,235.23,Low
TCGA-05-4415,784.89,High,none,0.0,none,0.0,none,none,Y,Y,none,0.0,none,none,none,p.G12C,1.0,none,none,none,none,0.0,none,,p.G227fs,1.0,91.0,1.0,60.0,1.0,57.0,0.0,MALE,1.1,29.0,0.0,2.0,4.0,3.0,0.4,0.9672411076559895,0.9672411076559895,0.033307478872578386,0.9807205178722207,0.01946775514245352,7015.47,High,3100.44,High,192.44,Low,4.0,Low,171.56,High,34.67,Low,1.0,14245.78,Low,2671.11,High,2367.11,High,62.22,High,10.22,Low,620.89,High,508.44,High,401.78,Low,229.33,High,42069.29,High,63.11,High,101.78,High,6.22,Low,52.0,High,52.0,High,96.41,Low,353.78,Low,100.89,Low,30495.56,High,1410.22,High,1445.78,High,1087.1,High,2776.0,High,1099.11,High,694.67,High,270.67,Low,1394.67,High,3530.22,High,2866.67,High,193.78,Low,4.0,Low,656.44,High,16915.11,High,32545.33,High,397.78,High,2012.89,High,2408.44,High,2509.78,High,154.67,Low,6.22,Low,6.67,Low,0.0,Low,1572.0,High,High,4134.22,4134.22,High,,,119.56,Low,5675.56,High,430.67,High,4625.78,High,4.561710539714551,High,338.67,Low,35954.67,High,31533.88,High,1964.44,High,108.44,High,1299.11,High,4.044194813222505,High,694.67,High
TCGA-05-4417,135.97,Low,none,0.0,none,0.0,none,none,Y,Y,none,0.0,none,none,none,p.G12C,1.0,none,none,none,none,0.0,none,,p.H168R,1.0,455.0,0.0,455.0,0.0,51.0,0.0,FEMALE,1.4,56.0,0.0,0.0,2.0,1.0,0.3,,,,,,1159.54,High,3154.02,High,1268.85,Low,2.54,Low,224.29,High,245.89,High,1.0,434500.42,High,1026.77,Low,651.9,Low,0.64,Low,29.86,Low,111.83,Low,78.15,Low,7196.3,Low,345.65,High,23629.43,High,79.42,High,350.09,High,34.31,High,57.18,High,57.18,High,2322.49,Low,1608.14,Low,883.18,High,2960.86,High,371.7,Low,450.48,Low,304.3,Low,543.25,Low,225.56,Low,160.75,Low,205.86,Low,399.65,Low,1270.12,High,692.56,Low,778.34,Low,1130.34,High,104.84,Low,4724.04,Low,28172.05,High,56.55,Low,705.91,Low,710.99,Low,896.52,Low,102.93,Low,37.49,Low,138.51,High,6.99,High,251.61,Low,Low,836.79,836.79,Low,2084.04,High,1089.04,Low,224.29,High,145.5,Low,531.81,High,-0.19938478677754803,High,470.18,Low,16482.99,High,1660.15,High,1946.8,High,293.54,High,157.57,High,0.3783111259677961,High,160.75,Low
TCGA-05-4418,278.85,High,none,0.0,none,0.0,none,none,Y,Y,none,0.0,none,none,none,p.G12C,1.0,none,none,none,none,0.0,none,,none,0.0,274.0,1.0,,,69.0,1.0,MALE,1.2,25.0,0.0,2.0,3.0,3.0,0.4,0.8940174187106544,0.8940174187106544,0.11203001998204191,,,619.19,Low,1347.07,Low,1031.99,Low,2.33,Low,128.96,Low,77.77,Low,1.0,11924.22,Low,994.1,Low,1645.87,High,36.23,High,15.95,Low,201.08,High,55.5,Low,5133.36,Low,165.85,Low,11224.54,Low,129.62,High,370.92,High,25.92,Low,31.57,High,31.57,High,72.1,Low,1572.08,Low,39.88,Low,17956.29,High,1060.91,High,1111.76,High,668.14,High,1778.15,High,315.41,High,219.36,Low,323.06,Low,552.72,High,1160.95,High,2411.63,High,381.22,Low,109.35,Low,830.91,High,8117.99,High,17454.42,Low,241.3,High,889.74,Low,1817.7,High,1120.07,High,11.63,Low,36.89,Low,80.43,High,20.94,High,950.56,High,High,1513.92,1513.92,High,1753.22,High,365.27,Low,775.07,High,380.89,High,900.04,High,0.37160789476029477,High,274.87,Low,23367.18,High,1039.95,High,3962.44,High,110.68,High,841.55,High,0.8421878158047041,High,219.36,Low
TCGA-05-4420,274.78,High,none,0.0,none,0.0,none,none,N,Y,none,0.0,none,none,p.Q61L,none,0.0,none,none,none,none,0.0,none,,none,0.0,912.0,0.0,912.0,0.0,41.0,0.0,MALE,0.8,38.0,0.0,0.0,2.0,1.0,0.3,,,,,,569.01,Low,1457.01,High,1141.2,Low,1.05,Low,161.45,Low,59.69,Low,1.0,285876.15,High,1687.88,High,3904.02,High,8.94,High,2.37,Low,340.52,High,108.86,High,4077.83,Low,181.96,Low,6370.63,Low,19.98,Low,306.92,High,16.3,Low,6.05,Low,6.05,Low,2050.38,Low,835.66,Low,752.04,High,3970.02,High,1440.18,High,1046.81,High,794.04,High,2473.31,High,850.12,High,255.06,Low,815.93,High,665.79,High,255.06,Low,1219.3,Low,875.62,High,6.57,Low,644.49,High,6496.71,Low,29890.35,High,197.74,High,1331.32,High,1260.58,High,1000.0,Low,1273.47,High,28.14,Low,2.63,Low,0.0,Low,1261.11,High,High,3375.23,3375.23,High,1990.27,High,2112.54,High,287.93,High,482.78,High,1070.47,High,0.2529177890503858,High,271.89,Low,21350.25,High,737.02,Low,1636.6,High,151.72,High,79.15,Low,0.08870646366337061,High,255.06,Low
TCGA-05-4422,134.86,Low,none,0.0,none,0.0,none,p.S37F,N,N,none,0.0,none,none,none,none,0.0,none,none,none,none,0.0,none,,p.G251V,1.0,365.0,0.0,,,68.0,1.0,MALE,1.5,147.0,0.0,0.0,2.0,1.0,0.4,,,,,,487.31,Low,1385.69,High,3121.16,High,4.87,High,143.07,Low,331.81,High,1.0,219649.59,High,1080.67,Low,376.56,Low,10.35,High,132.72,Low,98.93,Low,169.56,High,11450.84,High,72.15,Low,13436.9,Low,54.49,Low,26.18,Low,27.7,High,7.31,Low,7.31,Low,4788.44,High,2136.68,High,2145.21,High,2386.91,Low,740.64,High,684.93,High,399.88,High,719.03,High,224.96,Low,194.22,Low,339.42,Low,436.83,High,6005.78,High,1188.74,Low,2256.32,High,233.49,High,298.63,High,13386.0,High,25248.1,High,230.75,High,993.0,High,840.79,Low,862.1,Low,38.05,Low,5.78,Low,1.22,Low,3.35,Low,1415.22,High,Low,555.56,555.56,Low,1333.33,Low,2441.1,High,56.62,High,39.57,Low,20.7,Low,-0.5691949314859847,Low,429.22,Low,10602.13,Low,178.93,Low,652.66,Low,23.74,Low,49.01,Low,-0.6243076148382213,Low,194.22,Low
TCGA-05-4424,194.47,High,none,0.0,none,0.0,none,none,N,N,none,0.0,none,none,none,none,0.0,none,none,none,none,0.0,none,,none,0.0,913.0,0.0,153.0,1.0,70.0,1.0,MALE,,50.0,0.0,0.0,3.0,2.0,,,,,0.9603058962808614,0.040503403316591996,673.97,Low,2608.67,High,2193.99,High,33.84,High,361.77,High,63.87,Low,1.0,76329.36,Low,1617.73,High,1041.47,High,2.86,Low,59.58,Low,192.56,High,130.12,High,21117.73,High,411.34,High,18082.21,High,42.42,Low,53.38,Low,34.8,High,34.32,High,34.32,High,1316.38,Low,1408.01,Low,447.09,High,3737.85,High,766.92,High,745.0,High,559.21,High,945.66,High,474.74,High,538.13,High,473.78,High,583.41,High,1030.03,Low,839.85,Low,1209.25,High,128.22,High,567.68,High,13164.44,High,27985.22,High,130.6,High,2380.84,High,2748.33,High,1640.61,High,1040.04,High,160.63,High,15.73,Low,1.43,Low,353.67,Low,High,1425.17,1425.17,High,2409.91,High,994.76,Low,38.13,High,139.18,Low,840.32,High,-0.16048360575664272,High,406.1,Low,17323.64,High,551.37,Low,1431.84,Low,72.93,Low,103.91,Low,-0.18916750705418028,High,538.13,High
TCGA-05-4425,343.59,High,none,0.0,none,0.0,none,p.S45F,N,N,none,0.0,none,none,none,none,0.0,none,none,none,none,0.0,none,,none,0.0,669.0,0.0,,,70.0,1.0,FEMALE,,28.0,1.0,0.0,2.0,4.0,,,,,,,1013.42,High,1855.62,High,1124.79,Low,6.72,High,169.0,High,567.99,High,1.0,6914.94,Low,2087.3,High,628.43,Low,3.92,High,2011.75,High,113.6,Low,259.65,High,5770.01,Low,374.37,High,23946.66,High,137.66,High,27.42,Low,31.34,High,53.16,High,53.16,High,2955.66,Low,1072.19,Low,769.45,High,3933.41,High,1362.06,High,749.3,High,313.59,Low,602.69,Low,223.28,Low,269.73,High,339.68,Low,362.06,Low,1725.8,High,1440.96,High,823.73,High,145.5,High,811.98,High,15265.25,High,21171.8,High,171.8,High,1115.84,High,1834.92,High,1636.82,High,744.26,High,1164.52,High,6.72,Low,57.64,High,316.17,Low,High,1307.78,1307.78,High,,,2125.91,High,14.55,High,15.11,Low,118.63,Low,-0.5601228595670974,Low,885.28,High,10968.66,Low,678.71,Low,1707.89,High,176.83,High,119.19,High,-0.12347660776475596,High,269.73,High
TCGA-05-4426,291.96,High,none,0.0,none,0.0,none,none,N,Y,none,0.0,none,none,none,none,0.0,none,none,none,none,0.0,none,Y,none,0.0,791.0,0.0,457.0,1.0,71.0,1.0,MALE,,20.0,0.0,0.0,2.0,1.0,,,,,0.8438615112173047,0.16976688408522006,1444.67,High,559.32,Low,955.02,Low,2.37,Low,142.57,Low,240.68,High,1.0,541662.88,High,1533.01,High,1083.36,High,1.19,Low,576.81,High,74.4,Low,163.32,High,8805.63,Low,318.34,High,40342.52,High,292.55,High,158.28,High,26.08,Low,27.57,High,27.57,High,2980.79,Low,1962.21,High,242.76,Low,3624.45,High,437.2,Low,860.17,High,152.05,Low,424.75,Low,147.31,Low,293.74,High,369.62,High,202.15,Low,1343.61,High,3110.78,High,1042.16,High,133.98,High,416.45,High,2807.85,Low,17494.78,Low,93.07,Low,1424.82,High,1381.55,High,1328.79,High,3.26,Low,560.8,High,2.96,Low,5.04,Low,186.44,Low,Low,733.01,733.01,Low,,,1640.61,High,16.01,High,111.15,Low,17.49,Low,-0.5532019143673108,Low,634.31,High,10035.42,Low,5431.22,High,2689.59,High,248.98,High,111.15,Low,0.537919561873689,High,293.74,High
TCGA-05-4427,173.06,Low,,,,,,,,,,,,,,,,,,,,,,,,,791.0,0.0,791.0,0.0,65.0,0.0,FEMALE,1.7,8.0,0.0,1.0,2.0,2.0,0.3,,,,,,1566.58,High,2921.8,High,1544.4,High,7.57,High,334.51,High,350.15,High,1.0,129250.25,High,1618.06,High,1201.82,High,0.5,Low,22.2,Low,90.31,Low,122.6,High,17123.11,High,226.03,High,14330.17,Low,292.63,High,178.1,High,15.64,Low,19.17,Low,19.17,Low,4229.09,High,598.89,Low,65.59,Low,1685.17,Low,740.16,High,950.55,High,801.41,High,794.65,High,549.95,High,619.07,High,426.34,High,450.56,High,1764.88,High,2804.74,High,697.78,Low,1383.45,High,278.51,Low,15302.22,High,16640.77,Low,284.06,High,1423.81,High,1102.93,Low,972.25,Low,77.7,Low,858.22,High,3.53,Low,0.5,Low,434.91,High,High,1766.9,1766.9,High,,,791.62,Low,0.5,Low,1502.02,High,215.44,High,0.26880941195730684,High,518.67,Low,18054.99,High,890.96,High,1408.17,Low,80.22,Low,88.8,Low,-0.13658020185150455,High,619.07,High
TCGA-05-4430,143.54,Low,none,0.0,none,0.0,none,none,N,N,none,0.0,none,none,none,none,0.0,none,none,none,none,0.0,none,,none,0.0,761.0,0.0,761.0,0.0,59.0,0.0,FEMALE,,80.0,0.0,0.0,2.0,1.0,,,,,,,630.93,Low,1844.02,High,1606.7,High,1.59,Low,165.23,High,131.1,Low,1.0,166487.4,High,788.2,Low,630.94,Low,2.87,Low,389.79,High,129.19,High,79.43,Low,14973.84,High,425.84,High,23206.62,High,70.81,High,31.58,Low,54.23,High,37.0,High,37.0,High,3195.39,High,2876.55,High,1406.38,High,3145.45,High,628.07,High,801.28,High,329.3,Low,671.77,High,161.08,Low,164.91,Low,262.84,Low,450.08,High,808.93,Low,897.29,Low,1213.4,High,397.13,High,284.85,High,5723.13,Low,19333.65,Low,155.02,High,967.78,High,801.59,Low,1643.7,High,160.45,Low,420.1,High,580.22,High,213.72,High,307.5,Low,High,1035.09,1035.09,High,2072.09,High,2633.17,High,8.29,High,358.21,High,132.7,Low,-0.3740740889682834,Low,707.82,High,27236.36,High,1747.96,High,2610.21,High,197.13,High,123.76,High,0.5716225261131522,High,164.91,Low
TCGA-05-4432,364.0,High,none,0.0,none,0.0,none,none,N,N,none,0.0,none,p.P1206L,none,none,0.0,none,none,none,none,0.0,none,,p.137_138QE>H*,1.0,761.0,0.0,761.0,0.0,66.0,1.0,MALE,1.0,58.0,0.0,1.0,2.0,2.0,0.3,,,,,,1306.88,High,1405.83,High,1869.05,High,2.88,Low,149.41,Low,104.99,Low,1.0,186374.96,High,1498.7,High,1261.32,High,4.9,High,2314.68,High,155.47,High,158.35,High,8285.84,Low,107.3,Low,18666.3,High,58.84,Low,64.39,Low,56.82,High,22.79,Low,22.79,Low,4937.68,High,1440.15,Low,2236.8,High,3542.54,High,813.09,High,1058.84,High,313.06,Low,849.15,High,317.28,High,310.64,High,1042.4,High,677.24,High,785.12,Low,1365.16,Low,986.44,High,46.15,Low,83.65,Low,8711.57,High,20992.79,High,112.2,Low,1347.56,High,1429.19,High,1162.68,High,1147.68,High,12.11,Low,11.83,Low,0.29,Low,634.84,High,High,977.5,977.5,High,1915.49,High,1959.91,High,26.25,High,457.17,High,533.31,High,-0.13369852101114507,High,749.93,High,13877.42,High,767.78,Low,1139.03,Low,95.18,Low,72.69,Low,-0.27874426940174907,Low,310.64,High
TCGA-05-4433,85.12,Low,none,0.0,none,0.0,none,none,Y,Y,none,0.0,none,none,none,p.G12V,1.0,none,none,none,none,0.0,none,,none,0.0,730.0,0.0,730.0,0.0,82.0,1.0,MALE,1.1,1.0,0.0,0.0,2.0,1.0,0.3,,,,,,820.59,Low,3184.3,High,482.64,Low,96.69,High,111.57,Low,92.56,Low,1.0,98609.92,Low,1252.89,High,1121.49,High,0.83,Low,680.99,High,101.65,Low,87.6,Low,15819.83,High,747.11,High,16143.44,Low,56.2,Low,73.64,Low,43.8,High,23.97,Low,23.97,Low,441.44,Low,1503.31,Low,174.38,Low,2461.16,Low,546.28,Low,582.64,Low,584.18,High,502.48,Low,292.56,High,276.86,High,239.67,Low,577.69,High,1713.22,High,3726.45,High,1803.31,High,27.27,Low,1234.71,High,13656.2,High,14791.74,Low,142.98,High,705.79,Low,1038.02,Low,858.68,Low,571.07,High,30.58,Low,26.45,Low,4.13,Low,314.05,Low,High,1233.06,1233.06,High,2575.21,High,1527.27,Low,85.12,High,1603.31,High,173.55,Low,0.3474144007975979,High,438.02,Low,14575.21,High,177.65,Low,2677.69,High,65.29,Low,45.45,Low,-0.19317818898667397,High,276.86,High
TCGA-05-4434,230.61,High,,,,,,,,,,,,,,,,,,,,,,,,,457.0,1.0,,,67.0,1.0,FEMALE,1.3,15.0,1.0,1.0,4.0,4.0,0.3,0.8257430975036629,0.8257430975036629,0.19147157380925367,,,1098.57,High,1373.28,High,2422.11,High,4.97,High,123.45,Low,600.05,High,1.0,16446.3,Low,896.68,Low,1622.2,High,14.24,High,139.5,Low,287.81,High,122.54,High,6695.23,Low,294.82,High,25334.47,High,260.91,High,356.85,High,52.23,High,28.04,High,28.04,High,846.63,Low,2240.79,High,322.86,Low,9366.04,High,915.44,High,1584.22,High,710.9,High,1662.45,High,592.58,High,401.31,High,381.87,High,909.56,High,3004.75,High,2621.52,High,1084.78,High,646.17,High,534.25,High,11122.54,High,20000.45,Low,262.72,High,1675.33,High,1489.49,High,1153.29,High,136.33,Low,415.78,High,7980.78,High,525.21,High,579.24,High,High,1120.73,1120.73,High,1676.24,High,1347.05,Low,210.49,High,1022.38,High,707.21,High,0.3393372334068981,High,578.79,Low,14635.32,High,2720.71,High,2080.94,High,263.62,High,209.81,High,0.42108175382614865,High,401.31,High
TCGA-05-5420,215.7,High,none,0.0,none,0.0,none,none,N,N,none,0.0,none,none,none,none,0.0,none,none,none,none,0.0,none,,none,0.0,457.0,0.0,245.0,1.0,67.0,1.0,MALE,1.0,40.0,0.0,2.0,2.0,3.0,0.3,,,,0.8969247287974191,0.10878333482849796,161.1,Low,1602.09,High,770.61,Low,2.69,Low,70.71,Low,93.08,Low,1.0,51223.94,Low,995.27,Low,1534.07,High,6.27,High,59.07,Low,242.55,High,141.41,High,2402.24,Low,91.29,Low,13463.12,Low,213.91,High,158.42,High,130.67,High,51.02,High,51.02,High,351.68,Low,1355.96,Low,197.8,Low,22331.71,High,1568.08,High,813.58,High,617.81,High,1973.53,High,434.09,High,146.78,Low,196.91,Low,482.42,High,1522.43,High,727.65,Low,426.03,Low,105.61,Low,647.1,High,20486.18,High,18238.77,Low,302.52,High,557.6,Low,1418.61,High,1055.23,Low,8.06,Low,12.53,Low,15.22,Low,0.0,Low,944.25,High,High,1070.45,1070.45,High,1817.79,High,1055.23,Low,417.98,High,135.15,Low,375.91,High,-0.17536016009905897,High,242.55,Low,13142.51,High,369.61,Low,1440.09,Low,116.35,High,76.08,Low,-0.2589860336630854,Low,146.78,Low
TCGA-05-5423,178.02,Low,none,0.0,none,0.0,none,none,Y,Y,"p.L833F, p.L861Q",1.0,none,none,none,none,0.0,none,none,none,none,0.0,none,,none,0.0,151.0,0.0,,,65.0,0.0,MALE,1.4,72.0,0.0,1.0,2.0,2.0,0.3,,,,,,1367.75,High,1237.36,Low,1530.4,High,14.65,High,218.31,High,1191.21,High,1.0,290515.02,High,966.3,Low,439.56,Low,4.4,High,401.47,High,120.15,Low,43.22,Low,6818.31,Low,232.23,High,16274.04,Low,49.08,Low,132.6,High,65.93,High,287.91,High,287.91,High,4516.0,High,1632.97,Low,698.9,High,5361.17,High,619.78,High,542.86,Low,269.74,Low,753.11,High,95.24,Low,85.71,Low,370.7,High,268.13,Low,887.18,Low,651.28,Low,3157.51,High,527.47,High,985.35,High,9233.7,High,16005.86,Low,87.18,Low,464.47,Low,498.9,Low,591.94,Low,84.25,Low,31.5,Low,60.07,High,67.4,High,761.17,High,Low,464.47,464.47,Low,1353.85,Low,3967.03,High,0.0,Low,44.69,Low,118.68,Low,-0.5517602853026671,Low,315.02,Low,6402.93,Low,122.25,Low,1852.01,High,82.05,Low,43.96,Low,-0.49538061708398046,Low,85.71,Low
TCGA-05-5425,233.6,High,,,,,,,,,,,,,,,,,,,,,,,,,882.0,0.0,486.0,1.0,68.0,1.0,MALE,1.2,40.0,0.0,1.0,2.0,2.0,0.4,,,,0.7463643001664062,0.2925414599519117,989.82,Low,1044.12,Low,372.17,Low,7.92,High,141.4,Low,145.36,Low,1.0,78677.6,Low,865.95,Low,1945.14,High,2.26,Low,284.5,High,196.83,High,206.45,High,7324.1,Low,125.57,Low,12200.19,Low,107.47,High,182.13,High,28.85,High,57.69,High,57.69,High,1339.98,Low,1155.54,Low,488.12,High,8593.89,High,1624.43,High,1573.53,High,781.59,High,1415.72,High,361.43,High,214.37,Low,1025.45,High,660.07,High,785.63,Low,1100.68,Low,1033.94,High,33.94,Low,859.73,High,6116.52,Low,26089.37,High,202.49,High,1540.72,High,1384.05,High,1715.5,High,138.01,Low,20.93,Low,149.89,High,1.13,Low,1172.51,High,High,1770.36,1770.36,High,2154.98,High,1381.22,Low,695.7,High,283.94,Low,982.47,High,0.3160557202342818,High,329.75,Low,19598.42,High,406.64,Low,5565.61,High,119.34,High,122.17,High,0.4650933980206782,High,214.37,Low
TCGA-05-5428,203.18,High,none,0.0,p.D594N,1.0,none,none,N,Y,none,0.0,none,none,none,none,0.0,none,none,none,none,0.0,none,,none,0.0,670.0,0.0,670.0,0.0,57.0,0.0,MALE,1.0,30.0,0.0,1.0,1.0,2.0,0.2,,,,,,381.95,Low,1427.51,High,1146.72,Low,2.62,Low,340.96,High,664.49,High,1.0,53260.08,Low,670.59,Low,1846.96,High,1.74,Low,188.36,High,1003.71,High,83.71,Low,2221.93,Low,37.5,Low,9024.68,Low,62.79,High,301.72,High,60.17,High,61.04,High,61.04,High,2246.29,Low,909.53,Low,95.92,Low,6497.49,High,2308.26,High,589.49,Low,893.52,High,2095.49,High,574.67,High,193.59,Low,337.48,Low,585.13,High,2386.75,High,406.37,Low,978.42,High,95.05,Low,1951.6,High,3632.88,Low,12259.86,Low,234.58,High,752.56,Low,1602.79,High,2094.62,High,10.46,Low,5.23,Low,0.87,Low,28.78,High,615.65,High,High,1881.84,1881.84,High,1051.67,Low,2082.41,High,0.87,Low,31.39,Low,66.27,Low,-0.5817508005112145,Low,499.67,Low,10453.89,Low,462.16,Low,4167.43,High,83.71,Low,105.52,Low,-0.026356406042201786,High,193.59,Low
TCGA-05-5429,330.24,High,none,0.0,none,0.0,none,none,N,N,none,0.0,none,none,none,none,0.0,none,none,none,none,0.0,none,,none,0.0,275.0,1.0,,,60.0,0.0,MALE,1.0,,0.0,2.0,3.0,3.0,0.3,0.9265652236645373,0.9265652236645373,0.07627083782354376,,,446.17,Low,1105.18,Low,1063.42,Low,0.0,Low,98.99,Low,12.37,Low,0.0,918.02,Low,1618.72,High,1841.45,High,1.55,Low,193.35,High,266.82,High,116.78,High,15865.43,High,719.26,High,8990.6,Low,6.96,Low,22.43,Low,58.78,High,7.73,Low,7.73,Low,16.88,Low,1146.95,Low,13.92,Low,1270.69,Low,1161.64,High,793.5,High,785.21,High,1471.0,High,540.6,High,177.88,Low,228.93,Low,560.71,High,1081.21,Low,2413.77,High,1696.06,High,6.19,Low,6480.28,High,5100.54,Low,16467.13,Low,277.65,High,1016.24,High,1145.4,Low,1081.98,High,325.6,High,61.1,Low,140.76,High,41.76,High,378.19,Low,High,2566.13,2566.13,High,2501.16,High,1412.22,Low,1.55,Low,991.49,High,591.65,High,0.16462483527252753,High,215.0,Low,18881.67,High,925.67,High,1375.1,Low,98.22,Low,84.3,Low,-0.08556969865979,High,177.88,Low
TCGA-05-5715,202.23,High,none,0.0,none,0.0,none,none,N,Y,none,0.0,p.774_775insAYVM,none,none,none,0.0,none,none,none,none,0.0,none,,none,0.0,62.0,0.0,,,69.0,1.0,FEMALE,0.9,,0.0,0.0,2.0,1.0,0.6,,,,,,883.86,Low,1683.39,High,1485.85,High,35.92,High,141.32,Low,329.49,High,0.0,19004.49,Low,1492.09,High,751.9,Low,7.81,High,21.08,Low,74.96,Low,75.74,Low,15052.12,High,170.99,Low,20381.03,High,21.08,Low,25.77,Low,3.12,Low,6.25,Low,6.25,Low,3409.81,High,1360.14,Low,141.32,Low,3135.66,High,250.63,Low,561.39,Low,292.58,Low,331.84,Low,184.27,Low,420.07,High,184.27,Low,374.78,Low,394.3,Low,1332.81,Low,1445.25,High,638.69,High,420.85,High,13894.98,High,15722.04,Low,120.24,High,626.98,Low,1155.57,High,1182.9,High,612.14,High,1.56,Low,7.81,Low,10.15,High,221.75,Low,Low,401.33,401.33,Low,2100.33,High,3076.32,High,3.12,Low,99.94,Low,531.72,High,-0.33674348349605415,Low,333.4,Low,8519.23,Low,870.58,High,1980.09,High,67.93,Low,130.39,High,-0.3255114566818944,Low,420.07,High
TCGA-35-3615,56.53,Low,none,0.0,none,0.0,none,none,Y,Y,none,0.0,none,none,none,p.G12C,1.0,none,none,none,none,0.0,none,,p.L245_splice,1.0,14.0,0.0,,,57.0,0.0,MALE,,,0.0,0.0,2.0,1.0,,,,,,,248.21,Low,1214.42,Low,2469.46,High,13.0,High,149.77,Low,653.67,High,0.0,548661.14,High,787.85,Low,232.62,Low,0.97,Low,2086.74,High,35.09,Low,15.92,Low,3718.65,Low,106.24,Low,6939.04,Low,21.77,Low,76.35,Low,34.11,High,13.97,Low,13.97,Low,3059.21,High,809.29,Low,1379.14,High,4834.63,High,138.4,Low,308.64,Low,96.12,Low,458.41,Low,61.4,Low,106.24,Low,90.97,Low,68.55,Low,1271.6,High,755.04,Low,1018.19,High,82.2,Low,627.68,High,2628.98,Low,22858.35,High,33.79,Low,315.79,Low,327.16,Low,388.56,Low,24.69,Low,25.02,Low,12.67,Low,2.92,Low,97.47,Low,Low,786.22,786.22,Low,1006.5,Low,4853.48,High,2.92,Low,12.67,Low,20.14,Low,-0.6112319640534235,Low,704.03,High,10353.48,Low,157.52,Low,1477.58,Low,65.95,Low,82.52,Low,-0.43598271933706234,Low,106.24,Low
TCGA-35-4122,271.36,High,,,,,,,,,,,,,,,,,,,,,,,,,225.0,0.0,,,69.0,1.0,MALE,1.0,45.0,0.0,0.0,1.0,1.0,0.5,,,,,,211.56,Low,1498.49,High,702.01,Low,18.09,High,175.88,High,186.43,Low,1.0,67667.84,Low,1193.97,Low,3062.31,High,3.02,High,80.4,Low,832.66,High,94.47,Low,6138.69,Low,123.12,Low,20076.01,High,271.36,High,491.46,High,149.75,High,80.4,High,80.4,High,960.44,Low,1526.13,Low,55.78,Low,11089.45,High,3218.09,High,742.21,High,2044.2,High,2947.74,High,565.33,High,208.04,Low,488.44,High,724.12,High,1514.07,High,802.01,Low,901.51,High,100.0,Low,1828.64,High,3495.48,Low,12501.51,Low,397.49,High,1900.5,High,1270.35,High,1674.37,High,20.6,Low,188.44,High,72.36,High,4.02,Low,834.17,High,High,2114.57,2114.57,High,1921.61,High,1148.24,Low,584.92,High,1010.05,High,720.1,High,0.5298407241012659,High,381.41,Low,22436.68,High,1862.65,High,2822.11,High,208.04,High,229.15,High,0.5594534192986546,High,208.04,Low
TCGA-35-4123,306.5,High,,,,,,,,,,,,,,,,,,,,,,,,,182.0,0.0,,,38.0,0.0,MALE,0.9,20.0,0.0,0.0,1.0,1.0,0.3,,,,,,1108.75,High,1309.42,Low,425.94,Low,0.88,Low,217.36,High,130.85,Low,1.0,7546.96,Low,1158.81,Low,2305.76,High,1.76,Low,2.2,Low,734.19,High,188.38,High,3251.16,Low,58.4,Low,27334.68,High,534.4,High,702.57,High,131.73,High,22.83,Low,22.83,Low,2565.04,Low,946.28,Low,115.92,Low,3791.7,High,1641.39,High,950.67,High,941.7,High,1693.2,High,811.03,High,195.84,Low,241.95,Low,411.88,Low,4602.3,High,1696.28,High,455.79,Low,57.08,Low,1406.9,High,5205.2,Low,12522.07,Low,241.95,High,1200.08,High,1163.2,High,2181.49,High,0.0,Low,13.17,Low,8.34,Low,50.94,High,821.13,High,High,1194.38,1194.38,High,1287.03,Low,1092.5,Low,17.13,High,1591.33,High,1032.34,High,0.6887629143187274,High,1030.15,High,14837.92,High,2715.04,High,5830.05,High,428.57,High,95.29,Low,1.1150987640354073,High,195.84,Low
TCGA-35-5375,259.71,High,,,,,,,,,,,,,,,,,,,,,,,,,264.0,0.0,,,61.0,0.0,MALE,1.3,35.0,0.0,2.0,2.0,3.0,0.3,,,,,,139.83,Low,674.81,Low,1923.42,High,7.77,High,574.92,High,13.32,Low,1.0,6170.92,Low,1796.89,High,1831.3,High,2.22,Low,8.88,Low,1746.95,High,554.94,High,4095.45,Low,65.48,Low,10945.85,Low,78.8,High,223.09,High,7.77,Low,35.52,High,35.52,High,293.96,Low,1534.96,Low,115.43,Low,3205.33,High,3394.01,High,1324.08,High,750.87,High,2815.76,High,1082.13,High,268.59,Low,384.02,High,508.32,High,944.51,Low,561.6,Low,149.83,Low,26.64,Low,375.14,High,6042.18,Low,14523.86,Low,279.69,High,1985.57,High,2009.99,High,3480.58,High,4578.25,High,2482.8,High,477.25,High,4.44,Low,859.05,High,High,1098.78,1098.78,High,660.38,Low,458.38,Low,4.44,Low,46.61,Low,572.7,High,-0.3462594193054389,Low,160.93,Low,15483.91,High,1584.89,High,655.94,Low,67.7,Low,77.69,Low,-0.26444053492536235,Low,268.59,Low
TCGA-38-4625,261.9,High,,,,,,,,,,,,,,,,,,,,,,,,,2973.0,0.0,,,66.0,1.0,FEMALE,,50.0,0.0,0.0,2.0,1.0,,,,,,,967.6,Low,1265.28,Low,2066.18,High,5.35,High,136.3,Low,128.13,Low,1.0,43103.35,Low,3550.83,High,2350.61,High,9.86,High,20.28,Low,230.64,High,329.2,High,6392.57,Low,152.07,Low,8983.23,Low,1397.07,High,243.22,High,128.98,High,19.71,Low,19.71,Low,1008.13,Low,2001.69,High,105.04,Low,9878.34,High,1725.43,High,1966.77,High,1828.41,High,2244.44,High,632.22,High,573.64,High,1341.59,High,2464.09,High,5056.89,High,1111.24,Low,544.07,Low,478.18,High,86.45,Low,15242.47,High,19662.63,Low,395.1,High,2589.41,High,5682.91,High,1602.37,High,1.13,Low,23.94,Low,6.2,Low,0.84,Low,1557.59,High,High,1550.83,1550.83,High,1394.82,Low,739.79,Low,36.61,High,1180.79,High,1423.54,High,0.6539988744267972,High,284.99,Low,18344.69,High,464.08,Low,2772.46,High,353.7,High,63.93,Low,0.47122646503673177,High,573.64,High
TCGA-38-4626,93.43,Low,none,0.0,none,0.0,none,none,Y,Y,none,0.0,none,none,none,p.G12V,1.0,none,none,none,none,0.0,none,,none,0.0,3674.0,0.0,2518.0,1.0,57.0,0.0,FEMALE,,40.0,0.0,0.0,2.0,,,,,,0.32549144672823127,1.122419095011391,836.34,Low,1135.91,Low,984.56,Low,7.47,High,138.23,Low,530.97,High,1.0,555788.7,High,869.18,Low,405.18,Low,2.71,Low,440.47,High,67.64,Low,59.5,Low,5465.75,Low,916.01,High,44891.18,High,154.97,High,1442.9,High,14.93,Low,152.48,High,152.48,High,2653.03,Low,4156.55,High,1630.68,High,39997.96,High,277.36,Low,608.11,Low,175.95,Low,320.12,Low,122.84,Low,127.82,Low,217.18,Low,173.29,Low,2128.84,High,1102.88,Low,1031.84,High,159.72,High,488.43,High,44980.71,High,20688.65,High,54.75,Low,570.56,Low,537.98,Low,677.34,Low,52.26,Low,31.67,Low,169.67,High,59.73,High,188.45,Low,Low,637.75,637.75,Low,2167.52,High,3181.95,High,8.82,High,254.96,Low,186.64,Low,-0.4048449197170603,Low,646.57,High,11823.54,High,1020.06,High,3706.58,High,358.12,High,126.69,High,0.5055475643304901,High,127.82,Low
TCGA-38-4627,136.45,Low,none,0.0,none,0.0,none,none,Y,Y,"p.L62R, p.L858R",1.0,none,none,none,none,0.0,none,none,none,none,0.0,none,,none,0.0,1147.0,1.0,,,64.0,0.0,FEMALE,,,0.0,1.0,1.0,2.0,,0.5434048600695742,0.5434048600695742,0.6099006382139593,,,985.77,Low,1161.98,Low,1349.14,High,4.38,Low,119.66,Low,35.75,Low,0.0,12049.62,Low,1186.79,Low,642.83,Low,0.36,Low,241.52,High,147.39,High,84.64,Low,10399.12,High,576.43,High,73476.2,High,41.96,Low,79.9,High,5.47,Low,173.29,High,173.29,High,776.36,Low,8537.03,High,235.32,Low,4600.51,High,278.0,Low,563.3,Low,270.57,Low,421.01,Low,152.5,Low,127.69,Low,135.72,Low,245.9,Low,1066.4,Low,1302.08,Low,470.27,Low,232.03,High,138.64,Low,6896.39,Low,14693.18,Low,70.41,Low,799.71,Low,792.05,Low,1048.52,Low,173.66,Low,383.44,High,348.05,High,66.03,High,167.82,Low,Low,658.52,658.52,Low,1944.91,High,861.36,Low,20.07,High,231.3,Low,149.95,Low,-0.4280550410826212,Low,651.95,High,29964.61,High,4953.9,High,2105.07,High,257.94,High,290.04,High,1.0889665342487858,High,127.69,Low
TCGA-38-4628,107.46,Low,none,0.0,none,0.0,none,none,Y,Y,p.ELREA746del,1.0,none,none,none,none,0.0,none,none,none,none,0.0,none,,none,0.0,1492.0,1.0,1083.0,1.0,65.0,0.0,FEMALE,0.8,,0.0,1.0,2.0,2.0,0.2,0.4462798553527094,0.4462798553527094,0.8068090453750079,0.5214069475701301,0.6512244527342838,1735.77,High,1195.32,Low,2236.09,High,6.64,High,225.35,High,869.15,High,0.0,1397.28,Low,1230.4,High,1148.86,High,0.32,Low,56.89,Low,191.53,High,54.36,Low,6985.46,Low,36.03,Low,21387.41,High,25.6,Low,20.65,Low,12.96,Low,62.9,High,62.9,High,3746.24,High,2088.18,High,316.06,Low,3925.41,High,1044.56,High,995.58,High,426.4,High,708.28,High,157.71,Low,263.59,Low,646.02,High,443.43,High,453.86,Low,1093.24,Low,2861.25,High,207.65,High,1178.26,High,8593.87,High,10837.86,Low,162.45,High,1531.92,High,891.59,Low,1582.81,High,285.71,High,34.77,Low,110.94,High,17.7,High,312.9,Low,Low,757.9,757.9,Low,1515.17,Low,5243.05,High,34.77,High,112.52,Low,433.31,High,-0.3576899003157201,Low,606.51,Low,12801.83,High,277.44,Low,1195.95,Low,40.46,Low,60.68,Low,-0.45100563550364947,Low,263.59,Low
TCGA-38-4629,909.31,High,,,,,,,,,,,,,,,,,,,,,,,,,864.0,1.0,379.0,1.0,68.0,1.0,MALE,1.3,100.0,0.0,0.0,3.0,2.0,0.2,0.6402114940853484,0.6402114940853484,0.44595669770977986,0.8134876745547773,0.20642450356901362,914.75,Low,808.95,Low,441.66,Low,1.81,Low,141.17,Low,149.33,Low,1.0,10957.07,Low,1482.47,High,1146.92,High,2.42,Low,9.98,Low,531.74,High,168.68,High,14777.21,High,98.55,Low,62984.08,High,285.07,High,205.86,High,9.98,Low,113.97,High,113.97,High,1032.9,Low,1866.99,High,27.51,Low,9587.67,High,1687.12,High,707.07,High,1861.96,High,1790.51,High,517.23,High,450.42,High,588.88,High,1401.45,High,2286.28,High,1610.64,High,738.51,Low,41.41,Low,1064.09,High,8175.33,High,18975.82,Low,292.62,High,1720.07,High,3078.6,High,1776.6,High,8.46,Low,104.9,High,27.51,Low,145.41,High,1002.42,High,Low,857.01,857.01,Low,1879.99,High,361.25,Low,5.44,High,663.54,High,308.95,High,-0.13419567269632246,High,579.81,Low,23096.43,High,3176.21,High,5474.3,High,522.67,High,1672.91,High,2.4478958824938197,High,450.42,High
TCGA-38-4630,442.28,High,,,,,,,,,,,,,,,,,,,,,,,,,1073.0,1.0,836.0,1.0,75.0,1.0,FEMALE,1.6,,0.0,0.0,2.0,1.0,0.3,0.6794544404600319,0.6794544404600319,0.3864650962627394,0.6454790074801805,0.43776259055629074,249.27,Low,1337.25,Low,2445.82,High,16.4,High,110.35,Low,132.73,Low,0.0,85.75,Low,2250.83,High,3151.12,High,8.42,High,0.22,Low,580.77,High,451.81,High,2859.3,Low,161.53,Low,9286.37,Low,27.92,Low,32.35,Low,386.0,High,153.11,High,153.11,High,0.66,Low,738.75,Low,417.02,Low,1351.21,Low,1882.78,High,1252.38,High,2135.65,High,1822.96,High,2109.46,High,791.64,High,2663.2,High,1962.77,High,6657.66,High,584.98,Low,164.41,Low,3448.7,High,5.54,Low,15199.2,High,18505.65,Low,211.61,High,5454.24,High,2271.44,High,2183.03,High,10.64,Low,14.4,Low,1014.4,High,13.52,High,914.69,High,High,6177.71,6177.71,High,1177.93,Low,813.65,Low,2896.08,High,4396.41,High,835.81,High,3.5684125365047863,High,1536.45,High,8891.87,Low,1113.85,High,772.44,Low,56.95,Low,39.88,Low,-0.5158069384557751,Low,791.64,High
TCGA-38-4631,386.89,High,none,0.0,none,0.0,none,none,N,N,none,0.0,none,p.P610T,none,none,0.0,none,none,none,none,0.0,none,,none,0.0,354.0,1.0,,,72.0,1.0,FEMALE,,40.0,0.0,0.0,2.0,1.0,,0.8491504033698417,0.8491504033698417,0.16351895480368853,,,182.06,Low,1565.59,High,92.6,Low,1.57,Low,186.77,High,36.1,Low,1.0,557.96,Low,1433.75,High,4476.26,High,0.0,Low,83.97,Low,528.14,High,202.47,High,8657.45,Low,249.55,High,6821.43,Low,14.13,Low,180.49,High,36.1,High,9.42,Low,9.42,Low,3.92,Low,1211.67,Low,22.76,Low,11127.87,High,1993.29,High,1967.39,High,1702.07,High,2359.77,High,632.52,High,479.49,High,1406.29,High,1676.24,High,1254.04,High,1423.55,High,679.6,Low,9.42,Low,295.07,High,11933.04,High,10879.89,Low,513.23,High,3292.85,High,2298.56,High,1881.07,High,175.79,High,4.71,Low,32.18,Low,1.57,Low,1609.54,High,High,4290.27,4290.27,High,1144.18,Low,841.26,Low,2183.98,High,564.24,High,2409.21,High,1.8615052064247575,High,222.87,Low,15659.07,High,295.75,Low,5540.39,High,136.55,High,55.72,Low,0.33478106752151493,High,479.49,High
TCGA-38-4632,277.58,High,none,0.0,none,0.0,none,none,N,Y,none,0.0,none,none,none,none,0.0,none,none,p.Q61L,none,0.0,none,,none,0.0,1357.0,1.0,925.0,1.0,42.0,0.0,MALE,,10.0,1.0,1.0,2.0,4.0,,0.47111046384601807,0.47111046384601807,0.7526626820050509,0.5538466557379339,0.590867425246446,975.72,Low,863.31,Low,714.97,Low,3.06,Low,201.11,High,335.69,High,1.0,177705.98,High,937.49,Low,2099.03,High,3.06,High,39.0,Low,354.81,High,155.23,High,7187.92,Low,52.0,Low,28758.33,High,147.58,High,685.15,High,54.29,High,4.59,Low,4.59,Low,2231.27,Low,1082.01,Low,172.82,Low,11384.44,High,2604.47,High,738.67,High,1152.51,High,1808.45,High,388.45,High,290.58,High,1104.95,High,872.49,High,2736.0,High,1494.17,High,269.16,Low,338.75,High,1039.19,High,18452.3,High,16711.91,Low,305.1,High,1193.65,High,3718.6,High,2034.79,High,25.23,Low,133.05,High,52.0,High,2.29,Low,1134.01,High,High,1719.75,1719.75,High,1793.92,High,896.96,Low,555.15,High,461.1,High,136.11,Low,-0.03822995573071138,High,324.22,Low,14829.29,High,1665.87,High,4407.57,High,188.11,High,55.06,Low,0.3902566308981239,High,290.58,High
TCGA-38-6178,237.91,High,none,0.0,none,0.0,none,none,Y,Y,p.ELREA746del,1.0,none,none,none,none,0.0,none,none,none,none,0.0,none,,none,0.0,448.0,0.0,448.0,0.0,70.0,1.0,FEMALE,1.5,,,2.0,2.0,3.0,0.3,,,,,,14050.51,High,1176.29,Low,1918.88,High,2.34,Low,283.93,High,284.71,High,0.0,36477.38,Low,1282.37,High,841.65,Low,2.34,Low,241.81,High,28.86,Low,119.34,High,12359.59,High,365.83,High,18424.84,High,19.5,Low,64.81,Low,6.24,Low,134.17,High,134.17,High,3289.51,High,2218.41,High,343.99,Low,2009.36,Low,259.75,Low,572.54,Low,198.7,Low,481.28,Low,131.05,Low,154.45,Low,144.31,Low,299.53,Low,734.01,Low,809.67,Low,1227.77,High,92.04,Low,53.04,Low,1542.9,Low,30794.07,High,48.36,Low,812.79,Low,1332.29,High,1096.72,High,156.79,Low,239.47,High,553.82,High,14.82,High,161.47,Low,Low,440.72,440.72,Low,1262.87,Low,1328.39,Low,75.66,High,682.53,High,1009.36,High,0.22375865412345444,High,660.69,High,13397.04,High,1169.24,High,777.69,Low,120.12,High,71.76,Low,-0.25561392773789393,Low,154.45,Low
TCGA-38-7271,112.38,Low,,,,,,,,,,,,,,,,,,,,,,,,,800.0,1.0,633.0,1.0,72.0,1.0,FEMALE,1.1,25.0,0.0,0.0,1.0,1.0,0.5,0.6688286663905801,0.6688286663905801,0.40222735570410606,0.672869759762304,0.3962034899636962,827.64,Low,1242.22,Low,1827.64,High,9.87,High,148.06,Low,352.32,High,1.0,156511.77,High,1072.13,Low,484.43,Low,2.28,Low,108.58,Low,61.5,Low,91.12,Low,5488.99,Low,937.74,High,32264.57,High,81.25,High,286.26,High,24.3,Low,81.25,High,81.25,High,2872.29,Low,2269.55,High,437.36,Low,2494.31,Low,264.24,Low,533.03,Low,179.07,Low,426.73,Low,139.71,Low,139.71,Low,132.12,Low,217.92,Low,3131.36,High,1638.57,High,1465.45,High,180.71,High,154.9,Low,4014.43,Low,24324.22,High,68.34,Low,897.49,Low,714.5,Low,962.79,Low,320.43,High,73.65,High,87.32,High,20.5,High,145.03,Low,Low,382.69,382.69,Low,1608.2,High,1492.79,Low,0.76,Low,113.9,Low,53.15,Low,-0.5436462511194817,Low,759.3,High,9545.18,Low,407.71,Low,1133.64,Low,298.41,High,141.23,High,-0.029861178305430038,High,139.71,Low
TCGA-38-A44F,62.21,Low,,,,,,,,,,,,,,,,,,,,,,,,,133.0,0.0,133.0,0.0,80.0,1.0,MALE,,12.0,0.0,0.0,2.0,1.0,,,,,,,305.94,Low,1116.44,Low,1143.26,Low,34.82,High,42.24,Low,160.39,Low,1.0,132913.81,High,780.25,Low,303.65,Low,2.85,Low,263.7,High,41.1,Low,54.79,Low,7961.19,Low,717.47,High,29690.92,High,27.4,Low,212.33,High,79.91,High,18.26,Low,18.26,Low,1249.78,Low,4691.21,High,449.2,High,2490.3,Low,245.43,Low,502.85,Low,141.93,Low,211.19,Low,72.49,Low,121.0,Low,166.1,Low,123.29,Low,981.74,Low,3648.4,High,293.95,Low,75.34,Low,569.06,High,3621.0,Low,12914.95,Low,61.64,Low,359.02,Low,367.01,Low,549.66,Low,549.09,High,206.05,High,734.59,High,55.37,High,102.17,Low,Low,482.31,482.31,Low,886.42,Low,1712.9,High,10.84,High,497.15,High,205.48,Low,-0.26625763208383235,Low,756.85,High,21823.06,High,511.35,Low,1708.9,High,69.06,Low,183.79,High,0.005324674343645417,High,121.0,Low
TCGA-44-2655,50.24,Low,none,0.0,none,0.0,none,none,N,N,none,0.0,none,none,none,none,0.0,none,none,none,none,0.0,none,,none,0.0,1324.0,0.0,1009.0,1.0,65.0,0.0,FEMALE,0.5,30.0,0.0,0.0,1.0,1.0,0.3,,,,0.532741881212959,0.6297182475133202,367.47,Low,858.99,Low,2639.13,High,3.11,Low,123.01,Low,371.88,High,1.0,495224.39,High,944.97,Low,224.01,Low,1.04,Low,547.2,High,45.06,Low,54.64,Low,6913.63,Low,544.35,High,12660.17,Low,29.52,Low,88.39,High,36.0,High,36.51,High,36.51,High,4397.09,High,1652.73,Low,2266.99,High,4055.42,High,189.05,Low,440.76,Low,108.86,Low,292.89,Low,60.86,Low,65.78,Low,114.2,Low,123.27,Low,756.96,Low,1622.17,High,867.28,High,118.09,High,201.74,Low,6190.86,Low,33979.02,High,36.0,Low,455.78,Low,537.61,Low,427.04,Low,27.71,Low,134.66,High,42.73,High,0.52,Low,137.77,Low,Low,657.52,657.52,Low,1466.79,Low,4941.34,High,0.26,Low,38.59,Low,116.02,Low,-0.5560653510035841,Low,680.05,High,11500.71,Low,236.94,Low,2148.13,High,47.91,Low,93.49,Low,-0.3395918015323871,Low,65.78,Low
TCGA-44-2656,324.89,High,none,0.0,none,0.0,none,none,N,Y,none,0.0,p.S310F,none,none,none,0.0,none,none,none,none,0.0,none,,none,0.0,1429.0,0.0,568.0,1.0,59.0,0.0,MALE,0.8,23.0,0.0,0.0,2.0,1.0,0.4,,,,0.6942375334631955,0.36494110979736805,2456.58,High,1094.16,Low,571.74,Low,11.92,High,326.79,High,1157.03,High,1.0,40437.12,Low,1188.73,Low,1025.07,High,3.79,High,48.5,Low,83.19,Low,83.46,Low,9781.61,High,169.35,Low,16563.76,Low,448.18,High,60.03,Low,11.65,Low,37.66,High,37.66,High,2627.99,Low,1627.42,Low,330.58,Low,3464.3,High,662.78,High,698.01,High,428.58,High,858.42,High,250.37,Low,267.99,Low,224.63,Low,407.53,Low,4002.44,High,1099.58,Low,1380.3,High,84.27,Low,501.83,High,27802.77,High,19923.07,Low,117.6,High,1539.9,High,2063.14,High,1135.08,High,3.79,Low,58.53,Low,22.22,Low,0.0,Low,359.03,Low,Low,388.29,388.29,Low,1750.71,High,2078.85,High,0.0,Low,435.44,High,1366.48,High,0.21236936819508415,High,436.26,Low,9813.05,Low,782.79,High,939.71,Low,118.14,High,113.26,High,-0.34829963201193936,Low,267.99,Low
TCGA-44-2657,129.53,Low,none,0.0,none,0.0,none,none,N,N,none,0.0,none,none,none,none,0.0,none,p.N315S,none,none,0.0,none,,none,0.0,1351.0,0.0,1351.0,0.0,74.0,1.0,FEMALE,1.0,25.0,0.0,,2.0,1.0,0.3,,,,,,1367.77,High,1607.38,High,753.02,Low,14.77,High,123.49,Low,203.36,Low,1.0,406483.89,High,1042.28,Low,524.83,Low,6.04,High,555.7,High,85.23,Low,77.85,Low,7487.92,Low,377.18,High,20212.75,High,65.1,High,71.89,Low,76.51,High,54.36,High,54.36,High,2652.94,Low,4143.62,High,667.11,High,3024.16,High,378.52,Low,455.03,Low,330.61,High,412.08,Low,163.09,Low,116.11,Low,259.73,Low,405.37,Low,710.74,Low,1061.74,Low,682.55,Low,92.62,Low,243.62,Low,1653.02,Low,20968.46,High,84.56,Low,901.34,Low,624.16,Low,1000.0,Low,177.18,High,148.32,High,157.72,High,14.09,High,304.03,Low,Low,383.22,383.22,Low,1198.66,Low,2716.11,High,22.15,High,224.16,Low,453.69,High,-0.29552259547328436,Low,518.12,Low,7700.67,Low,361.64,Low,849.66,Low,66.44,Low,129.53,High,-0.5384752976322104,Low,116.11,Low
TCGA-44-2659,92.84,Low,none,0.0,none,0.0,none,none,N,N,none,0.0,none,none,none,none,0.0,none,none,none,none,0.0,none,,none,0.0,1367.0,0.0,1367.0,0.0,65.0,0.0,FEMALE,1.3,57.0,0.0,1.0,1.0,2.0,0.3,,,,,,6649.18,High,1232.76,Low,958.81,Low,4.58,High,291.27,High,4467.47,High,1.0,11170.97,Low,956.19,Low,210.53,Low,0.33,Low,74.86,Low,48.71,Low,55.9,Low,8320.69,Low,321.67,High,32000.42,High,53.94,Low,34.49,Low,72.25,High,23.54,Low,23.54,Low,3870.82,High,2335.73,High,516.18,High,1627.33,Low,208.24,Low,417.46,Low,149.79,Low,255.64,Low,69.63,Low,116.38,Low,129.13,Low,216.74,Low,813.34,Low,829.68,Low,1013.73,High,152.34,High,110.82,Low,3139.26,Low,13749.26,Low,33.02,Low,543.31,Low,584.83,Low,608.7,Low,159.53,Low,59.82,Low,42.82,High,1.31,Low,145.8,Low,Low,418.44,418.44,Low,1001.96,Low,2028.11,High,0.0,Low,216.74,Low,656.1,High,-0.22065090452930733,High,1105.92,High,8981.69,Low,376.9,Low,492.32,Low,56.55,Low,130.43,High,-0.5633016720484034,Low,116.38,Low
TCGA-44-2661,74.93,Low,none,0.0,none,0.0,none,none,Y,Y,p.ELREA746del,1.0,none,none,none,none,0.0,none,none,none,none,0.0,none,,none,0.0,1159.0,0.0,1159.0,0.0,69.0,1.0,FEMALE,1.5,,0.0,0.0,1.0,1.0,0.4,,,,,,893.36,Low,989.91,Low,1172.43,Low,5.76,High,125.36,Low,332.85,High,0.0,343006.72,High,863.11,Low,622.96,Low,0.96,Low,1381.84,High,121.04,Low,50.43,Low,3775.22,Low,255.52,High,23441.09,High,102.31,High,130.16,High,109.51,High,34.1,High,34.1,High,2748.99,Low,4038.9,High,452.45,High,4471.66,High,667.63,High,444.28,Low,255.25,Low,432.28,Low,116.23,Low,90.03,Low,164.75,Low,165.23,Low,656.1,Low,1589.34,High,1151.3,High,127.76,High,560.52,High,2470.7,Low,12367.92,Low,53.79,Low,396.25,Low,354.47,Low,618.16,Low,263.69,High,855.43,High,91.74,High,3.84,Low,201.73,Low,Low,395.29,395.29,Low,1660.42,High,5720.46,High,0.0,Low,92.7,Low,135.45,Low,-0.5186868042605233,Low,463.98,Low,9638.81,Low,290.56,Low,1261.77,Low,59.56,Low,86.94,Low,-0.47860800956562866,Low,90.03,Low
TCGA-44-2662,424.1,High,none,0.0,p.N581S,1.0,none,none,N,N,none,0.0,none,none,none,none,0.0,none,none,none,none,0.0,none,,none,0.0,1280.0,0.0,1280.0,0.0,65.0,0.0,MALE,1.0,56.0,0.0,0.0,2.0,1.0,0.2,,,,,,1330.09,High,1164.56,Low,1160.25,Low,2.51,Low,175.6,High,345.09,High,1.0,13708.23,Low,1320.76,High,2144.9,High,0.72,Low,181.34,High,192.84,High,139.69,High,22544.93,High,42.73,Low,28070.64,High,403.27,High,154.5,High,18.31,Low,207.56,High,207.56,High,727.55,Low,549.06,Low,33.04,Low,5521.86,High,972.08,High,802.59,High,1050.76,High,2024.96,High,409.37,High,789.3,High,776.01,High,1456.5,High,1818.48,High,2378.31,High,893.08,High,137.89,High,954.48,High,22178.65,High,24791.81,High,251.37,High,2070.2,High,2117.25,High,1398.33,High,210.07,High,180.99,High,8.98,Low,0.72,Low,844.96,High,High,1562.8,1562.8,High,2386.57,High,678.34,Low,3.23,Low,822.7,High,763.08,High,0.1518148330666557,High,388.9,Low,14864.89,High,2531.97,High,4112.76,High,107.01,High,138.61,High,0.34115752579565894,High,789.3,High
TCGA-44-2665,219.17,High,none,0.0,none,0.0,none,none,N,Y,none,0.0,none,none,none,none,0.0,none,none,none,none,0.0,none,Y,none,0.0,1301.0,0.0,1301.0,0.0,55.0,0.0,FEMALE,1.1,,0.0,1.0,2.0,2.0,0.3,,,,,,773.71,Low,1222.01,Low,1656.55,High,4.74,High,137.57,Low,801.71,High,0.0,2369.54,Low,1007.59,Low,378.08,Low,2.37,Low,2.37,Low,90.13,Low,85.39,Low,10259.01,High,136.62,Low,70576.18,High,162.71,High,156.55,High,41.75,High,139.94,High,139.94,High,1746.17,Low,4360.06,High,445.92,High,5394.21,High,396.11,Low,650.85,High,254.12,Low,581.12,Low,134.72,Low,218.22,Low,141.84,Low,354.36,Low,1605.79,High,1135.2,Low,1143.74,High,770.4,High,72.11,Low,3353.42,Low,26444.97,High,77.8,Low,707.78,Low,965.84,Low,827.32,Low,4.27,Low,42.69,Low,22.77,Low,64.52,High,142.31,Low,Low,656.07,656.07,Low,2171.25,High,907.97,Low,2.85,Low,332.54,Low,21.35,Low,-0.4401364864466564,Low,598.67,Low,15664.14,High,4462.83,High,3380.93,High,176.94,High,266.13,High,0.6521054684441498,High,218.22,Low
TCGA-44-2666,246.06,High,none,0.0,p.V600E,1.0,none,none,N,Y,none,0.0,none,none,none,none,0.0,none,none,none,none,0.0,none,,none,0.0,97.0,1.0,97.0,0.0,43.0,0.0,MALE,,30.0,0.0,0.0,2.0,1.0,,0.9631075986489126,0.9631075986489126,0.03759014066457925,,,978.83,Low,758.63,Low,2225.84,High,6.26,High,215.2,High,537.17,High,1.0,173548.69,High,1390.47,High,724.43,Low,2.5,Low,590.55,High,44.21,Low,158.06,High,6571.99,Low,335.31,High,7321.06,Low,135.96,High,55.98,Low,8.76,Low,35.03,High,35.03,High,3472.84,High,2565.32,High,1324.99,High,2534.46,Low,581.8,High,751.54,High,235.6,Low,379.11,Low,134.71,Low,318.63,High,666.04,High,484.2,High,4611.41,High,1196.12,Low,1098.95,High,85.91,Low,656.03,High,19226.36,High,12801.58,Low,137.63,High,1156.5,High,1918.88,High,1108.12,High,231.05,High,726.1,High,2.5,Low,53.38,High,164.32,Low,High,1177.35,1177.35,High,1288.71,Low,2481.49,High,1.67,Low,62.14,Low,12.51,Low,-0.5888856926420721,Low,555.1,Low,11744.76,High,282.75,Low,1166.51,Low,37.95,Low,57.97,Low,-0.4891524369203852,Low,318.63,High
TCGA-44-2668,555.71,High,,,,,,,,,,,,,,,,,,,,,,,,,761.0,1.0,433.0,1.0,51.0,0.0,MALE,1.2,60.0,0.0,0.0,2.0,1.0,0.3,0.6827655902659584,0.6827655902659584,0.3816036843727928,0.7843841754020691,0.24285635900665278,2935.17,High,1806.07,High,369.29,Low,1.09,Low,232.55,High,18.01,Low,1.0,6508.63,Low,2084.48,High,1511.84,High,14.74,High,55.13,Low,352.1,High,258.75,High,15935.86,High,108.36,Low,30367.92,High,326.71,High,465.64,High,1488.37,High,1969.57,High,1969.57,High,949.32,Low,1551.42,Low,77.52,Low,5503.38,High,1476.36,High,1249.81,High,1247.29,High,2378.44,High,1020.54,High,430.71,High,515.59,High,1733.2,High,1339.88,High,2589.97,High,336.54,Low,248.11,High,310.34,High,4033.03,Low,32650.7,High,218.08,High,2244.42,High,2986.56,High,1710.27,High,136.47,Low,72.6,High,53.22,High,14.74,High,859.77,High,High,2452.13,2452.13,High,2138.52,High,413.51,Low,102.08,High,1904.61,High,530.06,High,0.6755495440731031,High,642.51,High,26112.59,High,3416.13,High,5090.96,High,321.53,High,373.93,High,1.3734326893872417,High,430.71,High
TCGA-44-3396,223.09,High,none,0.0,none,0.0,none,none,N,N,none,0.0,none,none,none,none,0.0,none,none,none,none,0.0,none,,none,0.0,1130.0,0.0,1130.0,0.0,74.0,1.0,FEMALE,1.3,50.0,0.0,2.0,2.0,3.0,0.4,,,,,,773.76,Low,874.69,Low,1732.15,High,3.58,Low,143.88,Low,76.75,Low,1.0,37578.88,Low,1767.51,High,1646.01,High,2.01,Low,4.7,Low,107.85,Low,109.2,High,13349.07,High,149.7,Low,25793.35,High,303.87,High,590.35,High,415.31,High,121.95,High,121.95,High,2615.52,Low,2298.95,High,73.84,Low,3745.8,High,490.94,Low,928.17,High,543.56,High,1198.25,High,464.53,High,460.95,High,481.99,High,506.15,High,907.59,Low,1233.39,Low,735.29,Low,179.91,High,246.59,Low,5296.04,Low,14484.45,Low,264.26,High,1382.64,High,1587.38,High,1106.74,High,415.31,High,25.96,Low,76.3,High,5.15,Low,354.89,Low,High,1435.0,1435.0,High,2042.29,High,685.39,Low,2.24,Low,613.11,High,46.54,Low,-0.2795963117486313,Low,620.94,High,15082.12,High,1579.27,High,2678.0,High,213.92,High,184.16,High,0.2976176983289768,High,460.95,High
TCGA-44-3398,148.18,Low,,,,,,,,,,,,,,,,,,,,,,,,,1163.0,0.0,1163.0,0.0,77.0,1.0,FEMALE,1.7,60.0,0.0,0.0,1.0,1.0,0.5,,,,,,306.64,Low,1836.4,High,1179.44,Low,3.0,Low,244.97,High,702.36,High,1.0,124431.26,High,779.01,Low,1056.96,High,0.86,Low,244.97,High,168.31,High,71.09,Low,4746.04,Low,411.99,High,34232.29,High,214.56,High,538.76,High,111.35,High,62.1,High,62.1,High,2854.48,Low,2125.48,High,348.61,Low,4783.73,High,543.04,Low,591.43,Low,347.85,High,856.96,High,184.58,Low,120.34,Low,105.35,Low,154.18,Low,859.53,Low,1002.57,Low,868.52,High,1349.89,High,600.0,High,5422.27,Low,14238.54,Low,156.32,High,454.82,Low,538.33,Low,877.94,Low,25.27,Low,468.09,High,81.37,High,2938.33,High,225.27,Low,High,1657.39,1657.39,High,1255.25,Low,2026.55,High,0.43,Low,203.43,Low,71.52,Low,-0.48788545544714074,Low,1136.19,High,13810.71,High,4388.97,High,4233.83,High,109.21,High,204.28,High,0.543112093081601,High,120.34,Low
TCGA-44-3918,96.87,Low,,,,,,,,,,,,,,,,,,,,,,,,,1036.0,0.0,511.0,1.0,60.0,0.0,FEMALE,2.0,20.0,0.0,0.0,1.0,1.0,0.8,,,,0.7270617751621026,0.31874383234593584,704.81,Low,1260.49,Low,790.24,Low,3.81,Low,238.75,High,244.85,High,1.0,61566.74,Low,977.12,Low,953.85,High,1.53,Low,36.23,Low,268.5,High,51.49,Low,5231.12,Low,99.16,Low,22063.32,High,699.47,High,1260.81,High,137.3,High,35.47,High,35.47,High,3245.16,High,2347.44,High,40.81,Low,7388.63,High,671.24,High,988.56,High,476.72,High,1211.67,High,371.47,High,192.6,Low,193.75,Low,394.74,Low,1463.77,High,688.02,Low,803.2,High,835.24,High,450.04,High,5031.27,Low,15069.03,Low,124.71,High,1076.66,High,890.92,Low,1178.11,High,11.06,Low,35.09,Low,8.77,Low,0.76,Low,543.86,High,High,956.9,956.9,High,1450.04,Low,1923.72,High,0.38,Low,795.96,High,35.47,Low,-0.18795991812004043,High,566.36,Low,13101.45,High,1400.4,High,2441.65,High,132.72,High,196.03,High,0.060471166226727234,High,192.6,Low
TCGA-44-3919,225.69,High,none,0.0,none,0.0,none,none,N,Y,none,0.0,p.774_775insAYVM,none,none,none,0.0,none,none,none,none,0.0,none,,none,0.0,1026.0,1.0,984.0,1.0,71.0,1.0,FEMALE,,,0.0,0.0,1.0,1.0,,0.577459870530948,0.577459870530948,0.549116327258708,0.5433967188372182,0.6099156202171404,918.04,Low,1337.89,Low,722.6,Low,2.6,Low,178.86,High,448.13,High,0.0,169489.43,High,1888.13,High,1148.62,High,1.3,Low,681.3,High,120.98,Low,174.31,High,7796.42,Low,266.34,High,20297.56,High,171.71,High,40.85,Low,107.64,High,23.74,Low,23.74,Low,3586.41,High,1792.85,High,767.15,High,3984.07,High,467.97,Low,1042.6,High,368.38,High,423.41,Low,300.81,High,574.63,High,783.74,High,385.69,Low,1133.98,Low,1210.73,Low,561.63,Low,604.23,High,155.45,Low,5377.56,Low,19883.9,Low,88.78,Low,1923.9,High,2170.08,High,2154.8,High,370.08,High,142.76,High,15.28,Low,8.46,High,382.11,High,Low,819.84,819.84,Low,1073.5,Low,2219.19,High,5.2,High,188.62,Low,178.54,Low,-0.4456826015311843,Low,748.29,High,10869.59,Low,984.62,High,1257.56,Low,40.98,Low,124.55,High,-0.3914426267349544,Low,574.63,High
TCGA-44-4112,97.19,Low,none,0.0,none,0.0,none,p.G367V,N,N,none,0.0,none,p.C304F,none,none,0.0,none,none,none,none,0.0,none,,none,0.0,808.0,1.0,808.0,0.0,60.0,0.0,FEMALE,2.0,30.0,0.0,0.0,2.0,1.0,0.4,0.6545982692333338,0.6545982692333338,0.42373356092506964,,,1301.19,High,1902.01,High,2703.61,High,5.22,High,185.94,High,714.06,High,1.0,33539.76,Low,1592.37,High,1060.64,High,0.4,Low,55.42,Low,198.8,High,43.78,Low,6658.23,Low,113.65,Low,23178.85,High,76.31,High,85.17,High,16.47,Low,17.67,Low,17.67,Low,6805.57,High,2636.95,High,547.39,High,3877.51,High,1234.14,High,836.14,High,596.78,High,2460.24,High,449.4,High,181.12,Low,334.54,Low,463.45,High,2359.84,High,1512.05,High,2703.61,High,1252.21,High,101.61,Low,3670.68,Low,15940.56,Low,208.03,High,999.6,High,908.03,Low,1340.96,High,47.39,Low,17.67,Low,13.65,Low,102.81,High,406.83,High,High,1158.23,1158.23,High,1818.07,High,1338.96,Low,0.8,Low,46.18,Low,32.13,Low,-0.5891038173712743,Low,496.39,Low,14928.51,High,2043.7,High,3567.07,High,141.77,High,127.71,High,0.2850562473150892,High,181.12,Low
TCGA-44-5643,238.87,High,,,,,,,,,,,,,,,,,,,,,,,,,1013.0,0.0,1013.0,0.0,53.0,0.0,MALE,1.2,20.0,0.0,2.0,2.0,3.0,0.8,,,,,,925.63,Low,5670.42,High,1923.94,High,179.72,High,598.31,High,63.1,Low,1.0,7118.31,Low,1374.08,High,2079.44,High,7.32,High,1.13,Low,160.56,High,940.85,High,9158.31,High,601.69,High,5015.21,Low,28.73,Low,42.82,Low,15.21,Low,21.97,Low,21.97,Low,53.35,Low,575.77,Low,47.32,Low,1460.28,Low,2288.45,High,1094.08,High,943.14,High,2321.13,High,432.68,High,749.3,High,849.01,High,912.11,High,7113.24,High,3087.32,High,314.37,Low,159.44,High,218.03,Low,32582.54,High,20876.62,High,507.61,High,4532.96,High,4254.65,High,1982.54,High,7815.77,High,11732.96,High,184500.28,High,256.34,High,811.27,High,High,4108.73,4108.73,High,,,161.69,Low,1334.08,High,5651.83,High,2127.89,High,4.015205458233726,High,232.11,Low,6821.97,Low,149.8,Low,229.86,Low,63.1,Low,33.8,Low,-0.7220498123875613,Low,749.3,High
TCGA-44-5644,303.24,High,,,,,,,,,,,,,,,,,,,,,,,,,863.0,0.0,863.0,0.0,51.0,0.0,FEMALE,1.0,17.5,,0.0,2.0,1.0,0.2,,,,,,3295.04,High,1760.93,High,1550.12,High,24.61,High,89.11,Low,9.31,Low,1.0,7952.12,Low,803.99,Low,776.72,Low,0.0,Low,2116.04,High,133.0,High,168.91,High,9312.72,High,53.2,Low,3637.57,Low,7.98,Low,43.23,Low,22.61,Low,4.66,Low,4.66,Low,2283.64,Low,359.77,Low,1811.47,High,1621.95,Low,502.08,Low,824.61,High,365.44,High,878.47,High,215.46,Low,331.84,High,700.25,High,730.84,High,1901.25,High,2555.61,High,1044.06,High,7.32,Low,45.89,Low,3179.38,Low,23722.69,High,285.95,High,1435.74,High,3054.36,High,1138.49,High,553.28,High,3.99,Low,65.17,High,1.33,Low,771.4,High,High,1168.41,1168.41,High,1401.83,Low,5846.05,High,263.34,High,1057.36,High,1808.81,High,0.8756219955726031,High,480.8,Low,11960.1,High,1388.5,High,393.68,Low,63.18,Low,53.87,Low,-0.43384600921514843,Low,331.84,High
TCGA-44-5645,90.65,Low,none,0.0,none,0.0,none,none,N,N,none,0.0,none,none,none,none,0.0,none,none,none,p.H1047R,1.0,none,,none,0.0,852.0,0.0,852.0,0.0,61.0,0.0,FEMALE,,5.0,,,1.0,1.0,,,,,,,2519.75,High,1051.06,Low,1843.95,High,0.57,Low,158.35,Low,481.35,High,1.0,483816.98,High,1154.91,Low,178.43,Low,4.02,High,1582.33,High,19.51,Low,64.83,Low,32851.98,High,679.29,High,16987.44,High,57.95,Low,28.69,Low,113.02,High,23.52,Low,23.52,Low,3354.68,High,1875.5,High,816.98,High,1274.81,Low,204.25,Low,476.76,Low,122.24,Low,245.55,Low,74.58,Low,129.09,Low,120.48,Low,119.91,Low,457.26,Low,2571.43,High,1321.29,High,138.84,High,67.13,Low,1430.29,Low,26993.12,High,40.73,Low,525.53,Low,528.4,Low,607.0,Low,291.45,High,3275.96,High,20.08,Low,1.72,Low,90.07,Low,Low,314.97,314.97,Low,1686.75,High,2106.71,High,0.57,Low,59.09,Low,93.52,Low,-0.5549948034149045,Low,642.0,High,7931.73,Low,201.93,Low,340.79,Low,100.4,High,89.5,Low,-0.5736690273677058,Low,129.09,Low
TCGA-44-6145,228.68,High,none,0.0,none,0.0,none,none,Y,Y,none,0.0,none,none,none,p.G12V,1.0,none,none,none,none,0.0,none,,none,0.0,595.0,0.0,595.0,0.0,62.0,0.0,FEMALE,1.5,75.0,0.0,0.0,1.0,1.0,0.5,,,,,,409.35,Low,1519.9,High,608.97,Low,2.53,Low,195.2,High,72.65,Low,1.0,31139.61,Low,2447.25,High,1109.29,High,3.79,High,20.85,Low,96.65,Low,126.97,High,7656.35,Low,373.97,High,16342.7,Low,229.31,High,63.17,Low,15.16,Low,28.43,High,28.43,High,1099.74,Low,1934.93,High,179.41,Low,8060.01,High,737.84,High,1072.65,High,266.22,Low,467.47,Low,239.42,Low,445.99,High,346.81,Low,446.62,High,866.71,Low,2255.84,High,304.49,Low,290.59,High,228.05,Low,11243.21,High,19048.01,Low,198.36,High,1480.1,High,1088.44,Low,1642.45,High,10.11,Low,58.12,Low,77.7,High,39.8,High,386.61,High,High,1865.45,1865.45,High,2356.92,High,1360.08,Low,1.26,Low,582.44,High,69.49,Low,-0.28623266166612166,Low,500.32,Low,29158.56,High,1507.25,High,2735.31,High,98.55,Low,233.1,High,0.5075888626983611,High,445.99,High
TCGA-44-6146,61.37,Low,none,0.0,none,0.0,none,none,Y,Y,none,0.0,none,none,none,p.G12V,1.0,none,none,none,none,0.0,none,,none,0.0,728.0,0.0,631.0,1.0,64.0,0.0,MALE,2.0,15.0,0.0,0.0,3.0,2.0,0.8,,,,0.6801835614988507,0.38539257385948067,1331.21,High,2511.28,High,1375.45,High,0.0,Low,138.99,Low,145.76,Low,1.0,83726.53,Low,912.91,Low,329.42,Low,1.35,Low,1084.39,High,14.89,Low,36.1,Low,20189.08,High,1654.33,High,4447.65,Low,26.62,Low,14.89,Low,2.71,Low,11.28,Low,11.28,Low,423.73,Low,1845.22,High,332.58,Low,959.39,Low,186.37,Low,517.15,Low,130.92,Low,103.34,Low,40.61,Low,181.86,Low,96.12,Low,168.77,Low,841.61,Low,3849.28,High,1208.93,High,18.95,Low,815.88,High,7404.78,Low,13208.48,Low,69.49,Low,273.47,Low,533.39,Low,388.09,Low,453.07,High,28.88,Low,19.4,Low,10.38,High,129.06,Low,High,1378.16,1378.16,High,,,1829.42,High,0.0,Low,1243.23,High,41.97,Low,0.05327784684801484,High,316.34,Low,16539.26,High,291.91,Low,2123.19,High,35.65,Low,26.17,Low,-0.26162830625426536,Low,181.86,Low
TCGA-44-6147,113.11,Low,none,0.0,none,0.0,none,none,Y,Y,"p.S768I, p.V769L",1.0,none,none,none,none,0.0,none,none,none,none,0.0,none,,none,0.0,845.0,0.0,845.0,0.0,67.0,1.0,FEMALE,1.0,,0.0,,1.0,1.0,0.6,,,,,,2262.81,High,1174.32,Low,1272.13,Low,6.01,High,328.96,High,487.98,High,0.0,61455.19,Low,995.08,Low,215.85,Low,0.0,Low,30.6,Low,53.01,Low,71.04,Low,11986.89,High,883.06,High,29491.33,High,19.67,Low,35.09,Low,12.57,Low,161.75,High,161.75,High,3048.21,High,2750.82,High,512.57,High,1666.12,Low,227.87,Low,363.39,Low,117.4,Low,215.3,Low,110.93,Low,186.34,Low,148.09,Low,171.04,Low,1196.17,High,1293.44,Low,1009.84,High,89.07,Low,153.55,Low,5075.96,Low,16246.99,Low,45.9,Low,917.49,Low,1427.87,High,716.39,Low,697.81,High,492.35,High,4673.77,High,4.37,Low,167.76,Low,Low,506.56,506.56,Low,1347.54,Low,1634.97,High,7.1,High,297.81,Low,275.96,High,-0.3430905286375249,Low,679.78,High,8932.79,Low,505.95,Low,677.05,Low,160.11,High,140.98,High,-0.33965722259070213,Low,186.34,Low
TCGA-44-6148,77.14,Low,,,,,,,,,,,,,,,,,,,,,,,,,704.0,0.0,704.0,0.0,60.0,0.0,MALE,1.5,60.0,0.0,0.0,1.0,1.0,0.4,,,,,,1744.69,High,625.15,Low,1566.36,High,2.68,Low,141.96,Low,384.09,High,1.0,224784.25,High,899.42,Low,51.96,Low,0.54,Low,3414.49,High,10.18,Low,65.35,Low,8216.95,Low,2022.23,High,23052.41,High,43.93,Low,130.71,High,6.43,Low,43.39,High,43.39,High,2899.17,Low,4631.04,High,913.89,High,1702.96,Low,59.46,Low,453.19,Low,46.59,Low,123.74,Low,6.96,Low,229.28,Low,96.42,Low,35.36,Low,1378.33,High,1904.38,High,662.11,Low,498.73,High,135.53,Low,1112.09,Low,12401.23,Low,18.21,Low,442.48,Low,485.34,Low,395.88,Low,976.03,High,2370.97,High,2693.99,High,149.99,High,53.57,Low,Low,251.24,251.24,Low,1195.66,Low,1645.11,High,1.07,Low,558.19,High,13.39,Low,-0.3242481039052792,Low,672.83,High,7168.07,Low,85.1,Low,281.24,Low,88.92,Low,118.92,High,-0.6156340734444492,Low,229.28,Low
TCGA-44-6774,319.7,High,none,0.0,p.N581S,1.0,none,none,N,N,none,0.0,none,none,none,none,0.0,none,none,none,none,0.0,none,,none,0.0,658.0,0.0,658.0,0.0,56.0,0.0,FEMALE,1.5,20.0,0.0,2.0,1.0,3.0,0.3,,,,,,827.14,Low,1122.68,Low,1913.57,High,0.93,Low,197.03,High,164.5,Low,1.0,57657.99,Low,1241.64,High,1100.37,High,0.93,Low,224.91,High,98.51,Low,105.95,Low,18656.13,High,335.5,High,45751.32,High,46.47,Low,881.04,High,52.04,High,51.12,High,51.12,High,3862.95,High,10482.34,High,549.26,High,2992.57,High,383.83,Low,503.72,Low,266.86,Low,380.11,Low,193.31,Low,268.59,Low,229.55,Low,302.04,Low,2006.51,High,1479.55,High,447.96,Low,197.03,High,200.74,Low,6493.49,Low,22025.09,High,92.01,Low,543.68,Low,1300.19,High,975.84,Low,427.51,High,26.02,Low,7.43,Low,24.16,High,342.01,Low,Low,653.35,653.35,Low,2183.09,High,409.85,Low,188.66,High,483.27,High,718.4,High,0.045648615342914846,High,893.12,High,29740.71,High,3132.73,High,3057.62,High,364.31,High,597.58,High,1.4037124334785553,High,268.59,Low
TCGA-44-6775,340.74,High,none,0.0,none,0.0,none,none,N,N,none,0.0,none,none,none,none,0.0,none,exon 14 skipping by RSeq,none,none,0.0,none,,none,0.0,705.0,0.0,684.0,1.0,72.0,1.0,FEMALE,1.1,25.0,,0.0,2.0,1.0,0.2,,,,0.6574394219522723,0.41940265308770086,2337.2,High,1046.44,Low,1143.36,Low,16.66,High,162.54,Low,370.52,High,1.0,11937.41,Low,2650.18,High,1198.89,High,1.01,Low,451.29,High,86.32,Low,233.72,High,4839.98,Low,378.09,High,28636.36,High,77.23,High,20.7,Low,14.64,Low,23.73,Low,23.73,Low,1216.75,Low,2624.94,High,145.38,Low,3871.78,High,613.83,High,708.73,High,478.97,High,509.34,Low,359.92,High,629.98,High,604.24,High,681.98,High,765.77,Low,1267.04,Low,870.27,High,272.08,High,346.29,High,11686.02,High,20560.83,High,105.0,Low,2018.17,High,1411.91,High,2022.21,High,968.7,High,224.13,High,124.68,High,46.95,High,338.72,Low,High,923.27,923.27,High,,,998.49,Low,2.52,Low,494.7,High,790.0,High,-0.011486780620285408,High,622.92,High,16220.6,High,2092.3,High,2467.95,High,68.15,Low,248.36,High,0.1300403086637957,High,629.98,High
TCGA-44-6776,58.19,Low,none,0.0,none,0.0,none,none,Y,Y,none,0.0,none,none,none,p.G12D,1.0,none,none,none,none,0.0,none,,p.Q220*,1.0,2616.0,0.0,2616.0,0.0,60.0,0.0,FEMALE,,45.0,,0.0,1.0,1.0,,,,,,,740.65,Low,2285.2,High,1485.63,High,5.03,High,122.13,Low,645.11,High,1.0,1233704.02,High,1154.45,Low,247.84,Low,1.44,Low,651.58,High,8.62,Low,15.09,Low,11158.05,High,196.84,Low,6598.8,Low,17.96,Low,30.89,Low,2.16,Low,7.18,Low,7.18,Low,6016.2,High,1020.11,Low,1914.51,High,2005.03,Low,113.51,Low,364.22,Low,51.89,Low,167.39,Low,34.48,Low,63.94,Low,164.51,Low,76.87,Low,308.19,Low,1195.4,Low,827.59,High,29.45,Low,43.1,Low,7844.83,High,37052.44,High,36.64,Low,210.49,Low,436.78,Low,354.89,Low,20.83,Low,68.25,Low,21.55,Low,0.72,Low,75.43,Low,Low,371.41,371.41,Low,1341.24,Low,4396.55,High,0.0,Low,94.83,Low,17.96,Low,-0.5698776466692568,Low,512.21,Low,10496.41,Low,213.27,Low,428.16,Low,20.83,Low,59.63,Low,-0.6506544116397672,Low,63.94,Low
TCGA-44-6777,127.3,Low,none,0.0,none,0.0,none,none,Y,Y,none,0.0,none,p.D335Y,none,p.G12C,1.0,none,none,none,none,0.0,none,,none,0.0,987.0,1.0,987.0,0.0,85.0,1.0,FEMALE,1.8,64.0,,,2.0,1.0,0.4,0.5936149315432936,0.5936149315432936,0.5215244332281895,,,2692.79,High,1355.08,Low,1278.8,Low,29.46,High,311.94,High,318.78,High,1.0,180502.37,High,1122.04,Low,652.81,Low,0.0,Low,8.42,Low,67.33,Low,59.44,Low,7099.42,Low,578.12,High,60847.57,High,194.63,High,104.68,High,92.06,High,43.14,High,43.14,High,1785.36,Low,3132.04,High,684.38,High,5036.3,High,403.47,Low,409.78,Low,215.36,Low,358.76,Low,162.02,Low,229.88,Low,147.29,Low,228.83,Low,1030.51,Low,638.09,Low,1215.68,High,634.4,High,303.52,High,15682.8,High,26628.09,High,76.8,Low,694.9,Low,779.06,Low,1062.6,Low,4.21,Low,25.25,Low,29.98,Low,4.21,Low,163.07,Low,Low,430.3,430.3,Low,,,844.82,Low,1.58,Low,208.84,Low,95.21,Low,-0.4738616685923222,Low,757.5,High,18906.89,High,2775.24,High,2772.75,High,130.98,High,259.86,High,0.4231950811414028,High,229.88,Low
TCGA-44-6778,368.65,High,,,,,,,,,,,,,,,,,,,,,,,,,1864.0,0.0,1864.0,0.0,59.0,0.0,MALE,1.0,15.0,,0.0,1.0,1.0,0.8,,,,,,494.26,Low,1445.43,High,1366.12,High,29.82,High,211.29,High,146.57,Low,1.0,106386.42,High,2279.82,High,1039.34,High,1.27,Low,164.97,High,140.23,High,190.99,High,4648.48,Low,894.04,High,21934.53,High,307.74,High,599.62,High,50.76,High,72.33,High,72.33,High,1343.48,Low,2630.71,High,597.72,High,7447.97,High,750.63,High,890.86,High,443.6,High,647.84,Low,449.87,High,418.15,High,531.09,High,826.78,High,2820.43,High,895.94,Low,505.08,Low,89.47,Low,265.86,Low,11107.23,High,18598.35,Low,132.61,High,1618.65,High,1764.59,High,1193.53,High,799.49,High,23.48,Low,13.96,Low,0.0,Low,472.72,High,High,879.44,879.44,High,2152.92,High,928.3,Low,1.9,Low,156.09,Low,314.09,High,-0.40434753376201277,Low,833.76,High,9939.09,Low,498.67,Low,1264.59,Low,164.97,High,151.65,High,-0.225008558028129,Low,418.15,High
TCGA-44-6779,258.22,High,none,0.0,none,0.0,none,none,N,N,none,0.0,none,none,none,none,0.0,none,none,none,none,0.0,none,,p.K235*,1.0,500.0,1.0,232.0,1.0,50.0,0.0,FEMALE,1.0,15.0,,1.0,2.0,2.0,0.5,0.7913019539121193,0.7913019539121193,0.23407564712686935,0.9023606362446762,0.10274102037253535,4004.78,High,1330.15,Low,1853.76,High,0.8,Low,138.67,Low,0.0,Low,1.0,117.15,Low,2099.22,High,2896.99,High,4.78,High,0.8,Low,277.35,High,196.06,High,8702.13,Low,169.75,Low,14047.72,Low,137.08,High,23.11,Low,5.58,Low,39.05,High,39.05,High,0.8,Low,666.27,Low,106.79,Low,6150.23,High,1070.33,High,1475.99,High,759.86,High,1173.14,High,707.71,High,329.15,High,356.25,Low,1040.05,High,2998.21,High,3649.33,High,238.29,Low,115.56,Low,250.25,Low,7773.66,High,20796.97,High,145.05,High,836.82,Low,1707.11,High,1052.0,Low,0.8,Low,329.15,High,40.65,High,596.13,High,274.96,Low,High,1462.44,1462.44,High,2208.41,High,762.7,Low,6.38,High,847.98,High,1591.55,High,0.5358845094806305,High,249.45,Low,22422.79,High,1532.57,High,1498.31,High,286.11,High,718.07,High,0.7945276992550824,High,329.15,High
TCGA-44-7659,85.2,Low,none,0.0,none,0.0,none,none,Y,Y,none,0.0,none,none,none,p.G12C,1.0,none,none,none,none,0.0,none,,none,0.0,691.0,0.0,691.0,0.0,70.0,1.0,MALE,1.2,40.0,,0.0,1.0,1.0,0.4,,,,,,1869.91,High,1275.78,Low,1316.14,High,8.22,High,157.7,Low,2588.19,High,1.0,546346.79,High,899.1,Low,178.62,Low,1.49,Low,31.39,Low,50.07,Low,24.66,Low,6641.26,Low,283.26,High,12118.08,Low,68.01,High,25.41,Low,23.92,Low,189.84,High,189.84,High,6079.27,High,2166.67,High,1901.35,High,1399.85,Low,159.94,Low,429.0,Low,82.88,Low,183.86,Low,61.29,Low,103.89,Low,246.64,Low,69.51,Low,1081.46,Low,1149.48,Low,1733.18,High,76.23,Low,340.81,High,1421.52,Low,16334.83,Low,19.43,Low,417.79,Low,520.93,Low,687.59,Low,281.02,High,65.02,Low,415.55,High,0.0,Low,173.39,Low,Low,579.22,579.22,Low,886.4,Low,2281.02,High,0.0,Low,132.29,Low,8.97,Low,-0.5539034621860991,Low,791.48,High,5337.07,Low,130.79,Low,834.83,Low,56.05,Low,62.78,Low,-0.6847078462080608,Low,103.89,Low
TCGA-44-7660,681.32,High,,,,,,,,,,,,,,,,,,,,,,,,,592.0,0.0,592.0,0.0,72.0,1.0,MALE,,124.0,,0.0,2.0,1.0,,,,,,,513.51,Low,1629.69,High,579.96,Low,6.31,High,90.84,Low,13.04,Low,1.0,2996.95,Low,1470.3,High,988.75,High,3.36,High,1.26,Low,567.34,High,176.64,High,5429.92,Low,49.63,Low,6924.5,Low,74.02,High,5.04,Low,17.66,Low,9.67,Low,9.67,Low,20.6,Low,933.66,Low,71.08,Low,1808.01,Low,2676.06,High,1532.96,High,498.95,High,958.89,High,729.68,High,371.78,High,962.25,High,653.98,High,2682.79,High,3079.38,High,209.44,Low,72.76,Low,93.79,Low,7584.48,Low,13411.42,Low,145.1,High,5186.42,High,3200.5,High,2590.26,High,1521.61,High,2210.07,High,623.28,High,15.56,High,621.18,High,High,2329.51,2329.51,High,1873.62,High,1495.11,Low,31.96,High,1111.56,High,282.2,High,0.10637968552931704,High,410.47,Low,12330.56,High,730.03,Low,529.91,Low,90.42,Low,61.82,Low,-0.4149867882970276,Low,371.78,High
TCGA-44-7661,530.61,High,,,,,,,,,,,,,,,,,,,,,,,,,557.0,1.0,335.0,1.0,69.0,1.0,FEMALE,,22.0,0.0,0.0,2.0,1.0,,0.7811520198789864,0.7811520198789864,0.2469855003514861,0.8305944673980165,0.1856136087780313,2097.42,High,3418.49,High,610.56,Low,2.19,Low,187.7,High,167.08,Low,1.0,86296.38,Low,2248.59,High,2064.96,High,1.25,Low,174.89,High,265.15,High,266.71,High,14017.8,High,608.99,High,53300.96,High,1002.19,High,358.84,High,21.24,Low,166.15,High,166.15,High,1839.92,Low,1964.08,High,243.91,Low,5014.37,High,1231.42,High,985.01,High,1206.18,High,1827.92,High,546.53,High,962.21,High,372.89,High,1036.54,High,3116.18,High,1949.41,High,726.42,Low,67.15,Low,514.05,High,8017.49,High,22704.87,High,194.57,High,1374.77,High,2182.07,High,1488.13,High,10.93,Low,761.4,High,15.93,Low,153.03,High,723.92,High,High,1970.02,1970.02,High,2526.55,High,500.62,Low,2.81,Low,1162.09,High,103.69,Low,0.038928777883511644,High,747.03,High,21823.55,High,9109.76,High,3245.78,High,94.0,Low,1112.74,High,1.5938802862174224,High,962.21,High
TCGA-44-7662,863.04,High,none,0.0,none,0.0,none,none,N,N,none,0.0,none,p.A828D,none,none,0.0,none,none,none,none,0.0,none,,none,0.0,218.0,0.0,218.0,0.0,61.0,0.0,MALE,1.0,50.0,,0.0,2.0,1.0,0.3,,,,,,1307.26,High,1223.83,Low,652.02,Low,3.55,Low,136.74,Low,9.18,Low,1.0,112.47,Low,1489.31,High,1397.26,High,5.62,High,320.83,High,215.46,High,182.32,High,15694.27,High,132.0,Low,23664.95,High,140.29,High,101.3,High,21.9,Low,46.47,High,46.47,High,2013.73,Low,3887.24,High,58.31,Low,4277.03,High,786.09,High,702.33,High,726.39,High,983.2,High,630.11,High,685.16,High,902.4,High,677.47,High,1290.42,High,2188.68,High,690.79,Low,195.63,High,368.48,High,5152.2,Low,23969.22,High,163.67,High,1801.85,High,2636.18,High,1864.59,High,254.24,High,434.78,High,3.85,Low,86.42,High,928.45,High,High,1313.21,1313.21,High,2208.51,High,941.77,Low,27.23,High,1081.17,High,1207.55,High,0.4998804666733731,High,659.71,High,23721.49,High,3841.76,High,2940.44,High,182.61,High,333.56,High,0.810491516915094,High,685.16,High
TCGA-44-7667,841.33,High,,,,,,,,,,,,,,,,,,,,,,,,,1097.0,0.0,1097.0,0.0,49.0,0.0,FEMALE,1.7,50.0,,0.0,3.0,2.0,0.5,,,,,,492.42,Low,1991.97,High,2201.39,High,502.07,High,201.09,High,50.61,Low,1.0,17418.65,Low,3176.23,High,5500.8,High,32.63,High,385.88,High,943.21,High,406.85,High,2846.29,Low,159.14,Low,9539.01,Low,25.64,Low,145.74,High,19.64,Low,17.98,Low,17.98,Low,3272.5,High,591.96,Low,560.67,High,2207.38,Low,2079.53,High,1465.93,High,1333.62,High,3238.82,High,1088.04,High,1380.03,High,2028.26,High,2490.38,High,172.79,Low,490.75,Low,206.75,Low,23.64,Low,24.97,Low,21093.62,High,10937.68,Low,540.69,High,6486.63,High,4552.26,High,6208.96,High,1468.92,High,8.99,Low,10.99,Low,0.33,Low,1242.86,High,High,1939.36,1939.36,High,756.44,Low,780.07,Low,6.33,High,106.54,Low,1378.7,High,0.045638322213577075,High,1344.74,High,7574.67,Low,1107.0,High,729.47,Low,185.45,High,73.58,Low,-0.30964654213692155,Low,1380.03,High
TCGA-44-7669,913.31,High,,,,,,,,,,,,,,,,,,,,,,,,,574.0,1.0,525.0,1.0,59.0,0.0,MALE,1.8,20.0,,1.0,1.0,2.0,0.7,0.7707709160990932,0.7707709160990932,0.26036407525149874,0.7140764401592075,0.33676526332645434,856.26,Low,2985.58,High,984.46,Low,1.53,Low,253.63,High,176.96,Low,1.0,62487.98,Low,4325.48,High,4127.06,High,1.53,Low,61.03,Low,84.65,Low,299.02,High,4799.93,Low,270.19,High,12432.44,Low,92.31,High,82.5,High,20.24,Low,13.49,Low,13.49,Low,2373.93,Low,1460.13,Low,227.56,Low,3803.81,High,982.01,High,1801.16,High,1116.84,High,2273.15,High,515.54,High,667.04,High,1317.52,High,1708.85,High,2705.88,High,1839.8,High,785.42,Low,28.21,Low,77.59,Low,8668.14,High,16489.84,Low,279.39,High,3977.09,High,6141.06,High,3316.8,High,753.22,High,22.69,Low,49.07,High,0.0,Low,1170.92,High,High,2700.97,2700.97,High,2478.93,High,812.72,Low,0.0,Low,271.11,Low,1640.76,High,0.24688601850991276,High,470.45,Low,9315.25,Low,1101.26,High,813.33,Low,191.68,High,66.24,Low,-0.24548801341430657,Low,667.04,High
TCGA-44-7670,529.25,High,none,0.0,none,0.0,none,none,N,N,none,0.0,none,p.R866K,none,none,0.0,none,none,none,p.E600K,1.0,none,,none,0.0,882.0,0.0,882.0,0.0,47.0,0.0,FEMALE,1.5,30.0,0.0,1.0,1.0,2.0,0.7,,,,,,599.12,Low,7593.79,High,1052.32,Low,2.78,Low,128.29,Low,106.65,Low,1.0,31258.37,Low,2056.11,High,3080.92,High,6.49,High,373.14,High,381.79,High,241.44,High,11756.09,High,384.57,High,10059.78,Low,42.35,Low,205.89,High,48.23,High,50.39,High,50.39,High,1047.15,Low,1174.12,Low,323.36,Low,3781.75,High,1134.86,High,2130.92,High,829.39,High,1376.0,High,1036.87,High,892.8,High,857.25,High,1991.19,High,2104.95,High,1533.97,High,609.63,Low,32.15,Low,251.02,Low,10419.04,High,18662.96,Low,316.56,High,3827.5,High,3571.53,High,2473.45,High,268.34,High,210.53,High,414.25,High,9.58,High,1811.27,High,High,2104.64,2104.64,High,1405.36,Low,656.31,Low,1470.59,High,2472.22,High,842.41,High,1.8167039680692572,High,465.26,Low,9412.47,Low,666.14,Low,1207.82,Low,151.48,High,78.83,Low,-0.29825281180249225,Low,892.8,High
TCGA-44-7671,103.35,Low,none,0.0,none,0.0,none,none,Y,Y,none,0.0,none,none,none,p.G12C,1.0,none,p.T660R,none,none,0.0,none,,p.K262*,1.0,889.0,0.0,883.0,1.0,64.0,0.0,MALE,,,0.0,0.0,2.0,1.0,,,,,0.5741763444902191,0.5548187094788485,704.52,Low,1598.74,High,1878.85,High,1.58,Low,100.2,Low,409.3,High,0.0,788191.93,High,1082.95,Low,353.52,Low,0.95,Low,1115.4,High,38.13,Low,23.0,Low,8219.61,Low,293.97,High,12348.69,Low,19.22,Low,99.83,High,2.21,Low,13.23,Low,13.23,Low,2062.73,Low,1525.01,Low,2134.7,High,4399.53,High,215.83,Low,301.85,Low,192.8,Low,735.09,High,119.42,Low,149.35,Low,272.86,Low,215.52,Low,1656.4,High,1049.23,Low,656.32,Low,38.13,Low,52.93,Low,21045.45,High,53232.61,High,72.15,Low,511.07,Low,1119.81,Low,670.82,Low,110.28,Low,64.91,Low,169.2,High,575.97,High,161.95,Low,Low,729.74,729.74,Low,1553.37,High,2050.89,High,6.62,High,92.32,Low,18.91,Low,-0.5674102669782549,Low,724.69,High,13810.16,High,641.5,Low,1347.62,Low,140.53,High,162.9,High,-0.13218784917820997,High,149.35,Low
TCGA-44-7672,158.14,Low,none,0.0,none,0.0,none,none,Y,Y,none,0.0,none,none,none,p.G12A,1.0,none,none,none,none,0.0,none,,none,0.0,719.0,0.0,719.0,0.0,52.0,0.0,FEMALE,,20.0,0.0,0.0,1.0,1.0,,,,,,,1085.9,High,2636.08,High,1504.88,High,13.28,High,109.33,Low,177.66,Low,1.0,154167.9,High,1406.48,High,1172.2,High,1.56,Low,22.65,Low,217.88,High,99.57,Low,24560.72,High,181.96,Low,31163.71,High,144.87,High,30.07,Low,44.51,High,26.16,Low,26.16,Low,2776.62,Low,2735.65,High,411.17,Low,3846.54,High,551.74,High,570.87,Low,642.41,High,1289.73,High,400.62,High,344.4,High,535.34,High,501.76,High,983.6,Low,1737.99,High,762.98,Low,385.79,High,211.64,Low,10752.83,High,26037.09,High,176.88,High,750.49,Low,1719.64,High,1366.65,High,76.92,Low,87.86,High,446.31,High,0.78,Low,590.78,High,Low,593.52,593.52,Low,1657.95,High,1263.96,Low,1.95,Low,482.23,High,92.15,Low,-0.3292316946991964,Low,605.23,Low,16357.67,High,1559.89,High,3146.43,High,180.4,High,153.85,High,0.31118849157942313,High,344.4,High
TCGA-44-8117,220.84,High,,,,,,,,,,,,,,,,,,,,,,,,,385.0,0.0,385.0,0.0,54.0,0.0,FEMALE,1.1,54.0,0.0,0.0,2.0,1.0,0.4,,,,,,3018.03,High,2120.83,High,247.15,Low,4.34,Low,263.33,High,948.11,High,1.0,222752.13,High,1125.02,Low,531.87,Low,10.41,High,5.78,Low,76.89,Low,80.07,Low,17543.0,High,87.01,Low,22489.13,High,109.84,High,87.01,High,5.49,Low,64.46,High,64.46,High,5069.41,High,839.43,Low,1822.52,High,1885.53,Low,461.34,Low,598.93,Low,218.92,Low,612.23,Low,237.61,Low,189.62,Low,583.9,High,237.9,Low,773.81,Low,923.25,Low,2642.29,High,91.34,Low,544.59,High,5350.77,Low,11150.17,Low,84.41,Low,646.34,Low,1090.62,Low,1208.56,High,105.8,Low,6.94,Low,8.09,Low,1.45,Low,506.14,High,Low,830.76,830.76,Low,1662.96,High,1044.95,Low,0.29,Low,68.22,Low,413.07,High,-0.4079499293495194,Low,1143.81,High,15159.13,High,653.51,Low,1960.4,High,94.23,Low,106.08,Low,-0.13429644540362026,High,189.62,Low
TCGA-44-8119,769.12,High,,,,,,,,,,,,,,,,,,,,,,,,,285.0,0.0,285.0,0.0,73.0,1.0,MALE,2.6,50.0,0.0,0.0,3.0,2.0,1.0,,,,,,276.97,Low,1810.48,High,539.75,Low,0.26,Low,256.99,High,72.6,Low,1.0,138653.51,High,2600.64,High,1440.39,High,2.89,Low,1.32,Low,190.18,High,166.77,High,7572.3,Low,205.43,Low,20351.57,High,57.61,Low,647.29,High,14.99,Low,122.31,High,122.31,High,4395.53,High,3255.61,High,521.08,High,3934.5,High,800.42,High,1065.82,High,508.17,High,1399.88,High,400.34,High,604.46,High,1303.87,High,469.78,High,1300.72,High,2082.2,High,944.57,High,143.09,High,32.09,Low,8351.15,High,24213.06,High,156.77,High,1216.28,High,3805.62,High,1440.13,High,868.81,High,3.68,Low,14.2,Low,18.68,High,990.07,High,High,1200.5,1200.5,High,2241.34,High,1058.99,Low,13.68,High,452.95,High,865.92,High,0.005762780483795434,High,1578.75,High,20466.89,High,5560.46,High,2010.13,High,310.12,High,355.89,High,1.005646331755987,High,604.46,High
TCGA-44-8120,140.73,Low,,,,,,,,,,,,,,,,,,,,,,,,,260.0,0.0,260.0,0.0,58.0,0.0,MALE,1.0,30.0,0.0,0.0,2.0,1.0,0.4,,,,,,832.6,Low,871.59,Low,805.14,Low,3.36,Low,176.62,High,364.17,High,1.0,46575.05,Low,1103.15,Low,248.1,Low,7.29,High,30.84,Low,24.67,Low,47.38,Low,11929.71,High,242.22,High,20255.89,High,43.45,Low,74.01,Low,10.93,Low,45.7,High,45.7,High,5276.95,High,7328.44,High,2537.1,High,1932.96,Low,235.21,Low,340.9,Low,174.01,Low,218.11,Low,69.53,Low,113.82,Low,193.72,Low,254.83,Low,736.46,Low,845.79,Low,958.21,High,347.63,High,682.92,High,6790.19,Low,16859.26,Low,58.03,Low,672.82,Low,370.33,Low,689.92,Low,2.52,Low,36.44,Low,89.71,High,7.85,High,211.94,Low,Low,305.29,305.29,Low,1941.09,High,1544.69,High,11.77,High,925.97,High,1660.47,High,0.6109273877917587,High,1321.26,High,18480.49,High,667.17,Low,1476.01,Low,103.45,High,79.06,Low,-0.10192857121465122,High,113.82,Low
TCGA-44-A479,224.74,High,,,,,,,,,,,,,,,,,,,,,,,,,486.0,0.0,437.0,1.0,73.0,1.0,FEMALE,,40.0,,0.0,2.0,1.0,,,,,0.8682345284495034,0.14129340675138158,1027.79,High,4157.78,High,1131.1,Low,1.7,Low,225.88,High,40.3,Low,1.0,75807.04,Low,1403.52,High,1114.64,High,1.7,Low,134.51,Low,179.91,High,158.34,High,10933.03,High,185.02,Low,13130.52,Low,115.78,High,205.07,High,29.51,High,24.4,Low,24.4,Low,4822.87,High,2359.82,High,573.21,High,2739.5,High,707.15,High,722.47,High,350.7,High,728.15,High,421.11,High,380.82,High,288.31,Low,442.11,High,402.38,Low,2205.45,High,649.26,Low,138.48,High,65.27,Low,5009.08,Low,30118.62,High,80.59,Low,669.13,Low,682.75,Low,713.39,Low,669.69,High,40.3,Low,40.3,Low,0.0,Low,757.09,High,High,1070.94,1070.94,High,1964.25,High,1316.12,Low,64.7,High,251.99,Low,1697.5,High,0.29502193121153936,High,841.09,High,11169.13,Low,623.68,Low,977.87,Low,110.1,High,120.32,High,-0.33132551755880646,Low,380.82,High
TCGA-44-A47A,228.76,High,,,,,,,,,,,,,,,,,,,,,,,,,466.0,0.0,397.0,1.0,78.0,1.0,FEMALE,,80.0,,0.0,2.0,1.0,,,,,0.8861221175071559,0.12090050773124086,799.3,Low,1252.81,Low,2079.84,High,8.7,High,240.02,High,817.81,High,1.0,231753.33,High,1206.24,High,931.93,High,4.09,High,89.05,Low,90.07,Low,223.64,High,10054.25,High,189.87,Low,17807.9,High,70.62,High,9.21,Low,138.69,High,84.44,High,84.44,High,9677.26,High,861.82,Low,664.28,High,1412.49,Low,679.63,High,567.04,Low,242.91,Low,646.88,Low,211.36,Low,231.83,Low,532.24,High,489.25,High,1763.56,High,1086.49,Low,1138.69,High,97.75,Low,160.18,Low,4737.46,Low,30043.5,High,107.98,Low,965.2,High,926.82,Low,1083.93,High,21.49,Low,32.24,Low,263.56,High,376.15,High,723.13,High,Low,561.92,561.92,Low,772.26,Low,6050.67,High,13.31,High,97.75,Low,83.93,Low,-0.532137560587665,Low,830.09,High,5416.07,Low,569.55,Low,1120.78,Low,63.46,Low,36.85,Low,-0.6086203867595731,Low,231.83,Low
TCGA-44-A47B,130.77,Low,,,,,,,,,,,,,,,,,,,,,,,,,287.0,0.0,287.0,0.0,79.0,1.0,MALE,,4.5,0.0,0.0,2.0,1.0,,,,,,,361.84,Low,3143.75,High,761.76,Low,0.45,Low,208.69,High,279.89,High,1.0,300970.44,High,1334.98,High,610.39,Low,0.0,Low,244.07,High,88.22,Low,147.34,High,13019.7,High,176.89,Low,10879.67,Low,18.81,Low,34.93,Low,21.94,Low,44.78,High,44.78,High,11864.69,High,733.99,Low,782.8,High,2031.35,Low,506.49,Low,905.96,High,238.54,Low,680.7,High,207.79,Low,144.2,Low,263.77,Low,237.35,Low,525.75,Low,2233.32,High,1258.4,High,476.04,High,114.2,Low,9703.54,High,23777.43,High,101.21,Low,638.6,Low,1023.29,Low,642.63,Low,319.3,High,8.06,Low,3.13,Low,0.45,Low,354.23,Low,High,1388.27,1388.27,High,1692.34,High,3051.95,High,1.79,Low,1209.14,High,379.31,High,0.18625369985134646,High,472.46,Low,12305.87,High,1379.69,High,877.74,Low,56.43,Low,95.39,Low,-0.35243791774318856,Low,144.2,Low
TCGA-44-A47G,101.84,Low,,,,,,,,,,,,,,,,,,,,,,,,,351.0,0.0,351.0,0.0,73.0,1.0,FEMALE,,28.0,0.0,0.0,1.0,1.0,,,,,,,860.75,Low,1513.23,High,1219.22,Low,4.03,Low,165.13,High,374.57,High,1.0,107332.57,High,959.15,Low,1299.77,High,1.15,Low,98.39,Low,84.0,Low,113.92,High,7952.24,Low,416.0,High,36673.31,High,202.53,High,146.72,High,14.38,Low,242.23,High,242.23,High,3491.08,High,2288.26,High,331.42,Low,3764.67,High,428.65,Low,581.13,Low,294.37,Low,518.41,Low,170.31,Low,305.52,High,273.3,Low,302.07,Low,1280.78,High,1664.56,High,787.11,Low,258.92,High,513.81,High,2152.47,Low,17726.12,Low,79.4,Low,707.71,Low,1086.88,Low,1226.7,High,22.44,Low,264.67,High,338.9,High,18.99,High,173.19,Low,Low,765.25,765.25,Low,1315.88,Low,856.16,Low,0.58,Low,123.71,Low,94.94,Low,-0.5198942715797168,Low,737.05,High,10259.49,Low,2621.38,High,3117.95,High,101.84,High,138.67,High,0.09106039162025552,High,305.52,High
TCGA-44-A4SS,113.54,Low,,,,,,,,,,,,,,,,,,,,,,,,,415.0,0.0,415.0,0.0,73.0,1.0,MALE,,90.0,0.0,0.0,1.0,1.0,,,,,,,554.39,Low,1639.93,High,1248.36,Low,4.43,High,111.88,Low,60.92,Low,1.0,6561.94,Low,1123.75,Low,1344.18,High,62.58,High,32.12,Low,121.29,Low,91.94,Low,15008.62,High,95.26,Low,15607.11,Low,63.69,High,52.62,Low,8.31,Low,25.48,Low,25.48,Low,49.69,Low,1883.62,High,82.52,Low,4223.06,High,531.69,Low,596.49,Low,507.06,High,553.29,Low,232.06,Low,368.31,High,245.35,Low,430.89,High,1402.89,High,2625.77,High,326.77,Low,393.78,High,388.24,High,4365.4,Low,15829.42,Low,72.0,Low,841.84,Low,1235.07,High,989.17,Low,4.98,Low,186.65,High,49.29,High,33.23,High,319.01,Low,High,888.92,888.92,High,,,664.61,Low,66.46,High,338.4,Low,1237.29,High,0.13704044448012434,High,443.63,Low,19942.82,High,572.53,Low,2334.45,High,185.54,High,152.86,High,0.22536189544708093,High,368.31,High
TCGA-44-A4SU,139.45,Low,,,,,,,,,,,,,,,,,,,,,,,,,409.0,1.0,260.0,1.0,67.0,1.0,FEMALE,,50.0,,0.0,1.0,1.0,,0.8950226063027237,0.8950226063027237,0.11090630258747328,0.9197267427688655,0.08367867178734426,2664.62,High,639.98,Low,900.11,Low,6.57,High,146.5,Low,198.61,Low,1.0,25957.51,Low,685.06,Low,517.43,Low,37.09,High,144.62,Low,83.11,Low,59.63,Low,11734.24,High,135.23,Low,19947.24,High,43.2,Low,26.76,Low,99.54,High,42.26,High,42.26,High,4603.17,High,1802.56,High,170.91,Low,1104.36,Low,200.96,Low,406.62,Low,186.01,Low,331.02,Low,164.34,Low,169.97,Low,299.1,Low,302.38,Low,786.95,Low,1348.52,Low,737.65,Low,203.78,High,361.08,High,2129.83,Low,16612.28,Low,50.71,Low,694.45,Low,708.06,Low,524.47,Low,1476.7,High,799.62,High,92.97,High,63.86,High,161.99,Low,Low,295.81,295.81,Low,1137.69,Low,2123.72,High,42.73,High,1124.08,High,298.63,High,0.12587789878382102,High,564.39,Low,9363.54,Low,1073.79,High,810.42,Low,36.15,Low,91.09,Low,-0.5082912693457438,Low,169.97,Low
TCGA-49-4486,,,,,,,,,,,,,,,,,,,,,,,,,,,,,,,,,,,,,,,,,,,,,,236.06,Low,1008.44,Low,1984.97,High,3.66,Low,139.65,Low,444.87,High,0.0,1082375.61,High,854.5,Low,154.28,Low,3.66,High,698.56,High,54.86,Low,26.93,Low,7695.49,Low,71.82,Low,8958.22,Low,8.64,Low,20.28,Low,1.99,Low,10.31,Low,10.31,Low,8809.69,High,2831.15,High,1968.01,High,2879.37,High,168.91,Low,409.63,Low,90.75,Low,333.49,Low,72.48,Low,55.53,Low,309.22,Low,81.79,Low,1140.77,Low,522.67,Low,1447.66,High,25.27,Low,53.2,Low,33113.36,High,23548.95,High,57.85,Low,390.01,Low,387.68,Low,376.38,Low,2.33,Low,7.31,Low,4.65,Low,0.0,Low,104.73,Low,Low,363.41,363.41,Low,703.55,Low,8670.68,High,0.0,Low,73.81,Low,25.6,Low,-0.5776853401952605,Low,444.21,Low,7470.06,Low,84.78,Low,814.6,Low,24.27,Low,168.57,High,-0.6264356279845655,Low,55.53,Low
TCGA-49-4487,237.57,High,none,0.0,none,0.0,none,none,N,N,none,0.0,none,none,none,none,0.0,none,none,none,none,0.0,none,,p.E70*,1.0,855.0,1.0,697.0,1.0,72.0,1.0,FEMALE,0.9,40.0,0.0,0.0,1.0,1.0,0.3,0.7718777016620935,0.7718777016620935,0.2589291590428925,0.7197834217453907,0.3288049153537744,627.63,Low,1380.79,High,2360.57,High,5.9,High,133.11,Low,53.08,Low,1.0,59216.51,Low,1781.8,High,1575.4,High,2.53,Low,85.93,Low,181.13,High,116.26,High,4212.3,Low,195.45,Low,24015.4,High,58.13,Low,176.92,High,42.97,High,31.17,High,31.17,High,3888.54,High,1375.74,Low,1150.8,High,3311.71,High,2281.38,High,1520.64,High,516.65,High,2410.28,High,568.66,High,456.61,High,1845.83,High,902.27,High,479.36,Low,1048.02,Low,435.55,Low,155.01,High,95.2,Low,6855.94,Low,29893.85,High,302.44,High,2332.77,High,1013.48,Low,1722.83,High,481.04,High,309.18,High,29.49,Low,0.0,Low,1197.14,High,High,1626.79,1626.79,High,1409.44,Low,1526.54,Low,38.75,High,482.73,High,896.38,High,0.048022113709943116,High,616.68,High,28321.82,High,1724.51,High,12879.53,High,239.26,High,226.62,High,2.007759968628294,High,456.61,High
TCGA-49-4488,157.04,Low,none,0.0,none,0.0,none,none,N,N,none,0.0,none,none,none,none,0.0,none,none,none,none,0.0,none,,none,0.0,869.0,1.0,634.0,1.0,74.0,1.0,FEMALE,2.0,,,0.0,1.0,1.0,0.4,0.6329363634707421,0.6329363634707421,0.4573853935334027,0.6655559580257572,0.40713256049588653,1356.07,High,2214.64,High,397.73,Low,0.0,Low,251.7,High,379.38,High,0.0,9827.92,Low,1082.37,Low,1049.35,High,2.94,Low,124.75,Low,315.54,High,76.32,Low,10682.81,High,55.77,Low,26636.07,High,101.27,High,26.42,Low,165.84,High,11.74,Low,11.74,Low,6841.82,High,5156.48,High,120.34,Low,3394.61,High,1074.3,High,461.57,Low,480.73,High,1312.05,High,281.05,High,83.73,Low,237.75,Low,349.29,Low,2002.57,High,991.38,Low,1290.77,High,260.5,High,460.83,High,7104.02,Low,25108.79,High,123.28,High,714.0,Low,1424.33,High,1047.88,Low,105.67,Low,212.81,High,35.96,Low,59.44,High,394.06,High,High,1025.13,1025.13,High,1091.18,Low,6172.08,High,0.0,Low,346.36,Low,456.43,High,-0.24044977531978204,High,471.11,Low,11254.45,Low,1275.34,High,1664.28,High,58.7,Low,42.56,Low,-0.32093202184968117,Low,83.73,Low
TCGA-49-4490,83.31,Low,none,0.0,none,0.0,none,none,Y,Y,p.L858R,1.0,none,none,none,none,0.0,none,none,none,none,0.0,none,,none,0.0,385.0,1.0,385.0,0.0,45.0,0.0,FEMALE,0.5,5.0,0.0,2.0,3.0,3.0,0.5,0.8354294819921635,0.8354294819921635,0.17980933667252968,,,957.59,Low,918.28,Low,507.35,Low,3.74,Low,102.03,Low,102.97,Low,1.0,17832.07,Low,595.34,Low,548.54,Low,5.62,High,40.25,Low,50.55,Low,32.76,Low,21560.42,High,233.08,High,24737.61,High,10.3,Low,13.1,Low,11.23,Low,72.08,High,72.08,High,2981.67,Low,5186.75,High,189.09,Low,1409.72,Low,191.89,Low,342.6,Low,127.83,Low,225.59,Low,112.33,Low,201.25,Low,109.52,Low,257.42,Low,334.18,Low,1393.8,Low,914.54,High,138.54,High,340.73,High,2000.37,Low,21960.12,High,53.36,Low,654.31,Low,553.22,Low,662.74,Low,315.45,High,190.96,High,330.43,High,263.03,High,80.5,Low,Low,370.68,370.68,Low,765.7,Low,2030.33,High,81.44,High,1215.01,High,1020.31,High,0.5155701693552469,High,627.16,High,7797.44,Low,1213.99,High,1734.53,High,64.59,Low,184.41,High,-0.3174527644401659,Low,201.25,Low
TCGA-49-4494,197.91,High,none,0.0,none,0.0,none,none,Y,Y,"p.T790M, p.L858R",1.0,none,none,none,none,0.0,none,none,none,none,0.0,none,,none,0.0,1081.0,1.0,,,77.0,1.0,MALE,2.5,50.0,0.0,2.0,3.0,3.0,0.4,0.5524616077374005,0.5524616077374005,0.5933713362627486,,,576.99,Low,1002.34,Low,2167.39,High,0.85,Low,118.97,Low,225.46,High,1.0,51226.24,Low,1676.72,High,2031.94,High,7.1,High,223.18,High,464.54,High,46.57,Low,6679.35,Low,57.93,Low,26505.87,High,67.86,High,77.52,Low,20.16,Low,22.15,Low,22.15,Low,2751.65,Low,877.4,Low,40.04,Low,2871.58,High,1221.55,High,749.91,High,810.7,High,1871.23,High,423.37,High,228.01,Low,765.24,High,699.94,High,443.81,Low,1030.45,Low,705.33,Low,213.25,High,400.37,High,8387.02,High,18242.07,Low,235.39,High,1423.72,High,2006.39,High,1979.13,High,808.4,High,595.44,High,86.04,High,142.54,High,421.1,High,High,1224.96,1224.96,High,1054.87,Low,1941.93,High,0.28,Low,318.88,Low,1143.75,High,0.05115112919741971,High,567.62,Low,9135.23,Low,1613.96,High,2498.19,High,113.86,High,39.75,Low,-0.14786668087725627,High,228.01,Low
TCGA-49-4501,81.9,Low,none,0.0,none,0.0,none,none,Y,Y,p.ELREA746del,1.0,none,none,none,none,0.0,none,none,none,none,0.0,none,,none,0.0,1421.0,1.0,545.0,1.0,67.0,1.0,FEMALE,,,0.0,0.0,2.0,1.0,,0.5448700029334536,0.5448700029334536,0.6072080394985255,0.7710228844494572,0.2600372243424893,2078.71,High,1206.61,Low,1644.91,High,5.28,High,193.4,High,847.03,High,0.0,171659.71,High,1012.42,Low,586.26,Low,2.38,Low,603.7,High,69.48,Low,53.37,Low,19118.1,High,461.29,High,21872.91,High,64.47,High,84.54,High,13.47,Low,40.69,High,40.69,High,4103.48,High,4132.36,High,530.52,High,3222.46,High,293.53,Low,397.09,Low,140.71,Low,436.2,Low,83.49,Low,104.89,Low,102.77,Low,134.48,Low,693.26,Low,1345.31,Low,2607.66,High,80.32,Low,216.64,Low,7698.81,High,25509.64,High,40.95,Low,589.96,Low,489.56,Low,648.08,Low,7.66,Low,17.44,Low,13.74,Low,1.59,Low,282.17,Low,Low,397.36,397.36,Low,993.92,Low,4802.64,High,10.83,High,186.26,Low,358.52,High,-0.3639060968367486,Low,578.86,Low,10164.6,Low,312.27,Low,878.73,Low,154.03,High,75.56,Low,-0.3487909618822596,Low,104.89,Low
TCGA-49-4505,113.67,Low,none,0.0,none,0.0,none,none,Y,Y,none,0.0,none,none,none,p.G12C,1.0,none,none,none,none,0.0,none,,none,0.0,428.0,1.0,417.0,1.0,61.0,0.0,FEMALE,1.5,74.0,0.0,1.0,2.0,2.0,0.3,0.8855461335619649,0.8855461335619649,0.12155072423214203,0.8802537591130687,0.1275450504499095,1427.43,High,1580.13,High,1531.01,High,5.33,High,146.51,Low,390.68,High,1.0,22933.48,Low,569.18,Low,221.72,Low,3.93,High,257.65,High,72.13,Low,31.43,Low,14460.29,High,225.09,High,35541.01,High,92.9,High,95.14,High,35.36,High,490.04,High,490.04,High,2769.88,Low,1731.69,Low,128.82,Low,3018.24,High,354.76,Low,554.59,Low,122.95,Low,234.63,Low,76.9,Low,99.35,Low,149.59,Low,215.55,Low,2148.47,High,1105.25,Low,501.82,Low,166.71,High,230.7,Low,3293.85,Low,19385.07,Low,53.89,Low,552.9,Low,321.92,Low,650.29,Low,53.33,Low,45.47,Low,23.01,Low,1.4,Low,121.25,Low,Low,312.94,312.94,Low,1095.14,Low,4039.57,High,1.12,Low,87.29,Low,306.2,High,-0.4449523732372634,Low,1015.72,High,10203.2,Low,1121.11,High,2038.17,High,188.32,High,100.76,Low,-0.052947338290206404,High,99.35,Low
TCGA-49-4506,513.38,High,none,0.0,none,0.0,none,none,N,N,none,0.0,none,none,none,none,0.0,none,none,none,none,0.0,none,,none,0.0,999.0,1.0,692.0,1.0,68.0,1.0,FEMALE,0.8,100.0,0.0,1.0,2.0,2.0,0.3,0.58559310814406,0.58559310814406,0.5351300852839681,0.6411036088423472,0.44456419886368775,282.52,Low,1203.46,Low,924.88,Low,2.39,Low,43.78,Low,2.79,Low,1.0,7977.32,Low,1023.58,Low,3464.33,High,17.51,High,10.35,Low,594.17,High,130.53,High,3512.09,Low,72.03,Low,8545.89,Low,37.81,Low,145.26,High,9.55,Low,37.01,High,37.01,High,51.26,Low,928.07,Low,28.26,Low,59312.31,High,1787.28,High,471.59,Low,1008.77,High,2997.51,High,586.21,High,214.9,Low,290.92,Low,943.99,High,3966.17,High,403.94,Low,115.01,Low,220.08,High,942.39,High,11816.93,High,21756.64,High,346.63,High,731.47,Low,1050.24,Low,1154.91,High,2.39,Low,44.97,Low,15.92,Low,35.82,High,1400.46,High,High,2060.29,2060.29,High,1591.48,High,961.1,Low,1.19,Low,53.73,Low,657.45,High,-0.30637767271241645,Low,100.69,Low,37310.52,High,9957.89,High,2221.07,High,85.96,Low,563.13,High,1.6274128591395585,High,214.9,Low
TCGA-49-4507,333.1,High,none,0.0,none,0.0,none,none,N,N,none,0.0,none,none,none,none,0.0,none,none,none,none,0.0,none,,p.D176A,1.0,268.0,1.0,158.0,1.0,73.0,1.0,FEMALE,1.0,78.0,0.0,1.0,3.0,3.0,0.3,0.8984652665649363,0.8984652665649363,0.10706723063991289,0.9551429613546202,0.04589425195146844,259.77,Low,659.98,Low,1898.65,High,0.35,Low,69.87,Low,15.57,Low,1.0,1405.4,Low,945.35,Low,1688.0,High,6.92,High,0.69,Low,489.45,High,219.65,High,2861.99,Low,127.64,Low,12630.09,Low,22.14,Low,109.3,High,8.65,Low,20.06,Low,20.06,Low,17.99,Low,1041.51,Low,342.79,Low,25362.5,High,2424.42,High,1394.67,High,840.61,High,2570.05,High,505.02,High,363.89,High,506.4,High,1043.58,High,1726.74,High,2460.74,High,93.74,Low,75.75,Low,133.17,Low,4758.56,Low,24828.43,High,269.8,High,1594.95,High,886.54,Low,1911.8,High,2.42,Low,21.45,Low,44.62,High,11.07,High,576.62,High,High,1133.52,1133.52,High,613.97,Low,1718.09,High,4.15,Low,350.05,High,417.85,High,-0.2535435996850597,High,301.63,Low,49045.66,High,2515.72,High,1646.14,High,692.84,High,578.35,High,2.2712081648548024,High,363.89,High
TCGA-49-4510,65.45,Low,none,0.0,none,0.0,none,none,Y,Y,none,0.0,none,none,none,p.G12D,1.0,none,none,none,none,0.0,none,,none,0.0,896.0,1.0,502.0,1.0,51.0,0.0,FEMALE,0.9,55.5,0.0,1.0,2.0,2.0,0.3,0.7528131088454935,0.7528131088454935,0.28393827741213656,0.8057394034907125,0.21599490948605127,412.83,Low,1361.11,Low,1140.17,Low,0.32,Low,71.84,Low,141.12,Low,1.0,1185698.43,High,508.62,Low,96.74,Low,8.3,High,1248.4,High,22.67,Low,15.01,Low,4729.57,Low,238.82,High,10613.97,Low,30.01,Low,49.15,Low,7.34,Low,11.81,Low,11.81,Low,4608.0,High,1493.93,Low,1168.58,High,2006.39,Low,108.56,Low,1098.02,High,62.97,Low,349.62,Low,12.45,Low,25.54,Low,142.08,Low,56.51,Low,1673.69,High,1216.79,Low,1049.17,High,57.15,Low,69.28,Low,2356.0,Low,18178.48,Low,13.09,Low,305.56,Low,343.55,Low,244.89,Low,69.28,Low,134.74,High,188.7,High,0.0,Low,144.32,Low,Low,444.13,444.13,Low,752.24,Low,5405.81,High,49.81,High,151.02,Low,22.35,Low,-0.5125017998104865,Low,939.66,High,21297.89,High,395.51,Low,3340.68,High,55.87,Low,41.51,Low,0.07410212358792935,High,25.54,Low
TCGA-49-4512,155.27,Low,none,0.0,none,0.0,none,none,N,N,none,0.0,none,none,none,none,0.0,none,none,none,none,0.0,none,,none,0.0,905.0,1.0,905.0,0.0,69.0,1.0,FEMALE,,,,2.0,2.0,3.0,,0.7429076732027896,0.7429076732027896,0.2971835041621572,,,1741.69,High,1493.47,High,1160.65,Low,11.53,High,170.64,High,547.27,High,0.0,231954.91,High,968.49,Low,477.33,Low,2.31,Low,146.81,Low,120.68,Low,54.57,Low,14132.97,High,148.35,Low,38892.48,High,17.68,Low,26.9,Low,24.6,Low,9.99,Low,9.99,Low,6794.37,High,3839.35,High,630.28,High,1825.52,Low,374.33,Low,409.68,Low,147.53,Low,618.75,Low,138.36,Low,122.98,Low,438.89,High,296.69,Low,337.43,Low,1202.15,Low,1150.65,High,103.77,Low,368.18,High,8528.82,High,12975.4,Low,69.95,Low,445.81,Low,593.39,Low,750.96,Low,71.48,Low,171.41,High,671.79,High,66.87,High,363.57,Low,Low,184.47,184.47,Low,491.16,Low,2484.24,High,20.75,High,82.24,Low,28.44,Low,-0.561321102386557,Low,770.18,High,6248.27,Low,1308.15,High,1881.63,High,114.53,High,138.36,High,-0.2716884797784058,Low,122.98,Low
TCGA-49-4514,165.26,Low,none,0.0,none,0.0,none,none,N,N,none,0.0,none,none,none,none,0.0,none,none,none,none,0.0,none,,none,0.0,1700.0,0.0,1700.0,0.0,79.0,1.0,FEMALE,1.4,65.0,0.0,0.0,1.0,1.0,0.4,,,,,,312.16,Low,1817.89,High,4703.88,High,0.77,Low,55.09,Low,149.2,Low,1.0,273490.4,High,1852.32,High,1342.0,High,35.19,High,71.15,Low,318.28,High,205.05,High,6739.82,Low,203.52,Low,9982.77,Low,9.18,Low,30.21,Low,24.48,Low,5.36,Low,5.36,Low,1503.0,Low,784.23,Low,121.65,Low,2890.57,High,1830.9,High,562.35,Low,1262.14,High,1312.16,High,283.09,High,394.03,High,730.68,High,1394.79,High,434.58,Low,908.95,Low,267.02,Low,28.31,Low,667.94,High,806.42,Low,17995.31,Low,255.55,High,1582.24,High,1504.96,High,1752.86,High,98.7,Low,33.66,Low,250.95,High,5.36,Low,1283.08,High,High,1005.35,1005.35,High,324.41,Low,1250.18,Low,154.55,High,353.48,High,436.88,High,-0.1663825871136609,High,311.4,Low,10218.76,Low,519.27,Low,797.24,Low,69.62,Low,163.73,High,-0.43537088756651904,Low,394.03,High
TCGA-49-6742,267.71,High,none,0.0,none,0.0,none,none,N,N,none,0.0,none,none,none,none,0.0,none,none,none,none,0.0,none,,none,0.0,488.0,1.0,214.0,1.0,70.0,1.0,MALE,2.1,10.0,0.0,1.0,2.0,2.0,0.4,0.7962786957606232,0.7962786957606232,0.22780603411327402,0.9131673504511993,0.09083611786621691,451.9,Low,1756.9,High,2706.19,High,0.75,Low,52.95,Low,165.55,Low,1.0,118468.31,High,1484.71,High,2321.4,High,8.2,High,141.69,Low,290.83,High,65.62,Low,9103.65,High,307.23,High,9258.76,Low,21.63,Low,111.86,High,1.49,Low,38.03,High,38.03,High,859.46,Low,1116.33,Low,188.67,Low,9734.53,High,789.71,High,656.23,High,757.78,High,1803.88,High,595.82,High,471.29,High,259.51,Low,1020.13,High,1295.3,High,2327.37,High,887.4,High,136.47,High,576.44,High,9847.87,High,17374.35,Low,231.17,High,996.27,High,1746.46,High,1337.81,High,14.17,Low,41.01,Low,12.68,Low,3.73,Low,1414.62,High,High,1311.71,1311.71,High,1559.28,High,1701.72,High,1295.3,High,172.26,Low,872.48,High,0.5139114330470468,High,398.96,Low,8052.2,Low,476.49,Low,1045.49,Low,71.59,Low,237.88,High,-0.42014032527652095,Low,471.29,High
TCGA-49-6743,666.3,High,,,,,,,,,,,,,,,,,,,,,,,,,1621.0,0.0,1621.0,0.0,81.0,1.0,FEMALE,1.2,50.0,,2.0,1.0,3.0,0.4,,,,,,1113.4,High,1142.16,Low,1200.76,Low,4.88,High,292.46,High,39.61,Low,1.0,32583.83,Low,1936.52,High,2534.45,High,1.09,Low,33.64,Low,241.45,High,291.37,High,10492.13,High,155.18,Low,10537.63,Low,143.79,High,307.65,High,73.79,High,34.18,High,34.18,High,991.86,Low,2003.26,High,594.68,High,6454.15,High,913.73,High,1282.69,High,557.1,High,1677.16,High,748.78,High,887.68,High,1169.29,High,1003.26,High,570.81,Low,2638.63,High,2184.48,High,81.39,Low,165.49,Low,17938.14,High,40850.79,High,291.92,High,2883.89,High,1742.27,High,2043.95,High,656.54,High,267.5,High,4.88,Low,4.34,Low,679.87,High,High,1744.98,1744.98,High,1996.2,High,1889.31,High,134.56,High,65.11,Low,1118.29,High,-0.026909326259693705,High,256.1,Low,23278.89,High,1996.7,High,1876.83,High,180.68,High,93.33,Low,0.34826014529987387,High,887.68,High
TCGA-49-6744,76.37,Low,none,0.0,none,0.0,none,none,N,N,none,0.0,none,none,none,none,0.0,none,none,none,none,0.0,none,,none,0.0,1683.0,0.0,1683.0,0.0,64.0,0.0,FEMALE,2.1,20.0,,1.0,2.0,2.0,0.5,,,,,,1047.85,High,1423.12,High,1217.41,Low,4.58,High,161.41,Low,260.18,High,1.0,186282.56,High,1084.01,Low,583.5,Low,2.55,Low,256.62,High,49.9,Low,72.81,Low,11129.84,High,550.41,High,28506.54,High,68.74,High,64.66,Low,37.68,High,50.41,High,50.41,High,3704.31,High,2908.86,High,472.0,High,3117.11,High,336.56,Low,634.93,High,195.63,Low,439.92,Low,112.53,Low,230.14,Low,150.71,Low,281.06,Low,933.81,Low,1551.93,High,1031.06,High,124.24,High,302.44,High,3696.54,Low,19632.89,Low,69.76,Low,759.67,Low,467.41,Low,996.44,Low,200.1,High,101.83,High,30.04,Low,3.56,Low,204.68,Low,High,979.63,979.63,High,1975.56,High,1785.64,High,20.37,High,342.67,Low,30.04,Low,-0.42191075032847536,Low,746.44,High,15230.14,High,1015.21,High,1386.46,Low,126.27,High,175.15,High,-0.07176701598732098,High,230.14,Low
TCGA-49-6745,352.33,High,none,0.0,none,0.0,none,none,N,N,none,0.0,none,none,none,none,0.0,none,p.D1010_splice,none,none,0.0,none,,none,0.0,522.0,0.0,522.0,0.0,82.0,1.0,MALE,1.1,20.0,0.0,2.0,2.0,3.0,0.3,,,,,,1877.64,High,6439.31,High,1703.19,High,5.9,High,227.03,High,288.94,High,1.0,91044.23,Low,1369.04,High,2056.02,High,6.39,High,147.91,High,150.37,High,222.11,High,24282.56,High,315.48,High,24976.87,High,847.17,High,141.03,High,8.85,Low,49.14,High,49.14,High,2041.54,Low,964.13,Low,175.43,Low,3413.76,High,861.43,High,944.47,High,676.05,High,1289.43,High,484.52,High,601.47,High,292.87,Low,601.47,High,3529.24,High,2512.53,High,1186.73,High,57.99,Low,1100.25,High,9200.49,High,19026.04,Low,123.83,High,1285.01,High,2148.89,High,1745.45,High,30.47,Low,1583.29,High,157.74,High,40.29,High,547.42,High,High,1080.59,1080.59,High,2490.91,High,831.45,Low,0.0,Low,1803.93,High,252.09,High,0.44589076705115716,High,436.86,Low,16224.08,High,1037.29,High,2918.92,High,202.46,High,85.01,Low,0.22882490498729396,High,601.47,High
TCGA-49-6761,171.59,Low,none,0.0,none,0.0,none,none,Y,Y,none,0.0,none,none,none,p.G12D,1.0,none,p.S441C,none,none,0.0,none,,none,0.0,354.0,0.0,354.0,0.0,68.0,1.0,FEMALE,2.3,50.0,,2.0,1.0,3.0,0.4,,,,,,7247.6,High,1344.09,Low,2579.65,High,156.92,High,138.59,Low,221.45,High,1.0,42743.17,Low,1341.89,High,862.33,Low,2.2,Low,12.47,Low,200.92,High,79.19,Low,13332.36,High,74.79,Low,28600.95,High,334.37,High,296.98,High,27.86,High,23.46,Low,23.46,Low,7472.87,High,582.22,Low,1161.5,High,2344.27,Low,452.43,Low,580.75,Low,542.44,High,1588.27,High,405.5,High,162.79,Low,305.77,Low,667.28,High,3351.79,High,1567.0,High,580.02,Low,1331.62,High,297.71,High,7900.27,High,21974.7,High,130.52,High,1171.04,High,1489.28,High,1657.93,High,0.73,Low,281.58,High,33.0,Low,57.2,High,597.62,High,Low,607.88,607.88,Low,1535.47,High,670.94,Low,0.73,Low,531.62,High,60.86,Low,-0.3174502705087149,Low,423.83,Low,9058.85,Low,1187.15,High,7060.68,High,263.98,High,93.86,Low,0.6744000696924453,High,162.79,Low
TCGA-49-6767,502.96,High,none,0.0,none,0.0,none,none,N,N,none,0.0,none,p.P645T,none,none,0.0,none,none,none,none,0.0,none,,none,0.0,677.0,0.0,,,46.0,0.0,FEMALE,1.5,30.0,,0.0,3.0,2.0,0.4,,,,,,1187.57,High,1455.03,High,504.14,Low,1.18,Low,474.56,High,103.55,Low,1.0,520.12,Low,1287.57,High,1608.88,High,4.73,High,4.14,Low,377.51,High,247.93,High,15346.75,High,49.7,Low,16397.58,Low,208.28,High,30.77,Low,75.74,High,53.25,High,53.25,High,2320.62,Low,750.89,Low,5.92,Low,1643.79,Low,1100.0,High,1046.15,High,1062.4,High,1663.91,High,804.14,High,531.36,High,362.72,Low,738.46,High,1762.13,High,1423.08,High,484.62,Low,20.12,Low,2317.16,High,11673.96,High,22311.24,High,136.69,High,1769.82,High,2333.73,High,1395.86,High,14.79,Low,204.73,High,68.64,High,20.12,High,1230.18,High,High,1424.26,1424.26,High,1217.16,Low,375.15,Low,2753.85,High,4059.17,High,1497.63,High,3.6106315325804594,High,371.6,Low,11956.21,High,1230.07,High,2352.66,High,342.01,High,2304.73,High,1.6315174863854747,High,531.36,High
TCGA-49-AAQV,128.59,Low,,,,,,,,,,,,,,,,,,,,,,,,,677.0,1.0,,,63.0,0.0,FEMALE,,,,1.0,1.0,2.0,,0.8114978216886102,0.8114978216886102,0.2088735763334843,,,1317.66,High,732.49,Low,2246.34,High,13.78,High,219.12,High,179.1,Low,0.0,3005.72,Low,1070.03,Low,1414.13,High,6.89,High,35.43,Low,186.32,High,133.18,High,8155.11,Low,118.09,Low,16000.69,Low,83.32,High,64.62,Low,27.55,High,22.31,Low,22.31,Low,4092.23,High,898.47,Low,185.66,Low,2019.01,Low,774.47,High,391.67,Low,419.46,High,926.68,High,347.05,High,360.83,High,788.25,High,427.42,High,324.75,Low,1985.23,High,865.34,High,604.23,High,147.94,Low,10100.98,High,17850.32,Low,148.27,High,1162.2,High,2146.95,High,1303.91,High,990.97,High,99.72,High,148.27,High,7.22,High,406.1,High,Low,487.45,487.45,Low,897.16,Low,1899.61,High,8.2,High,261.11,Low,301.46,High,-0.35074417861537155,Low,299.49,Low,5317.34,Low,536.94,Low,912.9,Low,106.61,High,62.65,Low,-0.5481425322680711,Low,360.83,High
TCGA-49-AAR0,239.46,High,,,,,,,,,,,,,,,,,,,,,,,,,4765.0,0.0,4765.0,0.0,57.0,0.0,MALE,,37.0,,0.0,1.0,1.0,,,,,,,264.18,Low,524.54,Low,920.18,Low,17.35,High,67.92,Low,284.09,High,1.0,295721.86,High,1036.69,Low,770.45,Low,2.97,Low,591.97,High,313.83,High,72.38,Low,7221.12,Low,222.11,High,22602.99,High,28.26,Low,189.98,High,24.29,Low,7.93,Low,7.93,Low,4508.12,High,4072.88,High,772.93,High,2846.31,High,520.58,Low,941.99,High,279.61,Low,1313.83,High,344.08,High,216.16,Low,985.62,High,813.09,High,2005.95,High,1007.44,Low,784.33,Low,37.68,Low,369.36,High,7520.08,Low,21689.64,High,68.91,Low,1208.23,High,1129.9,Low,970.75,Low,1144.77,High,62.47,Low,43.13,High,6.45,High,477.94,High,Low,549.33,549.33,Low,607.83,Low,2899.85,High,3.97,Low,284.09,Low,489.84,High,-0.25675085785156626,Low,534.46,Low,5981.66,Low,484.37,Low,943.98,Low,108.08,High,136.84,High,-0.4841429351618583,Low,216.16,Low
TCGA-49-AAR2,190.56,High,,,,,,,,,,,,,,,,,,,,,,,,,2224.0,0.0,2224.0,0.0,64.0,0.0,MALE,,,,0.0,2.0,1.0,,,,,,,30.32,Low,602.61,Low,1806.6,High,1.24,Low,163.95,High,285.84,High,0.0,113707.85,High,1163.77,Low,840.19,Low,26.6,High,181.28,High,193.03,High,261.71,High,6468.48,Low,288.31,High,8717.32,Low,15.47,Low,25.99,Low,16.09,Low,6.19,Low,6.19,Low,9650.26,High,2092.43,High,94.04,Low,1750.91,Low,1040.65,High,539.5,Low,446.56,High,528.37,Low,277.8,High,291.41,High,1066.63,High,595.19,High,833.38,Low,1362.37,Low,296.97,Low,30.93,Low,43.31,Low,7538.2,Low,14812.23,Low,219.02,High,723.88,Low,447.94,Low,709.65,Low,562.4,High,10.52,Low,12.37,Low,1.86,Low,480.11,High,Low,296.36,296.36,Low,410.2,Low,4492.98,High,7.42,High,616.84,High,14.23,Low,-0.28934997516183203,Low,422.57,Low,6047.76,Low,228.88,Low,570.44,Low,64.34,Low,83.52,Low,-0.661817110390252,Low,291.41,High
TCGA-49-AAR3,580.14,High,,,,,,,,,,,,,,,,,,,,,,,,,1893.0,0.0,1893.0,0.0,69.0,1.0,MALE,,,,1.0,2.0,2.0,,,,,,,511.32,Low,823.17,Low,861.5,Low,5.23,High,57.49,Low,32.23,Low,0.0,551.39,Low,1076.66,Low,1715.16,High,15.68,High,223.0,High,297.04,High,178.57,High,7445.99,Low,89.72,Low,34059.78,High,406.79,High,196.86,High,68.82,High,108.89,High,108.89,High,1410.76,Low,1783.97,High,28.75,Low,5048.78,High,912.89,High,908.54,High,766.06,High,1250.87,High,552.26,High,708.19,High,797.91,High,1094.08,High,1311.85,High,1811.85,High,180.31,Low,94.08,Low,378.92,High,3295.3,Low,13124.56,Low,212.54,High,1256.1,High,2888.5,High,1575.78,High,125.44,Low,459.06,High,14.81,Low,11.32,High,921.6,High,Low,588.85,588.85,Low,818.82,Low,327.53,Low,3.48,Low,1076.66,High,992.16,High,0.3894098822795667,High,668.12,High,10840.59,Low,1079.02,High,2711.67,High,318.82,High,3354.53,High,2.2164623582256446,High,708.19,High
TCGA-49-AAR4,273.01,High,,,,,,,,,,,,,,,,,,,,,,,,,879.0,1.0,879.0,0.0,51.0,0.0,MALE,,35.0,,2.0,2.0,3.0,,0.7624645589588972,0.7624645589588972,0.2711992516347069,,,394.7,Low,1025.85,Low,936.95,Low,5.04,High,164.56,High,199.24,Low,1.0,4290.67,Low,1143.76,Low,1141.24,High,5.67,High,0.0,Low,197.98,High,140.61,High,10413.62,High,210.59,Low,18354.12,High,116.02,High,69.36,Low,67.47,High,31.53,High,31.53,High,3199.43,High,1761.03,High,123.58,Low,1933.8,Low,496.85,Low,674.65,High,402.3,High,605.93,Low,413.62,High,463.43,High,657.63,High,402.9,Low,939.47,Low,2285.62,High,315.26,Low,612.23,High,410.47,High,4908.57,Low,14346.78,Low,188.52,High,1114.75,High,1016.39,Low,1245.9,High,533.42,High,564.94,High,778.06,High,39.72,High,416.14,High,Low,596.47,596.47,Low,1015.76,Low,1478.56,Low,3.15,Low,465.32,High,511.98,High,-0.15065616678864846,High,598.99,Low,6636.19,Low,1028.59,High,2414.88,High,145.02,High,80.08,Low,-0.20165063955289378,Low,463.43,High
TCGA-49-AAR9,243.69,High,,,,,,,,,,,,,,,,,,,,,,,,,260.0,1.0,260.0,0.0,61.0,0.0,MALE,,,,0.0,3.0,2.0,,0.9029131144192182,0.9029131144192182,0.10212894899933031,,,230.38,Low,19435.52,High,648.0,Low,2.75,Low,177.6,High,12.85,Low,0.0,8.26,Low,1638.83,High,3391.01,High,5.05,High,34.88,Low,243.23,High,266.18,High,24014.23,High,6.88,Low,9425.93,Low,15.6,Low,96.83,High,23.41,Low,5.51,Low,5.51,Low,0.46,Low,232.68,Low,3.67,Low,5394.22,High,1666.82,High,1320.79,High,1246.72,High,897.66,High,813.68,High,544.29,High,785.68,High,1223.96,High,673.24,Low,5863.24,High,321.25,Low,372.19,High,3398.35,High,45968.79,High,30190.45,High,301.06,High,1672.79,High,2564.94,High,1599.82,High,627.35,High,106.93,High,1.84,Low,10.56,High,1011.47,High,High,3068.38,3068.38,High,2235.89,High,307.94,Low,1753.56,High,1173.47,High,780.63,High,1.2411436690730229,High,712.71,High,39105.09,High,1452.01,High,2842.59,High,156.03,High,307.48,High,0.9342631665780271,High,544.29,High
TCGA-49-AARE,262.63,High,,,,,,,,,,,,,,,,,,,,,,,,,1229.0,1.0,,,51.0,0.0,FEMALE,,15.0,,0.0,1.0,1.0,,0.5897198467123296,0.5897198467123296,0.5281076909335207,,,50.98,Low,702.78,Low,2207.56,High,11.38,High,219.85,High,30.95,Low,1.0,10473.83,Low,1299.04,High,1857.53,High,5.46,High,5.46,Low,176.6,High,179.79,High,10822.94,High,50.98,Low,13583.07,Low,16.84,Low,12.98,Low,18.66,Low,4.1,Low,4.1,Low,1769.81,Low,1512.97,Low,31.41,Low,9605.37,High,769.23,High,836.14,High,322.26,Low,1167.96,High,283.11,High,370.51,High,678.2,High,1473.37,High,627.22,Low,784.71,Low,388.71,Low,13.2,Low,549.39,High,25351.84,High,18122.89,Low,180.25,High,1040.51,High,1979.97,High,1568.96,High,861.17,High,24.12,Low,228.95,High,44.61,High,341.37,Low,Low,473.83,473.83,Low,961.77,Low,1564.41,High,145.65,High,391.44,High,675.92,High,-0.044224026992369665,High,298.59,Low,13885.3,High,1986.73,High,2637.23,High,154.76,High,112.43,High,0.1499367099196644,High,370.51,High
TCGA-49-AARN,143.28,Low,,,,,,,,,,,,,,,,,,,,,,,,,1135.0,1.0,,,56.0,0.0,FEMALE,,,,0.0,1.0,1.0,,0.667321325451817,0.667321325451817,0.4044836017654178,,,691.66,Low,695.52,Low,1529.85,High,0.75,Low,77.61,Low,283.58,High,0.0,218586.57,High,1032.09,Low,838.81,Low,0.75,Low,267.91,High,97.01,Low,68.66,Low,11908.96,High,217.91,Low,14962.18,Low,64.93,High,51.5,Low,39.55,High,23.13,Low,23.13,Low,3703.48,High,1719.4,Low,276.12,Low,1891.79,Low,381.34,Low,676.87,High,229.19,Low,535.07,Low,173.88,Low,199.25,Low,423.88,High,281.34,Low,1447.76,High,1693.28,High,802.99,High,267.16,High,259.7,Low,2695.52,Low,20747.76,High,51.49,Low,1015.67,High,1006.72,Low,905.97,Low,173.13,Low,187.31,High,97.01,High,2.99,Low,317.91,Low,Low,662.69,662.69,Low,830.6,Low,2333.58,High,2.24,Low,511.19,High,43.28,Low,-0.3354039707404423,Low,575.37,Low,8132.09,Low,735.76,Low,2530.6,High,114.18,High,79.1,Low,-0.2289384010889604,Low,199.25,Low
TCGA-49-AARO,257.13,High,,,,,,,,,,,,,,,,,,,,,,,,,3759.0,0.0,3521.0,1.0,39.0,0.0,FEMALE,,,,0.0,1.0,1.0,,,,,0.3656509828841781,1.0060759992223571,1334.07,High,983.57,Low,1585.47,High,2.88,Low,133.18,Low,368.98,High,0.0,35626.98,Low,987.6,Low,824.45,Low,4.04,High,217.35,High,142.98,High,102.05,Low,20989.91,High,168.35,Low,30599.75,High,102.05,High,103.78,High,43.24,High,43.82,High,43.82,High,3265.41,High,2181.61,High,178.73,Low,2363.22,Low,540.21,Low,1173.25,High,312.06,Low,457.19,Low,212.74,Low,322.28,High,442.2,High,528.11,High,1091.38,Low,2191.41,High,323.44,Low,72.07,Low,891.32,High,2429.52,Low,15961.95,Low,132.03,High,768.52,Low,1294.32,High,801.96,Low,345.34,High,532.72,High,1005.48,High,1.73,Low,315.94,Low,Low,400.69,400.69,Low,1099.45,Low,902.28,Low,3.46,Low,1105.22,High,348.8,High,0.11809639712973156,High,1052.18,High,13583.17,High,3619.76,High,2818.68,High,163.16,High,402.42,High,0.5039247620630299,High,322.28,High
TCGA-49-AARQ,294.38,High,,,,,,,,,,,,,,,,,,,,,,,,,6732.0,0.0,6732.0,0.0,41.0,0.0,FEMALE,,60.0,,0.0,2.0,1.0,,,,,,,716.25,Low,716.85,Low,978.65,Low,58.43,High,250.0,High,141.01,Low,1.0,10255.62,Low,1145.51,Low,2317.98,High,2.25,Low,119.66,Low,462.92,High,492.7,High,11464.61,High,219.66,Low,7251.51,Low,28.09,Low,44.38,Low,26.97,High,18.54,Low,18.54,Low,6444.46,High,601.69,Low,11.24,Low,633.15,Low,973.03,High,1342.13,High,531.43,High,1894.94,High,350.56,High,504.49,High,2985.96,High,287.08,Low,239.33,Low,819.1,Low,174.72,Low,169.1,High,59.55,Low,29054.49,High,11279.78,Low,79.78,Low,1716.29,High,752.81,Low,2557.87,High,2860.11,High,43.26,Low,7.87,Low,0.0,Low,941.57,High,Low,548.88,548.88,Low,157.3,Low,2549.44,High,5.62,High,407.3,High,827.53,High,-0.039799784606771284,High,280.9,Low,4565.73,Low,465.66,Low,420.22,Low,184.27,High,91.57,Low,-0.4813057468997027,Low,504.49,High
TCGA-49-AARR,68.38,Low,,,,,,,,,,,,,,,,,,,,,,,,,4992.0,0.0,4812.0,1.0,68.0,1.0,MALE,,,,0.0,1.0,1.0,,,,,0.13711911858156678,1.9869052522340833,834.73,Low,881.23,Low,859.8,Low,3.57,Low,130.12,Low,253.6,High,0.0,125718.08,High,747.03,Low,158.18,Low,3.57,High,111.75,Low,26.02,Low,40.82,Low,4792.45,Low,1052.17,High,26118.54,High,94.4,High,376.07,High,30.11,High,137.26,High,137.26,High,1277.47,Low,4665.9,High,538.33,High,3291.75,High,186.25,Low,427.61,Low,73.01,Low,148.49,Low,27.04,Low,236.76,Low,104.61,Low,77.05,Low,1502.74,High,1705.32,High,393.93,Low,76.54,Low,358.21,High,7852.02,High,13442.53,Low,25.0,Low,429.14,Low,526.6,Low,375.05,Low,1268.02,High,702.64,High,5426.2,High,50.52,High,58.17,Low,Low,332.7,332.7,Low,961.86,Low,2122.72,High,0.0,Low,685.29,High,36.74,Low,-0.24661075498758234,High,876.13,High,7887.23,Low,378.55,Low,1090.45,Low,246.97,High,190.84,High,-0.14498990250324273,High,236.76,Low
TCGA-4B-A93V,108.73,Low,,,,,,,,,,,,,,,,,,,,,,,,,300.0,1.0,251.0,1.0,52.0,0.0,FEMALE,,30.0,0.0,0.0,1.0,1.0,,0.9221105831661501,0.9221105831661501,0.08109012425949262,0.9252013067139182,0.07774393626752973,319.42,Low,1017.05,Low,3478.36,High,0.48,Low,373.82,High,59.18,Low,1.0,96779.63,Low,1264.33,High,401.72,Low,12.99,High,0.0,Low,98.14,Low,198.21,High,7337.75,Low,39.45,Low,10592.28,Low,661.51,High,286.74,High,13.47,Low,12.99,Low,12.99,Low,3902.66,High,641.79,Low,1252.79,High,2422.34,Low,350.24,Low,555.67,Low,267.22,Low,904.95,High,155.88,Low,116.43,Low,815.47,High,1023.3,High,1385.09,High,641.31,Low,336.77,Low,17.32,Low,8.18,Low,5139.6,Low,35556.7,High,210.24,High,1113.75,High,1467.84,High,1526.53,High,716.84,High,5.29,Low,0.48,Low,0.48,Low,988.18,High,High,892.92,892.92,High,763.03,Low,1500.55,Low,0.48,Low,141.92,Low,32.23,Low,-0.5381629630331289,Low,800.07,High,9362.7,Low,570.55,Low,1417.8,Low,116.43,High,127.01,High,-0.31595368805552554,Low,116.43,Low
TCGA-50-5044,189.36,High,none,0.0,p.D594H,1.0,none,none,N,Y,none,0.0,none,none,none,none,0.0,none,none,none,p.E542K,1.0,none,,none,0.0,624.0,1.0,483.0,1.0,72.0,1.0,FEMALE,,,0.0,1.0,4.0,3.0,,0.7546270208266669,0.7546270208266669,0.2815316639474271,0.7527434822191105,0.2840307702840032,186.28,Low,775.84,Low,935.52,Low,3.07,Low,48.11,Low,93.14,Low,0.0,186064.48,High,1487.21,High,2726.71,High,4.09,High,188.33,High,233.37,High,85.98,Low,1379.73,Low,295.8,High,138032.05,High,230.3,High,74.72,Low,10.24,Low,196.52,High,196.52,High,1817.86,Low,5097.24,High,121.8,Low,3991.81,High,1178.1,High,694.98,High,761.7,High,1845.45,High,627.43,High,193.45,Low,467.76,High,1063.46,High,977.48,Low,1346.98,Low,60.39,Low,21.49,Low,228.25,Low,2906.86,Low,29559.88,High,225.18,High,709.31,Low,983.62,Low,760.49,Low,40.94,Low,51.18,Low,682.7,High,4452.41,High,724.67,High,Low,571.14,571.14,Low,474.92,Low,586.49,Low,1.02,Low,1075.74,High,44.01,Low,-0.03461774999398807,High,933.47,High,25140.23,High,5710.26,High,5957.01,High,418.63,High,2334.7,High,3.0094188627752816,High,193.45,Low
TCGA-50-5045,150.59,Low,,,,,,,,,,,,,,,,,,,,,,,,,2174.0,1.0,1433.0,1.0,57.0,0.0,FEMALE,1.8,,0.0,1.0,2.0,,0.4,0.36719325966007577,0.36719325966007577,1.0018669764498211,0.42455406094986686,0.8567159292783855,323.6,Low,1270.73,Low,868.02,Low,24.53,High,92.22,Low,91.37,Low,0.0,77613.79,Low,909.9,Low,961.51,High,1.27,Low,77.83,Low,229.27,High,68.53,Low,5154.4,Low,329.1,High,35794.45,High,119.71,High,609.56,High,168.36,High,94.33,High,94.33,High,2074.56,Low,5224.2,High,348.56,Low,5167.94,High,725.04,High,671.32,High,344.51,High,825.3,High,320.22,High,154.82,Low,254.23,Low,406.51,Low,950.51,Low,793.15,Low,290.19,Low,192.89,High,332.91,High,4841.37,Low,12906.09,Low,159.48,High,911.17,Low,902.28,Low,1213.62,High,105.75,Low,113.79,High,190.36,High,49.07,High,386.21,High,Low,576.99,576.99,Low,1125.21,Low,1535.53,Low,7.19,High,233.5,Low,37.65,Low,-0.48347891051247444,Low,968.27,High,18916.67,High,1829.07,High,3922.59,High,382.83,High,187.39,High,0.8816898960841536,High,154.82,Low
TCGA-50-5049,186.94,Low,none,0.0,none,0.0,none,none,N,N,none,0.0,none,p.Q1126*,none,none,0.0,none,none,none,none,0.0,p.D551N,,none,0.0,3094.0,0.0,2544.0,1.0,70.0,1.0,MALE,2.0,,0.0,0.0,2.0,1.0,0.3,,,,0.45706372860522254,0.7829324479081474,352.12,Low,965.4,Low,839.29,Low,15.63,High,211.5,High,71.43,Low,0.0,19647.88,Low,1209.82,High,762.28,Low,1.12,Low,183.59,High,202.57,High,80.92,Low,2845.42,Low,275.11,High,33212.08,High,136.16,High,180.25,High,39.62,High,26.23,Low,26.23,Low,1615.14,Low,2589.84,High,151.79,Low,6022.88,High,981.03,High,560.27,Low,477.57,High,558.04,Low,313.06,High,194.2,Low,346.54,Low,473.21,High,1305.8,High,633.37,Low,401.79,Low,78.68,Low,297.43,High,3224.89,Low,21731.03,High,170.2,High,1069.2,High,1283.48,High,1365.51,High,175.22,High,50.22,Low,116.07,High,8.37,High,633.37,High,Low,866.07,866.07,Low,1599.89,High,1046.32,Low,17.3,High,241.07,Low,588.17,High,-0.22908891632968323,High,746.09,High,17808.59,High,1605.98,High,1934.15,High,146.21,High,186.94,High,0.1640142307573422,High,194.2,Low
TCGA-50-5051,157.24,Low,none,0.0,none,0.0,none,none,Y,Y,none,0.0,none,none,none,p.G12C,1.0,none,none,none,none,0.0,none,,none,0.0,478.0,1.0,184.0,1.0,42.0,0.0,FEMALE,1.2,30.0,0.0,2.0,2.0,3.0,0.4,0.8562003855479727,0.8562003855479727,0.1552508349700931,0.9632359861008873,0.03745684414034417,125.48,Low,1193.65,Low,1920.99,High,3.87,Low,144.85,Low,72.04,Low,1.0,866278.08,High,1395.82,High,616.58,Low,7.75,High,361.74,High,334.62,High,103.02,Low,5261.04,Low,134.78,Low,8571.24,Low,20.14,Low,34.86,Low,30.98,High,3.87,Low,3.87,Low,7773.31,High,1733.54,Low,4706.43,High,661.5,Low,940.36,High,602.63,Low,355.67,High,2153.37,High,374.13,High,140.98,Low,268.78,Low,758.33,High,1109.22,Low,845.08,Low,579.4,Low,79.01,Low,25.56,Low,8553.83,High,27398.92,High,79.78,Low,845.08,Low,1704.88,High,775.37,Low,1089.85,High,38.73,Low,43.38,High,0.0,Low,494.19,High,High,1163.44,1163.44,High,664.6,Low,2477.92,High,77.46,High,58.09,Low,17.04,Low,-0.5502984474015506,Low,609.61,High,8244.0,Low,1145.61,High,872.19,Low,64.29,Low,120.06,High,-0.45736551269693493,Low,140.98,Low
TCGA-50-5055,100.5,Low,none,0.0,none,0.0,none,none,N,N,none,0.0,none,none,none,none,0.0,none,none,none,none,0.0,none,,none,0.0,1830.0,1.0,771.0,1.0,79.0,1.0,FEMALE,1.9,,0.0,1.0,1.0,2.0,0.1,0.3901428383888305,0.3901428383888305,0.9412423546333863,0.6233880888298919,0.4725860186169812,184.39,Low,1046.51,Low,1745.85,High,4.98,High,56.48,Low,83.06,Low,0.0,138792.36,High,984.22,Low,731.73,Low,4.15,High,299.0,High,135.38,High,90.53,Low,3838.87,Low,578.07,High,35900.8,High,31.56,Low,105.48,High,164.45,High,24.09,Low,24.09,Low,976.31,Low,4307.31,High,116.28,Low,2265.78,Low,524.92,Low,635.38,High,308.93,Low,563.12,Low,186.88,Low,142.03,Low,197.67,Low,275.75,Low,1294.85,High,1230.07,Low,385.38,Low,117.11,Low,297.34,High,1455.98,Low,19373.75,Low,100.5,Low,735.05,Low,749.17,Low,1098.01,High,231.73,High,256.64,High,785.71,High,59.8,High,197.67,Low,Low,791.53,791.53,Low,1196.01,Low,1050.66,Low,15.78,High,386.21,High,127.08,Low,-0.3578167008459441,Low,834.72,High,12829.73,High,734.14,Low,1558.97,High,297.34,High,307.31,High,0.2402342867626439,High,142.03,Low
TCGA-50-5066,297.91,High,,,,,,,,,,,,,,,,,,,,,,,,,1442.0,0.0,1442.0,0.0,72.0,1.0,MALE,1.5,,0.0,0.0,2.0,1.0,0.2,,,,,,117.6,Low,1442.51,High,1134.15,Low,2.61,Low,141.99,Low,88.85,Low,0.0,18595.82,Low,1843.21,High,2642.86,High,3.48,High,114.11,Low,1018.29,High,208.19,High,1297.91,Low,150.7,Low,24650.02,High,87.11,High,263.07,High,60.98,High,162.89,High,162.89,High,1072.91,Low,3427.7,High,116.72,Low,16514.81,High,3170.73,High,1000.0,High,1251.24,High,2564.46,High,973.87,High,170.73,Low,331.01,Low,753.48,High,2063.59,High,619.34,Low,279.62,Low,54.88,Low,870.21,High,2670.73,Low,10900.7,Low,291.81,High,1217.77,High,3192.51,High,2192.51,High,71.43,Low,52.26,Low,13.07,Low,31.36,High,879.79,High,High,1412.02,1412.02,High,1027.0,Low,1160.28,Low,62.72,High,514.81,High,1540.94,High,0.3644491857537277,High,363.24,Low,22594.95,High,1105.28,High,3601.92,High,214.29,High,270.03,High,0.6254454459237463,High,170.73,Low
TCGA-50-5068,155.62,Low,none,0.0,none,0.0,none,none,N,N,none,0.0,none,none,none,none,0.0,none,none,none,none,0.0,none,,none,0.0,1499.0,1.0,686.0,1.0,59.0,0.0,FEMALE,1.4,,,1.0,2.0,2.0,0.3,0.5118475785132443,0.5118475785132443,0.6697283964798595,0.7293805340353292,0.3155596886037537,128.24,Low,973.08,Low,836.26,Low,6.84,High,109.45,Low,277.9,High,0.0,96463.62,Low,1048.32,Low,1047.47,High,2.57,Low,1957.27,High,289.87,High,146.22,High,1831.57,Low,237.71,High,12951.32,Low,55.58,Low,160.75,High,42.75,High,34.2,High,34.2,High,3190.11,High,1247.56,Low,232.58,Low,4145.41,High,1453.63,High,664.39,High,592.04,High,790.09,High,225.74,Low,70.12,Low,177.86,Low,176.15,Low,782.39,Low,727.67,Low,709.71,Low,171.02,High,359.13,High,3162.07,Low,13785.53,Low,214.62,High,460.89,Low,719.12,Low,1444.22,High,652.42,High,431.81,High,95.77,High,3.42,Low,252.25,Low,Low,565.2,565.2,Low,951.7,Low,4437.84,High,0.86,Low,224.03,Low,258.23,High,-0.3935238842005462,Low,407.02,Low,12932.16,High,435.11,Low,1103.9,Low,125.7,High,78.67,Low,-0.2821680505558434,Low,70.12,Low
TCGA-50-5072,602.31,High,none,0.0,none,0.0,none,none,N,N,none,0.0,none,none,none,none,0.0,none,none,none,none,0.0,none,,p.K97_splice,1.0,250.0,1.0,213.0,1.0,74.0,1.0,MALE,1.2,15.0,0.0,2.0,2.0,3.0,0.3,0.9117652037762694,0.9117652037762694,0.0923727740539656,0.9185075103953584,0.08500519755542374,931.63,Low,2594.0,High,1060.97,Low,5.54,High,141.34,Low,84.06,Low,1.0,82275.29,Low,1563.97,High,3108.08,High,23.56,High,59.12,Low,547.81,High,307.16,High,16668.36,High,370.9,High,13575.58,Low,45.27,Low,297.0,High,22.17,Low,141.34,High,141.34,High,908.96,Low,1684.06,Low,374.13,Low,12296.07,High,1440.18,High,1682.68,High,1083.67,High,3165.82,High,1016.63,High,776.91,High,443.88,High,2007.39,High,1088.68,Low,2747.34,High,804.62,High,167.67,High,526.1,High,23332.56,High,20622.17,High,762.12,High,3268.82,High,3800.46,High,2461.89,High,112.7,Low,48.96,Low,82.22,High,13.39,High,1450.35,High,High,4190.3,4190.3,High,,,714.55,Low,2154.27,High,550.12,High,1985.68,High,1.6501639815373264,High,394.92,Low,17021.71,High,1481.22,High,2631.41,High,178.75,High,335.33,High,0.36354385233038017,High,776.91,High
TCGA-50-5930,201.86,High,,,,,,,,,,,,,,,,,,,,,,,,,282.0,1.0,177.0,1.0,47.0,0.0,MALE,,,0.0,2.0,2.0,3.0,,0.8851217230020907,0.8851217230020907,0.12203010331662528,0.9395971075711869,0.06230410456398758,455.47,Low,1237.74,Low,1568.43,High,11.95,High,288.19,High,132.81,Low,0.0,165531.07,High,739.73,Low,764.96,Low,1.33,Low,9.3,Low,122.18,Low,85.0,Low,10945.81,High,282.88,High,20070.49,High,35.86,Low,184.6,High,1.33,Low,61.09,High,61.09,High,1456.61,Low,2203.24,High,110.23,Low,5297.6,High,316.08,Low,856.59,High,420.17,High,679.96,High,269.59,High,201.86,Low,387.79,High,351.93,Low,693.24,Low,1657.41,High,786.21,Low,66.4,Low,573.72,High,7519.43,Low,56104.89,High,237.72,High,1073.07,High,1147.44,Low,1100.96,High,23.9,Low,63.75,Low,71.71,High,51.79,High,272.25,Low,High,1087.67,1087.67,High,2369.24,High,1585.69,High,590.98,High,241.71,Low,498.02,High,0.024259788697026673,High,528.56,Low,18914.12,High,1601.59,High,1410.39,Low,181.94,High,199.21,High,0.19968480172204775,High,201.86,Low
TCGA-50-5931,466.54,High,none,0.0,none,0.0,none,none,N,N,none,0.0,none,none,none,none,0.0,none,none,none,none,0.0,none,,none,0.0,434.0,1.0,425.0,1.0,75.0,1.0,FEMALE,1.7,40.0,0.0,0.0,2.0,1.0,0.3,0.8710289838314409,0.8710289838314409,0.13808002618335255,0.8743060985785209,0.13432473743528825,660.97,Low,1554.29,High,728.54,Low,0.63,Low,146.46,Low,17.05,Low,1.0,4384.47,Low,2798.61,High,1856.06,High,12.63,High,380.68,High,144.57,High,269.57,High,3689.39,Low,207.7,Low,7544.19,Low,6.94,Low,103.54,High,13.26,Low,123.11,High,123.11,High,37.13,Low,878.16,Low,106.69,Low,743.69,Low,738.64,High,1464.02,High,687.32,High,1620.58,High,391.41,High,718.43,High,1138.26,High,903.41,High,3998.11,High,791.67,Low,220.33,Low,10.73,Low,35.35,Low,1864.27,Low,14521.46,Low,265.15,High,7774.62,High,4094.07,High,2416.67,High,536.62,High,3185.61,High,40283.46,High,139.52,High,640.15,High,High,2440.66,2440.66,High,2298.61,High,316.92,Low,1705.81,High,128.79,Low,678.03,High,0.6139012197922197,High,328.28,Low,8130.68,Low,1407.18,High,690.66,Low,116.16,High,153.41,High,-0.3466805701055628,Low,718.43,High
TCGA-50-5932,134.66,Low,none,0.0,none,0.0,none,none,Y,Y,none,0.0,none,none,none,p.G12C,1.0,none,none,none,none,0.0,none,,p.N181Y,1.0,1235.0,1.0,1090.0,1.0,75.0,1.0,MALE,1.4,,0.0,1.0,2.0,2.0,0.5,0.5236313678568,0.5236313678568,0.646967338687332,0.5100720139273012,0.673203359453059,2106.8,High,2446.8,High,1738.57,High,1.25,Low,139.65,Low,269.74,High,0.0,771774.31,High,1635.08,High,405.65,Low,2.91,Low,63.59,Low,60.27,Low,57.77,Low,16598.5,High,123.86,Low,6643.1,Low,22.44,Low,12.88,Low,2.08,Low,5.4,Low,5.4,Low,4848.39,High,848.71,Low,3009.98,High,1770.57,Low,320.86,Low,439.73,Low,211.95,Low,583.54,Low,172.07,Low,167.5,Low,367.83,Low,307.98,Low,686.2,Low,1438.07,High,2528.68,High,22.44,Low,425.6,High,7637.99,Low,34155.03,High,57.36,Low,411.89,Low,477.97,Low,810.47,Low,2.08,Low,19.53,Low,6.23,Low,0.42,Low,261.43,Low,High,964.67,964.67,High,,,2605.15,High,5.82,High,343.31,Low,21.2,Low,-0.43294175275546926,Low,700.33,High,12987.53,High,226.91,Low,886.53,Low,16.63,Low,36.58,Low,-0.5456338514045884,Low,167.5,Low
TCGA-50-5933,637.83,High,none,0.0,none,0.0,none,none,N,N,none,0.0,none,none,none,none,0.0,none,p.C98F,none,none,0.0,none,,none,0.0,2393.0,1.0,2393.0,0.0,72.0,1.0,MALE,1.7,,0.0,2.0,4.0,3.0,0.5,0.3409651696843561,0.3409651696843561,1.075974948603543,,,5771.07,High,1709.38,High,1280.25,Low,1.02,Low,257.17,High,165.84,Low,0.0,5089.87,Low,1162.38,Low,901.12,High,1.02,Low,0.0,Low,142.36,High,159.71,High,6691.58,Low,128.59,Low,31465.06,High,522.51,High,184.51,High,26.53,High,94.91,High,94.91,High,1876.74,Low,3342.22,High,171.45,Low,3452.44,High,855.71,High,680.69,High,537.62,High,1109.31,High,332.69,High,564.86,High,478.63,High,811.32,High,4619.92,High,1534.36,High,566.39,Low,341.37,High,819.99,High,24220.13,High,31456.16,High,189.31,High,1684.89,High,3047.8,High,1977.27,High,1.53,Low,1.53,Low,5.61,Low,64.29,High,640.89,High,High,977.15,977.15,High,2532.43,High,427.6,Low,1.53,Low,626.6,High,305.14,High,-0.15759135858147408,High,1012.36,High,24689.06,High,2541.08,High,4007.6,High,279.11,High,458.22,High,1.093846376061479,High,564.86,High
TCGA-50-5935,111.41,Low,none,0.0,none,0.0,none,none,N,N,none,0.0,none,none,none,none,0.0,none,none,none,none,0.0,none,,none,0.0,653.0,1.0,653.0,0.0,86.0,1.0,FEMALE,,,0.0,0.0,1.0,1.0,,0.7323473950433919,0.7323473950433919,0.3115002942072946,,,1498.62,High,2864.24,High,2815.22,High,2.55,Low,221.55,High,1102.66,High,0.0,391000.48,High,1215.34,High,159.16,Low,2.55,Low,100.59,Low,78.94,Low,34.38,Low,10780.2,High,141.33,Low,18872.29,High,47.11,Low,14.01,Low,34.38,High,36.29,High,36.29,High,5883.55,High,1727.2,Low,1300.65,High,1650.17,Low,195.45,Low,483.21,Low,114.87,Low,360.97,Low,119.69,Low,95.5,Low,207.54,Low,190.99,Low,501.03,Low,1152.32,Low,2826.04,High,941.59,High,150.88,Low,9000.16,High,26181.76,High,36.29,Low,414.45,Low,577.43,Low,613.08,Low,133.06,Low,38.84,Low,1.27,Low,0.0,Low,297.31,Low,Low,226.01,226.01,Low,1280.28,Low,2135.29,High,0.64,Low,234.28,Low,254.02,High,-0.39004481807942737,Low,888.11,High,8112.05,Low,678.61,Low,549.42,Low,53.48,Low,83.4,Low,-0.58545892271089,Low,95.5,Low
TCGA-50-5936,294.59,High,none,0.0,none,0.0,none,none,N,N,none,0.0,none,none,none,none,0.0,none,none,none,none,0.0,none,,none,0.0,257.0,1.0,150.0,1.0,58.0,0.0,MALE,0.9,,0.0,2.0,2.0,3.0,0.3,0.9073391590977438,0.9073391590977438,0.09723896370513851,0.9654688312071026,0.035141460175206606,1342.11,High,1830.41,High,1393.27,High,3.65,Low,147.66,Low,40.2,Low,0.0,112845.03,High,1509.5,High,1146.2,High,2.19,Low,69.44,Low,160.82,High,244.88,High,9461.26,High,190.06,Low,17731.81,High,32.89,Low,100.88,High,4.39,Low,17.54,Low,17.54,Low,915.29,Low,1379.39,Low,143.27,Low,32112.57,High,943.71,High,810.67,High,363.6,High,1279.24,High,377.92,High,266.08,Low,472.22,High,694.44,High,1625.73,High,1762.43,High,1030.7,High,201.02,High,334.8,High,11013.16,High,17054.82,Low,186.4,High,1152.05,High,1578.95,High,1118.42,High,49.71,Low,152.78,High,217.84,High,16.08,High,263.16,Low,High,1994.88,1994.88,High,,,545.32,Low,872.08,High,355.99,High,1081.14,High,0.48855856591796415,High,366.23,Low,29026.32,High,1535.06,High,3326.75,High,82.6,Low,367.69,High,0.631817061756782,High,266.08,Low
TCGA-50-5939,289.38,High,none,0.0,none,0.0,none,none,N,N,none,0.0,none,none,none,none,0.0,none,none,none,none,0.0,none,,none,0.0,460.0,1.0,460.0,0.0,85.0,1.0,MALE,1.2,15.0,0.0,0.0,2.0,1.0,0.4,0.8208570436722803,0.8208570436722803,0.19740630932906825,,,21145.13,High,900.29,Low,1253.98,Low,3.42,Low,164.19,High,69.1,Low,1.0,37200.62,Low,980.33,Low,1409.27,High,4.79,High,62.94,Low,170.34,High,121.77,High,4423.47,Low,241.49,High,25540.62,High,127.24,High,506.24,High,22.58,Low,113.56,High,113.56,High,211.63,Low,1734.91,Low,303.06,Low,7601.85,High,469.98,Low,664.96,High,628.53,High,1063.11,High,430.99,High,389.26,High,381.73,High,604.07,High,5736.96,High,5719.17,High,233.97,Low,503.51,High,303.06,High,9222.51,High,29743.8,High,125.88,High,1102.79,High,1536.51,High,1340.86,High,2.05,Low,27.36,Low,13.0,Low,7.53,High,507.61,High,High,1533.09,1533.09,High,2205.58,High,472.72,Low,1.37,Low,984.44,High,160.77,Low,-0.031129118589582856,High,379.68,Low,82727.55,High,3595.66,High,2353.34,High,448.09,High,550.03,High,2.9295539513278195,High,389.26,High
TCGA-50-5941,199.36,High,none,0.0,p.G327_splice,1.0,none,none,Y,Y,none,0.0,none,none,none,p.G12A,1.0,none,none,none,none,0.0,none,,none,0.0,1474.0,0.0,1474.0,0.0,55.0,0.0,FEMALE,1.0,25.0,0.0,2.0,2.0,3.0,0.3,,,,,,1576.92,High,3282.69,High,673.08,Low,7.69,High,151.28,Low,226.28,High,1.0,92831.41,Low,1286.54,High,1033.33,High,1.92,Low,317.95,High,167.31,High,150.64,High,8703.21,Low,295.51,High,17613.74,High,200.64,High,74.36,Low,40.38,High,118.59,High,118.59,High,2429.78,Low,2304.49,High,430.13,Low,3756.41,High,595.51,High,628.85,Low,485.31,High,915.38,High,417.95,High,310.26,High,421.15,High,610.26,High,1366.03,High,1401.28,Low,696.79,Low,101.92,Low,159.62,Low,9421.15,High,29423.08,High,137.18,High,1487.18,High,1627.56,High,1614.1,High,33.33,Low,61.54,Low,66.67,High,5.77,Low,626.28,High,High,1043.59,1043.59,High,1580.77,High,1705.13,High,0.64,Low,663.46,High,130.13,Low,-0.21633270019395212,High,908.97,High,9981.41,Low,791.01,High,1650.0,High,85.9,Low,119.23,High,-0.3085730207201659,Low,310.26,High
TCGA-50-5942,88.86,Low,none,0.0,p.V600E,1.0,none,none,N,Y,none,0.0,none,none,none,none,0.0,none,none,none,none,0.0,none,,none,0.0,1847.0,0.0,1378.0,1.0,67.0,1.0,FEMALE,1.0,30.0,0.0,0.0,1.0,1.0,0.3,,,,0.4415362233878615,0.8174952161251041,3963.68,High,671.92,Low,1737.65,High,1.28,Low,201.38,High,1347.67,High,1.0,323461.1,High,1153.96,Low,104.21,Low,2.56,Low,1921.77,High,6.39,Low,20.46,Low,8403.1,Low,805.53,High,14055.5,Low,31.97,Low,21.74,Low,10.87,Low,28.77,High,28.77,High,4639.62,High,2592.4,High,1181.45,High,1025.45,Low,123.39,Low,455.19,Low,43.15,Low,120.83,Low,26.85,Low,113.16,Low,60.73,Low,56.26,Low,2084.79,High,1839.3,High,1737.65,High,129.78,High,62.65,Low,4761.59,Low,14760.4,Low,10.23,Low,467.98,Low,550.45,Low,357.37,Low,705.8,High,1324.01,High,185.4,High,3.2,Low,62.65,Low,Low,482.04,482.04,Low,1338.72,Low,3401.13,High,0.64,Low,524.23,High,15.34,Low,-0.341710833742322,Low,932.75,High,9273.84,Low,164.28,Low,231.43,Low,71.6,Low,66.49,Low,-0.6188403927898944,Low,113.16,Low
TCGA-50-5944,101.23,Low,none,0.0,none,0.0,none,none,Y,Y,p.L858R,1.0,none,none,none,none,0.0,none,none,none,none,0.0,none,,none,0.0,1750.0,0.0,1750.0,0.0,69.0,1.0,FEMALE,,,0.0,0.0,1.0,1.0,,,,,,,3727.99,High,1313.61,Low,426.89,Low,1.22,Low,167.71,High,581.19,High,0.0,199768.26,High,1378.26,High,574.48,Low,1.83,Low,587.28,High,46.35,Low,33.54,Low,17041.62,High,882.45,High,27980.42,High,33.54,Low,24.39,Low,6.71,Low,54.89,High,54.89,High,3337.64,High,3713.37,High,1898.46,High,2287.54,Low,306.14,Low,547.64,Low,152.89,Low,132.34,Low,142.7,Low,212.23,Low,172.59,Low,149.41,Low,694.62,Low,2160.7,High,389.69,Low,97.58,Low,351.27,High,1980.18,Low,24411.04,High,62.2,Low,662.91,Low,721.45,Low,802.56,Low,47.57,Low,724.5,High,29.27,Low,0.0,Low,415.31,High,Low,507.39,507.39,Low,1681.35,High,2627.23,High,0.0,Low,114.04,Low,370.18,High,-0.4027635282252229,Low,737.92,High,16454.34,High,252.45,Low,592.77,Low,67.08,Low,140.88,High,-0.33305564486743827,Low,212.23,Low
TCGA-50-5946,489.55,High,,,,,,,,,,,,,,,,,,,,,,,,,1617.0,0.0,811.0,1.0,62.0,0.0,MALE,1.5,,,0.0,1.0,1.0,0.3,,,,0.6568032005938679,0.4203708478444216,3144.37,High,841.11,Low,271.15,Low,1.93,Low,383.4,High,542.62,High,0.0,868.45,Low,2344.48,High,3338.69,High,1.61,Low,0.32,Low,227.4,High,413.32,High,14924.09,High,361.53,High,10709.44,Low,28.63,Low,19.62,Low,12.22,Low,19.62,Low,19.62,Low,4057.15,High,635.25,Low,16.4,Low,1486.97,Low,3014.47,High,1219.68,High,1236.8,High,1735.28,High,1180.12,High,863.62,High,1549.69,High,1440.01,High,781.6,Low,2383.72,High,1518.17,High,73.66,Low,206.18,Low,4383.08,Low,29979.41,High,260.53,High,4173.37,High,2699.58,High,1444.52,High,1962.05,High,607.91,High,94.56,High,163.07,High,995.18,High,High,3098.75,3098.75,High,2326.79,High,997.43,Low,1681.89,High,2464.78,High,2513.99,High,2.6651887271280073,High,496.62,Low,15929.56,High,730.12,Low,613.38,Low,82.34,Low,85.88,Low,-0.3061552898810748,Low,863.62,High
TCGA-50-6590,490.76,High,,,,,,,,,,,,,,,,,,,,,,,,,1288.0,1.0,1288.0,0.0,72.0,1.0,FEMALE,1.6,50.0,0.0,0.0,2.0,1.0,0.3,0.4927791105035352,0.4927791105035352,0.707694257061577,,,3715.74,High,1295.65,Low,430.98,Low,3.26,Low,215.76,High,75.0,Low,1.0,1059.24,Low,1443.48,High,1388.04,High,5.43,High,1.09,Low,895.65,High,199.46,High,5244.02,Low,76.09,Low,28927.89,High,476.09,High,500.54,High,84.78,High,56.52,High,56.52,High,6.52,Low,3334.24,High,215.76,Low,6221.74,High,911.41,High,945.65,High,1159.95,High,1871.2,High,1244.02,High,503.8,High,542.93,High,1170.65,High,4816.85,High,1705.43,High,137.5,Low,82.61,Low,422.28,High,10860.33,High,30629.89,High,257.07,High,2213.59,High,1942.39,High,2333.15,High,1.09,Low,195.11,High,3920.65,High,22.83,High,1332.07,High,High,1601.63,1601.63,High,2361.96,High,34.78,Low,1029.89,High,1350.54,High,858.15,High,1.000299027066932,High,623.37,High,16009.24,High,5485.82,High,2259.78,High,346.74,High,288.59,High,0.9325260963068995,High,503.8,High
TCGA-50-6591,665.47,High,,,,,,,,,,,,,,,,,,,,,,,,,119.0,1.0,119.0,0.0,63.0,0.0,FEMALE,0.9,,1.0,0.0,2.0,4.0,0.7,0.9790470796855988,0.9790470796855988,0.021175548041397617,,,24089.09,High,1225.81,Low,354.84,Low,5.38,High,129.03,Low,46.59,Low,0.0,193.55,Low,3789.73,High,3152.33,High,1.19,Low,4.78,Low,449.82,High,379.33,High,2374.55,Low,878.73,High,46720.25,High,5.38,Low,8.36,Low,3.58,Low,40.62,High,40.62,High,629.04,Low,1252.09,Low,8.36,Low,1412.19,Low,1307.65,High,1748.51,High,1316.68,High,3020.31,High,2325.57,High,571.68,High,1231.78,High,1440.26,High,1626.05,High,1905.02,High,307.05,Low,33.45,Low,51.97,Low,4375.15,Low,21461.77,High,260.45,High,2986.86,High,4129.03,High,2934.29,High,102.75,Low,20.31,Low,0.6,Low,0.0,Low,2675.63,High,High,1215.05,1215.05,High,1286.74,Low,275.39,Low,5062.13,High,2166.07,High,3308.84,High,4.587230904463488,High,331.54,Low,12132.62,High,24197.9,High,448.03,Low,267.62,High,128.43,High,2.1064183732977826,High,571.68,High
TCGA-50-6592,309.98,High,,,,,,,,,,,,,,,,,,,,,,,,,777.0,1.0,777.0,0.0,71.0,1.0,FEMALE,2.0,,0.0,0.0,2.0,1.0,0.3,0.6758689681420599,0.6758689681420599,0.3917560558368107,,,676.88,Low,2374.05,High,1407.73,High,0.43,Low,325.82,High,45.38,Low,0.0,5142.43,Low,1324.25,High,2460.97,High,8.99,High,45.38,Low,358.36,High,308.26,High,14923.79,High,740.26,High,15808.95,Low,83.49,High,473.95,High,24.4,Low,29.11,High,29.11,High,51.58,Low,877.27,Low,77.49,Low,10575.14,High,780.5,High,1706.15,High,1001.17,High,1709.58,High,642.64,High,620.38,High,349.79,Low,937.21,High,2051.23,High,1912.52,High,705.58,Low,286.0,High,773.65,High,24262.87,High,24178.1,High,306.98,High,1919.37,High,2549.59,High,1738.69,High,191.81,High,27.83,Low,26.12,Low,31.68,High,1090.48,High,High,4316.54,4316.54,High,2587.0,,536.89,Low,1159.84,High,1736.55,High,1561.87,High,1.5859885988741527,High,473.1,Low,23275.15,High,1769.91,High,2880.12,High,164.41,High,244.9,High,0.5129174229180002,High,620.38,High
TCGA-50-6593,223.86,High,none,0.0,none,0.0,none,none,N,N,none,0.0,none,none,none,none,0.0,none,none,none,none,0.0,none,,none,0.0,336.0,1.0,266.0,1.0,49.0,0.0,FEMALE,,,0.0,2.0,1.0,3.0,,0.8627006757640413,0.8627006757640413,0.1476874895870079,0.8859858039344203,0.12105435115280126,1477.85,High,1032.07,Low,513.79,Low,9.62,High,157.15,Low,350.22,High,0.0,49786.4,Low,1198.85,High,757.54,Low,8.98,High,141.76,Low,144.96,High,173.19,High,8051.96,Low,173.83,Low,27689.15,High,121.87,High,17.32,Low,29.51,High,23.09,Low,23.09,Low,2770.22,Low,3112.89,High,203.34,Low,2264.91,Low,861.45,High,450.93,Low,450.25,High,707.5,High,282.23,High,475.3,High,296.99,Low,1059.65,High,1150.1,Low,1668.38,High,658.76,Low,139.83,High,747.27,High,15656.83,High,19641.44,Low,157.79,High,814.62,Low,1946.76,High,1718.41,High,169.98,Low,291.85,High,1149.45,High,15.39,High,356.0,Low,Low,844.77,844.77,Low,1601.67,High,1282.87,Low,12.19,High,109.04,Low,62.86,Low,-0.5360727348645251,Low,520.21,Low,11584.99,Low,1343.66,High,1792.82,High,103.91,High,98.78,Low,-0.17583416577467764,High,475.3,High
TCGA-50-6594,288.73,High,,,,,,,,,,,,,,,,,,,,,,,,,370.0,1.0,285.0,1.0,79.0,1.0,FEMALE,1.5,,0.0,2.0,3.0,3.0,0.3,0.8445850786205414,0.8445850786205414,0.16890980343856501,0.8584707168557114,0.1526027088877274,691.51,Low,1002.82,Low,948.59,Low,1.41,Low,273.94,High,87.32,Low,0.0,189.44,Low,1217.61,High,2698.59,High,2.11,Low,2.11,Low,138.73,High,190.85,High,10725.35,High,71.13,Low,8719.19,Low,1650.7,High,56.7,Low,28.17,High,67.61,High,67.61,High,4112.08,High,491.55,Low,92.96,Low,2544.37,Low,1106.34,High,884.51,High,739.99,High,1488.73,High,285.92,High,988.03,High,522.54,High,938.73,High,297.18,Low,992.25,Low,357.04,Low,47.89,Low,89.44,Low,4876.06,Low,20607.04,High,220.42,High,1769.01,High,1661.97,High,1800.0,High,59.86,Low,1.41,Low,2.11,Low,0.0,Low,713.38,High,Low,823.94,823.94,Low,2147.18,High,767.61,Low,173.24,High,370.42,High,1719.72,High,0.42354423542255565,High,178.87,Low,15805.63,High,2524.25,High,1109.86,Low,666.9,High,75.35,Low,0.9500301797085544,High,988.03,High
TCGA-50-6595,475.88,High,none,0.0,none,0.0,none,none,Y,Y,"p.G719A, p.S768I",1.0,none,none,none,none,0.0,none,none,none,none,0.0,none,,none,0.0,189.0,1.0,182.0,1.0,74.0,1.0,FEMALE,1.7,,0.0,2.0,2.0,3.0,0.3,0.9293838550569702,0.9293838550569702,0.0732334338432682,0.9291571397092848,0.07347740516211278,5908.64,High,991.64,Low,1854.02,High,7.07,High,109.97,Low,12.22,Low,0.0,1726.05,Low,1819.94,High,2006.43,High,1.93,Low,427.01,High,672.03,High,250.16,High,9108.68,High,201.93,Low,47165.18,High,508.04,High,425.08,High,15.43,Low,128.62,High,128.62,High,296.93,Low,5871.38,High,35.37,Low,5769.13,High,1251.45,High,1010.29,High,1024.96,High,2149.84,High,1136.98,High,557.56,High,344.05,Low,1378.13,High,2078.46,High,2032.15,High,293.89,Low,20.58,Low,252.09,Low,4345.98,Low,33929.26,High,247.59,High,1251.45,High,1783.92,High,1404.5,High,130.55,Low,897.11,High,1468.81,High,2102.89,High,1124.12,High,High,2314.47,2314.47,High,2506.11,High,153.05,Low,5.14,High,2162.06,High,1562.06,High,1.2229390056421747,High,902.89,High,28675.24,High,4187.73,High,4102.25,High,329.9,High,1632.15,High,2.1581632126306367,High,557.56,High
TCGA-50-6597,137.61,Low,none,0.0,none,0.0,none,none,N,N,none,0.0,none,none,none,none,0.0,none,p.D1010_splice,none,none,0.0,none,,none,0.0,1268.0,1.0,1268.0,0.0,79.0,1.0,FEMALE,2.0,,0.0,0.0,2.0,1.0,0.1,0.5034916998623077,0.5034916998623077,0.6861880518406134,,,992.46,High,670.12,Low,2977.38,High,0.94,Low,58.44,Low,485.39,High,0.0,192642.79,High,808.67,Low,327.99,Low,10.37,High,272.38,High,109.33,Low,32.99,Low,13767.2,High,193.21,Low,16014.14,Low,8.48,Low,22.62,Low,25.45,Low,10.37,Low,10.37,Low,3263.8,High,1095.19,Low,54.67,Low,4062.21,High,512.72,Low,442.04,Low,116.15,Low,436.38,Low,44.3,Low,173.42,Low,275.21,Low,73.52,Low,90.48,Low,786.99,Low,1295.95,High,70.69,Low,590.01,High,2394.91,Low,38146.09,High,29.22,Low,283.69,Low,184.73,Low,705.94,Low,529.69,High,16.97,Low,6.6,Low,0.0,Low,186.62,Low,Low,48.07,48.07,Low,332.7,Low,3095.19,High,146.09,High,102.73,Low,275.21,High,-0.37643854291080264,Low,547.6,Low,8575.87,Low,82.0,Low,1868.99,High,72.57,Low,37.7,Low,-0.4581272895644477,Low,173.42,Low
TCGA-50-6673,135.73,Low,none,0.0,none,0.0,none,none,Y,Y,p.773_774insH,1.0,none,none,none,none,0.0,none,none,none,none,0.0,none,,none,0.0,22.0,1.0,22.0,0.0,84.0,1.0,FEMALE,1.1,,0.0,0.0,1.0,1.0,0.3,0.991869918699187,0.991869918699187,0.008163310639160981,,,8605.69,High,2026.36,High,1595.63,High,2.24,Low,172.18,High,512.62,High,0.0,57000.56,Low,908.58,Low,1056.09,High,16.26,High,289.96,High,88.61,Low,59.45,Low,16711.72,High,734.72,High,15051.36,Low,26.92,Low,186.76,High,47.67,High,42.62,High,42.62,High,2113.91,Low,1140.77,Low,282.67,Low,2559.73,Low,809.31,High,468.31,Low,358.3,High,772.29,High,525.52,High,208.08,Low,186.2,Low,557.49,High,1578.24,High,1136.85,Low,2319.69,High,763.32,High,626.47,High,5557.49,Low,16952.89,Low,88.05,Low,606.84,Low,1611.89,High,794.73,Low,149.19,Low,37.02,Low,492.99,High,177.23,High,386.43,High,Low,759.39,759.39,Low,2073.47,High,993.83,Low,259.11,High,1611.89,High,383.62,High,0.5344607399352203,High,542.34,Low,16197.42,High,725.67,Low,1579.36,High,90.3,Low,53.28,Low,-0.18486189562737088,High,208.08,Low
TCGA-50-7109,190.99,High,none,0.0,none,0.0,none,none,N,N,none,0.0,none,none,none,none,0.0,none,none,none,none,0.0,none,,p.D194Y,1.0,308.0,1.0,15.0,1.0,60.0,0.0,MALE,1.3,120.0,0.0,0.0,1.0,1.0,0.2,0.8717107878050894,0.8717107878050894,0.13729757544741367,0.9952153110047847,0.004796172263493055,345.98,Low,1774.44,High,1951.4,High,2.44,Low,301.44,High,64.07,Low,1.0,161246.26,High,1645.08,High,1106.89,High,0.61,Low,222.11,High,161.09,High,177.57,High,8867.95,Low,165.97,Low,10487.1,Low,24.41,Low,65.39,Low,51.87,High,7.93,Low,7.93,Low,3980.38,High,909.8,Low,376.49,Low,1479.72,Low,2024.62,High,430.19,Low,334.86,High,984.85,High,444.83,High,333.17,High,588.84,High,419.81,Low,463.75,Low,793.86,Low,562.6,Low,235.53,High,326.45,High,2652.51,Low,29347.29,High,101.9,Low,933.6,Low,1300.32,High,977.53,Low,2894.15,High,593.72,High,7.93,Low,0.0,Low,986.68,High,High,2445.05,2445.05,High,1617.62,High,1397.34,Low,1.22,Low,273.98,Low,28.07,Low,-0.46920762139734434,Low,704.16,High,17093.98,High,1451.58,High,489.99,Low,112.89,High,115.94,High,-0.1503334244416691,High,333.17,High
TCGA-50-8457,59.03,Low,,,,,,,,,,,,,,,,,,,,,,,,,1125.0,0.0,1125.0,0.0,63.0,0.0,FEMALE,1.2,30.0,0.0,0.0,1.0,1.0,0.3,,,,,,2213.48,High,1177.1,Low,1514.87,High,1.33,Low,194.85,High,1182.87,High,1.0,397194.85,High,951.62,Low,97.65,Low,1.33,Low,196.18,High,19.97,Low,17.31,Low,8059.92,Low,692.85,High,24690.72,High,51.49,Low,87.0,High,38.17,High,26.19,Low,26.19,Low,7960.32,High,4316.91,High,987.57,High,1697.74,Low,106.08,Low,545.05,Low,74.19,Low,182.42,Low,14.65,Low,134.93,Low,63.47,Low,74.12,Low,798.05,Low,1812.25,High,2684.42,High,315.14,High,118.06,Low,3623.17,Low,12763.87,Low,25.3,Low,594.76,Low,452.29,Low,543.72,Low,42.61,Low,192.19,High,405.24,High,95.87,High,63.47,Low,Low,342.65,342.65,Low,1237.9,Low,1170.88,Low,0.0,Low,270.75,Low,14.65,Low,-0.4775305713783095,Low,807.81,High,7647.58,Low,270.22,Low,844.65,Low,66.58,Low,122.06,High,-0.5532588756516912,Low,134.93,Low
TCGA-50-8459,88.4,Low,,,,,,,,,,,,,,,,,,,,,,,,,1119.0,0.0,1119.0,0.0,68.0,1.0,MALE,1.2,10.0,0.0,0.0,3.0,2.0,0.3,,,,,,617.12,Low,1387.0,High,1152.57,Low,6.71,High,115.26,Low,19.58,Low,1.0,24724.8,Low,856.59,Low,345.21,Low,5.59,High,31.33,Low,54.83,Low,43.64,Low,5695.13,Low,345.21,High,63354.18,High,38.05,Low,13.43,Low,26.3,Low,22.38,Low,22.38,Low,238.32,Low,7039.61,High,261.29,Low,3786.13,High,241.7,Low,501.87,Low,166.24,Low,288.7,Low,116.38,Low,124.21,Low,158.9,Low,228.28,Low,659.09,Low,2809.24,High,133.16,Low,84.48,Low,542.71,High,3135.43,Low,10238.82,Low,63.78,Low,464.94,Low,649.02,Low,744.69,Low,177.92,High,200.86,High,1366.85,High,226.6,High,152.74,Low,Low,308.84,308.84,Low,2263.17,High,271.36,Low,31.89,High,963.46,High,78.89,Low,-0.06318911663858974,High,1052.42,High,32110.18,High,7727.67,High,3419.65,High,293.18,High,190.79,High,1.5718923308910981,High,124.21,Low
TCGA-50-8460,153.66,Low,,,,,,,,,,,,,,,,,,,,,,,,,829.0,0.0,829.0,0.0,74.0,1.0,MALE,1.3,,0.0,0.0,1.0,1.0,0.3,,,,,,965.29,Low,709.42,Low,1856.26,High,381.04,High,94.18,Low,868.03,High,0.0,1291121.44,High,656.13,Low,507.43,Low,130.11,High,139.41,Low,61.96,Low,61.34,Low,12928.13,High,442.38,High,27673.09,High,53.9,Low,21.69,Low,26.64,High,50.19,High,50.19,High,9829.32,High,3835.19,High,430.61,Low,990.09,Low,403.35,Low,437.42,Low,137.41,Low,412.02,Low,105.33,Low,181.54,Low,232.34,Low,257.74,Low,692.07,Low,739.16,Low,788.1,Low,828.38,High,469.64,High,1172.24,Low,20350.68,High,40.27,Low,557.0,Low,743.49,Low,739.78,Low,48.95,Low,1260.22,High,419.45,High,61.34,High,225.53,Low,Low,288.72,288.72,Low,764.56,Low,3682.78,High,0.62,Low,74.97,Low,14.87,Low,-0.5815287101906955,Low,624.54,High,7714.99,Low,906.26,High,889.72,Low,32.84,Low,70.01,Low,-0.5775998685740537,Low,181.54,Low
TCGA-53-7624,1225.74,High,,,,,,,,,,,,,,,,,,,,,,,,,1043.0,1.0,400.0,1.0,40.0,0.0,FEMALE,,50.0,1.0,0.0,2.0,4.0,,0.5692104438090774,0.5692104438090774,0.5635050647108075,0.7961794261599949,0.2279307087899771,19967.61,High,1593.76,High,208.17,Low,1.76,Low,147.12,Low,47.87,Low,1.0,68.51,Low,1835.75,High,2776.46,High,3.51,High,0.0,Low,403.6,High,382.52,High,15081.69,High,8496.71,High,5337.66,Low,145.37,High,785.79,High,84.76,High,17.13,Low,17.13,Low,3.07,Low,1693.02,Low,20.64,Low,5945.54,High,3416.78,High,3460.25,High,1603.13,High,2111.11,High,911.73,High,740.45,High,746.6,High,1436.98,High,1276.24,High,2939.83,High,510.32,Low,27.23,Low,287.22,High,37282.83,High,9530.08,Low,750.55,High,2366.71,High,3006.59,High,4078.17,High,57.97,Low,146.25,High,4.83,Low,4.83,Low,1116.82,High,High,3303.47,3303.47,High,,,732.1,Low,957.4,High,2422.49,High,5040.4,High,3.3976046140761995,High,144.05,Low,17187.97,High,432.13,Low,2191.48,High,46.11,Low,74.22,Low,-0.17515046926989825,High,740.45,High
TCGA-53-7626,128.04,Low,none,0.0,none,0.0,none,none,N,N,none,0.0,none,p.C589F,none,none,0.0,none,none,none,none,0.0,none,,none,0.0,929.0,1.0,865.0,1.0,76.0,1.0,FEMALE,,35.0,0.0,1.0,1.0,2.0,,0.7328683803216709,0.7328683803216709,0.31078915621793574,0.6333001582824412,0.45681078552698523,2181.51,High,1898.44,High,1542.77,High,2.56,Low,210.84,High,810.65,High,1.0,112227.56,High,1156.65,Low,497.09,Low,23.62,High,607.21,High,67.72,Low,138.85,High,10367.75,High,709.07,High,18964.98,High,89.35,High,1153.81,High,42.4,High,74.26,High,74.26,High,4889.14,High,2020.23,High,676.92,High,2561.14,Low,335.76,Low,633.95,High,226.14,Low,307.59,Low,207.71,Low,305.88,High,237.02,Low,263.77,Low,2480.89,High,1825.32,High,952.35,High,333.48,High,203.45,Low,5386.61,Low,21173.4,High,74.26,Low,1022.06,High,1282.42,High,1051.37,Low,647.33,High,185.23,High,21.34,Low,1.14,Low,192.92,Low,Low,528.67,528.67,Low,1681.06,High,1299.49,Low,0.28,Low,173.28,Low,24.19,Low,-0.5251211155003168,Low,802.4,High,10064.14,Low,325.43,Low,1546.18,High,261.78,High,104.14,Low,-0.05933026532518493,High,305.88,High
TCGA-53-7813,260.02,High,none,0.0,none,0.0,none,none,Y,Y,none,0.0,none,none,none,p.G12A,1.0,none,none,none,none,0.0,none,,p.Y60fs,1.0,424.0,0.0,,,51.0,0.0,FEMALE,,35.0,0.0,0.0,4.0,3.0,,,,,,,383.35,Low,2160.33,High,1499.49,High,0.0,Low,159.3,Low,200.41,Low,1.0,190323.74,High,1730.73,High,634.12,Low,1.03,Low,109.97,Low,243.58,High,221.99,High,8904.42,High,92.5,Low,7988.59,Low,26.72,Low,235.35,High,40.08,High,3.08,Low,3.08,Low,4505.89,High,542.65,Low,52.42,Low,955.81,Low,866.39,High,897.23,High,422.47,High,1692.7,High,365.88,High,235.35,Low,476.88,High,283.66,Low,573.48,Low,1264.13,Low,749.23,Low,115.11,Low,38.03,Low,12141.83,High,42686.54,High,143.88,High,615.62,Low,1892.09,High,1257.97,High,2037.0,High,115.11,High,7.19,Low,0.0,Low,623.84,High,High,1058.58,1058.58,High,781.09,Low,2155.19,High,48.3,High,548.82,High,451.18,High,-0.11013056101400082,High,718.4,High,11714.29,High,1316.43,High,282.63,Low,27.75,Low,109.97,Low,-0.4904527747718359,Low,235.35,Low
TCGA-53-A4EZ,276.19,High,,,,,,,,,,,,,,,,,,,,,,,,,1071.0,0.0,1071.0,0.0,63.0,0.0,MALE,,40.0,,1.0,2.0,2.0,,,,,,,392.23,Low,1775.15,High,2095.41,High,0.0,Low,309.24,High,433.17,High,1.0,41253.07,Low,1173.21,Low,1587.49,High,1.97,Low,210.09,High,698.34,High,273.04,High,5481.66,Low,64.52,Low,3998.82,Low,23.21,Low,8.95,Low,12.98,Low,36.2,High,36.2,High,4341.52,High,420.18,Low,82.62,Low,2793.35,High,1627.62,High,876.56,High,743.81,High,1436.41,High,805.74,High,439.46,High,660.57,High,767.19,High,2059.6,High,1412.41,Low,346.22,Low,5.51,Low,17.31,Low,6889.74,Low,14755.58,Low,286.42,High,2211.86,High,2046.23,High,2129.24,High,2497.89,High,9.44,Low,4.33,Low,0.79,Low,1443.89,High,High,1431.69,1431.69,High,535.85,Low,2014.75,High,104.26,High,234.48,Low,903.31,High,-0.047811150577847385,High,171.93,Low,5821.58,Low,200.26,Low,371.4,Low,85.77,Low,33.44,Low,-0.6871692346617431,Low,439.46,High
TCGA-55-1592,312.6,High,none,0.0,none,0.0,none,none,N,N,none,0.0,none,none,none,none,0.0,none,none,none,none,0.0,none,,none,0.0,701.0,1.0,452.0,1.0,65.0,0.0,MALE,1.8,,0.0,0.0,2.0,1.0,0.5,0.7964700842499322,0.7964700842499322,0.22756570934563694,0.8499764497043866,0.16254663611173303,137.22,Low,3826.17,High,1139.16,Low,27.34,High,167.53,High,163.2,Low,0.0,77436.79,Low,1443.91,High,1181.65,High,4.33,High,204.61,High,110.42,Low,164.55,High,11929.13,High,516.67,High,14545.35,Low,59.27,Low,228.7,High,31.67,High,29.5,High,29.5,High,2416.06,Low,1243.09,Low,236.82,Low,6511.82,High,406.79,Low,749.7,High,284.82,Low,613.02,Low,266.32,High,359.69,High,1173.53,High,509.09,High,518.02,Low,1577.61,High,1858.82,High,50.61,Low,565.12,High,16350.73,High,21825.42,High,140.47,High,1543.24,High,2366.29,High,1183.55,High,2090.76,High,24.09,Low,3.79,Low,0.54,Low,282.02,Low,Low,790.02,790.02,Low,,,2541.94,High,55.48,High,336.42,Low,1219.0,High,0.12222769487814551,High,481.21,Low,13337.05,High,289.29,Low,1044.16,Low,47.09,Low,48.99,Low,-0.44927454179075504,Low,359.69,High
TCGA-55-1594,367.14,High,none,0.0,none,0.0,none,none,N,N,none,0.0,none,none,none,none,0.0,none,none,none,none,0.0,none,,none,0.0,1178.0,0.0,,,68.0,1.0,MALE,2.0,,0.0,2.0,2.0,3.0,0.2,,,,,,19291.33,High,1829.8,High,325.08,Low,3.54,Low,162.74,High,492.92,High,0.0,80684.36,Low,2114.78,High,3033.8,High,18.87,High,21.23,Low,106.92,Low,324.69,High,14663.52,High,61.32,Low,7832.89,Low,73.51,High,113.99,High,13.76,Low,16.51,Low,16.51,Low,6094.62,High,619.5,Low,68.79,Low,3058.18,High,923.74,High,1742.14,High,549.59,High,1623.03,High,415.09,High,541.67,High,749.61,High,725.63,High,1804.25,High,2443.0,High,1210.69,High,22.01,Low,190.25,Low,6304.25,Low,24324.29,High,342.37,High,2277.91,High,1389.94,High,1537.34,High,1492.92,High,103.38,High,6.68,Low,0.39,Low,1437.89,High,High,1700.47,1700.47,High,,,1227.2,Low,8.65,High,984.28,High,3291.67,High,1.3669223275977203,High,316.82,Low,16450.47,High,435.09,Low,526.34,Low,91.98,Low,47.96,Low,-0.33563896343628336,Low,541.67,High
TCGA-55-1595,150.46,Low,,,,,,,,,,,,,,,,,,,,,,,,,1479.0,0.0,1479.0,0.0,74.0,1.0,FEMALE,,,0.0,0.0,1.0,1.0,,,,,,,509.67,Low,2238.34,High,1187.84,Low,1.53,Low,152.6,Low,536.54,High,0.0,323238.84,High,982.13,Low,1241.25,High,2.75,Low,14.34,Low,109.26,Low,192.89,High,7203.03,Low,237.14,High,13608.79,Low,67.75,High,51.73,Low,30.52,High,12.82,Low,12.82,Low,5993.93,High,1786.34,High,487.1,High,1784.5,Low,603.99,High,1027.91,High,264.71,Low,817.63,High,133.37,Low,597.58,High,658.93,High,342.74,Low,2681.49,High,980.3,Low,1134.12,High,107.74,Low,45.17,Low,7283.9,Low,18959.63,Low,277.12,High,1210.42,High,2409.86,High,1385.91,High,28.99,Low,8.55,Low,5.49,Low,1.83,Low,577.74,High,High,1224.77,1224.77,High,1570.86,High,1235.75,Low,3.05,Low,1347.46,High,177.93,Low,0.1709769824472385,High,3916.33,High,13824.34,High,1135.26,High,743.47,Low,72.94,Low,110.18,Low,-0.31214091675073374,Low,597.58,High
TCGA-55-1596,766.13,High,none,0.0,none,0.0,none,none,N,N,none,0.0,none,none,none,none,0.0,none,none,none,none,0.0,none,,"p.S216F, p.G242W",1.0,2065.0,0.0,2065.0,0.0,55.0,0.0,MALE,0.9,50.0,0.0,1.0,2.0,2.0,0.4,,,,,,27.83,Low,986.97,Low,921.26,Low,5.33,High,185.32,High,38.48,Low,1.0,536.41,Low,1159.86,Low,2100.65,High,11.84,High,2042.63,High,342.21,High,294.85,High,13870.93,High,58.61,Low,5416.81,Low,20.72,Low,15.39,Low,14.8,Low,7.7,Low,7.7,Low,367.76,Low,512.14,Low,247.48,Low,4498.52,High,1770.87,High,1225.58,High,632.24,High,1304.32,High,456.48,High,1755.48,High,1237.42,High,1091.18,High,655.42,Low,1400.24,Low,644.17,Low,15.99,Low,616.93,High,28910.6,High,21412.08,High,369.45,High,3583.19,High,3359.98,High,2069.86,High,1493.78,High,12.43,Low,38.48,Low,1.18,Low,880.4,High,High,3622.85,3622.85,High,1994.67,High,1715.22,High,539.96,High,314.98,Low,126.7,Low,-0.12811158110952256,High,128.48,Low,16409.12,High,242.74,Low,738.31,Low,88.22,Low,33.75,Low,-0.3435442889995036,Low,1755.48,High
TCGA-55-5899,445.21,High,,,,,,,,,,,,,,,,,,,,,,,,,930.0,0.0,930.0,0.0,58.0,0.0,MALE,1.0,,0.0,1.0,1.0,,0.3,,,,,,794.39,Low,1156.74,Low,337.19,Low,14.86,High,109.16,Low,38.86,Low,0.0,714.39,Low,1287.61,High,3700.53,High,1.71,Low,1261.32,High,696.67,High,266.9,High,12825.83,High,152.02,Low,14590.08,Low,62.29,Low,47.44,Low,5.14,Low,9.14,Low,9.14,Low,1453.99,Low,1411.06,Low,1044.72,High,2755.25,High,1393.91,High,590.37,Low,1525.37,High,1422.49,High,872.12,High,677.81,High,933.28,High,1057.87,High,4163.45,High,765.25,Low,7.43,Low,172.02,High,253.75,Low,8789.26,High,36256.61,High,244.03,High,1572.8,High,1510.5,High,2108.87,High,745.25,High,15.43,Low,5.14,Low,3.43,Low,1356.19,High,High,1860.27,1860.27,High,1874.55,High,503.5,Low,13.72,High,185.74,Low,697.81,High,-0.2115961769191591,High,584.65,Low,10990.71,Low,1301.81,High,790.4,Low,285.76,High,137.16,High,0.025438510115061312,High,677.81,High
TCGA-55-6543,111.48,Low,none,0.0,none,0.0,none,none,N,Y,none,0.0,none,none,none,none,0.0,none,none,none,none,0.0,none,,none,0.0,435.0,0.0,435.0,0.0,60.0,0.0,FEMALE,1.0,60.0,,0.0,1.0,1.0,0.4,,,,,,1549.05,High,901.9,Low,1429.21,High,22.85,High,143.26,Low,28.43,Low,1.0,313241.36,High,1437.01,High,283.17,Low,3.34,High,1033.44,High,35.67,Low,82.5,Low,8425.31,Low,99.78,Low,32882.64,High,112.6,High,219.4,High,23.41,Low,26.2,Low,26.2,Low,2072.5,Low,2457.64,High,327.76,Low,4930.32,High,228.54,Low,410.26,Low,56.84,Low,374.02,Low,75.25,Low,160.54,Low,206.24,Low,73.02,Low,1321.07,High,1458.19,High,1195.65,High,98.1,Low,357.86,High,7046.82,Low,27981.05,High,26.2,Low,443.14,Low,659.98,Low,547.94,Low,1068.0,High,290.41,High,57.97,High,4.46,Low,89.74,Low,Low,557.41,557.41,Low,1653.29,High,2349.5,High,1.11,Low,212.93,Low,27.31,Low,-0.5021613643173428,Low,921.4,High,10565.22,Low,1430.84,High,2292.08,High,52.4,Low,260.87,High,-0.12849697438175472,High,160.54,Low
TCGA-55-6642,196.59,High,none,0.0,none,0.0,none,none,Y,Y,none,0.0,none,none,none,p.G12V,1.0,none,none,none,none,0.0,none,,none,0.0,2449.0,0.0,2449.0,0.0,63.0,0.0,MALE,1.0,,,0.0,2.0,1.0,0.4,,,,,,2391.2,High,2277.85,High,2428.57,High,4.59,High,230.01,High,58.32,Low,0.0,210694.63,High,1079.95,Low,1081.26,High,0.0,Low,397.77,High,114.02,Low,124.51,High,8519.0,Low,169.07,Low,20627.56,High,60.29,Low,137.61,High,32.11,High,18.35,Low,18.35,Low,2453.89,Low,7606.16,High,2171.69,High,2296.85,Low,415.47,Low,731.32,High,279.21,Low,711.66,High,315.2,High,354.52,High,282.44,Low,274.57,Low,229.36,Low,1382.7,Low,1257.54,High,387.94,High,91.74,Low,27381.39,High,24273.92,High,97.64,Low,747.05,Low,1634.99,High,834.86,Low,674.97,High,26.21,Low,9.83,Low,3.93,Low,315.86,Low,High,1397.12,1397.12,High,2291.61,High,1304.72,Low,46.53,High,106.16,Low,40.63,Low,-0.5299611468846676,Low,759.5,High,34415.47,High,4258.07,High,1420.71,Low,99.61,High,203.15,High,0.7283934347445545,High,354.52,High
TCGA-55-6712,308.31,High,none,0.0,none,0.0,none,none,N,N,none,0.0,none,none,none,none,0.0,none,p.E1314G,none,none,0.0,none,,none,0.0,171.0,1.0,171.0,0.0,71.0,1.0,MALE,0.9,,,1.0,2.0,2.0,0.4,0.952957981422011,0.952957981422011,0.04818446714780225,,,2237.95,High,1601.61,High,623.8,Low,8.07,High,155.05,Low,369.26,High,0.0,7371.72,Low,1397.27,High,747.48,Low,1.79,Low,344.16,High,369.26,High,133.54,High,16810.22,High,388.08,High,39322.05,High,220.48,High,30.47,Low,4.48,Low,51.98,High,51.98,High,2266.95,Low,1537.98,Low,212.41,Low,2276.5,Low,726.87,High,489.36,Low,560.22,High,898.05,High,822.76,High,655.16,High,305.62,Low,457.09,High,1345.28,High,3999.1,High,2185.08,High,54.67,Low,466.95,High,2457.54,Low,13460.0,Low,60.05,Low,797.67,Low,2672.64,High,868.47,Low,28.68,Low,675.78,High,137.13,High,40.33,High,363.88,Low,Low,507.28,507.28,Low,1874.08,High,1267.31,Low,2.69,Low,959.0,High,742.1,High,0.21488618120597894,High,360.3,Low,10534.62,Low,1198.22,High,1539.77,High,50.19,Low,1091.64,High,0.24742818158230548,High,655.16,High
TCGA-55-6968,910.13,High,,,,,,,,,,,,,,,,,,,,,,,,,1293.0,1.0,1293.0,0.0,61.0,0.0,MALE,0.7,,1.0,0.0,1.0,4.0,0.2,0.48206652114476267,0.48206652114476267,0.7296731637803522,,,143.67,Low,1360.62,Low,665.71,Low,10.88,High,144.82,Low,30.34,Low,0.0,116.2,Low,2656.55,High,3206.64,High,2.29,Low,1254.15,High,328.56,High,958.21,High,7940.47,Low,427.59,High,11477.17,Low,119.63,High,70.11,Low,69.83,High,48.65,High,48.65,High,1636.47,Low,1835.15,High,119.63,Low,2809.39,High,2811.68,High,1322.27,High,703.69,High,2349.74,High,1313.11,High,1122.5,High,1537.49,High,1641.1,High,693.19,Low,1420.15,Low,400.69,Low,76.7,Low,135.66,Low,6951.35,Low,19209.5,Low,220.38,High,4013.74,High,3348.03,High,3247.85,High,3387.52,High,14.88,Low,91.59,High,245.56,High,1312.54,High,High,3168.29,3168.29,High,2195.19,High,250.72,Low,1.14,Low,125.36,Low,426.45,High,-0.37108270917232966,Low,458.5,Low,11389.24,Low,1002.83,High,891.24,Low,216.94,High,120.21,High,-0.11122122100545635,High,1122.5,High
TCGA-55-6969,403.25,High,,,,,,,,,,,,,,,,,,,,,,,,,1239.0,0.0,,,52.0,0.0,MALE,0.9,,0.0,0.0,2.0,1.0,0.3,,,,,,225.6,Low,1040.02,Low,1866.18,High,6.55,High,236.29,High,133.84,Low,0.0,9055.61,Low,1950.34,High,1288.04,High,1.38,Low,887.9,High,268.37,High,218.7,High,8779.3,Low,99.0,Low,26683.65,High,76.23,High,171.44,High,8.62,Low,22.42,Low,22.42,Low,2659.44,Low,2571.94,High,53.47,Low,3349.46,High,788.9,High,1035.88,High,869.1,High,1032.78,High,374.96,High,414.28,High,684.03,High,736.81,High,1981.39,High,632.64,Low,775.1,Low,130.74,High,41.39,Low,12021.48,High,28622.51,High,109.35,Low,2214.23,High,3147.66,High,1191.45,High,1558.14,High,17.59,Low,5.52,Low,3.45,Low,888.24,High,High,1859.97,1859.97,High,754.06,Low,717.49,Low,1.38,Low,350.81,High,569.17,High,-0.18716002388653397,High,1772.0,High,15969.42,High,2715.73,High,1850.65,High,212.14,High,180.75,High,0.31988442127322597,High,414.28,High
TCGA-55-6970,209.77,High,none,0.0,none,0.0,none,none,Y,Y,none,0.0,none,none,none,p.G12V,1.0,none,none,none,none,0.0,none,,p.T250fs,1.0,464.0,1.0,457.0,1.0,67.0,1.0,FEMALE,1.1,,,2.0,2.0,3.0,0.4,0.8159709898408977,0.8159709898408977,0.20337647631557207,0.7782079220524465,0.25076153851376604,701.23,Low,1553.16,High,1377.45,High,5.78,High,184.39,High,282.36,High,0.0,180267.27,High,1356.25,High,1601.03,High,2.57,Low,72.6,Low,220.04,High,170.57,High,3961.13,Low,241.89,High,11244.0,Low,109.22,High,142.63,High,8.99,Low,59.75,High,59.75,High,2044.18,Low,1320.59,Low,339.87,Low,6574.37,High,1114.04,High,445.23,Low,586.45,High,938.32,High,478.32,High,285.26,High,389.66,High,391.9,Low,1424.03,High,686.48,Low,719.88,Low,190.81,High,350.79,High,8096.37,High,23447.48,High,89.95,Low,632.51,Low,1890.14,High,1646.64,High,2.57,Low,29.23,Low,53.97,High,3.21,Low,514.94,High,High,1814.65,1814.65,High,1901.7,High,1359.78,Low,0.64,Low,331.83,Low,20.88,Low,-0.44185380494386567,Low,460.65,Low,30065.21,High,584.62,Low,1274.98,Low,61.03,Low,291.04,High,0.23359896374043046,High,285.26,High
TCGA-55-6971,155.86,Low,none,0.0,none,0.0,none,none,N,N,none,0.0,none,none,none,none,0.0,none,none,none,none,0.0,none,,p.G251F,1.0,1400.0,0.0,1400.0,0.0,59.0,0.0,FEMALE,1.1,60.0,,0.0,2.0,1.0,0.2,,,,,,638.92,Low,1677.64,High,1670.86,High,13.55,High,171.35,High,113.26,Low,1.0,217911.91,High,1554.7,High,810.26,Low,4.84,High,133.59,Low,153.92,High,119.07,High,3236.21,Low,463.7,High,21440.65,High,149.08,High,298.16,High,37.75,High,35.82,High,35.82,High,2443.06,Low,2005.81,High,940.95,High,6676.67,High,5286.54,High,1417.23,High,452.21,High,629.24,Low,394.97,High,174.25,Low,272.02,Low,339.79,Low,931.27,Low,1073.57,Low,529.53,Low,184.9,High,97.77,Low,8546.95,High,20250.73,High,92.93,Low,903.19,Low,1179.09,High,1098.74,High,424.01,High,77.44,High,38.72,Low,0.97,Low,332.04,Low,High,1189.74,1189.74,High,1975.8,High,1686.35,High,13.55,High,264.28,Low,34.85,Low,-0.46506039297968416,Low,477.25,Low,10131.66,Low,1161.49,High,4298.16,High,155.86,High,96.81,Low,0.16892600330274227,High,174.25,Low
TCGA-55-6972,100.46,Low,none,0.0,none,0.0,none,none,N,N,none,0.0,none,none,none,none,0.0,none,none,none,none,0.0,none,,none,0.0,1632.0,1.0,1632.0,0.0,72.0,1.0,MALE,0.6,,0.0,0.0,2.0,1.0,0.2,0.4446233573721039,0.4446233573721039,0.8105277431322535,,,399.54,Low,1234.02,Low,1517.12,High,2.28,Low,135.84,Low,595.89,High,0.0,391878.85,High,1087.9,Low,226.03,Low,2.28,Low,1021.69,High,87.9,Low,38.81,Low,7629.0,Low,86.76,Low,36153.23,High,5.71,Low,10.27,Low,2.28,Low,23.97,Low,23.97,Low,8094.04,High,542.24,Low,2269.41,High,1399.54,Low,476.03,Low,393.84,Low,153.6,Low,448.63,Low,76.48,Low,119.86,Low,341.32,Low,138.13,Low,1992.01,High,833.33,Low,917.81,High,6.85,Low,6.85,Low,7974.89,High,18900.68,Low,30.82,Low,793.38,Low,568.49,Low,531.96,Low,9.13,Low,10.27,Low,1.14,Low,2.28,Low,368.72,Low,Low,315.07,315.07,Low,406.39,Low,7526.26,High,0.0,Low,12.56,Low,14.84,Low,-0.6151432597838731,Low,442.92,Low,10135.84,Low,33.1,Low,375.57,Low,5.71,Low,126.71,High,-0.6706163049192932,Low,119.86,Low
TCGA-55-6975,361.27,High,,,,,,,,,,,,,,,,,,,,,,,,,118.0,1.0,118.0,0.0,61.0,0.0,MALE,0.2,,0.0,1.0,2.0,2.0,0.1,0.9548405806347589,0.9548405806347589,0.046210883708486264,,,870.88,Low,1497.9,High,746.86,Low,3.35,Low,125.73,Low,77.95,Low,0.0,224.64,Low,1575.02,High,2841.58,High,19.28,High,5.87,Low,367.14,High,253.14,High,10021.79,High,229.67,High,24865.88,High,10.06,Low,135.79,High,31.01,High,17.6,Low,17.6,Low,19.28,Low,2073.76,High,198.66,Low,5839.9,High,1394.8,High,772.84,High,1367.92,High,1557.42,High,803.02,High,281.64,High,441.74,High,1339.48,High,1621.12,High,2005.03,High,301.76,Low,131.6,High,43.59,Low,18758.59,High,17002.51,Low,264.04,High,797.99,Low,2135.79,High,2202.85,High,140.82,Low,15.93,Low,5.87,Low,17.6,High,1119.03,High,High,1285.83,1285.83,High,,,557.42,Low,506.29,High,426.66,High,1668.06,High,0.6007228310003598,High,596.81,Low,26973.18,High,3145.8,High,1063.7,Low,259.85,High,296.73,High,0.717291363749984,High,281.64,High
TCGA-55-6978,477.7,High,none,0.0,none,0.0,none,none,N,N,none,0.0,none,none,none,none,0.0,none,none,none,none,0.0,none,,none,0.0,176.0,1.0,42.0,1.0,81.0,1.0,MALE,0.7,,,0.0,2.0,2.0,0.2,0.9380292862668025,0.9380292862668025,0.06397410843047142,0.985575569940895,0.014529473501870994,1186.67,High,2068.59,High,697.45,Low,8.65,High,159.59,Low,84.66,Low,0.0,12242.19,Low,1988.61,High,2682.46,High,1.44,Low,20.17,Low,258.3,High,268.39,High,9016.83,High,248.58,High,42079.17,High,689.53,High,324.87,High,22.34,Low,40.35,High,40.35,High,1245.66,Low,2873.04,High,163.2,Low,4103.31,High,1633.04,High,1069.24,High,1292.86,High,1349.88,High,705.38,High,609.55,High,454.28,High,818.5,High,2103.53,High,2410.11,High,690.97,Low,65.57,Low,697.09,High,15375.69,High,11685.24,Low,257.58,High,1469.12,High,2817.2,High,1852.43,High,348.73,High,476.98,High,916.13,High,81.78,High,810.21,High,High,1438.86,1438.86,High,2234.3,High,249.3,Low,493.19,High,1894.94,High,1652.85,High,1.3703142329562397,High,855.61,High,22648.16,High,2502.22,High,2847.46,High,129.69,High,348.37,High,0.5599258493782313,High,609.55,High
TCGA-55-6979,448.18,High,none,0.0,p.P367R,1.0,none,none,N,N,none,0.0,none,none,none,none,0.0,none,none,none,none,0.0,none,,none,0.0,237.0,1.0,195.0,1.0,59.0,0.0,FEMALE,1.0,,0.0,1.0,2.0,2.0,0.4,0.9249791922367949,0.9249791922367949,0.07798403660186608,0.9238476703395175,0.07920807987109774,1832.89,High,1025.33,Low,1791.33,High,14.09,High,136.01,Low,92.31,Low,0.0,46387.04,Low,1569.35,High,988.68,High,3.52,High,121.21,Low,150.8,High,167.72,High,6110.38,Low,173.35,Low,27999.17,High,309.36,High,179.7,High,39.46,High,26.78,Low,26.78,Low,2501.97,Low,1436.87,Low,201.54,Low,6673.43,High,1059.86,High,630.7,Low,563.71,High,855.5,High,508.08,High,522.88,High,665.23,High,547.55,High,1147.24,Low,1745.52,High,284.7,Low,205.77,High,420.7,High,7409.83,Low,19235.27,Low,108.52,Low,1281.83,High,807.58,Low,1792.74,High,625.06,High,152.92,High,202.25,High,150.8,High,556.0,High,Low,870.29,870.29,Low,1854.75,High,1006.3,Low,3.52,Low,500.33,High,276.24,High,-0.23678773927771615,High,716.67,High,10264.54,Low,1279.67,High,2864.57,High,193.79,High,181.81,High,0.12393272478513824,High,522.88,High
TCGA-55-6980,49.51,Low,none,0.0,none,0.0,none,none,Y,Y,p.709_710ET>D,1.0,none,none,none,none,0.0,none,none,none,none,0.0,none,,none,0.0,2109.0,0.0,2109.0,0.0,56.0,0.0,MALE,0.7,,0.0,0.0,1.0,1.0,0.1,,,,,,1549.96,High,1456.23,High,615.38,Low,5.3,High,150.31,Low,427.06,High,0.0,12714.41,Low,1156.5,Low,191.87,Low,5.3,High,109.64,Low,32.71,Low,22.99,Low,20234.31,High,691.42,High,37586.06,High,83.11,High,160.92,High,269.67,High,175.07,High,175.07,High,2056.86,Low,3558.8,High,418.21,Low,1973.47,Low,152.96,Low,362.51,Low,79.3,Low,313.88,Low,37.14,Low,99.03,Low,136.16,Low,93.72,Low,1076.04,Low,1545.53,High,925.73,High,72.5,Low,509.28,High,1397.88,Low,23500.44,High,29.18,Low,437.67,Low,737.4,Low,662.25,Low,18.57,Low,190.98,High,227.23,High,35.37,High,96.37,Low,Low,249.34,249.34,Low,1224.58,Low,1510.17,Low,6.19,High,106.98,Low,345.71,High,-0.4142638473941173,Low,750.66,High,13759.5,High,1613.55,High,2203.36,High,133.51,High,127.32,High,0.029191149480369976,High,99.03,Low
TCGA-55-6981,204.39,High,none,0.0,none,0.0,none,none,Y,Y,p.LREAT747del,1.0,none,none,none,none,0.0,none,none,none,none,0.0,none,,none,0.0,1379.0,1.0,1379.0,0.0,53.0,0.0,FEMALE,0.8,,0.0,2.0,1.0,3.0,0.4,0.5604377173029808,0.5604377173029808,0.5790371625318292,,,9654.83,High,1708.77,High,1240.35,Low,9.65,High,221.93,High,85.96,Low,0.0,14699.12,Low,2004.39,High,1392.11,High,7.89,High,504.39,High,155.26,High,93.86,Low,20509.65,High,179.82,Low,16099.52,Low,72.81,High,46.49,Low,35.96,High,76.32,High,76.32,High,2465.22,Low,974.56,Low,57.02,Low,1384.21,Low,428.07,Low,464.91,Low,324.33,Low,442.98,Low,344.74,High,364.91,High,353.51,Low,449.12,High,970.18,Low,1699.12,High,498.25,Low,347.37,High,607.89,High,7832.46,High,26723.68,High,88.6,Low,1294.74,High,1413.16,High,998.25,Low,1037.72,High,533.33,High,5.26,Low,1.75,Low,390.35,High,Low,843.86,843.86,Low,1774.56,High,1071.93,Low,0.88,Low,1435.96,High,1807.89,High,0.9430059851745863,High,578.95,Low,10549.12,Low,1072.8,High,809.65,Low,137.72,High,104.39,Low,-0.2878435335738381,Low,364.91,High
TCGA-55-6982,237.84,High,none,0.0,none,0.0,none,none,N,N,none,0.0,none,none,none,none,0.0,none,p.D1010_splice,none,none,0.0,none,,none,0.0,995.0,1.0,183.0,1.0,79.0,1.0,FEMALE,0.5,,0.0,1.0,2.0,2.0,0.1,0.6907786811343658,0.6907786811343658,0.3699357943115288,0.9685872971347812,0.03191666376472876,1746.93,High,2116.62,High,955.98,Low,17.52,High,125.37,Low,628.72,High,0.0,68858.26,Low,1458.4,High,1144.96,High,4.61,High,297.76,High,200.97,High,177.0,High,18516.71,High,212.03,Low,24305.3,High,80.2,High,23.97,Low,29.5,High,107.86,High,107.86,High,2004.85,Low,2953.68,High,252.59,Low,3897.67,High,576.17,High,432.36,Low,526.36,High,669.28,Low,294.08,High,395.48,High,227.7,Low,578.94,High,1084.12,Low,1322.89,Low,955.98,High,298.69,High,236.0,Low,21306.29,High,25089.65,High,119.84,High,1038.95,High,2194.05,High,1287.85,High,164.09,Low,94.03,High,344.78,High,6.45,High,472.0,High,Low,712.61,712.61,Low,1873.24,High,2064.07,High,77.44,High,318.05,Low,1429.82,High,0.21754590456216327,High,615.81,High,14765.61,High,2232.63,High,2523.16,High,142.89,High,134.59,High,0.17490998632037422,High,395.48,High
TCGA-55-6983,130.14,Low,none,0.0,none,0.0,none,none,Y,Y,none,0.0,none,none,none,p.G12C,1.0,none,none,none,none,0.0,none,,p.R75fs,1.0,2823.0,0.0,2823.0,0.0,81.0,1.0,MALE,0.5,60.0,0.0,1.0,2.0,2.0,0.2,,,,,,445.03,Low,1581.56,High,2613.83,High,10.64,High,99.29,Low,87.94,Low,1.0,327252.13,High,1337.23,High,700.71,Low,54.96,High,345.74,High,59.57,Low,62.41,Low,5323.76,Low,291.13,High,17708.74,High,31.56,Low,376.6,High,18.09,Low,14.18,Low,14.18,Low,2626.92,Low,1772.69,High,2084.04,High,2196.45,Low,221.99,Low,455.32,Low,193.27,Low,436.52,Low,141.49,Low,148.94,Low,191.13,Low,169.86,Low,736.52,Low,1061.7,Low,734.04,Low,85.46,Low,75.89,Low,5648.58,Low,31890.43,High,68.09,Low,593.97,Low,749.29,Low,925.53,Low,1084.75,High,177.31,High,358.16,High,2.13,Low,132.62,Low,Low,654.61,654.61,Low,1396.45,Low,2636.52,High,0.71,Low,105.32,Low,16.67,Low,-0.5644948550157638,Low,948.23,High,9521.63,Low,604.96,Low,1124.82,Low,75.18,Low,156.03,High,-0.40060839461361797,Low,148.94,Low
TCGA-55-6984,126.14,Low,,,,,,,,,,,,,,,,,,,,,,,,,760.0,1.0,724.0,1.0,71.0,1.0,FEMALE,,,0.0,1.0,2.0,2.0,,0.6893943824044628,0.6893943824044628,0.37194177346105595,0.6325555607244492,0.45798721919582847,535.65,Low,2789.76,High,1284.28,Low,0.0,Low,74.95,Low,33.82,Low,0.0,63165.45,Low,1355.58,High,1593.24,High,3.66,High,465.27,High,119.74,Low,71.3,Low,12308.04,High,981.72,High,6706.57,Low,36.56,Low,194.7,High,54.84,High,2.74,Low,2.74,Low,304.14,Low,1368.37,Low,30.16,Low,1422.3,Low,752.29,High,851.92,High,458.11,High,748.63,High,310.79,High,233.09,Low,308.04,Low,610.6,High,2284.28,High,4612.43,High,1037.48,High,21.94,Low,925.96,High,13069.47,High,29858.32,High,114.26,Low,669.1,Low,881.17,Low,719.38,Low,64.9,Low,84.1,High,85.92,High,60.33,High,274.22,Low,High,2561.24,2561.24,High,,,963.44,Low,2.74,Low,1476.23,High,4.57,Low,0.16228412683865165,High,488.12,Low,22379.34,High,731.25,Low,4237.66,High,136.2,High,42.96,Low,0.38949761877929473,High,233.09,Low
TCGA-55-6985,192.54,High,none,0.0,none,0.0,none,none,N,N,none,0.0,none,none,none,none,0.0,none,none,none,none,0.0,none,,none,0.0,1233.0,0.0,1233.0,0.0,58.0,0.0,FEMALE,,50.0,,0.0,2.0,1.0,,,,,,,1589.53,High,2051.49,High,1488.81,High,5.97,High,170.15,High,205.97,Low,1.0,36546.27,Low,1584.33,High,1020.9,High,9.7,High,273.13,High,152.99,High,138.81,High,15831.34,High,411.94,High,19225.19,High,111.94,High,469.4,High,24.63,Low,23.88,Low,23.88,Low,2651.54,Low,2152.99,High,116.42,Low,2083.58,Low,732.09,High,695.52,High,399.2,High,654.48,Low,397.01,High,285.07,High,291.04,Low,547.01,High,1649.25,High,1632.09,High,825.37,High,165.67,High,279.1,Low,4558.21,Low,21044.78,High,67.16,Low,758.96,Low,1231.34,High,943.28,Low,968.66,High,417.16,High,2362.69,High,51.49,High,408.96,High,Low,542.54,542.54,Low,1172.39,Low,1488.06,Low,48.51,High,760.45,High,52.99,Low,-0.1745000695791418,High,930.6,High,9632.09,Low,1438.76,High,1574.63,High,234.33,High,102.24,Low,-0.013926226010856047,High,285.07,High
TCGA-55-6986,103.2,Low,none,0.0,none,0.0,none,none,N,Y,none,0.0,none,none,none,none,0.0,none,none,none,none,0.0,none,Y,none,0.0,3261.0,0.0,3261.0,0.0,74.0,1.0,FEMALE,,,0.0,0.0,2.0,1.0,,,,,,,920.06,Low,800.15,Low,3026.16,High,11.63,High,119.91,Low,173.69,Low,0.0,266467.3,High,1045.78,Low,602.47,Low,1.45,Low,792.88,High,46.51,Low,37.06,Low,11066.86,High,252.91,High,22146.72,High,47.24,Low,111.62,High,13.08,Low,13.08,Low,13.08,Low,2773.68,Low,1787.06,High,380.81,Low,1700.58,Low,251.45,Low,382.99,Low,147.68,Low,670.06,High,114.1,Low,136.63,Low,130.81,Low,200.58,Low,6135.17,High,1226.02,Low,1042.88,High,35.61,Low,403.34,High,3435.32,Low,29115.55,High,61.05,Low,670.06,Low,961.48,Low,520.35,Low,16.72,Low,75.58,High,10.17,Low,11.63,High,162.79,Low,High,1297.24,1297.24,High,1155.52,Low,1864.83,High,3.63,Low,117.01,Low,7.27,Low,-0.5609547147942703,Low,784.88,High,8380.09,Low,2685.95,High,3316.13,High,33.43,Low,99.56,Low,-0.0745387904205739,High,136.63,Low
TCGA-55-6987,206.92,High,,,,,,,,,,,,,,,,,,,,,,,,,2137.0,0.0,2137.0,0.0,77.0,1.0,MALE,0.2,,0.0,0.0,1.0,1.0,0.1,,,,,,270.82,Low,1413.49,High,1372.53,High,7.42,High,198.09,High,70.62,Low,0.0,117301.2,High,1521.19,High,1028.6,High,1.41,Low,58.62,Low,179.03,High,190.68,High,3937.5,Low,316.74,High,24002.01,High,243.64,High,178.32,High,114.76,High,14.12,Low,14.12,Low,1238.4,Low,2170.2,High,764.83,High,6654.66,High,631.71,High,604.17,Low,485.65,High,843.22,High,296.61,High,435.73,High,408.55,High,467.87,High,4832.98,High,975.64,Low,279.66,Low,208.69,High,230.93,Low,14521.54,High,35229.87,High,120.41,High,974.93,High,1165.25,High,1290.25,High,806.85,High,74.86,High,105.58,High,2.47,Low,389.48,High,High,1200.92,1200.92,High,1656.43,High,2044.49,High,1.77,Low,426.55,High,482.7,High,-0.1850785985890864,High,754.94,High,9921.61,Low,1026.81,High,2312.15,High,156.43,High,170.55,High,-0.05044214234141484,High,435.73,High
TCGA-55-7227,164.48,Low,,,,,,,,,,,,,,,,,,,,,,,,,952.0,1.0,255.0,1.0,77.0,1.0,MALE,0.5,,,1.0,3.0,3.0,0.1,0.609658578341761,0.609658578341761,0.4948561861460283,0.891488821350162,0.11486238090488014,1059.43,High,870.08,Low,1513.48,High,4.84,High,152.04,Low,502.42,High,0.0,158765.72,High,1588.11,High,617.14,Low,0.69,Low,892.88,High,82.24,Low,170.01,High,15111.96,High,418.8,High,20825.04,High,156.19,High,27.64,Low,60.12,High,17.97,Low,17.97,Low,4791.68,High,2583.28,High,379.41,Low,2489.98,Low,560.47,High,461.64,Low,325.23,Low,597.79,Low,217.69,Low,267.45,Low,250.86,Low,268.83,Low,1633.72,High,3027.64,High,1511.4,High,110.57,Low,156.88,Low,2612.3,Low,25998.62,High,141.67,High,936.42,High,1328.96,High,1098.13,High,115.41,Low,239.81,High,152.73,High,519.7,High,183.14,Low,High,1043.54,1043.54,High,1903.94,High,1403.59,Low,2.76,Low,753.28,High,27.64,Low,-0.21299297587478772,High,1044.92,High,11967.52,High,1838.15,High,1840.36,High,73.25,Low,112.65,High,-0.15962638328699544,High,267.45,Low
TCGA-55-7281,74.64,Low,none,0.0,none,0.0,none,none,Y,Y,none,0.0,none,none,none,p.G12C,1.0,none,none,none,none,0.0,none,,none,0.0,872.0,0.0,339.0,1.0,70.0,1.0,FEMALE,,20.0,0.0,0.0,1.0,1.0,,,,,0.8976301969553007,0.10799710289533306,402.85,Low,1882.62,High,1593.73,High,3.42,Low,148.72,Low,361.82,High,1.0,480790.88,High,997.72,Low,492.88,Low,3.42,High,303.7,High,63.25,Low,45.01,Low,9666.1,High,126.5,Low,27231.05,High,29.06,Low,66.95,Low,79.2,High,13.11,Low,13.11,Low,6389.67,High,6526.5,High,336.75,Low,2060.97,Low,271.23,Low,398.86,Low,184.72,Low,319.66,Low,147.01,Low,234.76,Low,189.74,Low,266.67,Low,1072.36,Low,1670.66,High,523.08,Low,1649.0,High,404.56,High,2019.37,Low,19622.22,Low,88.32,Low,915.67,Low,658.12,Low,866.1,Low,438.75,High,497.44,High,47.86,High,81.48,High,182.91,Low,Low,398.29,398.29,Low,835.33,Low,1780.06,High,0.0,Low,441.6,High,43.3,Low,-0.37365331354778303,Low,827.35,High,8007.98,Low,986.3,High,2712.82,High,119.66,High,138.46,High,-0.14131899324018013,High,234.76,Low
TCGA-55-7283,81.2,Low,p.D323Y,1.0,none,0.0,none,none,Y,Y,none,0.0,none,none,none,p.G12S,1.0,none,none,none,none,0.0,none,,none,0.0,609.0,0.0,609.0,0.0,76.0,1.0,FEMALE,0.1,5.0,,2.0,3.0,3.0,0.1,,,,,,2141.85,High,1856.64,High,2520.8,High,5.01,High,172.43,High,326.32,High,1.0,262428.07,High,1482.21,High,828.07,Low,12.03,High,269.67,High,69.67,Low,122.31,High,11002.0,High,408.02,High,7762.8,Low,45.11,Low,68.67,Low,11.03,Low,6.52,Low,6.52,Low,3385.97,High,1642.61,Low,739.85,High,1272.18,Low,331.83,Low,468.17,Low,244.8,Low,586.47,Low,147.37,Low,168.92,Low,209.02,Low,410.03,Low,3874.69,High,1016.54,Low,2030.58,High,967.92,High,40.6,Low,13159.4,High,17652.63,Low,71.68,Low,780.45,Low,1136.34,Low,1365.91,High,148.37,Low,513.28,High,40.6,High,4.51,Low,230.08,Low,Low,567.42,567.42,Low,1204.01,Low,2520.3,High,30.58,High,58.65,Low,124.31,Low,-0.526180957361463,Low,541.35,Low,13011.53,High,205.98,Low,694.24,Low,37.59,Low,46.12,Low,-0.5278611433685472,Low,168.92,Low
TCGA-55-7284,73.86,Low,,,,,,,,,,,,,,,,,,,,,,,,,243.0,1.0,231.0,1.0,74.0,1.0,MALE,0.9,,,0.0,3.0,2.0,0.3,0.9205745294166198,0.9205745294166198,0.08275731535452369,0.9077639933479378,0.0967708533860315,1335.03,High,2050.44,High,1232.32,Low,109.39,High,123.42,Low,135.89,Low,0.0,104131.73,Low,1037.53,Low,313.22,Low,0.31,Low,482.14,High,35.22,Low,45.5,Low,14293.55,High,978.94,High,16893.62,High,71.68,High,47.68,Low,10.91,Low,14.02,Low,14.02,Low,893.71,Low,3351.64,High,563.18,High,2244.3,Low,183.88,Low,501.78,Low,121.31,Low,163.94,Low,51.11,Low,107.21,Low,156.14,Low,172.35,Low,922.84,Low,5797.27,High,1059.97,High,57.03,Low,671.64,High,6902.43,Low,11199.04,Low,81.03,Low,395.19,Low,539.49,Low,445.99,Low,393.94,High,74.49,High,116.87,High,21.82,High,134.33,Low,High,1420.57,1420.57,High,,,1214.56,Low,2.18,Low,1127.29,High,385.84,High,0.14570921925181862,High,781.97,High,18543.72,High,392.64,Low,1723.82,High,128.41,High,104.1,Low,-0.03579143659579147,High,107.21,Low
TCGA-55-7570,977.34,High,,,,,,,,,,,,,,,,,,,,,,,,,824.0,0.0,824.0,0.0,60.0,0.0,MALE,0.3,,,0.0,1.0,1.0,0.2,,,,,,19.61,Low,1147.71,Low,2282.35,High,3.92,Low,182.57,High,44.44,Low,0.0,24581.26,Low,1555.56,High,2342.92,High,9.59,High,411.76,High,937.25,High,473.2,High,12325.05,High,680.17,High,4549.74,Low,24.4,Low,85.4,High,8.71,Low,27.02,Low,27.02,Low,97.91,Low,800.87,Low,20.48,Low,1430.07,Low,2150.76,High,1262.75,High,1429.52,High,1719.39,High,1039.22,High,739.43,High,782.14,High,1816.56,High,3228.76,High,821.79,Low,212.2,Low,26.58,Low,32.68,Low,21008.71,High,17411.33,Low,424.84,High,3042.27,High,1738.13,High,2792.16,High,1652.72,High,14.38,Low,6.97,Low,1.74,Low,1304.14,High,High,4097.6,4097.6,High,,,268.85,Low,2333.33,High,359.04,High,139.87,Low,0.8176866195767865,High,524.62,Low,11969.5,High,475.82,Low,335.08,Low,244.01,High,81.05,Low,-0.18859243907968634,High,739.43,High
TCGA-55-7573,33.63,Low,none,0.0,none,0.0,none,none,Y,Y,"p.K754E, p.ELR746del",1.0,none,none,none,none,0.0,none,none,none,none,0.0,none,,none,0.0,487.0,0.0,487.0,0.0,72.0,1.0,FEMALE,0.9,,,0.0,1.0,1.0,0.2,,,,,,1843.05,High,911.93,Low,1293.03,Low,4.8,High,177.74,High,317.05,High,0.0,502527.62,High,988.79,Low,179.34,Low,3.2,High,1172.94,High,31.23,Low,64.85,Low,9770.22,High,991.19,High,17811.08,High,44.04,Low,73.54,Low,127.3,High,74.46,High,74.46,High,3716.61,High,1828.66,High,804.64,High,1266.61,Low,144.92,Low,562.05,Low,70.33,Low,195.36,Low,64.85,Low,125.7,Low,80.86,Low,112.09,Low,695.76,Low,1462.77,High,1778.22,High,84.07,Low,126.5,Low,5977.58,Low,18554.04,Low,34.43,Low,386.71,Low,381.1,Low,676.54,Low,419.54,High,644.52,High,1177.74,High,3.2,Low,86.47,Low,Low,521.22,521.22,Low,1642.11,High,3455.56,High,1.6,Low,144.12,Low,80.06,Low,-0.5151151655697588,Low,588.47,Low,7863.89,Low,223.99,Low,523.62,Low,36.83,Low,89.67,Low,-0.6635398275934609,Low,125.7,Low
TCGA-55-7574,175.43,Low,none,0.0,none,0.0,none,none,N,N,none,0.0,none,none,none,none,0.0,none,none,none,p.R87T,1.0,none,,p.K97_splice,1.0,995.0,1.0,478.0,1.0,64.0,0.0,FEMALE,0.9,2.0,0.0,0.0,2.0,1.0,0.4,0.6907786811343658,0.6907786811343658,0.3699357943115288,0.8252867724339343,0.19202435009714175,654.87,Low,1800.36,High,1031.95,Low,7.94,High,186.54,High,216.71,High,1.0,357557.45,High,854.14,Low,560.43,Low,0.0,Low,59.54,Low,107.16,Low,80.97,Low,7569.76,Low,792.22,High,24022.53,High,47.63,Low,211.75,High,19.85,Low,74.62,High,74.62,High,3264.7,High,2598.93,High,1483.63,High,2633.86,Low,291.33,Low,596.94,Low,247.82,Low,509.62,Low,225.44,Low,217.5,Low,222.27,Low,281.8,Low,1962.29,High,1057.35,Low,673.94,Low,377.85,High,219.88,Low,4647.75,Low,15260.17,Low,102.4,Low,614.41,Low,776.34,Low,900.97,Low,15.08,Low,42.87,Low,119.87,High,3.18,Low,246.87,Low,Low,682.68,682.68,Low,1588.41,High,1081.96,Low,3.18,Low,119.07,Low,76.21,Low,-0.529382059166466,Low,721.57,High,14719.59,High,1528.7,High,2384.6,High,183.37,High,173.84,High,0.18626423764839442,High,217.5,Low
TCGA-55-7576,459.69,High,none,0.0,none,0.0,none,none,Y,Y,none,0.0,none,none,none,p.G12S,1.0,none,none,none,none,0.0,none,,none,0.0,670.0,0.0,670.0,0.0,54.0,0.0,MALE,0.5,,0.0,0.0,2.0,1.0,0.2,,,,,,1309.9,High,2777.95,High,401.28,Low,7.58,High,239.01,High,380.76,High,0.0,112136.89,High,1290.12,High,1517.16,High,2.2,Low,35.44,Low,152.01,High,213.35,High,17247.88,High,252.94,High,17046.77,High,64.76,High,26.39,Low,8.31,Low,41.79,High,41.79,High,3124.52,High,1321.89,Low,642.25,High,2691.93,Low,731.21,High,735.85,High,212.81,Low,658.14,Low,344.1,High,409.1,High,502.95,High,410.82,Low,2212.19,High,1565.06,High,1493.45,High,118.28,High,431.59,High,4353.03,Low,27269.47,High,152.25,High,1186.01,High,1444.57,High,1469.01,High,134.17,Low,29.33,Low,15.4,Low,7.33,High,424.01,High,High,1165.24,1165.24,High,1674.3,High,1489.54,Low,14.91,High,1032.78,High,385.15,High,0.10150324235684312,High,603.39,Low,10112.5,Low,411.98,Low,1752.5,High,57.19,Low,97.02,Low,-0.3917407627405095,Low,409.1,High
TCGA-55-7724,274.55,High,p.E17K,1.0,none,0.0,none,none,N,Y,none,0.0,none,none,none,none,0.0,none,none,none,p.E542K,1.0,none,,none,0.0,705.0,0.0,705.0,0.0,76.0,1.0,FEMALE,0.7,50.0,,0.0,2.0,1.0,0.2,,,,,,2269.54,High,1878.76,High,1386.77,High,9.02,High,432.87,High,174.35,Low,1.0,96075.15,Low,1900.8,High,1080.16,High,13.03,High,142.28,Low,251.5,High,233.47,High,13064.13,High,1006.01,High,29510.89,High,60.12,Low,83.17,High,28.06,High,48.1,High,48.1,High,893.2,Low,868.74,Low,292.59,Low,3076.15,High,1081.16,High,726.45,High,412.59,High,698.4,High,587.17,High,257.51,Low,92.18,Low,410.82,Low,1473.95,High,2891.78,High,530.06,Low,100.2,Low,604.21,High,19283.57,High,17087.17,Low,102.2,Low,949.9,High,1563.13,High,1164.33,High,2187.37,High,7197.39,High,44942.89,High,12032.06,High,425.85,High,High,1343.69,1343.69,High,,,1046.09,Low,41.08,High,1124.25,High,1591.18,High,0.7007915529186878,High,340.68,Low,14307.62,High,400.69,Low,540.08,Low,62.12,Low,139.28,High,-0.3942885466129053,Low,257.51,Low
TCGA-55-7725,112.39,Low,none,0.0,none,0.0,none,none,Y,Y,none,0.0,none,none,none,p.G12V,1.0,none,none,none,none,0.0,none,,none,0.0,442.0,0.0,442.0,0.0,68.0,1.0,FEMALE,0.5,16.0,,0.0,1.0,1.0,0.2,,,,,,1535.64,High,3121.85,High,2226.89,High,6.3,High,181.72,High,2704.83,High,1.0,180366.6,High,1398.11,High,378.15,Low,0.0,Low,251.05,High,45.17,Low,87.18,Low,8993.7,High,439.08,High,19705.42,High,120.8,High,40.97,Low,31.51,High,16.81,Low,16.81,Low,2855.85,Low,329.83,Low,655.46,High,2111.34,Low,411.76,Low,554.62,Low,172.49,Low,316.18,Low,99.79,Low,197.48,Low,80.88,Low,74.58,Low,2829.83,High,1344.54,Low,1582.98,High,3201.68,High,553.57,High,7176.47,Low,24607.14,High,67.23,Low,363.45,Low,716.39,Low,945.38,Low,268.91,High,532.56,High,18.91,Low,57.77,High,177.52,Low,High,1091.39,1091.39,High,1648.11,High,2265.76,High,0.0,Low,61.97,Low,14.71,Low,-0.5888499283091552,Low,436.97,Low,8889.71,Low,392.86,Low,899.16,Low,19.96,Low,51.47,Low,-0.6259589393541386,Low,197.48,Low
TCGA-55-7726,377.99,High,none,0.0,none,0.0,none,none,Y,Y,none,0.0,none,none,none,p.G12C,1.0,none,none,none,none,0.0,none,,none,0.0,652.0,0.0,652.0,0.0,72.0,1.0,FEMALE,,30.0,,0.0,1.0,1.0,,,,,,,6583.8,High,2169.48,High,617.57,Low,0.89,Low,202.31,High,7.99,Low,1.0,3464.95,Low,2473.82,High,1321.21,High,8.87,High,24.84,Low,316.77,High,101.15,Low,6906.83,Low,144.63,Low,25943.79,High,31.94,Low,193.43,High,46.14,High,39.04,High,39.04,High,49.55,Low,2246.67,High,37.27,Low,1749.78,Low,1420.59,High,877.55,High,582.48,High,1330.08,High,558.12,High,628.22,High,570.54,High,1045.25,High,889.97,Low,2694.76,High,339.84,Low,39.93,Low,94.06,Low,3730.26,Low,27976.93,High,324.76,High,1409.94,High,922.8,Low,2352.26,High,20.41,Low,3598.05,High,43292.81,High,18131.32,High,1224.49,High,High,1482.7,1482.7,High,,,70.1,Low,0.0,Low,1282.16,High,221.83,High,0.15414459569853767,High,826.09,High,33113.58,High,3503.05,High,2299.02,High,145.52,High,1267.97,High,1.4480108731090087,High,628.22,High
TCGA-55-7727,330.28,High,none,0.0,none,0.0,none,none,N,N,none,0.0,none,none,none,none,0.0,none,none,none,none,0.0,none,,none,0.0,119.0,0.0,119.0,0.0,70.0,1.0,MALE,,,,2.0,1.0,3.0,,,,,,,1317.43,High,1215.6,Low,546.79,Low,4.59,High,371.56,High,744.04,High,0.0,112292.66,High,2025.69,High,1322.94,High,0.0,Low,202.75,High,193.58,High,196.33,High,20057.8,High,238.53,High,10811.01,Low,73.39,High,24.77,Low,55.05,High,15.6,Low,15.6,Low,4182.64,High,725.69,Low,348.62,Low,5652.29,High,1229.36,High,588.07,Low,715.44,High,1266.06,High,624.77,High,521.1,High,422.94,High,354.13,Low,630.28,Low,1959.63,High,1908.26,High,3400.0,High,592.66,High,13444.95,High,27345.87,High,140.37,High,771.56,Low,1429.36,High,2127.52,High,43.12,Low,165.14,High,3.67,Low,0.0,Low,598.17,High,High,1150.46,1150.46,High,1977.06,High,1861.47,High,0.92,Low,389.91,High,52.29,Low,-0.3967464779832455,Low,299.08,Low,9558.72,Low,210.02,Low,416.51,Low,15.6,Low,66.06,Low,-0.6835022684576276,Low,521.1,High
TCGA-55-7728,40.75,Low,none,0.0,none,0.0,none,none,Y,Y,none,0.0,none,p.H841Q,none,p.G12V,1.0,none,none,none,none,0.0,none,,none,0.0,704.0,0.0,704.0,0.0,64.0,0.0,FEMALE,1.0,30.0,,0.0,2.0,1.0,0.5,,,,,,247.82,Low,1319.13,Low,1342.1,High,43.34,High,55.94,Low,92.98,Low,1.0,152338.21,High,511.21,Low,401.93,Low,3.7,High,285.24,High,90.02,Low,45.93,Low,5197.63,Low,302.65,High,40517.59,High,80.76,High,24.08,Low,51.12,High,10.74,Low,10.74,Low,1117.59,Low,3063.16,High,168.92,Low,3581.4,High,285.24,Low,664.57,High,142.36,Low,341.17,Low,104.83,Low,102.98,Low,175.59,Low,285.24,Low,551.58,Low,4099.65,High,434.15,Low,103.35,Low,766.44,High,5743.29,Low,6326.36,Low,71.49,Low,259.68,Low,393.04,Low,470.83,Low,535.28,High,44.45,Low,109.28,High,21.86,High,155.21,Low,Low,430.45,430.45,Low,969.81,Low,1326.91,Low,54.45,High,1159.84,High,254.12,High,0.13111488132062912,High,467.12,Low,6370.81,Low,204.75,Low,4133.73,High,64.09,Low,44.82,Low,-0.2372151528102573,Low,102.98,Low
TCGA-55-7815,180.36,Low,none,0.0,none,0.0,none,none,Y,Y,none,0.0,none,none,none,p.G12V,1.0,none,none,none,none,0.0,none,,none,0.0,773.0,0.0,592.0,1.0,76.0,1.0,MALE,,,,0.0,2.0,1.0,,,,,0.6874973632353975,0.3746972847427328,295.59,Low,3671.34,High,1325.65,High,6.01,High,250.5,High,248.5,High,0.0,152053.11,High,1837.68,High,992.99,High,1.0,Low,3.01,Low,142.28,High,70.14,Low,8250.5,Low,345.69,High,16973.91,High,119.24,High,37.07,Low,30.06,High,27.05,Low,27.05,Low,1610.39,Low,297.6,Low,75.15,Low,4027.05,High,818.64,High,688.38,High,526.87,High,1045.09,High,469.94,High,333.67,High,73.15,Low,194.39,Low,863.73,Low,960.92,Low,2084.17,High,890.78,High,126.25,Low,34008.02,High,39500.0,High,59.12,Low,267.54,Low,1128.26,Low,1605.21,High,146.29,Low,25.05,Low,14.03,Low,0.0,Low,433.87,High,High,1890.78,1890.78,High,,,1086.17,Low,0.0,Low,250.5,Low,55.11,Low,-0.4703104864131588,Low,344.69,Low,17913.83,High,555.01,Low,1258.52,Low,31.06,Low,191.38,High,-0.21629334779457224,Low,333.67,High
TCGA-55-7816,112.69,Low,,,,,,,,,,,,,,,,,,,,,,,,,468.0,1.0,468.0,0.0,49.0,0.0,FEMALE,0.3,,,,,1.0,0.2,0.806140014059682,0.806140014059682,0.21549783684791685,,,1654.59,High,1249.46,Low,1775.48,High,4.73,High,160.86,Low,125.59,Low,0.0,33285.16,Low,1229.68,High,252.47,Low,1.29,Low,28.82,Low,44.73,Low,54.62,Low,3233.12,Low,1165.16,High,48572.36,High,103.66,High,21.51,Low,88.6,High,38.71,High,38.71,High,501.81,Low,3179.35,High,4991.4,High,7727.74,High,138.06,Low,522.15,Low,126.66,Low,232.26,Low,107.1,Low,116.13,Low,91.61,Low,156.13,Low,1478.71,High,1727.31,High,312.26,Low,98.92,Low,157.85,Low,2689.89,Low,20686.88,High,30.97,Low,349.25,Low,611.61,Low,791.4,Low,8.6,Low,16.34,Low,4113.12,High,34.41,High,113.98,Low,Low,336.77,336.77,Low,2471.83,High,336.34,Low,0.86,Low,505.38,High,38.28,Low,-0.3414346064920233,Low,331.61,Low,9105.38,Low,855.87,High,563.44,Low,94.19,Low,695.91,High,-0.10245342527359189,High,116.13,Low
TCGA-55-7903,242.65,High,none,0.0,"p.R146W, p.V600E",1.0,none,none,N,Y,none,0.0,none,none,none,none,0.0,none,none,none,none,0.0,none,,none,0.0,567.0,0.0,567.0,0.0,64.0,0.0,MALE,0.5,40.0,,0.0,1.0,1.0,0.2,,,,,,1251.12,High,1403.59,High,1740.91,High,10.46,High,167.91,High,1635.28,High,1.0,174951.89,High,1002.49,Low,2564.03,High,3.99,High,74.74,Low,220.23,High,164.92,High,14536.62,High,118.58,Low,24523.96,High,204.78,High,55.8,Low,28.9,High,19.93,Low,19.93,Low,4997.92,High,941.7,Low,447.93,High,1698.06,Low,984.55,High,744.39,High,736.98,High,1115.6,High,493.77,High,674.64,High,611.36,High,589.94,High,2215.74,High,870.45,Low,1820.63,High,2431.99,High,441.95,High,7884.4,High,22828.1,High,117.09,High,1268.06,High,1963.13,High,1350.77,High,9.47,Low,27.4,Low,31.39,Low,11.96,High,618.83,High,High,1259.59,1259.59,High,997.01,Low,2664.18,High,0.5,Low,47.83,Low,17.94,Low,-0.5946969819408469,Low,867.46,High,7364.23,Low,427.49,Low,1639.26,High,74.24,Low,38.86,Low,-0.48395444616356603,Low,674.64,High
TCGA-55-7907,164.19,Low,none,0.0,none,0.0,none,none,Y,Y,none,0.0,none,p.L805V,none,p.G12C,1.0,none,none,none,none,0.0,none,,none,0.0,343.0,1.0,294.0,1.0,77.0,1.0,MALE,0.3,80.0,,1.0,2.0,2.0,0.1,0.853667160834575,0.853667160834575,0.1582139025739953,0.8473936753478958,0.16558990441453855,688.81,Low,3030.49,High,2385.46,High,2.35,Low,191.56,High,399.53,High,1.0,31633.31,Low,1021.11,Low,694.29,Low,0.0,Low,14.86,Low,105.55,Low,179.05,High,14592.65,High,161.85,Low,16242.02,Low,52.38,Low,29.71,Low,5.47,Low,23.46,Low,23.46,Low,3597.75,High,1228.3,Low,118.06,Low,2607.51,Low,471.46,Low,454.26,Low,314.43,Low,554.34,Low,284.6,High,405.79,High,375.29,High,448.01,High,838.94,Low,1971.85,High,1464.43,High,432.37,High,670.84,High,9896.79,High,11974.2,Low,119.62,High,766.22,Low,939.01,Low,1251.76,High,207.19,High,134.48,High,59.42,High,2.35,Low,388.58,High,High,1204.07,1204.07,High,1910.09,High,1291.63,Low,698.2,High,981.24,High,877.25,High,0.6423536276712235,High,752.15,High,11699.77,High,360.43,Low,3745.11,High,47.69,Low,108.68,Low,-0.1161042061040567,High,405.79,High
TCGA-55-7910,389.81,High,,,,,,,,,,,,,,,,,,,,,,,,,1040.0,0.0,1018.0,1.0,50.0,0.0,FEMALE,0.9,15.0,0.0,0.0,2.0,2.0,0.5,,,,0.6178538129584793,0.4815033981173567,366.66,Low,1875.0,High,1225.93,Low,0.93,Low,586.11,High,316.67,High,1.0,401931.7,High,1131.48,Low,1667.59,High,1.85,Low,2.78,Low,75.93,Low,348.15,High,11354.63,High,100.93,Low,7111.21,Low,29.63,Low,699.85,High,12.04,Low,7.41,Low,7.41,Low,7146.88,High,936.11,Low,5330.56,High,2437.96,Low,1452.78,High,1103.7,High,827.44,High,718.52,High,268.52,High,515.74,High,398.15,High,566.67,High,380.56,Low,1034.26,Low,529.63,Low,166.67,High,23.15,Low,6750.0,Low,27373.15,High,145.37,High,1154.63,High,1228.7,High,1545.37,High,1028.7,High,4.63,Low,1.85,Low,0.93,Low,1520.37,High,High,2567.59,2567.59,High,2161.11,High,1677.78,High,104.63,High,242.59,Low,1251.85,High,0.11193324491527608,High,490.74,Low,12032.41,High,745.32,Low,6489.81,High,252.78,High,157.41,High,0.6619536463711254,High,515.74,High
TCGA-55-7911,408.62,High,none,0.0,none,0.0,none,none,Y,Y,none,0.0,none,none,none,"p.G12V, p.K88*",1.0,none,none,none,none,0.0,none,,none,0.0,537.0,0.0,515.0,1.0,70.0,1.0,FEMALE,0.8,96.0,,0.0,1.0,1.0,0.4,,,,0.7206276001606681,0.32763277976318184,663.92,Low,2978.72,High,1122.77,Low,7.4,High,166.51,High,589.4,High,1.0,221504.6,High,1936.83,High,3166.91,High,13.22,High,108.37,Low,205.1,High,300.25,High,16186.6,High,112.59,Low,8207.92,Low,230.47,High,134.8,High,45.99,High,25.37,Low,25.37,Low,3260.0,High,652.83,Low,215.14,Low,4102.02,High,1096.87,High,627.46,Low,677.24,High,1472.18,High,473.11,High,901.28,High,550.81,High,587.29,High,3022.6,High,872.21,Low,2040.44,High,48.63,Low,401.74,High,7702.39,High,24057.62,High,163.34,High,1457.91,High,2088.01,High,2446.41,High,9.52,Low,29.07,Low,18.5,Low,1.06,Low,491.61,High,High,1472.18,1472.18,High,1428.84,Low,1152.37,Low,2.64,Low,286.51,Low,184.49,Low,-0.39213435342377734,Low,497.95,Low,7922.82,Low,291.2,Low,1101.1,Low,40.17,Low,54.98,Low,-0.5988837290507119,Low,901.28,High
TCGA-55-7913,407.78,High,,,,,,,,,,,,,,,,,,,,,,,,,561.0,1.0,480.0,1.0,61.0,0.0,FEMALE,0.7,40.0,,0.0,1.0,1.0,0.2,0.7759788276943573,0.7759788276943573,0.2536300430701547,0.765501846324519,0.2672236519676221,656.83,Low,3263.36,High,443.07,Low,2.3,Low,196.57,High,66.86,Low,1.0,43605.71,Low,1913.48,High,1151.88,High,1.43,Low,143.77,Low,250.23,High,220.1,High,6277.64,Low,52.23,Low,3642.6,Low,13.49,Low,20.37,Low,35.58,High,0.29,Low,0.29,Low,2460.4,Low,321.69,Low,1530.67,High,7562.38,High,1934.43,High,592.01,Low,814.15,High,942.97,High,616.97,High,510.8,High,816.13,High,796.9,High,1383.46,High,1291.91,Low,644.52,Low,52.8,Low,327.43,High,31577.88,High,30800.77,High,416.67,High,1941.6,High,1379.44,High,1409.86,High,1094.77,High,13.2,Low,80.35,High,0.29,Low,1012.7,High,High,3830.98,3830.98,High,1536.41,High,1328.36,Low,660.31,High,578.23,High,2217.95,High,1.0051698193424141,High,496.74,Low,10978.12,Low,318.76,Low,7770.14,High,36.73,Low,132.58,High,0.35383050470539656,High,510.8,High
TCGA-55-7914,221.89,High,none,0.0,none,0.0,none,none,Y,Y,none,0.0,none,none,none,p.G12C,1.0,none,none,none,none,0.0,none,,none,0.0,187.0,1.0,187.0,0.0,71.0,1.0,FEMALE,0.4,5.0,,1.0,1.0,2.0,0.2,0.9337065706618863,0.9337065706618863,0.06859305428676599,,,937.03,Low,1569.72,High,632.68,Low,3.0,Low,236.88,High,1564.22,High,1.0,37417.79,Low,1267.37,High,695.15,Low,1.5,Low,1233.88,High,82.96,Low,150.92,High,9831.08,High,102.95,Low,7523.49,Low,78.96,High,27.99,Low,27.49,High,9.99,Low,9.99,Low,2969.93,Low,1204.9,Low,395.8,Low,1206.9,Low,613.69,High,425.29,Low,317.56,Low,513.24,Low,207.9,Low,238.38,Low,251.37,Low,119.94,Low,6773.11,High,924.54,Low,1295.35,High,563.72,High,23.99,Low,6853.57,Low,16571.21,Low,72.46,Low,892.05,Low,1097.45,Low,746.63,Low,9.0,Low,11.49,Low,1.5,Low,72.96,High,294.35,Low,Low,771.61,771.61,Low,883.06,Low,1495.25,Low,0.5,Low,31.98,Low,21.49,Low,-0.6015689960359811,Low,582.71,Low,9190.4,Low,501.73,Low,502.75,Low,53.97,Low,47.98,Low,-0.5984475556023757,Low,238.38,Low
TCGA-55-7994,524.94,High,,,,,,,,,,,,,,,,,,,,,,,,,603.0,0.0,603.0,0.0,81.0,1.0,MALE,,28.0,,0.0,3.0,2.0,,,,,,,2876.38,High,1249.03,Low,1774.92,High,4.75,High,432.49,High,831.1,High,1.0,188074.36,High,1108.77,Low,2995.14,High,3.8,High,39.89,Low,125.69,High,167.49,High,13337.25,High,61.74,Low,11402.35,Low,814.96,High,67.98,Low,46.23,High,31.98,High,31.98,High,2133.4,Low,348.59,Low,23.43,Low,2765.28,High,688.31,High,767.47,High,886.34,High,1024.24,High,657.92,High,1115.42,High,398.93,High,835.22,High,2265.67,High,1953.49,High,485.37,Low,331.18,High,953.0,High,22647.2,High,20810.86,High,157.67,High,1856.61,High,3629.95,High,1215.15,High,14.88,Low,208.01,High,18.68,Low,3.48,Low,735.49,High,High,3076.51,3076.51,High,1526.7,High,1402.9,Low,0.32,Low,2498.06,High,95.62,Low,0.746558711673647,High,612.01,High,7637.61,Low,218.4,Low,1361.11,Low,59.21,Low,178.89,High,-0.4735376575818582,Low,1115.42,High
TCGA-55-7995,155.88,Low,,,,,,,,,,,,,,,,,,,,,,,,,889.0,0.0,468.0,1.0,73.0,1.0,FEMALE,0.8,60.0,0.0,0.0,1.0,1.0,0.2,,,,0.8315866714601475,0.1844197507119225,1177.73,High,1948.65,High,1858.97,High,7.64,High,162.1,Low,173.99,Low,1.0,12427.19,Low,2947.03,High,1601.81,High,1.13,Low,8.2,Low,440.77,High,402.29,High,3660.51,Low,94.21,Low,14766.38,Low,157.86,High,39.86,Low,105.24,High,11.6,Low,11.6,Low,999.46,Low,540.63,Low,110.33,Low,4051.77,High,824.39,High,1419.05,High,636.38,High,531.58,Low,580.52,High,543.46,High,1724.31,High,1130.49,High,733.57,Low,2479.67,High,253.48,Low,27.72,Low,65.63,Low,16470.47,High,10662.71,Low,138.91,High,4060.82,High,1707.33,High,2128.58,High,2575.57,High,56.3,Low,5.66,Low,1.13,Low,605.13,High,High,2246.55,2246.55,High,1948.65,High,1478.46,Low,22.07,High,474.15,High,455.48,High,-0.16144215615139643,High,324.78,Low,8736.4,Low,611.46,Low,1250.44,Low,46.68,Low,102.41,Low,-0.48848664716421786,Low,543.46,High
TCGA-55-8085,162.14,Low,,,,,,,,,,,,,,,,,,,,,,,,,904.0,0.0,904.0,0.0,64.0,0.0,MALE,0.7,,0.0,0.0,1.0,1.0,0.3,,,,,,805.84,Low,1322.55,Low,658.66,Low,3.48,Low,154.49,Low,321.85,High,0.0,106286.36,High,1622.48,High,1399.1,High,1.74,Low,149.97,High,583.86,High,140.92,High,7856.99,Low,109.26,Low,12999.05,Low,47.32,Low,113.08,High,125.26,High,25.75,Low,25.75,Low,3836.3,High,705.64,Low,956.51,High,3537.23,High,1942.59,High,791.58,High,659.91,High,1797.49,High,1015.66,High,292.28,High,607.86,High,890.74,High,2169.8,High,1066.11,Low,991.3,High,43.84,Low,57.06,Low,10066.46,High,46959.64,High,299.58,High,1644.75,High,1283.92,High,1154.49,High,8.7,Low,18.79,Low,32.71,Low,1.04,Low,617.61,High,High,1073.07,1073.07,High,1252.61,Low,1864.65,High,367.08,High,346.21,Low,36.53,Low,-0.23995915992615977,High,1601.25,High,7323.59,Low,612.07,Low,2880.65,High,50.45,Low,97.43,Low,-0.32136113329224825,Low,292.28,High
TCGA-55-8087,53.4,Low,,,,,,,,,,,,,,,,,,,,,,,,,462.0,0.0,462.0,0.0,59.0,0.0,FEMALE,,,,0.0,2.0,1.0,,,,,,,1242.17,High,827.57,Low,2344.85,High,4.19,Low,188.48,High,1210.12,High,0.0,396968.94,High,1145.9,Low,78.53,Low,3.14,High,2818.85,High,9.42,Low,52.36,Low,13035.25,High,316.23,High,10702.21,Low,15.71,Low,5.93,Low,130.19,High,11.17,Low,11.17,Low,6323.45,High,2048.87,High,471.2,High,1359.86,Low,75.39,Low,556.72,Low,71.5,Low,156.37,Low,17.45,Low,69.46,Low,54.1,Low,50.26,Low,252.36,Low,2452.71,High,2265.27,High,25.13,Low,122.51,Low,11741.01,High,26601.75,High,23.39,Low,331.94,Low,501.57,Low,271.55,Low,342.41,High,907.85,High,10.82,Low,0.35,Low,70.86,Low,Low,374.52,374.52,Low,1455.5,Low,2827.57,High,0.0,Low,517.28,High,7.33,Low,-0.3493118734782111,Low,575.92,Low,10215.36,Low,271.13,Low,304.36,Low,16.4,Low,54.8,Low,-0.6790460430249962,Low,69.46,Low
TCGA-55-8089,459.49,High,,,,,,,,,,,,,,,,,,,,,,,,,702.0,1.0,702.0,0.0,56.0,0.0,MALE,0.2,97.0,0.0,0.0,1.0,1.0,0.1,0.7086843630671018,0.7086843630671018,0.3443450376578264,,,18056.92,High,1036.66,Low,1172.63,Low,9.98,High,109.36,Low,46.57,Low,1.0,64168.66,Low,1039.98,Low,2318.65,High,15.8,High,44.08,Low,251.57,High,215.81,High,13362.58,High,1072.83,High,18378.8,High,241.18,High,64.04,Low,51.15,High,406.26,High,406.26,High,419.44,Low,1105.68,Low,114.35,Low,10393.16,High,1257.04,High,807.12,High,619.32,High,1124.39,High,875.73,High,529.35,High,340.98,Low,788.82,High,1583.88,High,3191.05,High,301.47,Low,308.54,High,1118.57,High,5856.5,Low,17231.43,Low,142.63,High,1233.34,High,1711.54,High,1184.27,High,10.4,Low,22.04,Low,49.9,High,83.17,High,782.17,High,High,2269.16,2269.16,High,,,355.53,Low,1.25,Low,1197.58,High,229.54,High,0.11310916797609878,High,520.2,Low,26144.67,High,3418.85,High,1704.89,High,108.53,High,585.9,High,0.7033964519222881,High,529.35,High
TCGA-55-8090,204.09,High,,,,,,,,,,,,,,,,,,,,,,,,,598.0,1.0,548.0,1.0,80.0,1.0,MALE,1.0,,0.0,0.0,1.0,1.0,0.2,0.7601757489209806,0.7601757489209806,0.27420562385535424,0.7009128943618801,0.35537165878121735,1715.63,High,6327.97,High,2650.67,High,13.63,High,178.69,High,150.51,Low,0.0,91171.26,Low,1585.94,High,1224.84,High,7.74,High,673.89,High,92.91,Low,139.05,High,14336.33,High,252.4,High,35917.91,High,245.28,High,258.98,High,26.32,High,22.3,Low,22.3,Low,3763.0,High,1740.48,High,327.04,Low,3296.38,High,492.1,Low,709.51,High,279.77,Low,797.46,High,257.66,Low,298.23,High,432.02,High,352.43,Low,1146.48,Low,8600.5,High,615.98,Low,102.51,Low,99.41,Low,11815.42,High,17455.87,Low,135.65,High,904.61,Low,1351.19,High,1149.89,High,401.05,High,919.48,High,156.09,High,10.84,High,267.58,Low,High,922.27,922.27,High,2243.42,High,1449.06,Low,0.31,Low,991.64,High,19.2,Low,-0.09088228198334634,High,1836.17,High,12110.25,High,2886.47,High,4585.63,High,122.64,High,98.48,Low,0.36115959984020224,High,298.23,High
TCGA-55-8091,143.67,Low,,,,,,,,,,,,,,,,,,,,,,,,,600.0,0.0,600.0,0.0,74.0,1.0,MALE,1.1,,,0.0,2.0,1.0,0.6,,,,,,2017.77,High,1245.43,Low,739.75,Low,5.63,High,213.45,High,428.77,High,0.0,278792.08,High,1152.02,Low,591.95,Low,1.5,Low,158.3,High,99.41,Low,99.41,Low,10669.79,High,357.5,High,37569.09,High,256.59,High,311.73,High,44.27,High,110.29,High,110.29,High,2601.87,Low,3653.01,High,142.55,Low,4159.8,High,351.87,Low,526.68,Low,224.56,Low,556.69,Low,206.7,Low,179.69,Low,176.31,Low,158.68,Low,985.09,Low,1392.48,Low,833.54,High,271.97,High,89.28,Low,4862.42,Low,36203.69,High,58.15,Low,521.05,Low,699.24,Low,804.65,Low,241.96,High,1222.17,High,230.33,High,3.75,Low,154.93,Low,Low,647.85,647.85,Low,1476.13,Low,932.57,Low,0.75,Low,174.81,Low,264.47,High,-0.4170508710166077,Low,918.32,High,12384.88,High,2223.72,High,2799.21,High,135.05,High,255.46,High,0.20133298211029027,High,179.69,Low
TCGA-55-8092,258.02,High,,,,,,,,,,,,,,,,,,,,,,,,,154.0,1.0,127.0,1.0,75.0,1.0,MALE,,40.0,,0.0,3.0,2.0,,0.9703636066534632,0.9703636066534632,0.0300844255041844,0.9897943162191867,0.010258118833650742,350.55,Low,2077.06,High,1032.97,Low,1.33,Low,129.01,Low,5.34,Low,1.0,2481.44,Low,760.27,Low,497.36,Low,2.22,Low,3.11,Low,49.38,Low,146.8,High,5949.14,Low,99.65,Low,10103.35,Low,88.08,High,360.34,High,17.79,Low,18.68,Low,18.68,Low,17.29,Low,1654.44,Low,181.5,Low,2106.87,Low,674.41,High,847.91,High,250.74,Low,527.16,Low,193.51,Low,319.86,High,264.25,Low,447.98,High,802.09,Low,1245.61,Low,470.22,Low,216.2,High,427.96,High,4474.42,Low,36853.27,High,149.92,High,747.37,Low,1325.24,High,768.72,Low,6.67,Low,37.37,Low,21.8,Low,7.12,High,496.47,High,High,1406.21,1406.21,High,1889.77,High,781.18,Low,1162.87,High,284.27,Low,250.01,High,0.2287439660992129,High,558.75,Low,15282.79,High,1042.67,High,1307.89,Low,54.27,Low,104.1,Low,-0.24767258933115927,Low,319.86,High
TCGA-55-8094,206.23,High,,,,,,,,,,,,,,,,,,,,,,,,,541.0,0.0,541.0,0.0,51.0,0.0,MALE,,70.0,1.0,0.0,2.0,4.0,,,,,,,12.52,Low,9271.35,High,288.48,Low,0.6,Low,147.22,Low,48.88,Low,1.0,42365.11,Low,1624.2,High,3077.93,High,2.38,Low,4379.08,High,165.7,High,128.74,High,14886.6,High,216.96,Low,2040.83,Low,8.34,Low,22.05,Low,3.58,Low,5.36,Low,5.36,Low,779.87,Low,245.57,Low,1067.5,High,1164.06,Low,740.28,High,544.18,Low,429.06,High,1453.14,High,325.44,High,596.04,High,393.38,High,579.94,High,509.61,Low,731.93,Low,912.53,High,51.26,Low,24.44,Low,18284.01,High,40733.72,High,182.98,High,1174.19,High,3802.71,High,1410.82,High,660.41,High,5.36,Low,0.0,Low,0.6,Low,1268.96,High,High,1113.99,1113.99,High,1347.64,Low,1170.02,Low,2528.98,High,969.16,High,1733.27,High,1.9527105212849285,High,101.33,Low,15948.74,High,619.81,Low,590.08,Low,138.88,High,14.9,Low,-0.26076997106903466,Low,596.04,High
TCGA-55-8096,157.17,Low,,,,,,,,,,,,,,,,,,,,,,,,,719.0,1.0,566.0,1.0,67.0,1.0,FEMALE,0.9,104.0,,0.0,2.0,1.0,0.4,0.7886615540121877,0.7886615540121877,0.23741800578864855,0.7636092028682124,0.26969913525422623,6829.35,High,1238.35,Low,599.06,Low,25.26,High,107.28,Low,304.37,High,1.0,5302.07,Low,745.01,Low,638.04,Low,13.72,High,214.86,High,82.95,Low,124.43,High,7345.93,Low,615.59,High,36259.16,High,38.36,Low,75.97,Low,34.3,High,74.22,High,74.22,High,2532.11,Low,1957.17,High,226.4,Low,3204.88,High,346.46,Low,443.14,Low,170.22,Low,351.77,Low,119.75,Low,179.63,Low,302.18,Low,380.46,Low,885.34,Low,1267.04,Low,1230.87,High,1350.93,High,413.51,High,4026.91,Low,18671.05,Low,66.74,Low,754.99,Low,772.14,Low,774.95,Low,379.52,High,67.36,Low,17.78,Low,59.88,High,189.6,Low,Low,415.7,415.7,Low,2074.73,High,1464.45,Low,1060.91,High,559.15,High,2784.5,High,1.4520315259210659,High,930.87,High,13121.38,High,1957.57,High,1863.92,High,110.39,High,174.64,High,-0.011138675205574803,High,179.63,Low
TCGA-55-8097,56.05,Low,,,,,,,,,,,,,,,,,,,,,,,,,476.0,0.0,476.0,0.0,60.0,0.0,FEMALE,0.5,35.0,,0.0,1.0,1.0,0.1,,,,,,1111.26,High,2616.52,High,1351.1,High,16.41,High,112.09,Low,1086.48,High,1.0,467121.3,High,988.8,Low,96.88,Low,3.6,High,1666.95,High,16.01,Low,34.83,Low,18966.2,High,394.32,High,12876.7,Low,27.22,Low,11.21,Low,18.82,Low,18.82,Low,18.82,Low,5056.96,High,2713.8,High,1499.22,High,980.0,Low,133.31,Low,432.35,Low,88.15,Low,182.55,Low,33.63,Low,112.89,Low,129.31,Low,98.88,Low,594.48,Low,2116.12,High,2154.95,High,52.44,Low,78.46,Low,7321.55,Low,16945.36,Low,46.04,Low,537.64,Low,767.42,Low,380.31,Low,138.51,Low,438.76,High,76.46,High,3.2,Low,192.96,Low,Low,396.32,396.32,Low,1156.94,Low,2395.95,High,10.01,High,602.89,High,45.64,Low,-0.2814770864332036,Low,865.9,High,11372.43,Low,269.39,Low,342.68,Low,32.03,Low,36.83,Low,-0.6257810212023178,Low,112.89,Low
TCGA-55-8203,158.53,Low,,,,,,,,,,,,,,,,,,,,,,,,,547.0,0.0,547.0,0.0,69.0,1.0,FEMALE,0.4,50.0,0.0,0.0,1.0,1.0,0.2,,,,,,706.49,Low,2173.29,High,1803.66,High,8.09,High,131.84,Low,74.82,Low,1.0,408637.76,High,1969.06,High,1137.6,High,6.87,High,654.74,High,171.47,High,141.54,High,6132.04,Low,110.0,Low,10918.76,Low,67.54,High,272.11,High,91.8,High,9.3,Low,9.3,Low,3787.98,High,1318.37,Low,1201.9,High,1548.07,Low,589.22,High,619.96,Low,340.42,High,835.1,High,321.91,High,197.35,Low,403.19,High,506.72,High,341.32,Low,751.39,Low,921.65,High,128.2,High,72.79,Low,6521.48,Low,30195.13,High,95.44,Low,586.39,Low,1407.34,High,1506.42,High,480.03,High,18.2,Low,46.51,High,6.07,Low,421.8,High,High,905.07,905.07,High,1196.24,Low,1766.86,High,142.76,High,215.95,Low,11.73,Low,-0.43510471278012663,Low,848.04,High,9789.51,Low,1060.66,High,702.86,Low,60.66,Low,115.66,High,-0.45303043845122903,Low,197.35,Low
TCGA-55-8204,223.71,High,,,,,,,,,,,,,,,,,,,,,,,,,515.0,0.0,515.0,0.0,87.0,1.0,FEMALE,,,,0.0,2.0,1.0,,,,,,,1518.77,High,1063.3,Low,609.44,Low,0.0,Low,128.76,Low,78.33,Low,0.0,25691.52,Low,2092.27,High,1531.65,High,150.21,High,84.76,Low,173.82,High,400.75,High,11532.73,High,662.02,High,10770.25,Low,97.64,High,70.82,Low,72.42,High,25.75,Low,25.75,Low,198.21,Low,1558.48,Low,70.82,Low,1795.06,Low,1347.1,High,494.1,Low,278.98,Low,812.23,High,520.92,High,399.68,High,131.97,Low,431.87,High,5704.4,High,2624.46,High,187.23,Low,165.77,High,254.83,Low,1564.38,Low,20522.53,High,298.28,High,1525.21,High,2351.39,High,1269.85,High,1420.06,High,8488.2,High,105872.85,High,65820.82,High,361.59,Low,High,884.12,884.12,High,,,318.13,Low,64.91,High,774.68,High,34.87,Low,-0.16660050020671882,High,544.53,Low,22451.18,High,1501.04,High,1238.2,Low,129.29,High,177.58,High,0.1594263989470921,High,399.68,High
TCGA-55-8205,432.92,High,,,,,,,,,,,,,,,,,,,,,,,,,599.0,0.0,495.0,1.0,76.0,1.0,FEMALE,1.1,30.0,0.0,0.0,2.0,2.0,0.6,,,,0.7399301251649717,0.3011995226950263,1597.46,High,1112.05,Low,1044.64,Low,3.8,Low,200.0,High,81.01,Low,1.0,41618.58,Low,3051.33,High,3039.3,High,4.11,High,80.7,Low,394.94,High,388.62,High,8628.66,Low,196.52,Low,23876.2,High,761.09,High,302.22,High,75.0,High,27.22,High,27.22,High,1758.31,Low,7520.41,High,217.73,Low,6533.05,High,2315.24,High,804.76,High,761.49,High,2414.61,High,825.65,High,1171.23,High,639.89,High,1102.55,High,2160.8,High,1827.57,High,391.78,Low,63.29,Low,772.17,High,27556.9,High,19655.47,Low,237.66,High,2787.72,High,4555.79,High,2659.55,High,15.19,Low,472.48,High,95.89,High,4.43,Low,912.99,High,High,2113.97,2113.97,High,1880.1,High,353.49,Low,17.72,High,2075.04,High,866.16,High,0.873023545465207,High,737.36,High,13135.71,High,1075.23,High,2247.51,High,142.41,High,566.47,High,0.24526732824014674,High,1171.23,High
TCGA-55-8206,63.79,Low,,,,,,,,,,,,,,,,,,,,,,,,,888.0,0.0,888.0,0.0,56.0,0.0,MALE,,,0.0,0.0,1.0,1.0,,,,,,,2690.71,High,1008.86,Low,1380.69,High,1.48,Low,198.46,High,997.64,High,0.0,377569.99,High,992.91,Low,169.52,Low,1.77,Low,1270.82,High,20.67,Low,48.73,Low,12718.55,High,504.43,High,20679.23,High,54.93,Low,46.55,Low,75.61,High,43.71,High,43.71,High,4937.38,High,2370.35,High,858.24,High,1407.86,Low,136.44,Low,397.22,Low,92.92,Low,162.73,Low,61.43,Low,136.74,Low,117.54,Low,91.55,Low,598.35,Low,1704.08,High,1576.49,High,135.85,High,291.49,High,1583.87,Low,14004.43,Low,34.55,Low,430.6,Low,639.4,Low,465.74,Low,83.28,Low,1129.95,High,36.92,Low,3.54,Low,297.11,Low,Low,225.34,225.34,Low,1834.02,High,3522.45,High,0.0,Low,51.39,Low,15.06,Low,-0.5943365497177374,Low,677.2,High,8965.45,Low,130.82,Low,998.52,Low,29.53,Low,53.46,Low,-0.6177754286041285,Low,136.74,Low
TCGA-55-8207,80.64,Low,,,,,,,,,,,,,,,,,,,,,,,,,977.0,0.0,977.0,0.0,73.0,1.0,MALE,0.9,,,0.0,2.0,1.0,0.4,,,,,,2534.97,High,1636.03,High,1231.02,Low,7.63,High,256.81,High,1686.89,High,0.0,172211.04,High,1108.61,Low,143.12,Low,7.99,High,201.96,High,19.25,Low,57.39,Low,11347.26,High,662.91,High,39086.38,High,60.3,Low,104.98,High,6.54,Low,129.68,High,129.68,High,4880.22,High,2309.84,High,1527.42,High,2553.94,Low,104.98,Low,318.2,Low,67.48,Low,149.29,Low,33.78,Low,115.87,Low,103.52,Low,51.22,Low,906.28,Low,949.51,Low,1224.48,High,89.72,Low,271.7,Low,1637.85,Low,17544.13,Low,19.98,Low,499.46,Low,485.29,Low,788.96,Low,30.51,Low,89.72,High,53.4,High,17.8,High,95.17,Low,Low,436.25,436.25,Low,1604.43,High,1279.33,Low,0.36,Low,599.35,High,13.08,Low,-0.30279762983238917,Low,721.39,High,14378.86,High,909.79,High,2091.9,High,106.79,High,110.79,Low,-0.0904129990626478,High,115.87,Low
TCGA-55-8208,238.27,High,,,,,,,,,,,,,,,,,,,,,,,,,674.0,0.0,511.0,1.0,73.0,1.0,FEMALE,,50.0,0.0,0.0,1.0,1.0,,,,,0.7270617751621026,0.31874383234593584,297.56,Low,1419.29,High,1471.38,High,45.38,High,118.62,Low,133.57,Low,1.0,62715.83,Low,1569.88,High,1358.43,High,1.55,Low,138.73,Low,135.64,High,197.01,High,6104.18,Low,292.42,High,26802.17,High,290.87,High,154.29,High,154.2,High,18.05,Low,18.05,Low,1161.44,Low,2517.28,High,148.53,Low,8422.38,High,548.74,Low,837.55,High,388.22,High,567.82,Low,291.39,High,352.76,High,536.87,High,420.32,Low,833.93,Low,1336.77,Low,396.08,Low,146.47,High,267.66,Low,10330.58,High,22707.58,High,116.55,High,1755.54,High,1024.76,Low,1659.1,High,511.09,High,137.18,High,342.44,High,9.8,High,353.27,Low,High,1223.83,1223.83,High,1681.28,High,912.33,Low,105.21,High,501.81,High,555.44,High,-0.05968556958598406,High,716.35,High,15906.65,High,1367.03,High,2075.3,High,160.39,High,225.89,High,0.15564189920955968,High,352.76,High
TCGA-55-8299,391.53,High,,,,,,,,,,,,,,,,,,,,,,,,,469.0,1.0,274.0,1.0,61.0,0.0,FEMALE,,20.0,,0.0,1.0,1.0,,0.8012245261690742,0.8012245261690742,0.22161406386535293,0.8749797691029367,0.1335545139170328,996.73,High,918.64,Low,1266.25,Low,4.65,High,134.73,Low,165.14,Low,1.0,269996.17,High,1228.24,High,1370.15,High,1.69,Low,130.09,Low,149.09,High,141.91,High,3926.3,Low,348.03,High,19928.86,High,164.72,High,292.28,High,29.57,High,31.68,High,31.68,High,1317.97,Low,3791.99,High,349.3,Low,6420.36,High,696.06,High,633.97,High,371.76,High,1162.77,High,349.72,High,355.21,High,314.24,Low,504.3,High,1817.86,High,1599.49,High,435.46,Low,155.85,High,163.03,Low,16182.06,High,18894.9,Low,217.1,High,730.69,Low,1336.36,High,868.8,Low,22.39,Low,87.43,High,68.0,High,63.78,High,357.74,Low,High,1134.89,1134.89,High,1881.21,High,1473.21,Low,1.69,Low,333.67,Low,80.25,Low,-0.4138941746725946,Low,916.95,High,18245.31,High,5187.38,High,1529.38,High,304.1,High,285.94,High,0.7981845187414077,High,355.21,High
TCGA-55-8301,209.46,High,,,,,,,,,,,,,,,,,,,,,,,,,534.0,0.0,238.0,1.0,58.0,0.0,MALE,,100.0,,0.0,2.0,1.0,,,,,0.930643667341647,0.07187881681513174,1380.19,High,1049.46,Low,2077.85,High,4.73,High,177.2,High,214.62,High,1.0,73553.55,Low,1409.46,High,703.66,Low,1.29,Low,112.69,Low,302.8,High,115.27,High,6240.0,Low,239.14,High,23793.52,High,312.69,High,24.9,Low,66.24,High,18.49,Low,18.49,Low,5456.36,High,2187.96,High,323.44,Low,3583.23,High,1134.62,High,625.38,Low,372.79,High,985.81,High,418.06,High,180.65,Low,629.68,High,653.76,High,2841.29,High,991.4,Low,458.92,Low,404.73,High,105.81,Low,10598.71,High,22472.26,High,148.82,High,1181.08,High,1510.11,High,931.61,Low,212.9,High,26.67,Low,33.98,Low,19.35,High,469.68,High,Low,777.2,777.2,Low,947.53,Low,2122.58,High,1.29,Low,347.96,Low,763.44,High,-0.10220346463962388,High,689.46,High,9254.62,Low,1794.8,High,1641.29,High,55.48,Low,156.99,High,-0.26764051942660466,Low,180.65,Low
TCGA-55-8302,207.67,High,,,,,,,,,,,,,,,,,,,,,,,,,478.0,0.0,478.0,0.0,54.0,0.0,MALE,,59.0,,0.0,2.0,1.0,,,,,,,738.18,Low,2174.72,High,480.13,Low,8.31,High,141.22,Low,115.74,Low,1.0,86181.92,Low,1045.0,Low,1477.5,High,4.98,High,61.47,Low,231.48,High,145.65,High,25186.21,High,79.19,Low,13965.9,Low,513.36,High,37.66,Low,33.78,High,17.17,Low,17.17,Low,3707.85,High,965.25,Low,127.37,Low,4335.59,High,807.97,High,666.21,High,484.78,High,646.82,Low,332.83,High,603.63,High,731.0,High,709.4,High,1845.77,High,4440.26,High,798.01,High,68.67,Low,744.29,High,8474.04,High,12253.08,Low,188.29,High,1304.72,High,949.19,Low,1403.3,High,37.1,Low,320.09,High,206.56,High,61.47,High,585.35,High,Low,726.57,726.57,Low,1337.39,Low,1356.78,Low,19.38,High,1517.38,High,1184.0,High,0.7180190311003636,High,462.41,Low,9761.04,Low,1302.49,High,3923.02,High,113.53,High,177.21,High,0.09824663719122284,High,603.63,High
TCGA-55-8505,279.32,High,,,,,,,,,,,,,,,,,,,,,,,,,440.0,0.0,440.0,0.0,62.0,0.0,MALE,1.2,,,2.0,1.0,3.0,0.4,,,,,,612.84,Low,1808.49,High,1073.66,Low,0.0,Low,96.05,Low,30.05,Low,0.0,10596.35,Low,2223.34,High,1745.43,High,1.18,Low,326.46,High,136.71,High,79.55,Low,10909.84,High,210.37,Low,15299.5,Low,14.14,Low,113.14,High,73.07,High,11.79,Low,11.79,Low,73.25,Low,2803.77,High,76.02,Low,4749.56,High,498.53,Low,813.2,High,411.49,High,794.93,High,352.39,High,295.82,High,406.01,High,573.36,High,837.95,Low,3459.05,High,700.06,Low,226.87,High,480.26,High,20441.96,High,16526.81,Low,270.48,High,1084.27,High,1491.46,High,1166.76,High,203.3,High,94.28,High,154.39,High,272.83,High,670.01,High,High,1585.74,1585.74,High,1899.82,High,1003.54,Low,838.54,High,202.12,Low,692.99,High,0.21648628489060776,High,374.19,Low,21442.55,High,2840.27,High,3238.66,High,166.76,High,414.85,High,0.7123020530644113,High,295.82,High
TCGA-55-8506,236.49,High,,,,,,,,,,,,,,,,,,,,,,,,,11.0,0.0,11.0,0.0,62.0,0.0,FEMALE,1.1,,,0.0,3.0,2.0,0.4,,,,,,1994.9,High,972.41,Low,727.48,Low,3.94,Low,173.42,High,774.77,High,0.0,115103.04,High,1109.23,Low,513.51,Low,139.08,High,80.52,Low,234.8,High,71.51,Low,6186.37,Low,34.91,Low,9314.59,Low,74.32,High,32.66,Low,8.45,Low,7.88,Low,7.88,Low,5565.0,High,424.55,Low,1619.93,High,4346.28,High,902.59,High,662.73,High,449.13,High,470.16,Low,408.78,High,243.81,Low,884.57,High,894.14,High,688.06,Low,2457.21,High,384.57,Low,24.77,Low,16.89,Low,15605.86,High,25965.65,High,92.34,Low,984.8,High,842.91,Low,1035.47,Low,339.53,High,12.95,Low,109.23,High,0.56,Low,533.78,High,High,1152.59,1152.59,High,2183.0,High,3277.59,High,1.13,Low,58.56,Low,309.12,High,-0.45896899443523714,Low,850.23,High,8651.46,Low,1127.22,High,1909.91,High,203.83,High,62.5,Low,-0.1060224286763372,High,243.81,Low
TCGA-55-8507,265.15,High,,,,,,,,,,,,,,,,,,,,,,,,,418.0,0.0,418.0,0.0,53.0,0.0,MALE,1.0,120.0,,0.0,1.0,1.0,0.4,,,,,,374.45,Low,2574.68,High,535.71,Low,4.33,Low,174.78,High,137.45,Low,1.0,311715.37,High,1023.81,Low,1053.03,High,4.33,High,528.14,High,187.77,High,137.99,High,8671.0,Low,180.19,Low,10961.53,Low,29.76,Low,115.8,High,165.58,High,15.15,Low,15.15,Low,6901.64,High,1555.19,Low,1730.52,High,2614.18,Low,560.06,High,1035.71,High,318.78,Low,1229.98,High,445.89,High,370.13,High,971.32,High,668.83,High,1244.59,High,1313.85,Low,1437.77,High,125.54,High,152.6,Low,13921.0,High,20267.32,High,108.77,Low,1453.46,High,1842.53,High,1207.79,High,1501.62,High,31.39,Low,35.17,Low,1.08,Low,611.47,High,High,1219.7,1219.7,High,1097.4,Low,2181.82,High,69.26,High,404.22,High,634.2,High,-0.09502541729328158,High,1391.77,High,8778.68,Low,1435.57,High,4149.89,High,122.29,High,61.15,Low,0.0581780365303712,High,370.13,High
TCGA-55-8508,122.9,Low,,,,,,,,,,,,,,,,,,,,,,,,,617.0,0.0,617.0,0.0,60.0,0.0,FEMALE,1.0,,,1.0,2.0,2.0,0.5,,,,,,1484.49,High,1603.89,High,2778.96,High,30.06,High,106.1,Low,31.83,Low,0.0,81501.33,Low,1099.91,Low,682.58,Low,0.88,Low,463.31,High,84.88,Low,41.56,Low,9868.26,High,114.94,Low,14774.43,Low,35.37,Low,380.75,High,45.98,High,14.15,Low,14.15,Low,3935.34,High,3456.23,High,1179.49,High,2198.94,Low,295.31,Low,562.33,Low,208.87,Low,1101.68,High,167.99,Low,172.41,Low,436.78,High,587.98,High,269.67,Low,1003.54,Low,902.74,High,243.15,High,114.94,Low,5540.23,Low,29045.09,High,41.56,Low,895.67,Low,884.17,Low,450.04,Low,2080.46,High,29.18,Low,108.75,High,7.96,High,320.95,Low,High,1022.1,1022.1,High,1103.45,Low,2839.08,High,18.57,High,316.53,Low,22.99,Low,-0.4399113746976691,Low,1090.19,High,9468.61,Low,2028.26,High,2101.68,High,76.92,Low,145.0,High,-0.15212424908155373,High,172.41,Low
TCGA-55-8510,297.43,High,,,,,,,,,,,,,,,,,,,,,,,,,539.0,0.0,539.0,0.0,55.0,0.0,FEMALE,1.2,,,0.0,2.0,1.0,0.4,,,,,,1156.65,High,778.46,Low,654.22,Low,7.96,High,115.06,Low,404.53,High,0.0,87316.4,Low,976.13,Low,707.47,Low,7.96,High,118.73,Low,145.04,High,149.94,High,9323.13,High,248.47,High,21198.94,High,141.98,High,56.26,Low,91.8,High,36.11,High,36.11,High,3077.52,High,3834.76,High,519.58,High,3608.32,High,478.58,Low,515.91,Low,402.47,High,580.78,Low,256.43,Low,299.88,High,503.67,High,493.27,High,1078.95,Low,1559.98,High,579.56,Low,93.64,Low,771.11,High,4961.44,Low,13723.38,Low,57.53,Low,1242.96,High,1027.54,Low,1415.54,High,36.11,Low,123.01,High,96.08,High,4.28,Low,386.17,High,Low,588.74,588.74,Low,1225.21,Low,1547.12,High,18.36,High,129.13,Low,1735.62,High,0.22279578673282918,High,967.56,High,8986.54,Low,794.95,High,1544.68,High,122.4,High,78.95,Low,-0.30772364349998443,Low,299.88,High
TCGA-55-8511,344.24,High,,,,,,,,,,,,,,,,,,,,,,,,,552.0,0.0,460.0,1.0,73.0,1.0,FEMALE,,58.0,,0.0,2.0,1.0,,,,,0.8377465727302227,0.17703964341429995,2009.47,High,560.88,Low,559.79,Low,2.17,Low,274.74,High,111.31,Low,1.0,16414.28,Low,878.51,Low,1093.53,High,7.06,High,3.8,Low,220.99,High,94.48,Low,8849.74,Low,103.71,Low,13094.57,Low,358.35,High,281.72,High,15.2,Low,67.87,High,67.87,High,2328.96,Low,1269.99,Low,209.04,Low,1918.83,Low,772.63,High,508.21,Low,679.6,High,1073.98,High,677.62,High,224.79,Low,557.62,High,876.88,High,2841.86,High,1705.99,High,689.56,Low,249.22,High,617.89,High,6542.69,Low,18318.99,Low,162.89,High,1225.46,High,1261.84,High,1148.36,High,860.05,High,63.53,Low,133.03,High,3.26,Low,351.84,Low,Low,371.93,371.93,Low,1856.93,High,596.17,Low,2.17,Low,523.42,High,133.57,Low,-0.2887045870165594,Low,639.07,High,13297.68,High,1135.87,High,1937.83,High,334.46,High,109.14,Low,0.2850222959522049,High,224.79,Low
TCGA-55-8512,60.93,Low,,,,,,,,,,,,,,,,,,,,,,,,,607.0,1.0,607.0,0.0,41.0,0.0,MALE,,19.0,1.0,1.0,1.0,4.0,,0.8254789058599316,0.8254789058599316,0.19179156911630213,,,1102.07,High,1062.0,Low,1109.57,Low,6.95,High,107.96,Low,374.67,High,1.0,379403.53,High,765.37,Low,104.22,Low,4.28,High,1797.43,High,6.95,Low,19.78,Low,11325.49,High,781.93,High,9921.1,Low,41.15,Low,324.43,High,53.45,High,20.31,Low,20.31,Low,4074.13,High,2799.04,High,970.6,High,1905.93,Low,105.29,Low,389.1,Low,64.05,Low,171.57,Low,18.17,Low,155.53,Low,94.07,Low,67.88,Low,2055.59,High,2354.36,High,727.42,Low,46.5,Low,166.76,Low,14935.33,High,10961.52,Low,16.57,Low,439.34,Low,557.99,Low,201.5,Low,1198.82,High,1071.62,High,15428.65,High,183.86,High,57.72,Low,Low,380.55,380.55,Low,1090.86,Low,2535.01,High,3.21,Low,408.34,High,33.67,Low,-0.3940400480764507,Low,505.61,Low,5703.9,Low,116.52,Low,1622.13,High,114.38,High,66.81,Low,-0.47251574011920255,Low,155.53,Low
TCGA-55-8513,60.09,Low,,,,,,,,,,,,,,,,,,,,,,,,,791.0,0.0,317.0,1.0,77.0,1.0,FEMALE,1.0,,,0.0,3.0,2.0,0.4,,,,0.9031711240970001,0.10184323732095478,815.26,Low,1106.08,Low,1023.0,Low,334.57,High,116.47,Low,224.78,High,0.0,300116.47,High,612.76,Low,235.91,Low,2.23,Low,230.71,High,18.55,Low,21.51,Low,7859.05,Low,609.05,High,22108.1,High,90.5,High,107.97,High,41.54,High,83.83,High,83.83,High,3415.13,High,5623.89,High,578.63,High,2685.46,Low,127.6,Low,405.79,Low,117.06,Low,181.75,Low,29.67,Low,151.34,Low,88.28,Low,118.69,Low,1418.4,High,1724.04,High,675.82,Low,88.28,Low,574.93,High,5009.64,Low,21802.67,High,20.77,Low,359.79,Low,390.21,Low,401.34,Low,528.19,High,252.23,High,885.01,High,5.19,Low,98.66,Low,Low,459.94,459.94,Low,1705.49,High,2490.36,High,0.74,Low,468.84,High,66.77,Low,-0.3482946973746706,Low,666.91,High,8208.46,Low,306.33,Low,1113.5,Low,105.34,High,86.8,Low,-0.4534823048081673,Low,151.34,Low
TCGA-55-8514,63.23,Low,,,,,,,,,,,,,,,,,,,,,,,,,520.0,0.0,520.0,0.0,70.0,1.0,FEMALE,,20.0,,0.0,2.0,1.0,,,,,,,959.98,Low,983.87,Low,805.81,Low,5.16,High,120.0,Low,116.13,Low,1.0,239016.13,High,752.26,Low,109.68,Low,5.16,High,332.9,High,20.0,Low,19.35,Low,6066.45,Low,112.9,Low,8232.88,Low,54.19,Low,380.65,High,17.42,Low,14.84,Low,14.84,Low,4922.01,High,1499.35,Low,388.39,Low,1994.19,Low,100.0,Low,282.58,Low,52.09,Low,120.65,Low,23.87,Low,62.58,Low,312.9,Low,129.03,Low,676.77,Low,785.81,Low,1014.84,High,179.35,High,298.06,High,4654.84,Low,12776.77,Low,29.68,Low,400.0,Low,434.19,Low,465.81,Low,1594.19,High,2.58,Low,10.97,Low,29.68,High,94.84,Low,Low,340.0,340.0,Low,593.55,Low,2929.03,High,0.65,Low,252.9,Low,69.03,Low,-0.4624987811188997,Low,519.35,Low,3795.48,Low,167.1,Low,1461.94,Low,132.9,High,49.68,Low,-0.5172242033038974,Low,62.58,Low
TCGA-55-8614,324.38,High,,,,,,,,,,,,,,,,,,,,,,,,,536.0,0.0,536.0,0.0,76.0,1.0,MALE,0.7,40.0,,0.0,2.0,1.0,0.3,,,,,,2006.59,High,858.09,Low,1790.98,High,1.89,Low,268.43,High,142.07,Low,1.0,196076.06,High,947.35,Low,602.23,Low,3.14,High,105.61,Low,198.02,High,333.8,High,12369.64,High,286.03,High,16107.69,Low,32.69,Low,312.43,High,35.2,High,20.12,Low,20.12,Low,1932.43,Low,2468.02,High,91.15,Low,1015.87,Low,657.55,High,709.1,High,521.87,High,552.57,Low,626.75,High,247.68,Low,421.81,High,490.33,High,4239.51,High,2352.98,High,233.85,Low,22.0,Low,313.06,High,3962.91,Low,19996.86,Low,163.44,High,2354.24,High,2407.67,High,1019.64,Low,1445.23,High,4150.24,High,39866.73,High,2920.01,High,277.23,Low,Low,845.51,845.51,Low,1605.53,High,909.01,Low,126.36,High,1913.56,High,769.45,High,0.7993478347548303,High,929.75,High,13812.35,High,1973.25,High,1163.6,Low,182.93,High,90.52,Low,0.001012817413544509,High,247.68,Low
TCGA-55-8615,98.4,Low,,,,,,,,,,,,,,,,,,,,,,,,,446.0,0.0,224.0,1.0,67.0,1.0,MALE,0.9,67.0,,2.0,3.0,3.0,0.6,,,,0.9469707492248339,0.054487074103262464,894.65,Low,1955.08,High,1529.41,High,1.6,Low,114.97,Low,225.13,High,1.0,408651.34,High,815.51,Low,655.62,Low,32.62,High,209.09,High,104.81,Low,71.12,Low,7413.9,Low,33.69,Low,8939.11,Low,12.83,Low,51.87,Low,29.95,High,5.35,Low,5.35,Low,9951.73,High,666.84,Low,4404.81,High,1917.11,Low,554.55,High,527.27,Low,334.95,High,609.63,Low,132.09,Low,197.33,Low,354.55,Low,371.66,Low,448.13,Low,1221.93,Low,625.13,Low,278.07,High,40.11,Low,7410.7,Low,30463.1,High,64.71,Low,463.64,Low,749.73,Low,544.38,Low,677.54,High,14.44,Low,56.68,High,16.04,High,241.71,Low,Low,588.77,588.77,Low,1070.05,Low,2067.38,High,11.76,High,540.11,High,145.45,Low,-0.26961187827311583,Low,502.14,Low,13388.24,High,544.34,Low,669.52,Low,69.52,Low,86.1,Low,-0.40863044988371994,Low,197.33,Low
TCGA-55-8616,151.79,Low,,,,,,,,,,,,,,,,,,,,,,,,,48.0,0.0,48.0,0.0,58.0,0.0,FEMALE,0.5,,0.0,0.0,2.0,1.0,0.2,,,,,,2286.19,High,2340.86,High,333.51,Low,0.0,Low,350.32,High,856.09,High,0.0,16704.83,Low,976.89,Low,247.9,Low,3.15,High,129.73,Low,61.45,Low,93.49,Low,8282.04,Low,312.5,High,16155.61,Low,82.98,High,8.93,Low,2.63,Low,68.8,High,68.8,High,8040.03,High,1890.23,High,335.08,Low,1067.23,Low,324.58,Low,453.78,Low,115.49,Low,221.11,Low,121.32,Low,189.08,Low,200.1,Low,268.38,Low,1807.77,High,1450.63,High,1224.79,High,192.75,High,178.05,Low,11419.64,High,10856.62,Low,102.94,Low,453.26,Low,1837.18,High,1025.74,Low,377.1,High,117.12,High,1998.42,High,274.68,High,190.13,Low,Low,322.48,322.48,Low,943.28,Low,1733.72,High,0.0,Low,255.78,Low,367.12,High,-0.3285339104238025,Low,717.44,High,6225.84,Low,182.2,Low,825.63,Low,46.74,Low,45.69,Low,-0.6834664802428116,Low,189.08,Low
TCGA-55-8619,86.2,Low,,,,,,,,,,,,,,,,,,,,,,,,,416.0,0.0,416.0,0.0,72.0,1.0,FEMALE,1.2,,,0.0,3.0,2.0,0.6,,,,,,836.34,Low,1004.08,Low,1076.88,Low,24.46,High,103.67,Low,156.09,Low,0.0,254193.94,High,751.31,Low,305.18,Low,1.75,Low,343.04,High,60.57,Low,40.77,Low,6655.8,Low,1365.75,High,29792.96,High,64.65,High,55.91,Low,67.56,High,18.64,Low,18.64,Low,1633.89,Low,6935.93,High,790.33,High,3438.56,High,199.77,Low,364.01,Low,150.44,Low,269.07,Low,139.78,Low,137.45,Low,204.43,Low,250.44,Low,1413.51,High,1870.7,High,1110.08,High,85.61,Low,737.33,High,10742.57,High,14848.57,Low,56.49,Low,367.5,Low,479.32,Low,506.12,Low,72.22,Low,125.22,High,92.6,High,26.79,High,120.56,Low,Low,620.27,620.27,Low,2177.05,High,2157.83,High,4.08,Low,437.39,High,234.13,High,-0.28882322512701314,Low,670.36,High,10662.78,Low,575.99,Low,1804.89,High,61.15,Low,114.73,High,-0.33734687419115317,Low,137.45,Low
TCGA-55-8620,509.0,High,,,,,,,,,,,,,,,,,,,,,,,,,375.0,1.0,375.0,0.0,60.0,0.0,MALE,1.0,154.0,1.0,1.0,1.0,4.0,0.5,0.8996600291333077,0.8996600291333077,0.10573833242903076,,,38.1,Low,1276.98,Low,1446.64,High,1.19,Low,200.03,High,74.42,Low,1.0,8180.98,Low,3564.82,High,1702.04,High,13.1,High,8944.19,High,320.29,High,265.52,High,7931.54,Low,102.4,Low,6692.84,Low,54.77,Low,7.87,Low,42.27,High,1.79,Low,1.79,Low,758.01,Low,25569.88,High,530.44,High,3084.98,High,1061.47,High,1042.42,High,1067.97,High,1152.55,High,616.76,High,415.54,High,1189.46,High,1728.23,High,2114.6,High,1401.99,Low,567.94,Low,16.67,Low,557.23,High,21092.42,High,14861.74,Low,368.51,High,4092.28,High,3586.84,High,3292.75,High,2556.93,High,12.5,Low,8.33,Low,0.0,Low,1041.23,High,High,2554.55,2554.55,High,1552.61,High,139.9,Low,0.0,Low,587.59,High,844.77,High,0.061158402288593185,High,490.55,Low,6558.71,Low,661.37,Low,511.98,Low,327.43,High,34.53,Low,-0.17715040812126287,High,415.54,High
TCGA-55-8621,117.32,Low,,,,,,,,,,,,,,,,,,,,,,,,,515.0,0.0,515.0,0.0,75.0,1.0,FEMALE,0.7,30.0,,0.0,1.0,1.0,0.6,,,,,,1001.16,High,1102.99,Low,1228.87,Low,10.71,High,136.07,Low,238.92,High,1.0,206385.43,High,981.92,Low,475.16,Low,1.61,Low,211.06,High,52.5,Low,72.85,Low,5617.78,Low,937.46,High,34299.11,High,233.03,High,47.68,Low,88.92,High,34.82,High,34.82,High,2423.18,Low,5210.12,High,1099.77,High,4543.73,High,259.27,Low,454.27,Low,176.84,Low,398.02,Low,98.57,Low,268.38,Low,292.49,Low,260.35,Low,868.89,Low,1228.34,Low,734.97,Low,152.67,High,758.54,High,11636.8,High,14611.49,Low,47.68,Low,581.76,Low,676.58,Low,836.21,Low,340.7,High,251.77,High,1105.13,High,21.96,High,183.74,Low,Low,320.88,320.88,Low,1990.63,High,2025.98,High,0.0,Low,343.38,Low,161.24,Low,-0.3735085558728039,Low,1058.52,High,9869.02,Low,1062.73,High,1546.0,High,84.1,Low,134.46,High,-0.2933724008796177,Low,268.38,Low
TCGA-55-A48X,117.79,Low,,,,,,,,,,,,,,,,,,,,,,,,,689.0,0.0,615.0,1.0,63.0,0.0,FEMALE,,36.0,0.0,1.0,1.0,2.0,,,,,0.7477404880659245,0.2906993022939792,1701.82,High,1237.54,Low,1523.95,High,5.38,High,167.16,High,357.77,High,1.0,164991.69,High,1177.91,Low,619.26,Low,3.91,High,158.36,High,72.34,Low,93.35,Low,11707.23,High,346.04,High,15661.14,Low,68.43,High,46.48,Low,27.86,High,27.37,High,27.37,High,3973.24,High,3710.65,High,313.78,Low,2074.78,Low,298.14,Low,440.37,Low,229.73,Low,466.28,Low,195.01,Low,296.68,High,308.41,Low,287.88,Low,761.0,Low,1494.13,High,1501.47,High,134.41,High,207.72,Low,8217.01,High,27697.46,High,46.43,Low,928.64,Low,1009.29,Low,716.03,Low,142.23,Low,301.56,High,799.12,High,28.84,High,193.55,Low,Low,703.81,703.81,Low,1177.42,Low,1825.51,High,0.49,Low,818.67,High,369.01,High,-0.027242533550099896,High,682.8,High,8266.37,Low,646.58,Low,926.2,Low,51.32,Low,72.83,Low,-0.5476665274837695,Low,296.68,High
TCGA-55-A48Y,297.79,High,,,,,,,,,,,,,,,,,,,,,,,,,630.0,0.0,630.0,0.0,69.0,1.0,MALE,,50.0,0.0,0.0,2.0,2.0,,,,,,,704.3,Low,1355.04,Low,1526.79,High,3.15,Low,143.91,Low,287.82,High,1.0,279351.37,High,1482.14,High,742.12,Low,2.1,Low,60.92,Low,61.97,Low,89.29,Low,7972.16,Low,191.18,Low,14850.65,Low,22.06,Low,70.9,Low,34.66,High,32.56,High,32.56,High,2086.01,Low,1461.66,Low,1734.77,High,2640.76,Low,605.57,High,548.84,Low,320.67,Low,1177.52,High,159.14,Low,338.24,High,361.34,Low,490.55,High,1247.9,High,961.66,Low,351.37,Low,148.11,High,333.51,High,33775.74,High,36392.33,High,282.04,High,887.08,Low,1111.87,Low,1152.31,High,1.58,Low,84.03,High,6.83,Low,1.05,Low,459.03,High,High,1907.56,1907.56,High,1923.32,High,2341.91,High,6.3,High,78.78,Low,327.73,High,-0.4372549931417446,Low,664.92,High,20641.28,High,1385.5,High,2327.73,High,52.52,Low,223.21,High,0.12513479803441346,High,338.24,High
TCGA-55-A48Z,212.4,High,,,,,,,,,,,,,,,,,,,,,,,,,651.0,0.0,536.0,1.0,60.0,0.0,FEMALE,,40.0,,3.0,1.0,3.0,,,,,0.785301086013336,0.2416880856742928,3633.28,High,970.69,Low,1098.51,Low,12.97,High,197.02,High,407.5,High,1.0,5448.82,Low,1153.77,Low,770.78,Low,0.48,Low,59.11,Low,451.71,High,302.26,High,5320.52,Low,111.0,Low,25531.72,High,97.55,High,45.17,Low,28.35,High,8.65,Low,8.65,Low,2535.22,Low,2113.89,High,103.32,Low,2443.06,Low,883.23,High,700.14,High,359.22,High,985.1,High,711.2,High,500.24,High,1031.23,High,451.71,High,686.21,Low,975.49,Low,1321.96,High,605.0,High,271.5,Low,9670.83,High,14195.1,Low,100.91,Low,1177.32,High,1702.55,High,1462.76,High,859.68,High,41.81,Low,61.03,High,86.5,High,452.67,High,Low,601.15,601.15,Low,839.5,Low,859.68,Low,1.92,Low,402.21,High,773.19,High,-0.06860665751932626,High,795.29,High,9318.6,Low,1082.07,High,1823.16,High,67.28,Low,131.19,High,-0.30409192167087157,Low,500.24,High
TCGA-55-A490,203.69,High,,,,,,,,,,,,,,,,,,,,,,,,,99.0,1.0,99.0,0.0,78.0,1.0,MALE,,34.0,,0.0,2.0,2.0,,0.9589740896418357,0.9589740896418357,0.04189122256396985,,,5390.47,High,2501.89,High,266.18,Low,0.98,Low,468.4,High,209.6,Low,1.0,90555.56,Low,661.27,Low,913.67,High,5.9,High,0.0,Low,261.26,High,27.06,Low,21296.31,High,267.16,High,20637.01,High,26.57,Low,35.42,Low,25.09,Low,11.81,Low,11.81,Low,5845.55,High,1568.05,Low,868.9,High,3295.51,High,1018.47,High,719.82,High,437.77,High,718.34,High,198.28,Low,457.57,High,200.25,Low,1332.86,High,3108.54,High,2029.56,High,3183.33,High,358.68,High,43.3,Low,9949.49,High,27265.91,High,110.21,Low,1971.01,High,1592.16,High,940.73,Low,11.81,Low,66.42,Low,128.91,High,88.07,High,664.71,High,Low,724.74,724.74,Low,1244.3,Low,882.18,Low,602.22,High,1234.95,High,598.78,High,0.6045918177408263,High,374.42,Low,31999.08,High,1457.47,High,6759.77,High,324.24,High,112.18,Low,1.4077788299881937,High,457.57,High
TCGA-55-A491,348.86,High,,,,,,,,,,,,,,,,,,,,,,,,,626.0,0.0,626.0,0.0,81.0,1.0,FEMALE,,45.0,,0.0,1.0,1.0,,,,,,,741.64,Low,1096.88,Low,1781.37,High,1.06,Low,83.11,Low,33.35,Low,1.0,620.43,Low,1553.2,High,1568.03,High,1.59,Low,261.51,High,84.7,Low,187.93,High,7333.51,Low,72.0,Low,29851.95,High,94.23,High,58.98,Low,43.94,High,10.06,Low,10.06,Low,1847.17,Low,1426.68,Low,43.41,Low,2983.06,High,556.91,High,1094.76,High,182.06,Low,277.4,Low,101.11,Low,374.8,High,823.19,High,141.87,Low,599.79,Low,652.2,Low,374.27,Low,205.4,High,488.09,High,5289.04,Low,19409.74,Low,138.7,High,1931.18,High,1895.18,High,1781.37,High,1870.3,High,29.12,Low,2.12,Low,2.65,Low,172.58,Low,Low,490.74,490.74,Low,965.06,Low,1267.87,Low,153.52,High,1925.89,High,596.08,High,0.7425885230363353,High,465.85,Low,13938.06,High,566.42,Low,1357.86,Low,70.41,Low,96.88,Low,-0.2982302623301539,Low,374.8,High
TCGA-55-A492,111.41,Low,,,,,,,,,,,,,,,,,,,,,,,,,596.0,0.0,596.0,0.0,70.0,1.0,FEMALE,,35.0,,0.0,1.0,1.0,,,,,,,103.37,Low,1092.13,Low,1313.34,High,10.18,High,92.13,Low,291.91,High,1.0,1432694.16,High,983.4,Low,121.59,Low,3.21,High,2512.59,High,36.96,Low,18.75,Low,6093.73,Low,113.55,Low,10533.18,Low,1.07,Low,27.32,Low,21.42,Low,16.6,Low,16.6,Low,6934.65,High,1577.93,Low,1450.46,High,2407.61,Low,96.95,Low,269.42,Low,63.74,Low,191.22,Low,27.32,Low,64.27,Low,188.54,Low,89.98,Low,1876.27,High,1027.32,Low,236.74,Low,18.75,Low,100.16,Low,23805.57,High,30226.03,High,39.64,Low,195.5,Low,177.83,Low,230.32,Low,61.6,Low,19.28,Low,3.75,Low,0.0,Low,101.77,Low,Low,212.64,212.64,Low,230.32,Low,6510.44,High,0.0,Low,29.99,Low,21.42,Low,-0.6029169807243618,Low,377.61,Low,4999.46,Low,202.87,Low,342.26,Low,22.5,Low,170.33,High,-0.7436682016413338,Low,64.27,Low
TCGA-55-A493,432.89,High,,,,,,,,,,,,,,,,,,,,,,,,,28.0,0.0,28.0,0.0,54.0,0.0,FEMALE,,53.0,0.0,0.0,2.0,1.0,,,,,,,3354.06,High,2634.21,High,1105.75,Low,0.0,Low,331.58,High,49.93,Low,1.0,15757.73,Low,1783.93,High,2783.51,High,22.78,High,5.82,Low,406.72,High,154.64,High,14335.92,High,143.97,Low,19835.97,High,446.47,High,202.63,High,86.29,High,33.93,High,33.93,High,2336.29,Low,1098.96,Low,31.99,Low,2819.39,High,1082.96,High,1078.6,High,1435.09,High,2676.38,High,542.45,High,934.62,High,1240.51,High,2224.58,High,3891.2,High,3720.08,High,408.17,Low,61.08,Low,412.53,High,9900.82,High,13944.72,Low,259.35,High,2340.92,High,2972.57,High,2078.18,High,13.09,Low,4782.68,High,80.96,High,3.88,Low,1326.8,High,High,1839.19,1839.19,High,1713.16,High,406.23,Low,325.28,High,1867.31,High,1228.39,High,1.0807317476729428,High,631.16,High,11561.62,Low,2271.86,High,9481.01,High,255.47,High,827.98,High,1.5664608146242684,High,934.62,High
TCGA-55-A494,180.93,Low,,,,,,,,,,,,,,,,,,,,,,,,,481.0,0.0,481.0,0.0,61.0,0.0,FEMALE,,7.0,,0.0,2.0,1.0,,,,,,,1347.15,High,3439.44,High,1580.92,High,6.65,High,179.16,High,167.63,Low,1.0,132656.03,High,1297.11,High,1785.79,High,31.93,High,1.33,Low,141.91,High,176.94,High,13183.92,High,84.7,Low,4011.21,Low,8.43,Low,15.96,Low,54.55,High,0.44,Low,0.44,Low,8080.4,High,477.16,Low,339.69,Low,525.94,Low,484.7,Low,641.68,High,421.55,High,964.07,High,226.16,Low,314.41,High,348.11,Low,558.75,High,1282.03,High,2587.12,High,1990.23,High,3178.24,High,225.28,Low,12098.34,High,24549.67,High,95.79,Low,572.94,Low,2689.11,High,874.05,Low,912.63,High,0.0,Low,0.0,Low,0.44,Low,267.85,Low,Low,741.01,741.01,Low,1267.84,Low,1972.93,High,116.19,High,650.55,High,42.13,Low,-0.2033631020839012,High,768.95,High,8639.39,Low,623.05,Low,422.17,Low,48.78,Low,78.05,Low,-0.6034989658071339,Low,314.41,High
TCGA-55-A4DF,780.4,High,,,,,,,,,,,,,,,,,,,,,,,,,614.0,1.0,515.0,1.0,88.0,1.0,MALE,,60.0,,0.0,1.0,1.0,,0.8188750746130521,0.8188750746130521,0.1998237408135664,0.7990804001560785,0.22429371230074635,227.46,Low,2132.69,High,1831.25,High,1.85,Low,169.67,High,61.95,Low,1.0,15758.67,Low,4994.91,High,1878.87,High,0.92,Low,21.27,Low,619.05,High,779.47,High,10499.77,High,100.79,Low,11271.5,Low,190.01,High,171.34,High,87.84,High,47.62,High,47.62,High,2725.4,Low,613.96,Low,59.64,Low,2458.16,Low,2102.17,High,1650.02,High,836.37,High,1664.36,High,1713.36,High,711.05,High,1330.56,High,908.92,High,370.78,Low,766.99,Low,615.35,Low,29.13,Low,347.2,High,10384.19,High,26940.82,High,189.09,High,2061.95,High,3167.82,High,3117.89,High,7373.56,High,75.82,High,4.16,Low,1.39,Low,1102.64,High,High,4644.94,4644.94,High,1465.56,Low,1582.06,High,400.83,High,2676.38,High,681.0,High,1.3070377136752398,High,538.14,Low,7193.25,Low,499.75,Low,902.91,Low,155.34,High,67.5,Low,-0.41213639513447653,Low,711.05,High
TCGA-55-A4DG,114.98,Low,,,,,,,,,,,,,,,,,,,,,,,,,608.0,0.0,608.0,0.0,71.0,1.0,MALE,,100.0,,0.0,1.0,1.0,,,,,,,2281.63,High,549.05,Low,2232.59,High,24.26,High,155.59,Low,1737.34,High,1.0,110923.0,High,737.34,Low,111.29,Low,6.33,High,62.24,Low,41.67,Low,26.9,Low,4823.84,Low,180.38,Low,11547.72,Low,30.59,Low,108.12,High,14.77,Low,35.34,High,35.34,High,4423.35,High,1477.85,Low,569.62,High,1339.66,Low,197.78,Low,381.86,Low,153.7,Low,151.9,Low,107.07,Low,202.53,Low,274.26,Low,140.82,Low,1147.15,Low,1053.27,Low,654.54,Low,1008.44,High,393.99,High,2997.89,Low,15166.67,Low,21.1,Low,583.33,Low,762.13,Low,1104.43,High,243.14,High,128.69,High,23.21,Low,3.16,Low,135.55,Low,Low,387.13,387.13,Low,1065.4,Low,2978.9,High,2.64,Low,51.16,Low,61.18,Low,-0.5725695621193969,Low,382.38,Low,8878.16,Low,102.32,Low,426.16,Low,41.14,Low,32.17,Low,-0.6858308292172157,Low,202.53,Low
TCGA-55-A57B,167.49,Low,,,,,,,,,,,,,,,,,,,,,,,,,546.0,0.0,546.0,0.0,80.0,1.0,FEMALE,,,0.0,0.0,1.0,1.0,,,,,,,6528.5,High,912.91,Low,1407.26,High,10.23,High,208.39,High,347.32,High,0.0,34793.37,Low,564.88,Low,419.25,Low,1.76,Low,351.9,High,40.9,Low,35.26,Low,14146.33,High,512.34,High,25089.45,High,66.64,High,116.36,High,159.38,High,38.08,High,38.08,High,4376.28,High,4357.9,High,983.78,High,1162.2,Low,209.1,Low,454.51,Low,136.78,Low,167.14,Low,99.79,Low,279.97,High,294.43,Low,195.7,Low,1674.19,High,1459.8,High,882.93,High,206.63,High,267.63,Low,1732.37,Low,15979.2,Low,62.76,Low,736.25,Low,721.44,Low,724.61,Low,75.11,Low,967.56,High,78.28,High,51.83,High,129.76,Low,Low,502.12,502.12,Low,1577.22,High,2189.0,High,0.71,Low,261.64,Low,309.24,High,-0.3508240069146069,Low,796.54,High,9217.91,Low,560.87,Low,1057.12,Low,72.99,Low,237.66,High,-0.3766036469887705,Low,279.97,High
TCGA-62-8394,463.25,High,,,,,,,,,,,,,,,,,,,,,,,,,139.0,1.0,139.0,0.0,65.0,0.0,FEMALE,0.7,,0.0,2.0,4.0,3.0,0.3,0.9747150129613262,0.9747150129613262,0.025610145109263356,,,1688.31,High,1152.3,Low,2283.81,High,7.9,High,183.39,High,247.43,High,0.0,25333.19,Low,2194.82,High,2042.21,High,2.5,Low,154.28,High,333.92,High,247.01,High,8689.88,Low,183.39,Low,15360.1,Low,35.76,Low,103.96,High,9.15,Low,71.94,High,71.94,High,3032.61,High,2577.81,High,228.3,Low,2478.43,Low,799.67,High,837.51,High,450.62,High,1252.11,High,696.95,High,566.79,High,1074.54,High,713.59,High,731.05,Low,1242.96,Low,796.76,High,234.12,High,242.02,Low,12093.15,High,22482.59,High,182.97,High,2185.67,High,1457.53,High,2285.48,High,980.56,High,34.52,Low,116.44,High,25.37,High,639.15,High,High,1741.97,1741.97,High,1009.25,Low,2710.05,High,82.34,High,1090.76,High,1073.71,High,0.47354823945205365,High,754.76,High,6682.19,Low,931.04,High,2465.95,High,147.21,High,62.79,Low,-0.20956343176091666,Low,566.79,High
TCGA-62-8395,52.2,Low,,,,,,,,,,,,,,,,,,,,,,,,,1216.0,0.0,395.0,1.0,80.0,1.0,FEMALE,1.0,,0.0,0.0,3.0,2.0,0.5,,,,0.801948842291589,0.22071046081649012,1772.42,High,1646.12,High,1377.69,High,2.19,Low,170.18,High,462.3,High,0.0,282674.24,High,857.93,Low,178.08,Low,9.65,High,1307.07,High,21.05,Low,35.97,Low,11350.5,High,237.73,High,12434.18,Low,10.09,Low,92.55,High,42.11,High,7.9,Low,7.9,Low,6154.89,High,2229.48,High,4186.15,High,2569.85,Low,89.48,Low,389.49,Low,82.52,Low,128.51,Low,42.11,Low,117.99,Low,421.51,High,103.51,Low,1664.99,High,1360.59,Low,591.25,Low,45.18,Low,72.81,Low,33403.22,High,21085.57,High,45.62,Low,734.24,Low,590.38,Low,540.37,Low,66.67,Low,17.54,Low,84.21,High,11.4,High,940.39,High,Low,180.27,180.27,Low,1331.64,Low,4508.97,High,49.56,High,70.62,Low,48.69,Low,-0.543777189495526,Low,1311.9,High,8453.0,Low,567.55,Low,750.91,Low,73.25,Low,110.53,Low,-0.5102230871401201,Low,117.99,Low
TCGA-62-8397,74.45,Low,,,,,,,,,,,,,,,,,,,,,,,,,1289.0,0.0,1289.0,0.0,70.0,1.0,FEMALE,0.6,,0.0,0.0,3.0,2.0,0.4,,,,,,5837.81,High,875.91,Low,509.49,Low,4.38,Low,217.52,High,1056.93,High,0.0,487159.12,High,691.97,Low,278.83,Low,2.92,Low,436.5,High,26.28,Low,17.52,Low,7359.12,Low,452.55,High,12912.74,Low,33.58,Low,18.98,Low,11.68,Low,33.58,High,33.58,High,8796.2,High,3543.07,High,528.47,High,1446.72,Low,179.56,Low,359.12,Low,91.21,Low,305.11,Low,35.04,Low,48.18,Low,236.5,Low,78.83,Low,421.9,Low,2091.97,High,655.47,Low,96.35,Low,496.35,High,5083.21,Low,13370.8,Low,26.28,Low,394.16,Low,496.35,Low,417.52,Low,7.3,Low,16.06,Low,11.68,Low,4.38,Low,157.66,Low,Low,308.03,308.03,Low,928.47,Low,3375.18,High,0.0,Low,33.58,Low,10.22,Low,-0.6059905414573284,Low,929.93,High,7178.1,Low,162.04,Low,975.18,Low,46.72,Low,59.85,Low,-0.6323458403954052,Low,48.18,Low
TCGA-62-8398,344.17,High,,,,,,,,,,,,,,,,,,,,,,,,,444.0,1.0,444.0,0.0,55.0,0.0,MALE,1.0,20.0,0.0,2.0,2.0,3.0,0.3,0.8306004098419197,0.8306004098419197,0.18560645435685563,,,457.89,Low,2157.38,High,1610.52,High,1.5,Low,81.07,Low,24.02,Low,1.0,73656.0,Low,1509.94,High,2021.13,High,6.38,High,81.82,Low,135.49,High,212.44,High,13391.28,High,208.31,Low,9231.78,Low,86.7,High,219.19,High,11.26,Low,51.04,High,51.04,High,276.31,Low,694.35,Low,216.56,Low,22750.06,High,1650.31,High,853.49,High,671.26,High,1163.51,High,333.29,High,627.17,High,273.99,Low,1280.99,High,1676.96,High,1811.33,High,470.66,Low,23.65,Low,345.68,High,13045.61,High,15797.13,Low,212.06,High,905.66,Low,1656.69,High,819.71,Low,118.23,Low,7.13,Low,5.25,Low,4.13,Low,642.18,High,High,2319.52,2319.52,High,2427.24,High,648.56,Low,64.18,High,380.21,High,566.37,High,-0.14063593372913782,High,398.6,Low,22570.65,High,1661.55,High,2679.83,High,109.97,High,642.18,High,0.599097440680896,High,627.17,High
TCGA-62-8399,389.18,High,,,,,,,,,,,,,,,,,,,,,,,,,2696.0,0.0,2696.0,0.0,62.0,0.0,MALE,,70.0,0.0,2.0,2.0,3.0,,,,,,,2140.66,High,1249.62,Low,316.19,Low,13.99,High,327.16,High,313.16,High,1.0,116975.79,High,654.31,Low,896.75,High,0.76,Low,11.35,Low,72.62,Low,166.41,High,7136.54,Low,345.69,High,20000.17,High,85.1,High,2616.11,High,9.83,Low,221.63,High,221.63,High,596.04,Low,1427.38,Low,1940.62,High,1611.95,Low,522.69,Low,902.04,High,264.02,Low,614.6,Low,232.6,Low,336.61,High,1140.7,High,377.84,Low,1207.64,High,773.07,Low,568.08,Low,169.44,High,783.28,High,2213.31,Low,22159.23,High,175.49,High,1335.85,High,1618.38,High,1576.78,High,102.12,Low,25.72,Low,23.83,Low,7.94,High,343.42,Low,Low,819.59,819.59,Low,1630.11,High,1706.13,High,0.38,Low,475.42,High,970.5,High,0.057527013566250874,High,2079.05,High,9472.39,Low,675.07,Low,10600.61,High,293.49,High,88.5,Low,1.1259033082575074,High,336.61,High
TCGA-62-8402,313.83,High,,,,,,,,,,,,,,,,,,,,,,,,,1498.0,1.0,772.0,1.0,73.0,1.0,FEMALE,0.7,,0.0,2.0,2.0,3.0,0.2,0.5283587907233489,0.5283587907233489,0.6379796981652792,0.6887736968648934,0.37284251349541175,1690.35,High,1441.56,High,1554.87,High,0.0,Low,106.42,Low,136.96,Low,0.0,9006.53,Low,1783.96,High,2847.64,High,2.46,Low,0.0,Low,127.6,High,200.52,High,15439.83,High,82.28,Low,7477.91,Low,177.36,High,42.32,Low,89.67,High,2.96,Low,2.96,Low,5706.02,High,261.12,Low,39.91,Low,1902.7,Low,758.71,High,1071.56,High,727.06,High,975.0,High,380.84,High,376.4,High,433.55,High,590.71,High,1605.62,High,4036.46,High,717.33,Low,20.69,Low,93.11,Low,7421.11,Low,27234.88,High,216.78,High,1651.43,High,1984.97,High,1240.55,High,1225.27,High,94.59,High,71.93,High,15.27,High,726.69,High,High,968.59,968.59,High,1872.15,High,926.72,Low,49.27,High,1501.17,High,2217.51,High,1.1849449983428264,High,980.91,High,7637.39,Low,391.15,Low,762.66,Low,45.82,Low,63.06,Low,-0.6244865428908831,Low,376.4,High
TCGA-62-A46O,634.34,High,,,,,,,,,,,,,,,,,,,,,,,,,1454.0,1.0,,,65.0,0.0,FEMALE,,48.0,0.0,0.0,2.0,1.0,,0.4590307083627868,0.4590307083627868,0.7786381684083116,,,1713.48,High,3167.78,High,311.59,Low,0.56,Low,173.91,High,71.35,Low,1.0,3386.29,Low,2006.69,High,4481.05,High,3.34,High,1.67,Low,234.11,High,272.58,High,6309.92,Low,993.31,High,1613.71,Low,15.61,Low,37.35,Low,4.46,Low,1.11,Low,1.11,Low,43.41,Low,207.36,Low,22.85,Low,12098.66,High,2231.33,High,1838.91,High,1006.58,High,1687.29,High,715.72,High,892.42,High,903.57,High,846.71,High,1235.79,High,1000.0,Low,525.64,Low,158.86,High,586.4,High,10633.78,High,18293.76,Low,769.79,High,2067.45,High,3915.83,High,2079.71,High,15.05,Low,12.82,Low,21.18,Low,1.11,Low,954.29,High,High,3500.0,3500.0,High,,,747.49,Low,4477.7,High,1166.67,High,3093.09,High,3.659492948104058,High,195.09,Low,23925.86,High,664.4,Low,5142.7,High,35.67,Low,44.04,Low,0.35996394354301137,High,892.42,High
TCGA-62-A46P,98.5,Low,,,,,,,,,,,,,,,,,,,,,,,,,594.0,1.0,,,65.0,0.0,MALE,,40.0,0.0,0.0,2.0,1.0,,0.8319279598119623,0.8319279598119623,0.1840094286742471,,,217.29,Low,1573.68,High,1273.68,Low,2.26,Low,152.63,Low,208.27,Low,1.0,570526.32,High,518.8,Low,196.99,Low,0.75,Low,918.8,High,25.56,Low,41.35,Low,6932.33,Low,111.28,Low,7658.65,Low,12.03,Low,69.17,Low,11.28,Low,6.77,Low,6.77,Low,5852.48,High,1455.64,Low,667.67,High,1933.83,Low,166.92,Low,303.01,Low,117.18,Low,354.89,Low,52.63,Low,36.09,Low,84.21,Low,123.31,Low,342.11,Low,790.23,Low,718.8,Low,15.79,Low,127.82,Low,6113.53,Low,36498.5,High,38.35,Low,161.65,Low,451.88,Low,351.88,Low,606.01,High,8.27,Low,0.75,Low,0.0,Low,310.53,Low,Low,530.83,530.83,Low,696.99,Low,6243.61,High,1.5,Low,276.69,Low,61.65,Low,-0.45266363988621156,Low,745.11,High,7557.89,Low,752.63,Low,676.69,Low,45.86,Low,281.2,High,-0.4735051805822662,Low,36.09,Low
TCGA-62-A46R,217.59,High,,,,,,,,,,,,,,,,,,,,,,,,,1725.0,1.0,1725.0,0.0,54.0,0.0,FEMALE,,25.0,0.0,0.0,2.0,1.0,,0.40514833217301627,0.40514833217301627,0.9035020266505394,,,3099.84,High,1899.32,High,308.13,Low,2.5,Low,224.1,High,2850.74,High,1.0,231499.91,High,1542.67,High,804.35,Low,2.0,Low,4.0,Low,128.56,High,156.57,High,11142.33,High,94.04,Low,9824.07,Low,51.52,Low,4.5,Low,18.01,Low,83.54,High,83.54,High,4435.47,High,579.25,Low,727.32,High,1880.32,Low,636.28,High,515.72,Low,452.44,High,726.32,High,241.6,Low,543.74,High,796.85,High,319.14,Low,882.88,Low,1148.0,Low,1975.36,High,135.06,High,717.31,High,1580.69,Low,20537.41,High,82.04,Low,580.75,Low,1551.67,High,1529.66,High,45.52,Low,54.02,Low,160.07,High,0.5,Low,407.68,High,High,939.41,939.41,High,1131.49,Low,1416.61,Low,0.0,Low,253.61,Low,84.04,Low,-0.45576724322584555,Low,288.63,Low,5820.02,Low,247.57,Low,819.86,Low,24.51,Low,57.02,Low,-0.721899868359394,Low,543.74,High
TCGA-62-A46S,60.93,Low,,,,,,,,,,,,,,,,,,,,,,,,,1653.0,1.0,,,73.0,1.0,MALE,,40.0,0.0,0.0,2.0,1.0,,0.4275224590116384,0.4275224590116384,0.8497484562855347,,,246.8,Low,2042.83,High,646.36,Low,4.42,High,100.66,Low,217.22,High,1.0,443605.3,High,607.06,Low,266.67,Low,4.42,High,654.75,High,18.54,Low,32.23,Low,9364.68,High,203.97,Low,9474.45,Low,42.38,Low,226.76,High,18.1,Low,9.27,Low,9.27,Low,3723.77,High,1165.12,Low,1068.43,High,2036.2,Low,222.96,Low,376.6,Low,126.36,Low,309.93,Low,53.86,Low,101.99,Low,173.51,Low,111.7,Low,2596.91,High,1349.23,Low,1512.58,High,41.5,Low,123.18,Low,16467.99,High,29189.85,High,37.09,Low,244.15,Low,285.65,Low,331.13,Low,756.73,High,12.36,Low,5.3,Low,1.32,Low,1019.43,High,Low,424.28,424.28,Low,1169.98,Low,2905.96,High,460.04,High,442.38,High,86.53,Low,-0.11889763839473379,High,375.28,Low,14375.28,High,400.87,Low,1230.91,Low,75.06,Low,51.21,Low,-0.3363850229295764,Low,101.99,Low
TCGA-62-A46U,182.49,Low,,,,,,,,,,,,,,,,,,,,,,,,,2067.0,0.0,2067.0,0.0,71.0,1.0,FEMALE,,,0.0,1.0,2.0,1.0,,,,,,,2518.66,High,1473.08,High,1128.24,Low,13.15,High,370.32,High,491.57,High,0.0,170681.87,High,2060.83,High,1845.87,High,2.88,Low,85.9,Low,154.95,High,166.87,High,5483.35,Low,107.69,Low,32365.0,High,451.29,High,78.09,High,192.36,High,11.1,Low,11.1,Low,2486.65,Low,1104.81,Low,982.74,High,4179.2,High,856.97,High,859.02,High,327.17,Low,944.51,High,341.96,High,1088.37,High,861.08,High,347.31,Low,772.71,Low,1626.39,High,1746.81,High,352.65,High,573.37,High,8103.99,High,20635.02,High,148.38,High,1663.79,High,1384.71,High,1935.88,High,8.63,Low,7.81,Low,0.0,Low,0.0,Low,476.78,High,High,1076.86,1076.86,High,1466.91,Low,1012.33,Low,2.47,Low,162.35,Low,638.31,High,-0.2563190315778727,High,637.48,High,7064.12,Low,578.18,Low,2214.96,High,39.87,Low,79.33,Low,-0.44367303243059986,Low,1088.37,High
TCGA-62-A46V,251.61,High,,,,,,,,,,,,,,,,,,,,,,,,,2199.0,0.0,2199.0,0.0,78.0,1.0,FEMALE,,,0.0,0.0,2.0,1.0,,,,,,,1282.34,High,1332.01,Low,1200.99,Low,6.95,High,162.28,Low,4063.52,High,0.0,156945.41,High,1405.96,High,908.19,High,45.16,High,287.34,High,100.74,Low,128.54,High,6224.32,Low,126.05,Low,18526.99,High,19.85,Low,11.41,Low,50.12,High,66.5,High,66.5,High,3899.75,High,3366.25,High,1168.24,High,1362.28,Low,788.59,High,518.61,Low,283.66,Low,1000.99,High,236.23,Low,269.48,High,325.56,Low,157.32,Low,802.48,Low,1111.66,Low,789.08,Low,1104.22,High,112.16,Low,11548.88,High,18423.82,Low,116.13,High,657.57,Low,824.81,Low,978.16,Low,2.48,Low,67.99,Low,4.96,Low,8.93,High,318.11,Low,High,935.98,935.98,High,709.68,Low,3908.19,High,0.0,Low,87.34,Low,23.33,Low,-0.5714805465371713,Low,836.72,High,7736.97,Low,1146.29,High,1135.48,Low,38.21,Low,101.24,Low,-0.49606189524680994,Low,269.48,High
TCGA-62-A46Y,182.96,Low,,,,,,,,,,,,,,,,,,,,,,,,,414.0,1.0,,,70.0,1.0,FEMALE,,,0.0,2.0,2.0,3.0,,0.8903851834721396,0.8903851834721396,0.11610111946457732,,,1314.28,High,1683.71,High,1761.4,High,8.52,High,152.88,Low,407.02,High,0.0,757747.87,High,1291.23,High,1134.84,High,10.53,High,251.63,High,80.7,Low,102.76,Low,12469.17,High,253.63,High,22807.11,High,177.94,High,107.27,High,73.68,High,163.41,High,163.41,High,3112.66,High,1126.32,Low,345.36,Low,2569.42,Low,620.05,High,390.48,Low,268.61,Low,902.26,High,196.99,Low,294.24,High,303.26,Low,277.69,Low,1068.67,Low,1028.57,Low,1175.44,High,171.93,High,1014.54,High,7317.29,Low,30682.71,High,102.76,Low,703.26,Low,1153.88,High,1144.86,High,186.97,High,219.55,High,302.26,High,14.04,High,263.66,Low,Low,784.46,784.46,Low,1444.61,Low,2039.1,High,1.0,Low,164.41,Low,16.54,Low,-0.532890814093485,Low,659.15,High,6251.13,Low,800.98,High,2266.67,High,31.58,Low,35.09,Low,-0.4798877920371642,Low,294.24,High
TCGA-62-A470,77.59,Low,,,,,,,,,,,,,,,,,,,,,,,,,1194.0,1.0,,,84.0,1.0,MALE,,30.0,0.0,0.0,2.0,1.0,,0.6290345031598182,0.6290345031598182,0.46356916979594953,,,347.29,Low,2378.08,High,1056.65,Low,11.08,High,99.75,Low,396.55,High,1.0,233927.34,High,1208.13,High,529.56,Low,18.47,High,885.47,High,130.54,High,100.99,Low,7365.76,Low,140.39,Low,11249.11,Low,27.09,Low,119.46,High,18.47,Low,14.78,Low,14.78,Low,6498.28,High,1044.34,Low,1735.22,High,3288.18,High,682.27,High,890.39,High,251.65,Low,688.42,High,215.52,Low,183.5,Low,251.23,Low,373.15,Low,1130.54,Low,1724.14,High,788.18,Low,24.63,Low,153.94,Low,18424.88,High,18908.87,Low,112.07,Low,386.7,Low,668.72,Low,449.51,Low,1694.58,High,22.17,Low,41.87,High,0.0,Low,504.93,High,High,1119.46,1119.46,High,1168.72,Low,3917.49,High,0.0,Low,258.62,Low,40.64,Low,-0.4724244856640989,Low,557.88,Low,9938.42,Low,318.97,Low,496.31,Low,56.65,Low,41.87,Low,-0.594666244049306,Low,183.5,Low
TCGA-62-A471,474.68,High,,,,,,,,,,,,,,,,,,,,,,,,,1246.0,0.0,1246.0,0.0,64.0,0.0,MALE,,30.0,0.0,1.0,2.0,2.0,,,,,,,165.72,Low,1335.55,Low,1259.34,Low,2.56,Low,122.25,Low,15.86,Low,1.0,20787.72,Low,1103.32,Low,1948.34,High,4.09,High,20.46,Low,300.26,High,204.6,High,5261.89,Low,68.03,Low,4160.4,Low,22.51,Low,72.63,Low,6.14,Low,20.46,Low,20.46,Low,146.29,Low,750.38,Low,31.2,Low,16326.34,High,1446.55,High,1006.14,High,1073.21,High,1690.54,High,562.66,High,787.72,High,718.67,High,912.53,High,1639.39,High,1472.12,High,202.05,Low,202.05,High,301.28,High,15770.33,High,26407.16,High,339.13,High,1534.53,High,2703.32,High,1670.08,High,36.83,Low,631.71,High,8276.21,High,3902.81,High,1557.03,High,High,1896.16,1896.16,High,1036.32,Low,759.08,Low,1894.63,High,549.36,High,623.53,High,0.9104152652523368,High,212.28,Low,17515.09,High,4165.19,High,2611.76,High,104.86,High,1602.05,High,1.2486833655987968,High,787.72,High
TCGA-62-A472,251.93,High,,,,,,,,,,,,,,,,,,,,,,,,,910.0,0.0,290.0,1.0,70.0,1.0,MALE,,60.0,0.0,0.0,3.0,2.0,,,,,0.9142193970037824,0.08968469584755615,1501.91,High,1326.25,Low,383.2,Low,30.89,High,229.73,High,1309.85,High,1.0,158512.55,High,1624.52,High,1153.47,High,3.86,High,28.96,Low,192.08,High,250.0,High,9201.74,High,115.83,Low,21178.24,High,162.16,High,69.5,Low,60.81,High,29.92,High,29.92,High,5973.2,High,555.02,Low,216.22,Low,4066.6,High,1345.56,High,752.9,High,416.28,High,1269.31,High,347.49,High,578.19,High,360.04,Low,382.24,Low,2189.19,High,720.08,Low,1539.58,High,137.07,High,320.46,High,9120.66,High,18041.51,Low,141.89,High,1236.49,High,3962.36,High,1876.45,High,0.0,Low,51.16,Low,5.79,Low,4.83,Low,376.45,Low,High,1055.98,1055.98,High,1025.1,Low,1197.88,Low,0.0,Low,27.99,Low,17.37,Low,-0.6057873746434956,Low,425.68,Low,7303.09,Low,662.13,Low,1405.41,Low,57.92,Low,29.92,Low,-0.5270772559808333,Low,578.19,High
TCGA-64-1676,191.92,High,none,0.0,none,0.0,none,none,N,N,none,0.0,none,none,none,none,0.0,p.C121S,none,none,none,0.0,none,,none,0.0,1728.0,0.0,1728.0,0.0,58.0,0.0,MALE,1.5,60.0,0.0,0.0,1.0,1.0,0.3,,,,,,514.8,Low,998.42,Low,331.88,Low,4.85,High,155.89,Low,358.9,High,1.0,25738.51,Low,760.07,Low,974.17,High,0.0,Low,48.5,Low,334.65,High,56.12,Low,9282.3,High,60.97,Low,14601.82,Low,248.05,High,108.78,High,21.48,Low,250.12,High,250.12,High,3064.23,High,1056.62,Low,40.88,Low,4232.01,High,1570.03,High,559.83,Low,749.19,High,962.39,High,296.55,High,116.4,Low,343.66,Low,340.89,Low,2544.89,High,650.6,Low,590.32,Low,1696.13,High,393.55,High,4773.83,Low,26700.2,High,252.2,High,1227.75,High,856.38,Low,1427.99,High,60.28,Low,15.94,Low,3.46,Low,0.69,Low,519.65,High,Low,552.21,552.21,Low,1082.25,Low,2506.09,High,1.39,Low,384.54,High,532.12,High,-0.18566715543606638,High,764.92,High,18810.56,High,1192.29,High,2280.91,High,768.39,High,74.14,Low,1.2328680110617394,High,116.4,Low
TCGA-64-1677,179.43,Low,none,0.0,none,0.0,none,none,N,N,none,0.0,none,none,none,none,0.0,none,none,none,p.E545K,1.0,none,,none,0.0,628.0,1.0,360.0,1.0,77.0,1.0,FEMALE,1.0,50.0,0.0,2.0,2.0,3.0,0.4,0.7379808365437257,0.7379808365437257,0.3038374214617254,0.8249054641966601,0.1924864880657934,265.86,Low,1400.44,High,2160.83,High,6.56,High,132.39,Low,114.88,Low,1.0,55806.35,Low,1257.11,High,2120.35,High,3.28,High,24.07,Low,538.29,High,231.95,High,10677.24,High,85.34,Low,29324.8,High,110.5,High,276.81,High,78.77,High,53.61,High,53.61,High,5629.22,High,628.01,Low,49.23,Low,1112.69,Low,2059.08,High,1082.06,High,784.77,High,2168.49,High,518.6,High,257.11,Low,491.25,High,393.87,Low,2175.05,High,687.09,Low,1073.3,High,117.07,Low,346.83,High,8542.67,High,34994.53,High,172.87,High,1180.53,High,1669.58,High,1272.43,High,2556.89,High,5.47,Low,5.47,Low,44.86,High,768.05,High,High,4186.0,4186.0,High,791.03,Low,1503.28,Low,43.76,High,1044.86,High,530.63,High,0.18748121833987308,High,334.79,Low,14754.92,High,633.48,Low,1792.12,High,37.2,Low,39.39,Low,-0.3090658319912083,Low,257.11,Low
TCGA-64-1678,265.98,High,none,0.0,none,,none,none,N,Y,none,0.0,none,none,none,none,0.0,p.K57N,none,none,none,0.0,none,,none,0.0,1189.0,0.0,1189.0,0.0,70.0,1.0,FEMALE,1.0,20.0,0.0,0.0,2.0,,0.3,,,,,,86.16,Low,2815.27,High,352.14,Low,2.81,Low,143.29,Low,70.24,Low,1.0,143067.2,High,2028.56,High,3642.24,High,1.87,Low,177.01,High,1751.35,High,183.56,High,3582.3,Low,48.7,Low,3997.94,Low,7.49,Low,409.23,High,4.68,Low,29.97,High,29.97,High,5819.52,High,405.53,Low,941.23,High,1775.7,Low,5997.66,High,1075.16,High,2716.47,High,6263.64,High,1425.43,High,271.6,High,930.93,High,961.84,High,1277.45,High,1030.2,Low,471.08,Low,45.89,Low,28.1,Low,6282.37,Low,17805.67,Low,602.2,High,897.21,Low,748.3,Low,2853.66,High,838.21,High,20.6,Low,1.87,Low,0.0,Low,1415.13,High,High,2572.7,2572.7,High,,,2155.0,High,27.16,High,155.47,Low,1411.38,High,0.09693272371845311,High,871.93,High,21267.15,High,400.84,Low,275.35,Low,55.26,Low,30.91,Low,-0.31348042464031833,Low,271.6,High
TCGA-64-1679,152.93,Low,none,0.0,none,0.0,none,none,N,N,none,0.0,none,none,none,none,0.0,none,none,none,none,0.0,none,,none,0.0,2488.0,0.0,2488.0,0.0,58.0,0.0,FEMALE,1.0,40.0,0.0,2.0,1.0,3.0,0.4,,,,,,2271.03,High,1198.78,Low,1595.47,High,2.61,Low,216.77,High,25.83,Low,1.0,15660.19,Low,1626.52,High,1020.02,High,4.06,High,154.38,High,134.36,High,105.34,Low,12575.16,High,426.87,High,54036.81,High,100.41,High,84.44,High,58.62,High,140.74,High,140.74,High,1037.87,Low,3672.95,High,501.74,High,2713.87,High,533.66,Low,606.79,Low,312.65,Low,542.66,Low,311.96,High,315.15,High,324.14,Low,715.9,High,1125.65,Low,1733.02,High,631.17,Low,291.64,High,397.27,High,6753.63,Low,15515.09,Low,151.48,High,1952.7,High,899.59,Low,1186.59,High,614.92,High,816.02,High,1257.11,High,330.24,High,359.55,Low,High,1287.29,1287.29,High,,,838.65,Low,290.19,High,288.45,Low,1185.43,High,0.2016330566062878,High,710.68,High,27317.18,High,5249.14,High,3132.04,High,116.08,High,233.89,High,0.8859841098018577,High,315.15,High
TCGA-64-1680,92.68,Low,none,0.0,none,0.0,none,none,N,Y,none,0.0,none,none,none,none,0.0,none,none,none,none,0.0,none,Y,none,0.0,1126.0,0.0,1126.0,0.0,63.0,0.0,MALE,1.2,50.0,1.0,2.0,2.0,4.0,0.3,,,,,,568.0,Low,925.26,Low,1547.83,High,1.49,Low,100.15,Low,430.49,High,1.0,1156144.25,High,949.93,Low,1066.52,High,1.49,Low,365.47,High,47.83,Low,60.54,Low,9239.16,High,141.26,Low,7259.79,Low,27.65,Low,32.14,Low,2.99,Low,5.98,Low,5.98,Low,5144.84,High,2020.18,High,758.59,High,1784.75,Low,423.02,Low,621.82,Low,201.55,Low,557.55,Low,56.05,Low,191.33,Low,153.21,Low,188.34,Low,1195.81,High,961.14,Low,1460.39,High,210.01,High,497.76,High,3148.73,Low,26266.82,High,67.26,Low,547.83,Low,687.59,Low,720.48,Low,221.97,High,445.44,High,192.08,High,23.17,High,143.5,Low,Low,837.82,837.82,Low,1367.71,Low,2719.73,High,0.0,Low,68.01,Low,9.72,Low,-0.5878510976436081,Low,420.03,Low,9209.27,Low,1197.94,High,727.95,Low,12.71,Low,23.17,Low,-0.5932980131948388,Low,191.33,Low
TCGA-64-1681,88.19,Low,none,0.0,none,0.0,none,none,Y,Y,p.L858R,1.0,none,none,none,none,0.0,none,none,none,none,0.0,none,,none,0.0,1167.0,1.0,439.0,1.0,61.0,0.0,FEMALE,0.8,,0.0,0.0,1.0,1.0,0.4,0.6547303570470657,0.6547303570470657,0.4235317967361123,0.862162958320486,0.1483109794100281,1531.4,High,1598.63,High,1515.14,High,1.81,Low,264.21,High,646.25,High,0.0,191598.45,High,1091.53,Low,451.79,Low,2.89,Low,924.55,High,89.27,Low,35.78,Low,21951.03,High,765.52,High,25877.88,High,34.34,Low,10.12,Low,68.67,High,73.01,High,73.01,High,7341.92,High,3415.56,High,779.98,High,1839.7,Low,445.29,Low,620.58,Low,129.99,Low,363.24,Low,131.2,Low,134.82,Low,233.49,Low,254.09,Low,461.91,Low,1395.14,Low,1015.99,High,26.75,Low,293.12,High,5181.53,Low,16971.18,Low,57.83,Low,740.22,Low,558.42,Low,577.57,Low,387.46,High,192.28,High,349.15,High,23.13,High,284.09,Low,Low,375.53,375.53,Low,958.89,Low,3866.27,High,0.0,Low,139.51,Low,238.19,High,-0.44796463494475486,Low,661.79,High,7895.55,Low,527.68,Low,901.78,Low,53.85,Low,86.74,Low,-0.5591097252825382,Low,134.82,Low
TCGA-64-5774,300.42,High,none,0.0,none,0.0,none,none,Y,Y,none,0.0,none,none,none,p.G12C,1.0,p.G279fs,none,none,none,0.0,none,,none,0.0,2676.0,0.0,277.0,1.0,60.0,0.0,MALE,1.4,45.0,0.0,0.0,2.0,1.0,0.2,,,,0.869476751687195,0.13986368311029757,2423.46,High,1480.11,High,1340.66,High,5.15,High,251.75,High,15.44,Low,1.0,286855.87,High,2060.36,High,3386.99,High,3.74,High,0.94,Low,410.39,High,211.51,High,6385.59,Low,40.71,Low,5832.48,Low,41.18,Low,1213.03,High,31.35,High,4.21,Low,4.21,Low,4661.34,High,611.61,Low,1061.77,High,1357.98,Low,908.28,High,755.73,High,873.05,High,1884.42,High,864.3,High,580.25,High,802.99,High,1371.08,High,452.97,Low,962.1,Low,817.03,High,58.96,Low,4.21,Low,3165.18,Low,30228.83,High,139.45,High,942.44,High,1630.32,High,1206.83,High,820.31,High,13.1,Low,21.53,Low,2.34,Low,1048.2,High,High,1618.62,1618.62,High,1459.52,Low,1518.02,Low,2.81,Low,57.56,Low,42.58,Low,-0.5773533839743569,Low,338.32,Low,15083.76,High,1760.74,High,809.55,Low,123.54,High,121.67,High,-0.11466164811161787,High,580.25,High
TCGA-64-5775,677.14,High,none,0.0,none,0.0,none,none,Y,Y,none,0.0,none,none,none,p.Q61L,1.0,none,none,none,none,0.0,none,,none,0.0,62.0,1.0,62.0,0.0,71.0,1.0,MALE,1.3,110.0,0.0,0.0,4.0,3.0,0.4,0.9796241937109454,0.9796241937109454,0.02058625666832631,,,1001.08,High,1752.01,High,1650.84,High,182.86,High,134.13,Low,8.35,Low,1.0,114.17,Low,2495.05,High,2063.89,High,0.0,Low,173.11,High,577.35,High,303.06,High,11.14,Low,144.34,Low,100992.73,High,594.52,High,64.05,Low,16.24,Low,1013.15,High,1013.15,High,1243.7,Low,1186.73,Low,15.78,Low,7127.33,High,1599.32,High,1106.9,High,1067.79,High,2377.63,High,1174.66,High,305.38,High,334.62,Low,989.48,High,4361.23,High,1673.11,High,22.74,Low,26.92,Low,613.09,High,6909.19,Low,24788.08,High,155.48,High,2304.77,High,4715.35,High,1578.9,High,276.61,High,5.57,Low,81.22,High,1905.17,High,618.19,High,High,912.44,912.44,High,1949.26,High,2.32,Low,94.68,High,1208.54,High,1245.21,High,0.619049674467472,High,278.0,Low,21200.05,High,3258.81,High,3601.49,High,79.83,Low,1814.67,High,1.470243270919927,High,305.38,High
TCGA-64-5778,161.91,Low,none,0.0,none,0.0,none,none,Y,Y,none,0.0,none,p.G640C,none,p.G12C,1.0,none,none,none,none,0.0,none,,none,0.0,1305.0,0.0,1168.0,1.0,60.0,0.0,MALE,1.2,68.0,0.0,0.0,2.0,1.0,0.4,,,,0.5991309701415557,0.5122750567841103,248.05,Low,959.53,Low,1629.48,High,1.56,Low,194.6,High,198.24,Low,1.0,115527.69,High,1393.88,High,1250.13,High,0.52,Low,61.24,Low,151.53,High,155.68,High,8001.59,Low,115.21,Low,14393.48,Low,116.76,High,23.35,Low,8.82,Low,16.61,Low,16.61,Low,6784.89,High,970.42,Low,198.76,Low,4368.98,High,704.73,High,521.02,Low,278.8,Low,1119.36,High,221.59,Low,224.18,Low,458.23,High,262.59,Low,708.88,Low,840.69,Low,1277.64,High,247.02,High,1003.64,High,2093.42,Low,25034.87,High,288.53,High,1174.89,High,1111.06,Low,2064.36,High,121.43,Low,174.88,High,80.44,High,11.94,High,461.34,High,High,904.52,904.52,High,886.87,Low,1939.81,High,2.59,Low,727.56,High,251.69,High,-0.12701108294001948,High,318.11,Low,12017.17,High,291.95,Low,3063.84,High,26.47,Low,49.3,Low,-0.27128716940641584,Low,224.18,Low
TCGA-64-5779,359.25,High,,,,,,,,,,,,,,,,,,,,,,,,,864.0,0.0,795.0,1.0,61.0,0.0,MALE,1.3,40.0,0.0,2.0,2.0,3.0,0.4,,,,0.6783377317608799,0.38810998562620025,439.44,Low,1574.47,High,409.98,Low,0.0,Low,151.39,Low,60.56,Low,1.0,21874.8,Low,1626.84,High,1009.0,High,0.82,Low,305.24,High,189.03,High,195.58,High,7162.03,Low,184.94,Low,16207.59,Low,35.19,Low,103.11,High,14.73,Low,24.55,Low,24.55,Low,7550.88,High,6579.38,High,1450.08,High,936.99,Low,483.63,Low,1105.56,High,423.2,High,807.69,High,549.92,High,441.9,High,462.36,High,427.17,Low,672.67,Low,1896.89,High,812.6,High,109.66,Low,30.28,Low,6358.43,Low,17702.95,Low,126.84,High,1279.05,High,2972.18,High,1513.91,High,1284.78,High,32.73,Low,0.82,Low,0.0,Low,707.04,High,High,2152.21,2152.21,High,1768.41,High,749.59,Low,89.2,High,827.33,High,959.9,High,0.2858740531251364,High,1044.19,High,14507.36,High,1031.85,High,636.66,Low,160.39,High,138.3,High,-0.1443289986687653,High,441.9,High
TCGA-64-5781,266.24,High,none,0.0,none,0.0,none,none,N,N,none,0.0,none,none,none,none,0.0,none,p.Y1235H,none,none,0.0,none,,none,0.0,1559.0,0.0,96.0,1.0,55.0,0.0,FEMALE,1.0,25.0,0.0,0.0,2.0,1.0,0.4,,,,0.9757673839435731,0.02453105709900027,580.05,Low,1012.22,Low,756.91,Low,7.72,High,86.82,Low,0.64,Low,1.0,1525.4,Low,984.57,Low,1603.86,High,3.86,High,2.57,Low,339.55,High,131.19,High,4643.09,Low,156.27,Low,14268.55,Low,71.38,High,3535.05,High,6.43,Low,64.95,High,64.95,High,34.57,Low,3672.03,High,84.89,Low,6643.73,High,1081.03,High,834.08,High,337.5,High,1399.36,High,594.86,High,203.86,Low,638.59,High,472.67,High,1554.98,High,574.92,Low,115.76,Low,133.76,High,160.13,Low,3392.28,Low,28174.28,High,212.86,High,740.19,Low,909.32,Low,1288.75,High,5.79,Low,63.67,Low,6.43,Low,145.34,High,700.96,High,High,2441.16,2441.16,High,1639.23,High,736.98,Low,5.79,High,397.43,High,436.66,High,-0.2190594883614815,High,517.68,Low,31381.99,High,1514.38,High,5912.54,High,416.72,High,727.33,High,1.8222650052232674,High,203.86,Low
TCGA-64-5815,150.04,Low,,,,,,,,,,,,,,,,,,,,,,,,,866.0,0.0,,,74.0,1.0,MALE,,30.0,0.0,1.0,2.0,2.0,,,,,,,1170.46,High,1644.93,High,1307.15,Low,7.86,High,225.45,High,167.32,Low,1.0,148160.25,High,829.54,Low,939.51,High,1.57,Low,21.21,Low,159.47,High,79.34,Low,15723.49,High,137.47,Low,54986.76,High,73.06,High,227.81,High,16.5,Low,78.55,High,78.55,High,2318.22,Low,1791.83,High,226.24,Low,5454.05,High,521.6,Low,482.33,Low,382.54,High,761.98,High,372.35,High,149.25,Low,249.02,Low,440.69,High,1940.3,High,1831.11,High,666.14,Low,87.2,Low,315.0,High,12603.3,High,22743.91,High,89.55,Low,1031.42,High,828.75,Low,886.88,Low,3.14,Low,919.87,High,957.58,High,415.55,High,287.51,Low,High,1062.06,1062.06,High,2475.26,High,643.36,Low,4.71,Low,1042.42,High,77.77,Low,-0.035466486912092976,High,576.59,Low,18969.36,High,6679.4,High,4601.73,High,159.47,High,222.31,High,1.042828256954127,High,149.25,Low
TCGA-67-3770,135.34,Low,,,,,,,,,,,,,,,,,,,,,,,,,610.0,0.0,,,70.0,1.0,FEMALE,0.9,,0.0,0.0,1.0,1.0,0.2,,,,,,1603.36,High,1160.71,Low,754.7,Low,0.94,Low,220.86,High,1093.98,High,0.0,419953.95,High,810.15,Low,487.78,Low,2.82,Low,453.01,High,101.5,Low,24.44,Low,8437.03,Low,313.91,High,16448.0,Low,41.35,Low,25.38,Low,19.74,Low,48.87,High,48.87,High,3628.67,High,3074.25,High,1176.69,High,3534.77,High,393.8,Low,491.54,Low,195.54,Low,180.45,Low,56.39,Low,69.55,Low,205.83,Low,86.47,Low,442.67,Low,767.86,Low,1027.26,High,62.03,Low,536.65,High,1543.23,Low,15889.1,Low,45.11,Low,462.41,Low,185.15,Low,602.44,Low,16.92,Low,49.81,Low,4.7,Low,0.94,Low,74.25,Low,Low,323.31,323.31,Low,906.01,Low,5798.87,High,16.92,High,28.2,Low,851.5,High,-0.22553052258889958,High,336.47,Low,6958.65,Low,165.41,Low,1081.77,Low,55.45,Low,36.65,Low,-0.6231733644438764,Low,69.55,Low
TCGA-67-3771,222.8,High,none,0.0,none,0.0,p.E894*,p.S37C,N,N,none,0.0,none,none,none,none,0.0,none,none,none,none,0.0,none,,none,0.0,610.0,0.0,,,77.0,1.0,FEMALE,1.1,,0.0,0.0,1.0,1.0,0.7,,,,,,449.51,Low,936.81,Low,1076.22,Low,6.51,High,254.07,High,140.07,Low,0.0,3613.03,Low,869.71,Low,649.51,Low,15.64,High,538.11,High,403.91,High,169.38,High,9234.53,High,90.55,Low,11446.27,Low,56.03,Low,42.35,Low,11.07,Low,44.95,High,44.95,High,2073.47,Low,1310.1,Low,192.18,Low,5256.68,High,1008.47,High,615.64,Low,399.62,High,794.14,High,643.65,High,213.03,Low,421.5,High,390.88,Low,2795.44,High,1345.93,Low,1150.49,High,39.09,Low,359.61,High,12880.78,High,20829.97,High,85.34,Low,641.04,Low,628.66,Low,992.18,Low,1924.43,High,14.98,Low,16.29,Low,0.65,Low,651.47,High,High,2928.34,2928.34,High,2110.1,High,1271.01,Low,140.07,High,657.98,High,1375.24,High,0.40653289715420987,High,283.39,Low,13867.1,High,593.44,Low,1183.06,Low,63.84,Low,101.63,Low,-0.3281454723233424,Low,213.03,Low
TCGA-67-3772,84.27,Low,none,0.0,none,0.0,none,none,Y,Y,p.L858R,1.0,none,none,none,none,0.0,none,none,none,none,0.0,none,,none,0.0,573.0,0.0,,,82.0,1.0,FEMALE,0.9,,0.0,0.0,2.0,1.0,0.2,,,,,,936.8,Low,1261.7,Low,1774.34,High,1.87,Low,153.09,Low,253.28,High,0.0,23857.68,Low,1070.22,Low,460.21,Low,5.15,High,730.81,High,110.96,Low,44.94,Low,11605.34,High,416.67,High,22741.94,High,14.51,Low,66.01,Low,14.04,Low,48.22,High,48.22,High,3390.02,High,3051.97,High,491.57,High,2600.19,Low,451.78,Low,500.47,Low,175.71,Low,252.81,Low,104.87,Low,59.46,Low,84.27,Low,183.99,Low,355.81,Low,1052.43,Low,825.37,High,400.75,High,270.6,Low,1727.06,Low,15233.15,Low,56.18,Low,477.53,Low,491.57,Low,661.52,Low,213.01,High,188.67,High,419.01,High,7.96,High,133.9,Low,Low,341.76,341.76,Low,1379.68,Low,5792.13,High,3.75,Low,158.24,Low,135.3,Low,-0.48188366772300056,Low,521.54,Low,14772.47,High,447.52,Low,1676.5,High,68.35,Low,127.34,High,-0.23246334818918096,Low,59.46,Low
TCGA-67-3773,63.72,Low,none,0.0,none,0.0,none,none,Y,Y,none,0.0,none,none,none,p.G12V,1.0,none,none,none,none,0.0,none,,none,0.0,427.0,0.0,,,84.0,1.0,FEMALE,1.0,,0.0,0.0,2.0,1.0,0.2,,,,,,688.59,Low,2027.75,High,829.39,Low,17.47,High,159.3,Low,3363.82,High,0.0,341188.08,High,643.37,Low,386.43,Low,0.0,Low,283.66,High,58.58,Low,33.92,Low,3737.92,Low,139.77,Low,16191.53,Low,96.61,High,105.86,High,61.66,High,15.42,Low,15.42,Low,5693.96,High,4245.63,High,797.53,High,2476.88,Low,538.54,Low,448.1,Low,146.96,Low,289.83,Low,58.58,Low,74.0,Low,79.14,Low,86.33,Low,1229.19,High,825.28,Low,698.87,Low,541.62,High,229.19,Low,6270.3,Low,13108.94,Low,98.66,Low,477.9,Low,372.05,Low,602.26,Low,3.08,Low,6.17,Low,4.11,Low,0.0,Low,80.16,Low,Low,535.46,535.46,Low,628.98,Low,5002.06,High,3.08,Low,24.67,Low,17.47,Low,-0.605939533512962,Low,685.51,High,7920.86,Low,277.1,Low,988.69,Low,67.83,Low,91.47,Low,-0.5433216522415882,Low,74.0,Low
TCGA-67-3774,93.88,Low,none,0.0,none,0.0,none,none,Y,Y,none,0.0,none,none,none,p.G12F,1.0,none,none,none,none,0.0,none,,none,0.0,385.0,0.0,,,73.0,1.0,FEMALE,0.5,,0.0,0.0,2.0,1.0,0.2,,,,,,293.15,Low,2040.56,High,1546.22,High,1.92,Low,68.34,Low,295.7,High,0.0,696159.67,High,857.1,Low,441.32,Low,1.28,Low,746.61,High,31.29,Low,100.91,Low,6345.84,Low,417.05,High,12282.04,Low,51.09,Low,34.9,Low,30.02,High,18.52,Low,18.52,Low,2704.08,Low,2296.66,High,1979.24,High,1858.53,Low,313.59,Low,772.79,High,114.25,Low,321.25,Low,58.12,Low,182.02,Low,502.0,High,137.31,Low,985.47,Low,1559.0,High,1564.11,High,167.33,High,181.38,Low,6474.85,Low,20114.96,High,47.26,Low,818.78,Low,929.27,Low,798.98,Low,51.73,Low,71.53,High,91.97,High,0.0,Low,215.87,Low,Low,568.42,568.42,Low,1781.26,High,2198.95,High,6.39,High,79.2,Low,17.88,Low,-0.574983662344527,Low,892.22,High,15400.93,High,266.33,Low,2959.6,High,114.96,High,65.78,Low,-0.027126350785624607,High,182.02,Low
TCGA-67-4679,87.79,Low,,,,,,,,,,,,,,,,,,,,,,,,,448.0,0.0,,,69.0,1.0,MALE,0.9,,0.0,0.0,3.0,,0.2,,,,,,1301.38,High,1739.78,High,1916.51,High,2.3,Low,241.57,High,2568.35,High,0.0,431597.19,High,1003.01,Low,221.49,Low,0.57,Low,402.81,High,29.84,Low,34.43,Low,6616.55,Low,313.87,High,20235.63,High,70.58,High,68.92,Low,21.8,Low,88.37,High,88.37,High,7530.79,High,1862.57,High,2275.71,High,1549.28,Low,262.8,Low,594.46,Low,115.63,Low,161.81,Low,54.51,Low,104.43,Low,391.91,High,122.79,Low,747.1,Low,1521.73,High,2603.36,High,78.61,Low,243.87,Low,2846.08,Low,16434.94,Low,47.63,Low,598.48,Low,604.79,Low,522.74,Low,198.54,High,92.96,High,76.32,High,0.0,Low,84.35,Low,Low,382.73,382.73,Low,1239.42,Low,2272.84,High,0.0,Low,80.91,Low,10.33,Low,-0.5806996215088381,Low,846.36,High,9789.13,Low,282.2,Low,763.74,Low,36.15,Low,61.4,Low,-0.5937666150254496,Low,104.43,Low
TCGA-67-6215,262.19,High,none,0.0,none,0.0,none,none,Y,Y,none,0.0,none,none,none,none,0.0,none,none,none,none,0.0,none,,none,0.0,174.0,0.0,174.0,0.0,52.0,0.0,FEMALE,0.6,,0.0,0.0,2.0,1.0,0.2,,,,,,1525.45,High,2483.7,High,1443.89,High,395.51,High,164.98,High,1019.33,High,0.0,634632.47,High,2109.04,High,959.36,High,3.35,High,521.02,High,49.9,Low,176.53,High,19966.78,High,149.34,Low,12035.32,Low,27.56,Low,8.35,Low,15.27,Low,12.29,Low,12.29,Low,5038.96,High,1436.44,Low,1010.76,High,2261.73,Low,437.6,Low,776.88,High,273.44,Low,607.05,Low,229.04,Low,288.63,High,443.18,High,401.85,Low,850.24,Low,1855.42,High,3671.36,High,175.78,High,797.73,High,12618.48,High,24638.47,High,121.41,High,836.84,Low,1504.59,High,967.93,Low,11.92,Low,32.4,Low,1043.53,High,27.93,High,285.28,Low,High,1373.13,1373.13,High,1773.48,High,2021.89,High,1.12,Low,402.22,High,17.13,Low,-0.40573842935422366,Low,388.07,Low,7898.37,Low,2311.94,High,1135.15,Low,23.84,Low,12.66,Low,-0.46161003352143004,Low,288.63,High
TCGA-67-6216,191.54,High,none,0.0,none,0.0,none,none,Y,Y,none,0.0,none,none,none,none,0.0,none,none,none,none,0.0,none,,none,0.0,141.0,0.0,141.0,0.0,57.0,0.0,FEMALE,1.2,,0.0,0.0,1.0,1.0,0.4,,,,,,1132.14,High,1354.35,Low,2211.88,High,391.34,High,109.03,Low,285.25,High,0.0,526806.54,High,1365.55,High,853.4,Low,4.13,High,202.74,High,32.41,Low,142.63,High,11361.13,High,232.21,High,26490.54,High,107.85,High,114.15,High,34.18,High,15.32,Low,15.32,Low,5349.23,High,1257.11,Low,571.68,High,2326.21,Low,281.71,Low,704.88,High,186.48,Low,564.02,Low,136.14,Low,282.3,High,222.19,Low,195.67,Low,1479.89,High,1825.25,High,1106.23,High,116.69,Low,350.67,High,3797.85,Low,18076.32,Low,110.21,Low,1036.1,High,1946.66,High,1106.82,High,72.49,Low,1383.82,High,2.95,Low,77.21,High,80.15,Low,High,1115.66,1115.66,High,1248.27,Low,1852.36,High,0.59,Low,73.08,Low,8.84,Low,-0.5852376069876233,Low,543.98,Low,7522.03,Low,1927.54,High,2781.79,High,38.31,Low,71.31,Low,-0.24295603482671474,Low,282.3,High
TCGA-67-6217,75.62,Low,none,0.0,none,0.0,none,none,Y,Y,p.L858R,1.0,none,none,none,none,0.0,none,none,none,none,0.0,none,,none,0.0,422.0,0.0,296.0,1.0,73.0,1.0,FEMALE,1.1,,0.0,1.0,2.0,2.0,0.4,,,,0.9087120512386995,0.09572701030351867,3571.71,High,960.88,Low,1145.66,Low,3.98,Low,218.33,High,654.42,High,0.0,817557.38,High,1225.26,High,126.22,Low,3.41,High,147.26,Low,17.63,Low,35.82,Low,21150.72,High,343.42,High,16114.84,Low,58.56,Low,92.31,High,37.53,High,47.76,High,47.76,High,7039.21,High,2158.85,High,1038.77,High,1410.05,Low,106.89,Low,289.4,Low,75.18,Low,147.26,Low,30.13,Low,90.97,Low,100.07,Low,77.33,Low,704.46,Low,1515.8,High,1862.06,High,80.17,Low,62.54,Low,5715.24,Low,26765.33,High,21.04,Low,409.94,Low,327.5,Low,507.16,Low,81.31,Low,30.13,Low,99.5,High,14.21,High,73.35,Low,Low,298.5,298.5,Low,1221.28,Low,3634.85,High,0.0,Low,85.85,Low,62.54,Low,-0.5548121361961175,Low,439.5,Low,6815.42,Low,172.19,Low,536.73,Low,83.58,Low,56.86,Low,-0.6320191658739555,Low,90.97,Low
TCGA-69-7760,209.87,High,none,0.0,none,0.0,none,none,Y,Y,p.709_710ET>D,1.0,none,none,none,none,0.0,none,none,none,none,0.0,none,,none,0.0,202.0,0.0,202.0,0.0,73.0,1.0,MALE,1.1,,0.0,0.0,3.0,2.0,0.3,,,,,,4860.05,High,1567.15,High,1405.37,High,4.37,Low,174.27,High,334.17,High,0.0,147096.19,High,1594.63,High,800.12,Low,0.62,Low,529.04,High,92.44,Low,129.29,High,25199.88,High,511.56,High,9284.35,Low,26.23,Low,41.85,Low,4.37,Low,11.87,Low,11.87,Low,4600.51,High,840.1,Low,279.2,Low,1099.31,Low,613.99,High,1251.09,High,360.05,High,1579.01,High,125.55,Low,445.35,High,197.38,Low,665.21,High,2331.67,High,2537.79,High,1437.23,High,1459.09,High,121.17,Low,25252.34,High,18520.3,Low,216.11,High,1482.2,High,3218.61,High,1079.95,High,102.44,Low,36.85,Low,26.23,Low,4.37,Low,559.03,High,High,2044.35,2044.35,High,1824.48,High,2031.86,High,703.31,High,1825.73,High,1789.51,High,1.5016418781606964,High,454.09,Low,11625.86,Low,450.92,Low,809.49,Low,59.96,Low,83.7,Low,-0.4665927848907415,Low,445.35,High
TCGA-69-7761,160.82,Low,none,0.0,none,0.0,none,none,N,N,none,0.0,none,none,none,none,0.0,none,none,none,none,0.0,none,,none,0.0,186.0,0.0,186.0,0.0,84.0,1.0,MALE,1.3,20.0,,0.0,2.0,1.0,0.3,,,,,,662.16,Low,1565.57,High,848.35,Low,1.62,Low,173.23,High,38.86,Low,1.0,700.49,Low,1422.56,High,1024.28,High,0.54,Low,98.76,Low,111.17,Low,227.74,High,17470.05,High,189.96,Low,13321.15,Low,105.77,High,43.41,Low,111.71,High,19.97,Low,19.97,Low,54.72,Low,1641.12,Low,71.24,Low,1586.62,Low,1022.13,High,685.91,High,596.83,High,757.69,High,370.75,High,526.17,High,232.6,Low,597.41,High,799.78,Low,4647.6,High,1070.7,High,77.17,Low,441.45,High,7927.68,High,14122.5,Low,146.25,High,624.39,Low,1227.74,High,1017.81,Low,31.3,Low,71.78,High,25.9,Low,14.03,High,546.68,High,High,3441.99,3441.99,High,,,465.19,Low,31.3,High,675.12,High,731.79,High,0.07351621961407571,High,887.21,High,26985.97,High,570.92,Low,1324.88,Low,70.7,Low,57.74,Low,0.032262047905558686,High,526.17,High
TCGA-69-7763,56.15,Low,none,0.0,none,0.0,none,none,N,N,none,0.0,none,none,none,none,0.0,none,none,none,none,0.0,none,,p.Y60fs,1.0,690.0,0.0,690.0,0.0,69.0,1.0,MALE,,7.5,0.0,0.0,1.0,1.0,,,,,,,281.35,Low,1648.59,High,1428.7,High,11.82,High,138.32,Low,152.5,Low,1.0,518388.52,High,763.12,Low,307.97,Low,3.55,High,98.71,Low,33.1,Low,43.15,Low,9634.99,High,630.71,High,21142.34,High,41.38,Low,134.77,High,9.46,Low,21.28,Low,21.28,Low,3951.46,High,2989.8,High,1464.16,High,2284.03,Low,160.19,Low,331.61,Low,72.75,Low,394.86,Low,92.8,Low,81.57,Low,156.64,Low,147.18,Low,1061.62,Low,1274.42,Low,769.03,Low,40.2,Low,347.57,High,6801.83,Low,16705.78,Low,29.56,Low,407.27,Low,578.1,Low,540.86,Low,32.51,Low,78.03,High,212.21,High,16.55,High,223.44,Low,High,990.1,990.1,High,1727.8,High,2411.7,High,5.32,High,356.44,High,16.55,Low,-0.42826577892825846,Low,880.74,High,18240.87,High,997.77,High,4157.82,High,155.46,High,153.1,High,0.39104352945278203,High,81.57,Low
TCGA-69-7764,100.8,Low,none,0.0,none,0.0,none,none,N,N,none,0.0,none,none,none,none,0.0,none,none,none,none,0.0,none,,none,0.0,414.0,0.0,414.0,0.0,75.0,1.0,MALE,0.6,30.0,0.0,0.0,1.0,1.0,0.2,,,,,,1306.96,High,1773.21,High,1383.95,High,1.33,Low,356.1,High,639.26,High,1.0,350411.8,High,1529.84,High,736.07,Low,1.99,Low,724.8,High,43.1,Low,102.79,Low,10722.81,High,222.15,High,18345.73,High,37.14,Low,14.35,Low,0.66,Low,16.58,Low,16.58,Low,7877.54,High,822.28,Low,2198.94,High,1634.62,Low,345.49,Low,734.08,High,137.1,Low,118.7,Low,107.43,Low,102.12,Low,885.94,High,154.51,Low,267.24,Low,1700.93,High,535.15,Low,112.73,Low,104.11,Low,9037.8,High,21204.91,High,136.6,High,734.08,Low,1236.74,High,1096.82,High,206.23,High,11.27,Low,5.3,Low,0.0,Low,991.38,High,Low,549.73,549.73,Low,1564.32,High,4137.93,High,2.65,Low,375.33,High,39.79,Low,-0.4092053545728815,Low,1478.12,High,9920.42,Low,267.21,Low,208.22,Low,70.29,Low,90.85,Low,-0.5822470079075022,Low,102.12,Low
TCGA-69-7765,154.81,Low,none,0.0,p.G469V,1.0,none,none,N,Y,p.Q486*,1.0,none,none,none,none,0.0,none,none,none,none,0.0,none,,none,0.0,165.0,0.0,165.0,0.0,56.0,0.0,MALE,,,,0.0,4.0,,,,,,,,1812.07,High,1282.15,Low,621.72,Low,6.24,High,327.72,High,559.93,High,0.0,91877.03,Low,1276.53,High,686.02,Low,1.25,Low,155.43,High,64.29,Low,81.15,Low,11426.97,High,402.62,High,27927.11,High,63.67,High,161.67,High,48.69,High,29.34,High,29.34,High,3119.89,High,1972.53,High,531.21,High,3337.7,High,405.12,Low,569.29,Low,304.59,Low,281.52,Low,215.98,Low,176.65,Low,69.29,Low,324.59,Low,1461.92,High,1485.64,High,988.76,High,4111.74,High,181.02,Low,18138.58,High,33877.03,High,54.93,Low,522.47,Low,785.89,Low,1036.2,Low,32.46,Low,70.54,High,45.57,High,8.11,High,272.78,Low,Low,730.34,730.34,Low,2095.51,High,824.59,Low,2.5,Low,199.75,Low,27.47,Low,-0.5084089251211524,Low,710.99,High,17369.54,High,3155.22,High,2935.08,High,86.14,Low,152.93,High,0.2932264352966456,High,176.65,Low
TCGA-69-7973,609.17,High,,,,,,,,,,,,,,,,,,,,,,,,,230.0,0.0,230.0,0.0,42.0,0.0,FEMALE,0.9,25.0,0.0,0.0,2.0,1.0,0.5,,,,,,793.89,Low,2479.24,High,2603.34,High,36.12,High,254.14,High,123.07,Low,1.0,348364.82,High,2076.74,High,1705.98,High,4.13,High,25.29,Low,400.43,High,339.29,High,9014.43,High,172.09,Low,6584.47,Low,37.15,Low,166.22,High,5.16,Low,17.03,Low,17.03,Low,4252.89,High,1036.43,Low,1290.58,High,1569.23,Low,945.36,High,695.6,High,452.1,High,1527.95,High,710.05,High,823.32,High,366.12,Low,1098.87,High,1435.84,High,617.94,Low,1042.63,High,56.5,Low,34.57,Low,9620.75,High,24727.1,High,223.95,High,1379.85,High,2683.84,High,1633.73,High,472.16,High,16.0,Low,15.48,Low,0.52,Low,1037.47,High,High,2025.91,2025.91,High,1496.47,Low,1184.28,Low,15.74,High,184.22,Low,950.52,High,-0.09882450247559567,High,448.94,Low,15830.07,High,2536.45,High,491.25,Low,130.3,High,57.79,Low,-0.0876409842744402,High,823.32,High
TCGA-69-7974,417.65,High,,,,,,,,,,,,,,,,,,,,,,,,,184.0,0.0,184.0,0.0,54.0,0.0,FEMALE,,30.0,,2.0,2.0,3.0,,,,,,,1339.03,High,1829.91,High,904.96,Low,4.11,Low,223.67,High,560.49,High,1.0,169431.81,High,1198.87,High,1980.39,High,1.18,Low,116.39,Low,179.58,High,211.62,High,11996.09,High,179.58,Low,22670.31,High,400.02,High,425.59,High,17.63,Low,32.33,High,32.33,High,3263.79,High,1728.21,Low,300.09,Low,4130.66,High,808.56,High,683.64,High,508.42,High,796.8,High,544.03,High,745.07,High,439.11,High,599.29,High,1623.87,High,2221.99,High,1568.32,High,64.66,Low,400.9,High,13624.66,High,16524.12,Low,143.72,High,786.81,Low,2159.68,High,1613.29,High,90.23,Low,801.5,High,209.85,High,2.65,Low,503.18,High,High,1285.87,1285.87,High,1735.27,High,1016.35,Low,5.29,High,645.43,High,57.9,Low,-0.255741462690149,High,707.74,High,11637.51,Low,2548.78,High,3457.01,High,231.02,High,95.52,Low,0.36755211627640894,High,745.07,High
TCGA-69-7978,177.54,Low,,,,,,,,,,,,,,,,,,,,,,,,,134.0,0.0,134.0,0.0,59.0,0.0,MALE,,80.0,,1.0,2.0,2.0,,,,,,,1908.82,High,1213.18,Low,950.91,Low,9.08,High,308.34,High,241.09,High,1.0,106038.33,High,1239.41,High,565.57,Low,5.04,High,39.0,Low,187.63,High,115.67,High,9707.8,High,311.37,High,35287.6,High,706.79,High,103.23,High,63.89,High,28.24,High,28.24,High,2109.24,Low,1263.62,Low,269.33,Low,6357.09,High,464.36,Low,732.35,High,426.61,High,821.79,High,355.41,High,385.34,High,398.79,High,488.23,High,2593.48,High,1688.3,High,772.7,Low,107.26,Low,255.88,Low,7710.49,High,22867.85,High,94.82,Low,1085.74,High,1077.67,Low,1541.36,High,23.87,Low,91.12,High,44.38,High,56.83,High,605.92,High,High,1397.78,1397.78,High,2158.37,High,631.81,Low,79.35,High,1251.51,High,167.79,Low,0.15427932928915497,High,739.41,High,15085.41,High,3494.21,High,3630.46,High,237.39,High,260.59,High,0.6810808736709285,High,385.34,High
TCGA-69-7979,282.69,High,,,,,,,,,,,,,,,,,,,,,,,,,408.0,0.0,,,71.0,1.0,FEMALE,,28.0,,0.0,2.0,1.0,,,,,,,1061.17,High,1032.47,Low,1715.57,High,1.16,Low,205.57,High,60.89,Low,1.0,8812.7,Low,2453.75,High,602.49,Low,38.85,High,1.45,Low,202.38,High,91.04,Low,5675.56,Low,58.28,Low,18073.51,High,55.38,Low,14.21,Low,7.25,Low,11.02,Low,11.02,Low,3081.78,High,2101.48,High,57.7,Low,1983.18,Low,414.32,Low,702.23,High,345.76,High,512.9,Low,401.86,High,347.35,High,716.44,High,427.37,High,986.37,Low,980.28,Low,335.17,Low,13.63,Low,24.64,Low,18594.96,High,14325.31,Low,135.69,High,1280.95,High,1727.46,High,1019.14,Low,151.93,Low,47.55,Low,265.58,High,46.97,High,434.91,High,High,985.5,985.5,High,1193.39,Low,1155.12,Low,131.63,High,177.73,Low,1336.91,High,0.12902297665339757,High,378.08,Low,11210.5,Low,1356.01,High,1191.07,Low,66.4,Low,147.0,High,-0.29730530473377653,Low,347.35,High
TCGA-69-7980,139.02,Low,none,0.0,none,0.0,p.R86L,none,Y,Y,none,0.0,none,"p.L420M, p.L868F",none,p.G12A,1.0,none,none,none,none,0.0,none,,none,0.0,362.0,0.0,362.0,0.0,70.0,1.0,FEMALE,1.6,80.0,0.0,0.0,1.0,1.0,0.4,,,,,,898.71,Low,2243.59,High,603.23,Low,1.22,Low,109.93,Low,387.97,High,1.0,49923.29,Low,1252.7,High,1190.23,High,3.67,High,51.14,Low,72.57,Low,76.55,Low,15736.97,High,177.29,Low,12312.04,Low,104.42,High,39.5,Low,12.86,Low,33.38,High,33.38,High,3855.76,High,1095.31,Low,491.46,High,1834.8,Low,407.56,Low,1689.96,High,316.36,Low,382.76,Low,165.66,Low,241.9,Low,878.82,High,269.46,Low,469.11,Low,3179.97,High,616.09,Low,79.92,Low,351.22,High,2244.51,Low,18675.34,Low,78.7,Low,1822.86,High,1000.08,Low,1483.27,High,213.43,High,428.39,High,97.37,High,8.57,High,256.91,Low,Low,745.92,745.92,Low,2184.49,High,1520.63,Low,1415.6,High,2628.19,High,1228.51,High,2.043743257408507,High,1065.91,High,14029.86,High,927.69,High,2174.39,High,55.42,Low,56.65,Low,-0.21153936905125695,Low,241.9,Low
TCGA-69-8253,61.71,Low,,,,,,,,,,,,,,,,,,,,,,,,,426.0,0.0,426.0,0.0,59.0,0.0,FEMALE,1.2,7.8,,1.0,1.0,2.0,0.5,,,,,,320.27,Low,1198.56,Low,1803.7,High,2.86,Low,186.57,High,137.71,Low,1.0,1368494.32,High,614.28,Low,160.57,Low,1.43,Low,249.43,High,46.0,Low,18.57,Low,9473.91,High,292.28,High,7510.88,Low,24.0,Low,58.86,Low,8.0,Low,32.86,High,32.86,High,7043.71,High,1048.56,Low,1197.99,High,6778.22,High,126.86,Low,270.0,Low,107.38,Low,577.42,Low,82.57,Low,65.14,Low,80.86,Low,178.0,Low,468.57,Low,950.28,Low,514.85,Low,113.71,Low,342.0,High,15469.85,High,60874.25,High,19.14,Low,222.57,Low,509.42,Low,301.14,Low,11.14,Low,112.57,High,228.57,High,21.14,High,270.57,Low,High,972.28,972.28,High,1746.27,High,3233.4,High,0.29,Low,189.14,Low,12.57,Low,-0.5218328137773324,Low,661.14,High,11530.74,Low,900.83,High,7619.07,High,66.29,Low,77.43,Low,0.4239354897905959,High,65.14,Low
TCGA-69-8254,84.9,Low,,,,,,,,,,,,,,,,,,,,,,,,,409.0,0.0,409.0,0.0,85.0,1.0,MALE,1.4,40.0,,,2.0,,0.3,,,,,,1295.11,High,1477.95,High,1181.17,Low,2.21,Low,179.64,High,373.3,High,1.0,87071.06,Low,1205.78,High,353.61,Low,1.48,Low,752.01,High,31.25,Low,57.83,Low,9949.92,High,854.38,High,8653.39,Low,89.57,High,157.49,High,22.15,Low,18.95,Low,18.95,Low,2821.57,Low,2441.09,High,587.39,High,2395.57,Low,237.47,Low,378.71,Low,101.59,Low,215.56,Low,80.96,Low,153.7,Low,162.41,Low,609.29,High,1150.17,High,1963.7,High,949.62,High,88.34,Low,523.9,High,5898.25,Low,18815.63,Low,53.65,Low,430.88,Low,661.95,Low,502.98,Low,156.75,Low,257.89,High,617.66,High,21.41,High,109.75,Low,High,971.76,971.76,High,882.44,Low,4053.89,High,0.74,Low,1055.92,High,23.62,Low,-0.054412335538913705,High,376.99,Low,10500.89,Low,171.24,Low,1708.52,High,173.24,High,41.59,Low,-0.2360551218522033,Low,153.7,Low
TCGA-69-8255,672.68,High,,,,,,,,,,,,,,,,,,,,,,,,,129.0,0.0,129.0,0.0,71.0,1.0,MALE,1.0,40.0,0.0,0.0,1.0,1.0,0.7,,,,,,3032.43,High,1077.39,Low,458.25,Low,0.83,Low,190.01,High,140.08,Low,1.0,20162.55,Low,1967.82,High,3031.07,High,1.66,Low,133.98,Low,210.26,High,318.72,High,8597.78,Low,101.53,Low,6441.45,Low,72.68,High,76.76,Low,21.08,Low,38.84,High,38.84,High,133.97,Low,622.75,Low,156.73,Low,4045.77,High,699.03,High,1597.23,High,512.06,High,2007.21,High,618.59,High,881.0,High,500.14,High,1585.3,High,4758.11,High,3951.46,High,990.01,High,18.86,Low,1379.75,High,23036.34,High,24576.7,High,369.49,High,2763.11,High,4388.07,High,2612.48,High,3.05,Low,36.62,Low,71.84,High,4.16,Low,8747.85,High,Low,806.66,806.66,Low,1689.32,High,385.02,Low,2683.77,High,642.16,High,1793.62,High,1.8842934855882916,High,160.61,Low,8425.8,Low,236.03,Low,242.72,Low,101.8,High,49.93,Low,-0.5902498397784997,Low,881.0,High
TCGA-69-8453,94.05,Low,,,,,,,,,,,,,,,,,,,,,,,,,813.0,0.0,813.0,0.0,77.0,1.0,MALE,,12.0,,0.0,3.0,2.0,,,,,,,649.58,Low,959.06,Low,1075.05,Low,59.45,High,120.86,Low,176.9,Low,1.0,275458.58,High,1058.97,Low,807.02,Low,5.36,High,239.77,High,110.14,Low,92.59,Low,9126.71,High,793.86,High,37290.38,High,93.08,High,201.27,High,48.73,High,126.71,High,126.71,High,1270.74,Low,3989.28,High,388.89,Low,4772.9,High,400.1,Low,506.34,Low,245.7,Low,483.92,Low,229.04,Low,236.84,Low,245.61,Low,488.3,High,2250.49,High,2553.12,High,780.7,Low,96.98,Low,1321.64,High,10889.86,High,13230.02,Low,120.86,High,807.5,Low,735.87,Low,859.16,Low,405.46,High,162.28,High,814.33,High,77.0,High,208.58,Low,Low,807.02,807.02,Low,2295.32,High,1731.97,High,12.67,High,667.15,High,382.55,High,-0.09579636217668024,High,612.09,High,12697.37,High,301.54,Low,4457.11,High,130.6,High,60.92,Low,0.11259732255370718,High,236.84,Low
TCGA-69-A59K,335.18,High,,,,,,,,,,,,,,,,,,,,,,,,,522.0,0.0,522.0,0.0,60.0,0.0,FEMALE,,25.0,0.0,0.0,3.0,2.0,,,,,,,1252.75,High,2423.74,High,1089.79,Low,3.08,Low,514.15,High,305.04,High,1.0,35038.13,Low,928.04,Low,1458.18,High,5.54,High,27.68,Low,138.38,High,134.07,High,12174.66,High,121.16,Low,19872.15,High,811.81,High,285.87,High,6.15,Low,31.37,High,31.37,High,5589.58,High,1786.59,High,401.6,Low,2080.57,Low,407.75,Low,1043.67,High,317.96,Low,555.35,Low,151.91,Low,2424.35,High,638.99,High,551.66,High,1571.96,High,605.78,Low,954.49,High,42.44,Low,75.03,Low,2121.77,Low,17022.14,Low,120.54,High,1590.41,High,1709.1,High,1274.91,High,20.3,Low,14.15,Low,31.98,Low,0.0,Low,271.22,Low,Low,734.32,734.32,Low,1186.35,Low,1120.54,Low,500.0,High,110.09,Low,403.44,High,-0.13455074587233753,High,272.45,Low,6604.55,Low,634.69,Low,744.77,Low,57.2,Low,205.41,High,-0.527203813878904,Low,2424.35,High
TCGA-71-6725,170.68,Low,none,0.0,none,0.0,none,none,N,N,none,0.0,none,none,none,none,0.0,none,none,none,none,0.0,none,,none,0.0,256.0,0.0,164.0,1.0,48.0,0.0,FEMALE,2.0,,0.0,0.0,2.0,1.0,0.8,,,,0.9448170915021379,0.05676392418837223,1699.27,High,1296.78,Low,202.82,Low,0.0,Low,228.09,High,263.35,High,0.0,295257.99,High,995.99,Low,362.26,Low,0.94,Low,164.13,High,72.39,Low,50.86,Low,20013.01,High,71.14,Low,7166.63,Low,21.22,Low,48.54,Low,11.23,Low,16.54,Low,16.54,Low,3713.59,High,400.02,Low,1246.85,High,1480.56,Low,490.19,Low,337.92,Low,189.19,Low,400.33,Low,152.27,Low,209.46,Low,487.07,High,273.96,Low,542.92,Low,2454.08,High,1276.81,High,44.62,Low,27.46,Low,8316.11,High,28217.73,High,114.83,High,327.31,Low,863.06,Low,391.28,Low,610.95,High,16.85,Low,6.24,Low,13.73,High,402.83,High,High,979.76,979.76,High,1877.15,High,2547.69,High,0.31,Low,11.54,Low,12.79,Low,-0.6164418435038028,Low,812.83,High,9438.46,Low,216.54,Low,447.13,Low,67.4,Low,78.63,Low,-0.5829605677997121,Low,209.46,Low
TCGA-71-8520,224.44,High,,,,,,,,,,,,,,,,,,,,,,,,,210.0,1.0,179.0,1.0,60.0,0.0,FEMALE,0.9,,0.0,0.0,2.0,1.0,0.5,0.9398231809001282,0.9398231809001282,0.06206352683752749,0.9792899192025688,0.0209275421891336,3593.32,High,1081.26,Low,315.57,Low,3.1,Low,184.14,High,183.52,Low,0.0,10108.93,Low,1326.78,High,1672.11,High,7.44,High,259.16,High,138.26,High,155.62,High,21722.58,High,201.5,Low,24970.69,High,59.52,Low,16.74,Low,8.06,Low,45.88,High,45.88,High,5190.49,High,1912.05,High,567.29,High,1236.26,Low,644.17,High,625.57,Low,418.25,High,496.61,Low,200.88,Low,518.93,High,363.31,Low,598.29,High,432.13,Low,1101.72,Low,718.57,Low,285.2,High,257.3,Low,4875.6,Low,20030.01,High,54.56,Low,1122.8,High,1030.42,Low,1357.16,High,740.89,High,256.06,High,55.8,High,10.54,High,314.95,Low,Low,778.09,778.09,Low,1084.98,Low,3089.41,High,9.3,High,1000.66,High,2579.16,High,1.0586579057748535,High,714.23,High,8880.11,Low,1644.09,High,1440.24,Low,168.02,High,169.88,High,-0.10939480265061619,High,518.93,High
TCGA-73-4658,157.08,Low,none,0.0,none,0.0,none,none,N,N,none,0.0,none,none,none,none,0.0,none,none,none,none,0.0,none,,none,0.0,1600.0,1.0,1600.0,0.0,80.0,1.0,FEMALE,1.4,25.0,0.0,0.0,2.0,1.0,0.3,0.4196179154649097,0.4196179154649097,0.8684107068392694,,,1352.66,High,1310.7,Low,1034.52,Low,8.06,High,189.3,High,197.35,Low,1.0,164841.77,High,1009.21,Low,706.56,Low,3.45,High,25.32,Low,101.27,Low,54.09,Low,10194.48,High,405.64,High,34471.61,High,533.37,High,764.1,High,42.0,High,92.64,High,92.64,High,2216.24,Low,3086.31,High,531.07,High,4447.07,High,402.76,Low,692.17,High,282.97,Low,421.75,Low,133.49,Low,140.97,Low,218.64,Low,383.2,Low,2239.36,High,2392.98,High,1525.89,High,323.94,High,159.38,Low,6151.9,Low,17392.41,Low,110.47,Low,678.94,Low,1139.24,Low,1073.07,Low,69.62,Low,113.92,High,151.32,High,4.03,Low,279.63,Low,Low,491.37,491.37,Low,2318.76,High,971.81,Low,0.58,Low,117.38,Low,26.47,Low,-0.553764824606458,Low,601.84,Low,20760.07,High,2642.0,High,2359.61,High,398.16,High,135.21,High,0.8101465224828498,High,140.97,Low
TCGA-73-4659,329.11,High,none,0.0,none,0.0,none,none,Y,Y,none,0.0,none,none,none,p.G12V,1.0,none,none,none,none,0.0,none,,none,0.0,711.0,1.0,316.0,1.0,66.0,1.0,MALE,,12.0,0.0,2.0,2.0,3.0,,0.7024678335665132,0.7024678335665132,0.3531556673399813,0.8418187169574491,0.17219058844589058,522.35,Low,2143.46,High,1406.33,High,10.34,High,216.67,High,137.55,Low,1.0,452098.73,High,964.13,Low,2127.64,High,2.74,Low,87.55,Low,287.34,High,208.86,High,4733.54,Low,286.71,High,16233.81,Low,63.29,High,164.43,High,7.38,Low,54.22,High,54.22,High,2509.54,Low,2015.82,High,1092.19,High,8671.31,High,625.32,High,548.52,Low,393.59,High,1526.79,High,510.55,High,259.49,Low,498.1,High,755.7,High,1305.27,High,737.97,Low,861.6,High,40.51,Low,114.35,Low,18514.35,High,18329.75,Low,215.19,High,1116.67,High,2001.9,High,1137.34,High,116.03,Low,29.11,Low,40.08,Low,0.42,Low,556.12,High,High,1392.19,1392.19,High,1632.91,High,2174.47,High,0.42,Low,93.04,Low,73.42,Low,-0.5459173040398061,Low,481.43,Low,10171.73,Low,1257.11,High,2848.73,High,260.55,High,96.62,Low,0.18500220328366754,High,259.49,Low
TCGA-73-4662,81.81,Low,none,0.0,none,0.0,none,none,Y,Y,none,0.0,none,none,none,p.G12C,1.0,none,none,none,none,0.0,none,,none,0.0,2515.0,0.0,2515.0,0.0,65.0,0.0,FEMALE,,10.0,0.0,0.0,1.0,1.0,,,,,,,2118.02,High,1966.83,High,1312.78,Low,5.63,High,171.83,High,531.21,High,1.0,224316.71,High,1802.26,High,530.5,Low,0.7,Low,23.21,Low,37.98,Low,48.06,Low,18131.4,High,291.16,High,14085.64,Low,165.5,High,79.66,High,42.67,High,17.58,Low,17.58,Low,10623.67,High,2520.07,High,2019.11,High,1605.11,Low,222.24,Low,518.78,Low,135.19,Low,327.96,Low,75.72,Low,240.05,Low,447.75,High,201.84,Low,812.52,Low,970.76,Low,3511.46,High,1109.3,High,465.57,High,4805.25,Low,12899.02,Low,61.65,Low,686.16,Low,658.74,Low,999.59,Low,13.83,Low,54.62,Low,23.68,Low,0.94,Low,308.5,Low,Low,463.69,463.69,Low,1532.44,High,1619.88,High,0.47,Low,273.11,Low,42.43,Low,-0.46365931889778006,Low,648.89,High,8467.44,Low,352.02,Low,949.42,Low,30.71,Low,58.61,Low,-0.6117452015198668,Low,240.05,Low
TCGA-73-4666,808.65,High,,,,,,,,,,,,,,,,,,,,,,,,,800.0,0.0,,,52.0,0.0,FEMALE,,10.0,1.0,0.0,1.0,4.0,,,,,,,1542.09,High,1175.12,Low,3723.57,High,6.04,High,325.47,High,97.34,Low,1.0,12495.25,Low,2348.24,High,3370.94,High,35.72,High,5.03,Low,754.32,High,340.82,High,9497.83,High,63.89,Low,20688.63,High,688.17,High,47.29,Low,23.89,Low,57.85,High,57.85,High,2571.0,Low,621.27,Low,68.16,Low,6253.41,High,1600.96,High,1488.27,High,1641.22,High,2511.73,High,909.01,High,1291.83,High,1204.8,High,1720.93,High,2541.16,High,1558.2,High,652.2,Low,34.71,Low,710.81,High,11101.8,High,18400.05,Low,280.95,High,3597.81,High,3630.51,High,2430.23,High,10.56,Low,19.12,Low,10.31,Low,0.5,Low,1128.59,High,High,1793.88,1793.88,High,1091.62,Low,516.63,Low,0.25,Low,1678.93,High,1932.72,High,1.127860103291597,High,207.26,Low,6551.97,Low,866.73,High,1742.82,High,269.38,High,333.27,High,0.06944948240461186,High,1291.83,High
TCGA-73-4668,283.15,High,,,,,,,,,,,,,,,,,,,,,,,,,467.0,0.0,282.0,1.0,66.0,1.0,FEMALE,0.6,55.0,0.0,1.0,2.0,2.0,0.1,,,,0.8639737342714532,0.14621291078895635,2261.72,High,4831.49,High,1790.65,High,1.23,Low,236.16,High,203.94,Low,1.0,177013.46,High,1469.37,High,1331.86,High,6.64,High,46.25,Low,111.93,Low,116.61,High,17899.38,High,160.39,Low,16861.66,High,51.41,Low,46.49,Low,8.61,Low,63.96,High,63.96,High,3805.85,High,2749.32,High,1423.37,High,2007.13,Low,538.25,Low,781.55,High,434.46,High,534.32,Low,440.1,High,277.0,High,394.34,High,706.03,High,3413.78,High,850.92,Low,1003.44,High,782.78,High,607.87,High,5644.28,Low,29224.85,High,112.18,Low,1658.79,High,1057.81,Low,1257.81,High,1.23,Low,50.68,Low,3.94,Low,690.04,High,451.17,High,High,1593.11,1593.11,High,1926.45,High,1116.36,Low,2.21,Low,2203.94,High,19.93,Low,0.5569548688765236,High,939.48,High,25494.96,High,2170.17,High,6192.87,High,226.32,High,61.99,Low,1.022143781336308,High,277.0,High
TCGA-73-4670,405.9,High,,,,,,,,,,,,,,,,,,,,,,,,,131.0,0.0,131.0,0.0,69.0,1.0,FEMALE,1.2,30.0,1.0,0.0,2.0,4.0,0.2,,,,,,1087.87,High,2061.5,High,269.24,Low,4.1,Low,123.27,Low,13.12,Low,1.0,10504.58,Low,2214.3,High,3479.84,High,7.11,High,4.65,Low,249.56,High,331.83,High,3842.01,Low,53.85,Low,12413.53,Low,46.19,Low,238.62,High,260.22,High,26.79,Low,26.79,Low,62.23,Low,1218.26,Low,46.19,Low,9920.46,High,1892.31,High,1310.92,High,943.56,High,1339.35,High,630.86,High,479.98,High,505.67,High,1467.81,High,2497.2,High,2778.19,High,135.57,Low,250.38,High,104.14,Low,9618.97,High,21145.55,High,440.62,High,1244.77,High,4347.96,High,944.38,Low,6.56,Low,33.89,Low,1573.05,High,417.93,High,1068.74,High,High,2389.5,2389.5,High,,,739.92,Low,3.55,Low,337.57,Low,43.46,Low,-0.42724900447738756,Low,294.66,Low,37889.03,High,2659.79,High,2021.59,High,450.18,High,172.2,High,1.3529543684885625,High,479.98,High
TCGA-73-4675,121.75,Low,none,0.0,none,0.0,none,none,N,N,none,0.0,none,none,none,none,0.0,none,none,none,none,0.0,none,,none,0.0,922.0,1.0,361.0,1.0,59.0,0.0,MALE,1.6,41.0,0.0,1.0,3.0,3.0,0.4,0.6176804017409947,0.6176804017409947,0.48178410457867543,0.8192164609953039,0.19940693091036715,441.12,Low,1366.79,High,1520.45,High,2.17,Low,169.15,High,332.4,High,1.0,930724.19,High,898.7,Low,626.08,Low,5.27,High,1087.67,High,51.42,Low,59.17,Low,6850.99,Low,183.09,Low,13442.41,Low,10.22,Low,8.05,Low,8.05,Low,11.46,Low,11.46,Low,9368.1,High,1719.95,Low,2895.6,High,3569.7,High,231.1,Low,495.04,Low,123.18,Low,384.76,Low,90.46,Low,171.0,Low,803.28,High,209.73,Low,594.18,Low,1238.23,Low,477.39,Low,29.43,Low,271.38,Low,5000.0,Low,16532.53,Low,68.77,Low,407.99,Low,1031.91,Low,781.29,Low,66.29,Low,273.85,High,180.61,High,3.1,Low,89.84,Low,Low,445.48,445.48,Low,824.35,Low,4404.28,High,4.65,Low,203.84,Low,27.88,Low,-0.5049463757411253,Low,800.19,High,8426.58,Low,992.84,High,1677.2,High,81.16,Low,136.62,High,-0.3270103232238826,Low,171.0,Low
TCGA-73-4676,537.2,High,none,0.0,none,0.0,none,none,N,N,none,0.0,none,none,none,none,0.0,none,none,none,none,0.0,none,,none,0.0,281.0,1.0,,,45.0,0.0,MALE,1.5,48.0,0.0,1.0,2.0,2.0,0.3,0.8895695708563726,0.8895695708563726,0.117017561493081,,,1500.26,High,1262.27,Low,1290.24,Low,2.11,Low,198.42,High,290.77,High,1.0,30534.04,Low,2021.64,High,4481.27,High,0.0,Low,186.81,High,490.77,High,257.52,High,10380.47,High,205.28,Low,12039.18,Low,169.92,High,539.84,High,8.44,Low,124.01,High,124.01,High,1981.39,Low,1162.53,Low,97.1,Low,4600.53,High,1119.26,High,731.93,High,803.89,High,2004.75,High,621.64,High,663.76,High,383.11,High,786.81,High,2172.56,High,1835.36,High,555.15,Low,966.75,High,937.73,High,10439.58,High,14121.9,Low,220.58,High,2874.93,High,4103.43,High,1811.08,High,8.44,Low,1110.82,High,453.83,High,7.39,High,706.07,High,High,2512.4,2512.4,High,1731.4,High,1036.41,Low,0.53,Low,537.2,High,1901.85,High,0.5053496676660673,High,420.58,Low,12305.01,High,3335.06,High,2279.68,High,191.03,High,135.09,High,0.2656906209911918,High,663.76,High
TCGA-73-4677,57.82,Low,,,,,,,,,,,,,,,,,,,,,,,,,38.0,1.0,38.0,0.0,74.0,1.0,MALE,0.9,,0.0,0.0,2.0,,0.3,0.9878048780487805,0.9878048780487805,0.01227009259181436,,,762.12,Low,1284.28,Low,1380.27,High,2.6,Low,201.81,High,287.39,High,0.0,1150418.51,High,928.95,Low,131.55,Low,1.16,Low,891.07,High,29.49,Low,21.39,Low,9207.37,High,254.72,High,11266.19,Low,33.54,Low,34.12,Low,3.47,Low,38.16,High,38.16,High,5203.32,High,1387.5,Low,1807.88,High,2464.47,Low,161.91,Low,350.99,Low,130.69,Low,265.41,Low,62.16,Low,65.34,Low,148.61,Low,91.07,Low,814.46,Low,584.32,Low,805.49,High,55.8,Low,105.24,Low,12248.64,High,43606.51,High,28.33,Low,340.01,Low,579.4,Low,319.19,Low,37.3,Low,339.14,High,180.99,High,6.36,High,123.45,Low,Low,818.5,818.5,Low,1739.36,High,2562.2,High,0.0,Low,87.03,Low,37.3,Low,-0.5654240219052012,Low,453.92,Low,15832.6,High,352.37,Low,1733.29,High,47.71,Low,78.35,Low,-0.27112421370605705,Low,65.34,Low
TCGA-73-7498,58.87,Low,none,0.0,none,0.0,none,none,Y,Y,none,0.0,none,none,none,p.G12C,1.0,none,none,none,none,0.0,none,,p.M51fs,1.0,1189.0,0.0,1189.0,0.0,58.0,0.0,FEMALE,1.0,28.0,0.0,0.0,1.0,1.0,0.3,,,,,,982.5,Low,1371.22,High,1453.8,High,2.18,Low,128.37,Low,270.65,High,1.0,831103.57,High,942.22,Low,96.21,Low,5.18,High,975.2,High,17.72,Low,22.35,Low,6884.44,Low,475.88,High,18931.96,High,23.98,Low,12.54,Low,19.62,Low,15.81,Low,15.81,Low,9608.75,High,3487.87,High,4155.9,High,1245.3,Low,85.31,Low,372.58,Low,71.46,Low,152.09,Low,21.26,Low,54.24,Low,209.32,Low,76.32,Low,482.97,Low,1701.55,High,1258.38,High,54.24,Low,168.98,Low,10264.65,High,23387.57,High,23.98,Low,248.84,Low,460.62,Low,300.9,Low,23.17,Low,52.88,Low,14.45,Low,1.09,Low,74.68,Low,Low,411.01,411.01,Low,1190.79,Low,3076.86,High,1.91,Low,181.52,Low,16.9,Low,-0.5231403918897322,Low,516.49,Low,9231.4,Low,673.03,Low,433.36,Low,37.61,Low,102.48,Low,-0.5865184911250826,Low,54.24,Low
TCGA-73-7499,244.58,High,none,0.0,none,0.0,none,none,N,N,none,0.0,none,none,none,none,0.0,none,none,none,p.123_124MP>IA,1.0,none,,none,0.0,1531.0,1.0,1447.0,1.0,81.0,1.0,FEMALE,2.3,,0.0,0.0,2.0,1.0,0.7,0.47882515409303494,0.47882515409303494,0.7364197709785317,0.5509250300152236,0.5961565407648124,622.74,Low,1196.42,Low,395.34,Low,3.58,Low,156.49,Low,258.55,High,0.0,5408.42,Low,1484.69,High,2129.63,High,2.86,Low,39.03,Low,625.96,High,135.36,High,8154.7,Low,106.71,Low,17745.03,High,57.3,Low,24.73,Low,48.7,High,36.17,High,36.17,High,2786.4,Low,1108.68,Low,84.51,Low,2876.28,High,1803.04,High,1500.45,High,853.14,High,2097.05,High,704.03,High,511.73,High,1291.67,High,690.78,High,602.69,Low,603.04,Low,720.14,Low,95.61,Low,167.95,Low,4429.01,Low,35080.04,High,221.67,High,3365.8,High,3268.76,High,2018.98,High,1683.08,High,61.95,Low,238.14,High,9.31,High,813.61,High,High,1930.17,1930.17,High,732.68,Low,2302.6,High,51.57,High,393.91,High,1035.27,High,0.06906179257318534,High,378.87,Low,9350.76,Low,340.91,Low,751.66,Low,71.98,Low,144.67,High,-0.48853711950464485,Low,511.73,High
TCGA-73-A9RS,346.83,High,,,,,,,,,,,,,,,,,,,,,,,,,340.0,1.0,340.0,0.0,41.0,0.0,MALE,,11.0,0.0,0.0,3.0,2.0,,0.8581839182993082,0.8581839182993082,0.1529368454731515,,,469.19,Low,1752.64,High,418.13,Low,1.76,Low,110.04,Low,66.02,Low,1.0,14923.42,Low,1293.13,High,6073.06,High,3.52,High,2.64,Low,448.06,High,202.46,High,6719.19,Low,45.77,Low,5515.3,Low,110.04,High,110.04,High,3.52,Low,7.92,Low,7.92,Low,117.96,Low,471.83,Low,118.84,Low,5058.98,High,1792.25,High,890.85,High,759.0,High,1444.54,High,1104.75,High,339.79,High,460.39,High,834.51,High,134.68,Low,792.25,Low,327.46,Low,65.14,Low,55.46,Low,10205.99,High,36467.43,High,131.16,High,810.74,Low,909.33,Low,1216.55,High,436.62,High,4.4,Low,8.8,Low,0.0,Low,1335.39,High,High,1963.03,1963.03,High,1369.72,Low,959.51,Low,0.0,Low,105.63,Low,45.77,Low,-0.551732007149904,Low,92.43,Low,16682.22,High,198.06,Low,604.75,Low,171.65,High,36.97,Low,-0.2067870710081293,Low,339.79,High
TCGA-78-7143,306.62,High,none,0.0,none,0.0,none,none,N,N,none,0.0,none,none,none,none,0.0,none,p.D963_splice,none,none,0.0,none,,none,0.0,4961.0,1.0,4608.0,1.0,62.0,0.0,FEMALE,1.1,,0.0,0.0,2.0,1.0,0.7,0.19915642500542163,0.19915642500542163,1.6136647077336872,0.27423823716313356,1.293758071674138,1854.6,High,1411.71,High,1947.22,High,11.52,High,153.55,Low,847.41,High,0.0,38576.78,Low,2597.41,High,1370.92,High,2.4,Low,384.84,High,150.19,High,264.4,High,8171.31,Low,316.22,High,12764.33,Low,60.94,Low,12.48,Low,25.91,Low,53.74,High,53.74,High,3000.7,High,1377.16,Low,438.1,High,1971.21,Low,1072.94,High,1847.41,High,439.6,High,1310.94,High,418.91,High,872.36,High,1307.1,High,530.23,High,588.77,Low,1594.05,High,1890.12,High,312.38,High,332.05,High,2836.37,Low,17231.77,Low,136.28,High,2497.12,High,2647.79,High,2176.58,High,626.2,High,634.84,High,11.52,Low,0.96,Low,352.21,Low,High,1329.17,1329.17,High,996.64,Low,1557.1,High,29.27,High,328.69,Low,823.9,High,-0.07125514673788219,High,480.33,Low,8800.86,Low,480.78,Low,996.64,Low,24.47,Low,91.65,Low,-0.5761625049324903,Low,872.36,High
TCGA-78-7145,146.06,Low,none,0.0,none,0.0,none,none,Y,Y,none,0.0,none,none,none,p.G12Y,1.0,none,none,none,none,0.0,none,,none,0.0,826.0,1.0,422.0,1.0,52.0,0.0,FEMALE,1.4,25.0,1.0,1.0,4.0,4.0,0.6,0.6474048816593411,0.6474048816593411,0.43478339711165465,0.790281800781032,0.2353656872774951,1120.2,High,2069.31,High,1305.83,Low,1.16,Low,268.85,High,637.78,High,1.0,56141.29,Low,1238.33,High,3104.54,High,1.75,Low,20.95,Low,269.43,High,180.98,High,26960.34,High,212.4,Low,19190.18,High,62.85,High,112.89,High,24.44,Low,148.39,High,148.39,High,4742.04,High,640.11,Low,346.82,Low,1675.93,Low,1103.9,High,661.06,High,480.69,High,1007.3,High,521.4,High,483.87,High,291.54,Low,460.3,High,2689.63,High,1202.25,Low,1830.72,High,1707.35,High,810.03,High,9588.29,High,18968.26,Low,119.88,High,1728.88,High,1590.97,High,1298.84,High,162.36,Low,129.19,High,7.57,Low,1.75,Low,636.62,High,High,1519.39,1519.39,High,1667.2,High,1570.6,High,26.77,High,456.81,High,404.43,High,-0.1910243902701857,High,940.38,High,11660.51,High,1294.17,High,2796.12,High,104.16,High,63.43,Low,-0.07469185825126011,High,483.87,High
TCGA-78-7146,708.96,High,,,,,,,,,,,,,,,,,,,,,,,,,173.0,1.0,,,71.0,1.0,FEMALE,0.8,6.0,0.0,2.0,2.0,3.0,0.6,0.9422930557498334,0.9422930557498334,0.05943895326508021,,,2949.24,High,2210.95,High,2343.28,High,1.99,Low,274.13,High,78.11,Low,1.0,3742.29,Low,2808.46,High,2233.33,High,11.94,High,9.95,Low,609.45,High,280.6,High,10555.72,High,44.78,Low,16325.96,Low,114.43,High,132.83,High,48.26,High,72.64,High,72.64,High,2077.59,Low,543.78,Low,30.35,Low,7810.95,High,1900.99,High,1080.1,High,1770.79,High,2051.24,High,677.11,High,539.8,High,555.22,High,1561.69,High,5512.94,High,2714.43,High,643.28,Low,61.19,Low,327.86,High,37184.08,High,20941.29,High,129.35,High,3470.15,High,4241.79,High,3171.14,High,57.71,Low,61.69,Low,6.97,Low,2.99,Low,743.78,High,High,1915.92,1915.92,High,2259.2,High,459.2,Low,1415.92,High,2967.66,High,2092.04,High,2.6095446292998257,High,294.03,Low,23614.93,High,1150.24,High,1772.64,High,378.11,High,293.53,High,0.7356255836050838,High,539.8,High
TCGA-78-7147,372.86,High,none,0.0,none,0.0,none,none,Y,Y,"p.L387M, p.L861Q, p.D1083fs",1.0,none,none,none,none,0.0,none,none,none,none,0.0,none,,none,0.0,586.0,1.0,578.0,1.0,67.0,1.0,FEMALE,0.9,50.0,0.0,1.0,2.0,2.0,0.8,0.8380903891439028,0.8380903891439028,0.17662932137662457,0.7560487157111014,0.2796494661073943,3394.07,High,539.14,Low,345.08,Low,5.87,High,90.38,Low,224.58,High,1.0,55585.86,Low,1428.84,High,1236.35,High,0.39,Low,487.1,High,185.06,High,165.89,High,14300.53,High,421.37,High,10024.98,Low,16.04,Low,16.94,Low,14.87,Low,40.3,High,40.3,High,2394.37,Low,3040.78,High,206.19,Low,1283.3,Low,524.27,Low,895.96,High,235.17,Low,1116.62,High,277.0,High,764.5,High,665.12,High,382.64,Low,679.21,Low,1347.46,Low,1383.06,High,105.64,Low,187.02,Low,3265.75,Low,25090.38,High,72.38,Low,3400.34,High,2154.21,High,2065.4,High,478.5,High,237.49,High,21.91,Low,10.56,High,326.69,Low,High,1759.44,1759.44,High,1048.55,Low,3458.25,High,3.52,Low,148.67,Low,338.82,High,-0.39646285033454703,Low,369.73,Low,6368.74,Low,368.56,Low,903.39,Low,30.52,Low,22.69,Low,-0.6950940482115747,Low,764.5,High
TCGA-78-7148,170.17,Low,none,0.0,none,0.0,none,none,Y,Y,none,0.0,none,p.R1304L,none,p.G12C,1.0,none,none,none,none,0.0,none,,p.E265fs,1.0,626.0,1.0,182.0,1.0,71.0,1.0,MALE,0.9,57.0,0.0,1.0,2.0,2.0,0.6,0.7435295646380394,0.7435295646380394,0.29634674973256775,0.9291571397092848,0.07347740516211278,716.83,Low,2157.4,High,2015.95,High,2.13,Low,111.14,Low,107.42,Low,1.0,462567.4,High,1646.9,High,1613.4,High,1.06,Low,245.68,High,197.82,High,76.04,Low,11810.69,High,176.02,Low,8365.14,Low,24.46,Low,22.33,Low,9.04,Low,10.1,Low,10.1,Low,2243.29,Low,982.72,Low,1933.0,High,7477.8,High,817.87,High,589.74,Low,571.91,High,1117.79,High,325.45,High,388.73,High,413.19,High,592.4,High,946.56,Low,2010.64,High,1819.73,High,26.59,Low,222.28,Low,9175.75,High,18569.53,Low,154.75,High,919.97,Low,1633.08,High,1337.41,High,210.05,High,31.37,Low,0.53,Low,2.13,Low,353.1,Low,High,963.04,963.04,High,,,1665.51,High,144.11,High,124.97,Low,255.25,High,-0.37447899527041173,Low,477.0,Low,16554.64,High,488.69,Low,2038.82,High,35.1,Low,276.52,High,-0.10500585724864822,High,388.73,High
TCGA-78-7149,86.02,Low,none,0.0,none,0.0,none,none,N,N,none,0.0,none,none,none,none,0.0,none,p.P1322H,none,none,0.0,none,,none,0.0,3940.0,0.0,,,71.0,1.0,MALE,1.0,115.0,0.0,0.0,4.0,3.0,0.5,,,,,,209.53,Low,873.45,Low,2324.79,High,1.65,Low,56.8,Low,218.36,High,1.0,846387.65,High,618.14,Low,183.62,Low,6.07,High,706.92,High,28.67,Low,18.2,Low,6355.67,Low,390.96,High,17438.4,High,4.96,Low,39.15,Low,8.27,Low,6.62,Low,6.62,Low,6435.83,High,2080.51,High,1840.64,High,1526.88,Low,185.83,Low,305.49,Low,93.0,Low,266.34,Low,61.76,Low,115.8,Low,133.44,Low,151.09,Low,2000.0,High,1070.86,Low,699.2,Low,30.88,Low,88.23,Low,11848.91,High,26118.56,High,37.5,Low,392.06,Low,247.04,Low,426.25,Low,286.19,High,50.73,Low,113.59,High,3.31,Low,151.64,Low,Low,255.31,255.31,Low,901.02,Low,4843.67,High,68.93,High,55.69,Low,109.18,Low,-0.5149007298787649,Low,760.41,High,14239.32,High,1022.26,High,576.23,Low,55.14,Low,304.38,High,-0.2477741145498101,Low,115.8,Low
TCGA-78-7150,536.43,High,none,0.0,none,0.0,none,none,N,N,none,0.0,none,none,none,none,0.0,none,none,none,none,0.0,none,,none,0.0,666.0,1.0,139.0,1.0,59.0,0.0,MALE,0.9,37.0,0.0,1.0,2.0,2.0,0.6,0.7209030589820518,0.7209030589820518,0.3272506042985264,0.9706317661333438,0.029808114199844013,946.07,Low,2562.82,High,1088.35,Low,0.57,Low,144.58,Low,65.4,Low,1.0,515.2,Low,1810.67,High,3170.97,High,29.26,High,21.23,Low,311.53,High,508.32,High,8896.73,High,199.08,Low,11045.56,Low,19.51,Low,198.51,High,7.46,Low,14.34,Low,14.34,Low,8.03,Low,1570.85,Low,31.55,Low,4065.98,High,1343.09,High,1060.81,High,854.29,High,1191.05,High,522.66,High,628.23,High,453.82,High,1021.23,High,1022.38,Low,2523.24,High,626.51,Low,55.65,Low,633.96,High,11811.82,High,28613.88,High,353.99,High,1794.03,High,3229.49,High,1378.66,High,136.55,Low,245.55,High,31.55,Low,10.9,High,1511.76,High,High,3028.69,3028.69,High,,,663.22,Low,2353.99,High,500.86,High,2497.42,High,1.9538670835026568,High,569.71,Low,22331.04,High,2025.22,High,2683.88,High,110.15,High,549.05,High,0.5716373432921115,High,628.23,High
TCGA-78-7152,106.78,Low,none,0.0,none,0.0,none,none,N,N,none,0.0,none,none,none,none,0.0,none,none,none,none,0.0,none,,p.I29fs,1.0,1215.0,1.0,1202.0,1.0,65.0,0.0,MALE,0.9,40.0,0.0,0.0,2.0,1.0,0.7,0.5337012018540461,0.5337012018540461,0.6279191437166376,0.48482408842588715,0.7239691581142808,292.48,Low,1511.61,High,2907.15,High,4.64,High,161.56,Low,252.55,High,1.0,499876.51,High,1230.27,High,525.53,Low,0.93,Low,155.06,High,65.0,Low,42.71,Low,3849.58,Low,231.2,High,11076.44,Low,23.21,Low,37.14,Low,7.43,Low,9.29,Low,9.29,Low,4430.98,High,1201.49,Low,3735.38,High,2577.53,Low,227.48,Low,506.04,Low,211.78,Low,498.61,Low,149.49,Low,132.78,Low,453.11,High,324.98,Low,4581.24,High,1076.14,Low,1203.34,High,28.78,Low,273.91,Low,6101.21,Low,21155.06,High,114.21,Low,551.53,Low,911.79,Low,667.6,Low,243.27,High,47.35,Low,109.56,High,46.43,High,185.7,Low,High,1248.84,1248.84,High,1412.26,Low,2546.89,High,6.5,High,26.93,Low,10.21,Low,-0.6062199763045107,Low,506.96,Low,8563.6,Low,337.93,Low,2834.73,High,39.0,Low,122.56,High,-0.32395370743925045,Low,132.78,Low
TCGA-78-7153,174.39,Low,none,0.0,p.G466A,1.0,p.IVVD429del,p.S33N,N,Y,none,0.0,none,none,none,none,0.0,none,none,none,p.Q296E,1.0,none,,none,0.0,3635.0,0.0,,,65.0,0.0,FEMALE,,20.0,0.0,0.0,2.0,1.0,,,,,,,240.71,Low,1162.42,Low,3632.8,High,1.23,Low,140.62,Low,221.68,High,1.0,371152.51,High,1406.82,High,232.73,Low,1.23,Low,924.17,High,90.88,Low,88.43,Low,9648.79,High,104.39,Low,6704.13,Low,4.3,Low,9.82,Low,6.75,Low,3.07,Low,3.07,Low,4041.38,High,1175.93,Low,1212.16,High,1302.43,Low,360.46,Low,480.81,Low,290.34,Low,983.12,High,142.46,Low,187.9,Low,416.34,High,222.91,Low,5404.99,High,1246.55,Low,2322.39,High,46.67,Low,139.39,Low,20530.0,High,31742.19,High,95.18,Low,1037.77,High,647.22,Low,662.58,Low,655.82,High,7.37,Low,1.23,Low,0.0,Low,603.62,High,Low,574.15,574.15,Low,806.27,Low,2793.99,High,156.59,High,84.74,Low,32.55,Low,-0.48874137573048476,Low,440.9,Low,7798.0,Low,297.79,Low,454.41,Low,25.18,Low,67.55,Low,-0.7009248339407249,Low,187.9,Low
TCGA-78-7154,428.04,High,none,0.0,none,0.0,none,none,N,N,none,0.0,none,none,none,none,0.0,none,none,none,none,0.0,none,,none,0.0,593.0,1.0,,,72.0,1.0,MALE,,112.5,0.0,2.0,3.0,3.0,,0.7654916632490993,0.7654916632490993,0.2672369545392609,,,728.07,Low,1609.17,High,1953.27,High,1.19,Low,308.38,High,157.76,Low,1.0,24248.25,Low,1372.23,High,1622.27,High,5.36,High,253.01,High,371.48,High,438.76,High,18557.52,High,389.94,High,7039.33,Low,27.39,Low,313.14,High,3.57,Low,111.33,High,111.33,High,208.27,Low,861.44,Low,107.75,Low,3381.46,High,1442.48,High,676.89,High,735.26,High,1110.28,High,426.25,High,1240.07,High,539.37,High,1081.71,High,2592.65,High,1933.62,High,653.07,Low,53.58,Low,468.52,High,28767.38,High,28464.95,High,403.04,High,2290.22,High,1681.8,High,2009.23,High,2194.37,High,69.65,High,83.94,High,0.6,Low,1193.03,High,High,2289.03,2289.03,High,,,617.35,Low,2350.35,High,995.98,High,2043.76,High,2.014015614777069,High,219.08,Low,22311.65,High,291.1,Low,337.55,Low,70.84,Low,294.69,High,-0.10241074440224618,High,1240.07,High
TCGA-78-7155,1331.02,High,none,0.0,none,0.0,none,none,N,N,"p.Q432H, p.K754I, p.G901V",1.0,none,none,none,none,0.0,none,none,none,none,0.0,none,,none,0.0,1171.0,1.0,209.0,1.0,68.0,1.0,MALE,0.9,48.0,0.0,0.0,2.0,1.0,0.7,0.6421393886423145,0.6421393886423145,0.4429498825932139,0.957824547976725,0.04309066185860023,93.75,Low,4454.28,High,2574.65,High,2.31,Low,280.67,High,21.41,Low,1.0,8.1,Low,3521.41,High,3262.15,High,1.16,Low,39.93,Low,394.1,High,314.81,High,8703.13,Low,311.34,High,16553.95,Low,24.88,Low,38.77,Low,1.16,Low,56.71,High,56.71,High,3629.09,High,620.37,Low,421.88,Low,6914.93,High,2428.24,High,1494.79,High,2596.15,High,4427.08,High,2564.81,High,1012.73,High,1123.84,High,1784.72,High,27.78,Low,296.3,Low,1486.11,High,3.47,Low,476.27,High,9986.11,High,33897.57,High,614.58,High,5957.75,High,7656.83,High,4079.28,High,244.79,High,18.52,Low,1.16,Low,0.0,Low,1733.22,High,High,3085.65,3085.65,High,2248.26,High,933.45,Low,5748.84,High,1957.75,High,5543.98,High,5.822517392586396,High,836.81,High,27118.06,High,117.48,Low,204.86,Low,104.17,High,52.08,Low,-0.08905675508050129,High,1012.73,High
TCGA-78-7156,87.06,Low,none,0.0,none,0.0,none,none,N,N,none,0.0,none,none,none,none,0.0,none,none,none,none,0.0,none,,p.G279fs,1.0,976.0,1.0,,,62.0,0.0,MALE,1.1,84.0,1.0,1.0,4.0,4.0,0.6,0.6016367549425272,0.6016367549425272,0.508101412896049,,,560.32,Low,1177.86,Low,2366.92,High,0.62,Low,179.73,High,850.12,High,1.0,477092.66,High,932.84,Low,181.59,Low,1.87,Low,1608.21,High,14.3,Low,12.44,Low,10083.96,High,306.59,High,13608.15,Low,7.46,Low,11.19,Low,2.49,Low,18.03,Low,18.03,Low,9152.36,High,847.01,Low,2751.87,High,1766.17,Low,81.47,Low,335.82,Low,64.1,Low,228.86,Low,22.39,Low,52.86,Low,173.51,Low,71.52,Low,1059.7,Low,1182.84,Low,1660.45,High,14.93,Low,41.04,Low,6939.05,Low,29300.37,High,27.36,Low,257.46,Low,338.31,Low,274.25,Low,6.84,Low,27.99,Low,0.0,Low,0.0,Low,71.52,Low,Low,537.31,537.31,Low,1544.78,High,3264.3,High,0.0,Low,29.85,Low,96.39,Low,-0.5696020725942293,Low,531.72,Low,10088.31,Low,195.24,Low,236.32,Low,13.06,Low,216.42,High,-0.6075356733645527,Low,52.86,Low
TCGA-78-7158,166.39,Low,none,0.0,none,0.0,none,p.S37F,N,N,p.L907M,1.0,none,none,none,none,0.0,none,none,none,none,0.0,none,,none,0.0,179.0,1.0,132.0,1.0,59.0,0.0,FEMALE,1.1,14.0,0.0,2.0,4.0,3.0,0.5,0.948606575114148,0.948606575114148,0.05276113417521401,0.9846121470243219,0.015507474719794424,1141.89,High,1221.99,Low,4117.84,High,4.98,High,288.38,High,2892.95,High,1.0,178490.73,High,1301.66,High,501.24,Low,14.11,High,704.56,High,47.3,Low,92.12,Low,10695.44,High,542.32,High,6002.88,Low,34.02,Low,6.22,Low,5.39,Low,38.59,High,38.59,High,7112.23,High,1140.25,Low,799.59,High,886.31,Low,365.98,Low,617.84,Low,211.13,Low,469.29,Low,189.63,Low,170.12,Low,202.9,Low,225.31,Low,9765.56,High,1525.73,High,1494.61,High,26.14,Low,85.89,Low,8250.21,High,16832.37,Low,76.76,Low,1259.34,High,1497.1,High,791.29,Low,15.77,Low,52.7,Low,3.32,Low,21.58,High,170.95,Low,High,910.37,910.37,High,1179.25,Low,2168.05,High,0.0,Low,26.14,Low,12.86,Low,-0.6087826422277716,Low,1035.27,High,8767.63,Low,849.36,High,588.8,Low,19.5,Low,61.83,Low,-0.6199342728971584,Low,170.12,Low
TCGA-78-7159,243.53,High,none,0.0,none,0.0,none,none,N,N,none,0.0,none,none,none,none,0.0,none,none,none,none,0.0,none,,p.N259fs,1.0,1974.0,0.0,,,60.0,0.0,FEMALE,1.1,21.0,0.0,,1.0,1.0,0.7,,,,,,1359.77,High,2010.47,High,1887.6,High,0.0,Low,251.79,High,136.64,Low,1.0,221832.51,High,1426.45,High,978.51,High,15.98,High,130.58,Low,221.49,High,276.58,High,4872.73,Low,180.17,Low,8820.44,Low,33.61,Low,245.83,High,22.59,Low,6.06,Low,6.06,Low,3640.94,High,929.48,Low,634.71,High,1765.29,Low,831.96,High,738.84,High,485.36,High,973.0,High,520.11,High,342.7,High,531.68,High,714.6,High,411.57,Low,1014.33,Low,1027.0,High,175.76,High,141.05,Low,10961.43,High,31538.84,High,153.72,High,1258.95,High,2152.62,High,1284.3,High,1339.39,High,122.31,High,2.2,Low,0.0,Low,489.26,High,High,2034.16,2034.16,High,1880.99,High,1590.08,High,14.88,High,220.39,Low,84.85,Low,-0.4655194396251141,Low,474.93,Low,13738.84,High,2210.88,High,852.34,Low,133.33,High,143.25,High,-0.07404189415273718,High,342.7,High
TCGA-78-7160,115.46,Low,none,0.0,none,0.0,none,none,Y,Y,none,0.0,none,p.P1240H,none,p.G12D,1.0,none,none,none,none,0.0,none,,p.M51fs,1.0,697.0,1.0,,,61.0,0.0,MALE,,43.8,1.0,2.0,4.0,4.0,,0.7147937110245768,0.7147937110245768,0.335761293966435,,,616.4,Low,1722.4,High,2399.37,High,15.14,High,129.97,Low,130.6,Low,1.0,100740.06,Low,1065.62,Low,1941.96,High,7.57,High,130.6,Low,160.25,High,150.16,High,6579.18,Low,419.56,High,17385.51,High,78.86,High,52.37,Low,11.99,Low,20.82,Low,20.82,Low,1738.11,Low,3396.21,High,900.32,High,7222.71,High,846.06,High,423.34,Low,646.25,High,530.6,Low,274.45,High,289.59,High,109.78,Low,531.23,High,1688.96,High,1193.06,Low,709.15,Low,203.79,High,283.91,High,13064.35,High,20665.62,High,106.62,Low,487.07,Low,1111.67,Low,1060.57,Low,11.99,Low,162.78,High,13.25,Low,1.26,Low,260.57,Low,High,1104.1,1104.1,High,2357.1,High,1045.43,Low,8.83,High,206.31,Low,163.41,Low,-0.44113172002176676,Low,589.91,Low,25048.58,High,584.21,Low,1321.77,Low,80.76,Low,233.44,High,0.10276212897369996,High,289.59,High
TCGA-78-7161,119.05,Low,none,0.0,none,0.0,none,none,Y,Y,none,0.0,none,none,none,p.G12V,1.0,none,none,none,none,0.0,none,,p.G155_splice,1.0,291.0,1.0,162.0,1.0,69.0,1.0,FEMALE,1.0,27.8,0.0,0.0,3.0,2.0,0.5,0.8806514112697569,0.8806514112697569,0.12709340527317203,0.9499800264283791,0.05131431942080754,430.25,Low,1529.23,High,1685.39,High,0.0,Low,158.36,Low,95.16,Low,1.0,922352.38,High,957.52,Low,236.99,Low,3.67,High,22.41,Low,56.22,Low,106.92,High,8157.63,Low,143.3,Low,7358.98,Low,12.13,Low,52.64,Low,10.29,Low,6.98,Low,6.98,Low,4649.84,High,1673.63,Low,1524.09,High,1263.22,Low,282.55,Low,520.28,Low,82.56,Low,241.03,Low,127.86,Low,110.96,Low,163.87,Low,131.91,Low,586.05,Low,1994.77,High,504.85,Low,222.66,High,12.49,Low,8040.42,High,47006.52,High,42.99,Low,301.66,Low,536.81,Low,461.12,Low,481.7,High,13.96,Low,0.0,Low,0.0,Low,318.56,Low,Low,733.02,733.02,Low,1696.78,High,1869.84,High,326.28,High,372.94,High,52.17,Low,-0.2395872654749441,High,375.88,Low,11429.95,Low,876.25,High,972.58,Low,64.67,Low,106.92,Low,-0.3899745873810302,Low,110.96,Low
TCGA-78-7162,107.21,Low,none,0.0,none,0.0,none,none,N,N,none,0.0,none,none,none,none,0.0,none,none,none,none,0.0,none,,none,0.0,3169.0,1.0,2740.0,1.0,75.0,1.0,MALE,0.7,12.0,0.0,0.0,1.0,1.0,0.5,0.2922558597294481,0.2922558597294481,1.230125628430801,0.21699429781882087,1.5278842031195554,821.8,Low,1114.16,Low,1745.7,High,13.54,High,136.85,Low,417.86,High,1.0,528995.24,High,1159.17,Low,271.13,Low,0.0,Low,804.61,High,34.76,Low,51.59,Low,8911.82,High,686.43,High,20582.3,High,39.88,Low,23.23,Low,12.07,Low,24.88,Low,24.88,Low,3403.96,High,2882.18,High,2357.48,High,2331.87,Low,178.19,Low,501.28,Low,114.52,Low,293.45,Low,75.74,Low,141.97,Low,380.9,High,104.28,Low,877.06,Low,1286.5,Low,1516.28,High,59.28,Low,124.77,Low,27433.96,High,30493.6,High,67.69,Low,413.83,Low,596.78,Low,1013.9,Low,45.01,Low,68.42,Low,103.55,High,0.37,Low,133.19,Low,Low,330.41,330.41,Low,1569.34,High,2850.35,High,0.37,Low,165.39,Low,25.61,Low,-0.5286505725127051,Low,946.58,High,14214.42,High,783.39,High,477.86,Low,35.49,Low,149.29,High,-0.4102450303589361,Low,141.97,Low
TCGA-78-7163,126.34,Low,none,0.0,none,0.0,none,none,Y,Y,none,0.0,none,none,none,none,0.0,none,none,none,none,0.0,none,,none,0.0,7248.0,0.0,,,60.0,0.0,MALE,1.2,41.0,0.0,0.0,2.0,1.0,0.4,,,,,,1272.27,High,727.21,Low,2006.33,High,836.09,High,107.16,Low,134.55,Low,1.0,42285.37,Low,2166.22,High,232.82,Low,2.05,Low,1300.35,High,18.15,Low,36.98,Low,10143.97,High,13.35,Low,6672.4,Low,53.75,Low,7.19,Low,3.08,Low,1.37,Low,1.37,Low,1729.74,Low,615.94,Low,180.43,Low,1437.3,Low,171.53,Low,265.0,Low,45.05,Low,418.39,Low,18.49,Low,66.42,Low,206.45,Low,57.86,Low,168.79,Low,1575.97,High,861.08,High,189.68,High,11.64,Low,4143.11,Low,19368.66,Low,16.09,Low,657.37,Low,697.77,Low,733.37,Low,2915.69,High,1054.52,High,1.37,Low,0.68,Low,122.23,Low,Low,305.4,305.4,Low,806.64,Low,2749.64,High,0.34,Low,320.81,Low,13.7,Low,-0.4510820444934452,Low,765.9,High,3728.15,Low,72.24,Low,402.98,Low,10.61,Low,48.96,Low,-0.8765746952150405,Low,66.42,Low
TCGA-78-7166,188.59,Low,none,0.0,none,0.0,none,none,Y,Y,none,0.0,none,none,none,p.G12C,1.0,none,none,none,none,0.0,none,,"p.G56V, p.K78E",1.0,258.0,1.0,258.0,0.0,84.0,1.0,MALE,0.9,38.0,0.0,1.0,2.0,2.0,0.4,0.9309985500935543,0.9309985500935543,0.07149755907088605,,,188.14,Low,1380.29,High,3083.37,High,1.34,Low,140.88,Low,67.32,Low,1.0,19648.24,Low,1173.43,Low,1670.98,High,2.23,Low,27.64,Low,267.05,High,108.78,High,7794.47,Low,117.7,Low,7634.32,Low,23.63,Low,78.02,Low,17.83,Low,9.36,Low,9.36,Low,1541.56,Low,806.96,Low,256.8,Low,11261.26,High,1203.3,High,366.92,Low,497.74,High,1456.53,High,358.89,High,247.77,Low,417.74,High,543.91,High,600.98,Low,1449.84,High,368.7,Low,353.99,High,707.09,High,9429.34,High,20135.09,High,164.07,High,745.43,Low,760.14,Low,984.84,Low,9.36,Low,28.53,Low,72.67,High,6.24,Low,574.23,High,High,1212.66,1212.66,High,559.96,Low,2578.69,High,16.05,High,89.17,Low,71.33,Low,-0.5409249452131538,Low,388.32,Low,12645.12,High,470.35,Low,2025.41,High,49.93,Low,1083.82,High,0.2925233515775777,High,247.77,Low
TCGA-78-7167,28.23,Low,none,0.0,none,0.0,none,none,Y,Y,none,0.0,none,none,none,p.G12F,1.0,none,none,none,none,0.0,none,,p.R331fs,1.0,2681.0,1.0,726.0,1.0,77.0,1.0,MALE,0.7,64.0,1.0,0.0,2.0,4.0,0.6,0.2655419000072288,0.2655419000072288,1.3259826352819064,0.7096456270729204,0.3429895503457307,612.48,Low,1751.26,High,1696.58,High,0.3,Low,139.67,Low,273.7,High,1.0,1326055.57,High,825.85,Low,50.22,Low,2.38,Low,731.65,High,7.73,Low,21.99,Low,6213.08,Low,146.21,Low,7696.94,Low,3.57,Low,8.32,Low,8.32,Low,12.48,Low,12.48,Low,5872.01,High,1487.96,Low,1715.01,High,1821.1,Low,33.28,Low,385.74,Low,31.53,Low,171.47,Low,10.4,Low,53.79,Low,46.36,Low,31.5,Low,1469.84,High,1878.16,High,2033.28,High,20.8,Low,17.83,Low,4130.76,Low,24436.85,High,12.18,Low,269.24,Low,227.04,Low,222.59,Low,41.6,Low,77.27,High,57.65,High,0.3,Low,80.53,Low,Low,521.25,521.25,Low,1252.01,Low,2880.24,High,1.49,Low,446.06,High,14.26,Low,-0.38344692358445825,Low,1316.2,High,10794.35,Low,240.7,Low,672.51,Low,27.64,Low,61.22,Low,-0.5966388665863082,Low,53.79,Low
TCGA-78-7220,299.06,High,,,,,,,,,,,,,,,,,,,,,,,,,807.0,1.0,531.0,1.0,53.0,0.0,FEMALE,,35.0,0.0,2.0,2.0,3.0,,0.661713467811957,0.661713467811957,0.412922644820854,0.7075252801577468,0.3459819184313783,410.76,Low,3856.9,High,1853.56,High,1.54,Low,178.1,High,28.31,Low,1.0,18163.94,Low,1516.92,High,3467.25,High,7.72,High,206.41,High,348.48,High,432.38,High,12915.71,High,276.41,High,4699.01,Low,38.09,Low,42.72,Low,2.06,Low,16.99,Low,16.99,Low,127.57,Low,775.19,Low,528.12,High,8991.89,High,1817.53,High,1141.17,High,1060.77,High,1658.99,High,644.45,High,878.65,High,610.99,High,850.34,High,1015.06,Low,2769.79,High,532.75,Low,53.53,Low,743.79,High,25691.93,High,27915.58,High,457.6,High,1466.48,High,3568.65,High,2697.21,High,11.32,Low,6.69,Low,3.6,Low,4.12,Low,1897.83,High,High,5551.41,5551.41,High,,,425.69,Low,2544.85,High,915.71,High,650.62,High,1.450131974101798,High,300.09,Low,16590.91,High,341.26,Low,1115.43,Low,43.75,Low,60.22,Low,-0.34581291619317633,Low,878.65,High
TCGA-78-7535,342.95,High,none,0.0,none,0.0,none,none,N,N,none,0.0,none,none,none,none,0.0,none,none,none,none,0.0,none,,p.L245_splice,1.0,949.0,1.0,809.0,1.0,45.0,0.0,MALE,1.2,35.0,0.0,0.0,2.0,1.0,0.6,0.7226896528172033,0.7226896528172033,0.32477539819267554,0.6675704661773739,0.40411032697264127,581.02,Low,823.78,Low,443.16,Low,0.0,Low,115.86,Low,122.61,Low,1.0,435516.01,High,942.48,Low,786.11,Low,11.02,High,731.02,High,154.24,High,188.35,High,6357.46,Low,522.06,High,13578.78,Low,27.01,Low,323.04,High,53.31,High,33.05,High,33.05,High,7517.91,High,1059.4,Low,618.72,High,1228.21,Low,721.43,High,572.17,Low,257.28,Low,891.3,High,260.14,Low,235.26,Low,2015.03,High,686.96,High,341.88,Low,1159.26,Low,465.91,Low,52.95,Low,97.38,Low,7156.37,Low,14769.4,Low,117.28,High,1334.11,High,1054.07,Low,1883.54,High,924.71,High,87.78,High,19.55,Low,1.42,Low,506.78,High,Low,353.96,353.96,Low,426.46,Low,6342.89,High,0.0,Low,26.65,Low,7.46,Low,-0.6109156614094121,Low,1102.05,High,6494.29,Low,1260.87,High,3361.22,High,151.39,High,98.8,Low,-0.04419406593474677,High,235.26,Low
TCGA-78-7536,670.47,High,none,0.0,none,0.0,none,none,N,N,none,0.0,none,none,none,none,0.0,none,none,none,none,0.0,p.E313*,,p.G279fs,1.0,244.0,1.0,231.0,1.0,69.0,1.0,MALE,1.1,44.0,0.0,2.0,2.0,3.0,0.6,0.9354108654968413,0.9354108654968413,0.06676941787494006,0.936086027969376,0.06604789650433851,1205.03,High,1603.5,High,1712.77,High,0.77,Low,280.73,High,16.12,Low,1.0,34914.31,Low,3415.3,High,1818.97,High,0.51,Low,0.0,Low,509.51,High,442.2,High,5123.46,Low,34.04,Low,7743.99,Low,31.48,Low,169.15,High,5.12,Low,2.05,Low,2.05,Low,3255.58,High,330.37,Low,331.91,Low,2343.06,Low,2292.65,High,1639.84,High,859.76,High,1007.75,High,828.11,High,749.8,High,1338.38,High,923.56,High,592.67,Low,183.74,Low,398.44,Low,24.05,Low,37.36,Low,11897.76,High,20368.2,High,110.81,Low,3818.09,High,7265.12,High,2124.01,High,2796.52,High,38.9,Low,34.29,Low,1.54,Low,1327.38,High,High,2799.34,2799.34,High,1142.1,Low,1089.64,Low,0.77,Low,230.83,Low,398.19,High,-0.32760898647955994,Low,341.12,Low,9096.89,Low,304.23,Low,1002.89,Low,141.77,High,83.42,Low,-0.3804369065218255,Low,749.8,High
TCGA-78-7537,70.97,Low,none,0.0,p.G466V,1.0,none,none,N,Y,none,0.0,none,none,none,none,0.0,none,none,none,none,0.0,none,,p.K175fs,1.0,1622.0,1.0,,,72.0,1.0,MALE,,20.0,0.0,0.0,2.0,1.0,,0.4617242557325694,0.4617242557325694,0.7727874151494065,,,427.6,Low,1026.03,Low,2254.28,High,2.14,Low,106.99,Low,308.84,High,1.0,1032404.78,High,982.52,Low,166.19,Low,2.85,Low,1981.46,High,26.75,Low,33.17,Low,8581.31,Low,246.79,High,12172.65,Low,15.34,Low,21.82,Low,37.09,High,16.41,Low,16.41,Low,7455.8,High,2281.38,High,2040.66,High,1762.84,Low,89.87,Low,512.84,Low,72.0,Low,167.26,Low,53.14,Low,73.38,Low,152.28,Low,64.91,Low,490.37,Low,1035.31,Low,832.74,High,26.75,Low,65.62,Low,9974.32,High,37281.38,High,38.16,Low,439.02,Low,518.54,Low,387.66,Low,603.78,High,17.12,Low,28.89,Low,1.07,Low,222.9,Low,Low,533.88,533.88,Low,1093.79,Low,4759.27,High,0.0,Low,119.12,Low,12.13,Low,-0.5595198799742122,Low,595.93,Low,10201.5,Low,728.95,Low,1281.74,Low,81.67,Low,197.93,High,-0.31451947923048473,Low,73.38,Low
TCGA-78-7539,51.84,Low,none,0.0,none,0.0,none,none,Y,Y,none,0.0,none,none,none,p.G12C,1.0,none,none,none,none,0.0,none,,none,0.0,791.0,0.0,688.0,1.0,75.0,1.0,FEMALE,0.9,2.2,0.0,0.0,2.0,2.0,0.7,,,,0.6493228858787875,0.431825173086258,1458.91,High,1810.6,High,1306.63,Low,5.01,High,147.86,Low,2153.17,High,1.0,105429.46,High,881.0,Low,163.48,Low,1.77,Low,276.88,High,35.35,Low,54.2,Low,10429.75,High,109.28,Low,11260.53,Low,68.34,High,25.33,Low,40.35,High,4.42,Low,4.42,Low,4386.73,High,1182.62,Low,676.29,High,2324.3,Low,151.69,Low,356.11,Low,67.1,Low,298.09,Low,54.49,Low,93.67,Low,137.56,Low,97.5,Low,1349.93,High,1216.49,Low,1722.53,High,52.43,Low,224.45,Low,3356.11,Low,18791.46,Low,23.27,Low,500.74,Low,611.49,Low,741.38,Low,4.42,Low,23.56,Low,5.01,Low,0.29,Low,147.28,Low,Low,191.46,191.46,Low,1036.52,Low,2588.51,High,0.59,Low,138.44,Low,29.16,Low,-0.5413299908307972,Low,591.16,Low,7781.15,Low,205.56,Low,791.16,Low,27.98,Low,36.23,Low,-0.6819492027234835,Low,93.67,Low
TCGA-78-7540,49.71,Low,none,0.0,none,0.0,none,none,Y,Y,none,0.0,none,none,none,p.G12V,1.0,none,none,none,none,0.0,none,,none,0.0,1197.0,1.0,,,66.0,1.0,FEMALE,1.3,,0.0,0.0,2.0,1.0,0.5,0.615929617677322,0.615929617677322,0.4846225789937819,,,1158.9,High,2319.8,High,907.37,Low,15.58,High,76.88,Low,107.04,Low,0.0,156537.2,High,856.01,Low,493.45,Low,1.33,Low,324.11,High,29.16,Low,15.24,Low,32506.71,High,1170.84,High,10068.2,Low,29.16,Low,9.94,Low,3.65,Low,4.64,Low,4.64,Low,740.73,Low,1763.71,High,115.66,Low,1165.2,Low,157.08,Low,373.16,Low,124.62,Low,275.39,Low,117.32,Low,146.48,Low,168.35,Low,199.83,Low,272.74,Low,9942.0,High,957.42,High,25.19,Low,1441.92,High,7010.44,Low,19632.48,Low,59.65,Low,338.69,Low,428.83,Low,455.34,Low,500.41,High,96.77,High,179.95,High,2.98,Low,183.93,Low,High,1917.81,1917.81,High,,,1935.05,High,0.33,Low,1146.64,High,483.18,High,0.1984360986853458,High,784.76,High,27415.08,High,220.71,Low,3804.47,High,44.08,Low,91.8,Low,0.2917526898124564,High,146.48,Low
TCGA-78-7542,251.27,High,none,0.0,none,0.0,none,none,N,N,none,0.0,none,none,none,none,0.0,none,none,none,none,0.0,none,,none,0.0,321.0,1.0,,,56.0,0.0,MALE,,60.0,0.0,0.0,2.0,1.0,,0.8672174332287745,0.8672174332287745,0.14246554560585617,,,2443.83,High,1082.34,Low,321.27,Low,0.28,Low,97.33,Low,48.25,Low,1.0,63772.71,Low,3262.92,High,2191.45,High,0.84,Low,491.39,High,386.81,High,145.02,High,16762.46,High,44.06,Low,26615.99,High,566.97,High,54.38,Low,7.25,Low,129.12,High,129.12,High,259.61,Low,1038.0,Low,184.06,Low,4277.21,High,1086.8,High,918.08,High,1845.65,High,2234.4,High,1045.53,High,1105.49,High,840.55,High,1996.79,High,1394.13,High,2433.52,High,388.48,Low,58.84,Low,960.47,High,15227.78,High,34903.72,High,380.12,High,1967.79,High,3341.28,High,1265.84,High,34.58,Low,656.21,High,4233.7,High,1957.47,High,1060.31,High,High,2431.01,2431.01,High,1801.58,High,307.61,Low,263.26,High,1655.72,High,21.75,Low,0.3987898304204533,High,416.93,Low,40982.78,High,2345.38,High,2704.87,High,23.43,Low,3151.36,High,2.512657086584544,High,1105.49,High
TCGA-78-7633,85.51,Low,none,0.0,p.G469L,1.0,none,none,N,Y,none,0.0,none,none,none,none,0.0,none,none,none,none,0.0,none,,none,0.0,1528.0,1.0,1450.0,1.0,67.0,1.0,MALE,1.0,94.0,0.0,0.0,2.0,1.0,0.5,0.4331539772541003,0.4331539772541003,0.8366620085246891,0.4068643084102891,0.8992755436971813,880.41,Low,1281.48,Low,1450.77,High,1.15,Low,143.95,Low,215.64,High,1.0,1222075.07,High,1058.93,Low,319.58,Low,3.45,High,877.54,High,37.14,Low,51.25,Low,9063.92,High,323.9,High,10027.05,Low,19.0,Low,52.69,Low,3.74,Low,15.83,Low,15.83,Low,6608.78,High,952.98,Low,4743.0,High,2190.98,Low,181.09,Low,417.75,Low,117.5,Low,434.74,Low,95.01,Low,194.91,Low,517.37,High,120.92,Low,1161.13,High,1079.37,Low,4386.28,High,12.09,Low,101.63,Low,44176.91,High,57660.23,High,69.96,Low,568.04,Low,731.86,Low,1033.3,Low,0.86,Low,8.35,Low,2.59,Low,0.29,Low,142.8,Low,Low,380.9,380.9,Low,2344.15,High,2435.99,High,0.29,Low,56.14,Low,57.01,Low,-0.5729717224653803,Low,586.76,Low,20537.93,High,725.99,Low,535.8,Low,22.17,Low,101.34,Low,-0.2876339508601611,Low,194.91,Low
TCGA-78-8640,322.68,High,,,,,,,,,,,,,,,,,,,,,,,,,7062.0,0.0,7062.0,0.0,59.0,0.0,MALE,0.8,45.0,0.0,1.0,1.0,2.0,0.3,,,,,,86.36,Low,926.62,Low,823.34,Low,1.17,Low,209.48,High,62.44,Low,1.0,65099.34,Low,1353.17,High,1450.62,High,1.17,Low,54.85,Low,161.63,High,326.19,High,23364.55,High,138.88,Low,8984.1,Low,27.43,Low,61.27,Low,6.42,Low,6.42,Low,6.42,Low,1305.9,Low,1209.04,Low,175.64,Low,4138.29,High,780.74,High,1000.15,High,682.48,High,673.38,High,383.95,High,532.75,High,907.37,High,1032.82,High,1444.78,High,1069.0,Low,304.6,Low,34.43,Low,328.52,High,16956.97,High,11778.26,Low,318.02,High,2677.17,High,1412.69,High,2058.64,High,1845.08,High,75.27,High,0.58,Low,0.0,Low,587.6,High,High,1308.83,1308.83,High,1436.62,Low,1583.08,High,37.93,High,282.42,Low,560.18,High,-0.2089600124415734,High,327.35,Low,6056.31,Low,604.52,Low,1064.33,Low,53.1,Low,74.11,Low,-0.5910073751021047,Low,532.75,High
TCGA-78-8648,165.78,Low,,,,,,,,,,,,,,,,,,,,,,,,,1209.0,1.0,,,58.0,0.0,FEMALE,1.2,45.0,0.0,0.0,3.0,2.0,0.4,0.6028247321948258,0.6028247321948258,0.5061287842147455,,,474.4,Low,929.72,Low,1177.23,Low,51.95,High,124.52,Low,161.96,Low,1.0,189108.48,High,1084.8,Low,796.03,Low,1.53,Low,93.96,Low,80.98,Low,87.09,Low,2986.25,Low,877.77,High,53074.83,High,109.24,High,611.92,High,14.51,Low,47.36,High,47.36,High,1790.43,Low,6905.27,High,401.07,Low,7804.43,High,378.92,Low,730.33,High,349.21,High,380.44,Low,155.08,Low,273.49,High,314.74,Low,346.83,Low,844.16,Low,1416.35,Low,229.18,Low,136.75,High,244.46,Low,7654.7,Low,20836.52,High,76.39,Low,1260.5,High,831.93,Low,973.26,Low,152.02,Low,127.58,High,22.15,Low,3.82,Low,269.67,Low,Low,737.97,737.97,Low,1618.03,High,989.3,Low,65.7,High,358.29,High,119.94,Low,-0.35037714267963765,Low,896.87,High,16258.98,High,2656.96,High,3769.29,High,582.89,High,269.67,High,1.2711226422231259,High,273.49,High
TCGA-78-8655,114.63,Low,,,,,,,,,,,,,,,,,,,,,,,,,2360.0,0.0,,,77.0,1.0,FEMALE,,10.0,0.0,0.0,1.0,1.0,,,,,,,954.4,Low,1530.08,High,1807.47,High,31.03,High,129.83,Low,181.13,Low,1.0,45811.27,Low,1349.59,High,601.65,Low,26.6,High,141.23,Low,64.6,Low,68.4,Low,9981.63,High,212.16,Low,18401.56,High,50.03,Low,19.0,Low,37.37,High,19.63,Low,19.63,Low,3568.11,High,2181.13,High,295.12,Low,1594.68,Low,186.19,Low,607.98,Low,150.8,Low,393.29,Low,67.13,Low,104.5,Low,179.86,Low,269.16,Low,971.5,Low,1954.4,High,722.61,Low,103.86,Low,571.25,High,2200.76,Low,14489.55,Low,69.66,Low,735.91,Low,834.71,Low,881.57,Low,127.93,Low,17.73,Low,8.87,Low,6.97,High,164.03,Low,Low,718.18,718.18,Low,2100.7,High,1892.34,High,0.0,Low,698.54,High,26.6,Low,-0.244060371484248,High,1046.23,High,8115.9,Low,821.91,High,1671.94,High,53.83,Low,176.69,High,-0.37666414062299597,Low,104.5,Low
TCGA-78-8660,270.07,High,,,,,,,,,,,,,,,,,,,,,,,,,321.0,1.0,,,69.0,1.0,MALE,1.1,11.0,0.0,1.0,2.0,2.0,0.5,0.9131795722157251,0.9131795722157251,0.09082273402947237,,,538.39,Low,855.72,Low,546.57,Low,8.17,High,190.16,High,371.57,High,1.0,112717.35,High,1458.87,High,2461.59,High,29.17,High,50.17,Low,725.64,High,152.83,High,10655.41,High,134.16,Low,13420.2,Low,133.58,High,98.58,High,36.17,High,21.58,Low,21.58,Low,5226.3,High,2228.85,High,179.66,Low,3183.15,High,1034.22,High,708.14,High,891.63,High,2198.51,High,1014.97,High,394.9,High,821.31,High,1568.53,High,3339.48,High,2219.51,High,803.81,High,347.66,High,309.16,High,9010.46,High,21803.14,High,278.24,High,1346.87,High,2567.75,High,2207.26,High,238.58,High,25.67,Low,8.75,Low,12.25,High,1046.47,High,Low,839.39,839.39,Low,1433.2,Low,1816.44,High,1.17,Low,324.32,Low,716.89,High,-0.13560450526860057,High,429.32,Low,5910.73,Low,619.46,Low,1354.46,Low,79.91,Low,162.16,High,-0.45754796471302106,Low,394.9,High
TCGA-78-8662,295.17,High,,,,,,,,,,,,,,,,,,,,,,,,,3361.0,1.0,,,53.0,0.0,FEMALE,,45.0,0.0,0.0,2.0,1.0,,0.2338046877835585,0.2338046877835585,1.4532691797450108,,,3876.89,High,1078.76,Low,240.9,Low,0.66,Low,135.67,Low,21.18,Low,1.0,10070.15,Low,850.43,Low,963.6,High,32.43,High,9.27,Low,130.38,High,143.61,High,12824.62,High,289.87,High,42466.34,High,9.27,Low,103.24,High,5.29,Low,42.36,High,42.36,High,4252.32,High,938.45,Low,960.29,High,915.95,Low,1338.85,High,872.27,High,598.46,High,1324.95,High,346.13,High,242.22,Low,1099.27,High,841.16,High,313.04,Low,643.94,Low,1341.5,High,68.17,Low,1108.54,High,7699.54,High,32189.94,High,405.03,High,938.45,High,1373.92,High,1246.19,High,121.11,Low,504.3,High,3.31,Low,0.0,Low,489.74,High,High,925.88,925.88,High,1911.98,High,800.79,Low,70.81,High,851.75,High,3269.36,High,1.3180700103643426,High,297.15,Low,14248.18,High,416.25,Low,550.63,Low,30.44,Low,175.38,High,-0.4278522814300493,Low,242.22,Low
TCGA-83-5908,,,,,,,,,,,,,,,,,,,,,,,,,,,,,,,,,,,,,,,,,,,,,,2189.58,High,2418.7,High,1512.58,High,1.13,Low,307.17,High,25.91,Low,0.0,4333.83,Low,2299.29,High,3590.31,High,0.75,Low,338.72,High,360.87,High,375.14,High,16693.2,High,142.32,Low,11219.64,Low,1201.28,High,116.41,High,17.27,Low,43.18,High,43.18,High,1720.59,Low,756.67,Low,40.18,Low,2482.54,Low,1698.84,High,1186.26,High,1309.96,High,1714.23,High,1288.02,High,883.59,High,753.29,High,1259.86,High,2574.54,High,4777.69,High,449.12,Low,110.4,Low,309.43,High,2238.45,Low,22513.71,High,319.56,High,1965.45,High,3669.17,High,2435.22,High,728.5,High,376.27,High,210.66,High,3.0,Low,1405.93,High,High,2965.08,2965.08,High,2345.85,High,347.73,Low,3.76,Low,1344.35,High,198.27,Low,0.17874005884221056,High,524.97,Low,11256.85,Low,1370.61,High,3624.86,High,114.16,High,219.3,High,0.1347864286460136,High,883.59,High
TCGA-86-6562,130.78,Low,none,0.0,none,0.0,none,none,N,Y,none,0.0,p.776_776G>VC,none,none,none,0.0,none,none,none,none,0.0,none,,none,0.0,376.0,1.0,274.0,1.0,52.0,0.0,MALE,1.9,,0.0,1.0,2.0,2.0,0.4,0.8400197538712413,0.8400197538712413,0.17432987090790414,0.8749797691029367,0.1335545139170328,2133.18,High,1963.29,High,1913.44,High,19.3,High,257.81,High,402.52,High,0.0,23933.54,Low,1632.05,High,1679.75,High,2.14,Low,429.85,High,138.28,High,98.62,Low,11096.34,High,191.34,Low,23776.07,High,71.82,High,123.27,High,14.47,Low,25.19,Low,25.19,Low,3514.88,High,3224.44,High,444.86,High,3684.31,High,597.61,High,615.3,Low,350.29,High,450.22,Low,352.14,High,346.15,High,294.25,Low,386.98,Low,861.85,Low,1727.46,High,651.21,Low,148.47,High,293.72,High,14570.55,High,19906.74,Low,84.68,Low,486.13,Low,1000.67,Low,882.75,Low,1097.68,High,425.57,High,18.76,Low,3.75,Low,380.01,Low,Low,555.27,555.27,Low,1632.05,High,1159.32,Low,0.54,Low,320.51,Low,668.9,High,-0.15933180772342329,High,787.89,High,16509.18,High,1602.54,High,1289.56,Low,90.58,Low,189.2,High,-0.04911325443490146,High,346.15,High
TCGA-86-6851,182.28,Low,none,0.0,none,0.0,none,none,N,N,none,0.0,none,none,none,none,0.0,none,none,none,none,0.0,none,,none,0.0,179.0,0.0,179.0,0.0,73.0,1.0,FEMALE,1.0,52.0,0.0,1.0,1.0,2.0,0.4,,,,,,1562.5,High,2117.06,High,2041.01,High,1.42,Low,250.36,High,193.39,Low,1.0,24162.06,Low,1380.52,High,777.27,Low,1.99,Low,21.08,Low,76.62,Low,142.98,High,7443.18,Low,105.38,Low,14248.12,Low,159.78,High,23.79,Low,100.83,High,12.53,Low,12.53,Low,2388.23,Low,2471.09,High,911.42,High,2315.58,Low,379.95,Low,526.35,Low,343.63,High,358.59,Low,278.55,High,349.76,High,369.7,High,358.59,Low,564.8,Low,2221.59,High,700.37,Low,117.35,Low,132.44,Low,3912.85,Low,20715.18,High,71.49,Low,1415.84,High,1224.72,High,1311.59,High,140.13,Low,44.43,Low,11.68,Low,1.71,Low,362.86,Low,Low,800.34,800.34,Low,2064.94,High,1080.32,Low,31.9,High,2539.45,High,375.68,High,0.9095015196158664,High,563.66,Low,8505.27,Low,640.49,Low,1379.09,Low,55.54,Low,70.64,Low,-0.47939474600245313,Low,349.76,High
TCGA-86-7701,214.96,High,,,,,,,,,,,,,,,,,,,,,,,,,947.0,0.0,900.0,1.0,66.0,1.0,MALE,1.8,,1.0,0.0,2.0,4.0,0.2,,,,0.5641030752886363,0.5725182865782494,213.91,Low,2006.32,High,639.62,Low,1.05,Low,321.39,High,241.31,High,0.0,186200.17,High,1386.72,High,1190.73,High,0.0,Low,79.03,Low,291.89,High,397.26,High,8733.4,Low,202.32,Low,12735.23,Low,76.92,High,569.68,High,42.15,High,21.07,Low,21.07,Low,1576.5,Low,1210.75,Low,818.76,High,1821.92,Low,1293.99,High,712.33,High,1091.22,High,1614.33,High,611.17,High,389.88,High,356.16,Low,994.73,High,1449.95,High,869.34,Low,902.0,High,130.66,High,51.63,Low,8932.56,High,33026.34,High,145.42,High,1069.55,High,1912.54,High,938.88,Low,520.55,High,44.26,Low,72.71,High,8.43,High,584.83,High,High,1409.91,1409.91,High,2407.8,High,949.42,Low,100.11,High,190.73,Low,1047.42,High,-0.009081880466406714,High,810.33,High,12603.79,High,853.53,High,615.38,Low,160.17,High,194.94,High,-0.18223883256856893,High,389.88,High
TCGA-86-7711,340.79,High,,,,,,,,,,,,,,,,,,,,,,,,,1046.0,1.0,1046.0,0.0,70.0,1.0,MALE,1.8,50.0,0.0,1.0,2.0,2.0,0.4,0.5609610170872067,0.5609610170872067,0.5781038641319601,,,836.37,Low,877.58,Low,1044.44,Low,3.83,Low,350.79,High,51.5,Low,1.0,2328.72,Low,1096.82,Low,4091.82,High,23.25,High,1.77,Low,147.44,High,157.74,High,3874.34,Low,203.65,Low,11738.24,Low,61.8,Low,1844.89,High,218.66,High,50.32,High,50.32,High,13.83,Low,680.4,Low,35.9,Low,4374.63,High,1301.65,High,937.02,High,858.51,High,760.15,High,318.13,High,607.12,High,744.26,High,928.78,High,1743.08,High,1945.85,High,255.74,Low,317.54,High,28.25,Low,47145.38,High,18533.55,Low,294.29,High,1747.79,High,1762.51,High,1787.52,High,114.48,Low,18.25,Low,6.77,Low,9.12,High,398.76,High,High,1143.61,1143.61,High,,,238.67,Low,0.59,Low,521.48,High,1242.5,High,0.20334024819081442,High,264.86,Low,25686.58,High,8570.21,High,1571.22,High,840.79,High,82.4,Low,2.152697849203506,High,607.12,High
TCGA-86-7713,212.83,High,none,0.0,none,0.0,none,none,Y,Y,none,0.0,none,none,none,p.G12C,1.0,none,none,none,none,0.0,none,,p.L245F,1.0,1157.0,0.0,1157.0,0.0,70.0,1.0,MALE,3.0,,0.0,0.0,2.0,2.0,0.5,,,,,,2246.12,High,3596.22,High,223.89,Low,0.48,Low,368.66,High,232.07,High,0.0,286388.5,High,1061.5,Low,918.42,High,5.05,High,40.16,Low,77.92,Low,226.06,High,8226.06,Low,111.83,Low,4112.08,Low,34.15,Low,72.7,Low,5.77,Low,4.57,Low,4.57,Low,2579.87,Low,387.42,Low,742.62,High,1915.47,Low,598.09,High,683.7,High,270.29,Low,898.94,High,288.1,High,465.58,High,686.83,High,608.43,High,1340.23,High,1120.9,Low,1616.06,High,53.15,Low,30.78,Low,4618.05,Low,30352.91,High,158.96,High,979.98,High,1908.98,High,1240.67,High,472.31,High,242.41,High,10.1,Low,1.2,Low,824.39,High,High,2082.13,2082.13,High,1780.8,High,1412.37,Low,1529.25,High,388.63,High,1926.77,High,1.2184085125285884,High,205.13,Low,11511.33,Low,740.18,Low,732.28,Low,33.67,Low,23.09,Low,-0.5352014226855243,Low,465.58,High
TCGA-86-7714,80.83,Low,none,0.0,p.V600E,1.0,none,none,N,Y,none,0.0,none,none,none,none,0.0,none,none,none,p.E726K,1.0,none,,none,0.0,625.0,1.0,625.0,0.0,61.0,0.0,FEMALE,,43.0,0.0,2.0,2.0,3.0,,0.7490782927323532,0.7490782927323532,0.2889117712450497,,,2762.21,High,1287.59,Low,1200.19,Low,3.76,Low,199.25,High,1259.4,High,1.0,375570.5,High,1351.5,High,281.01,Low,3.76,High,688.91,High,25.38,Low,56.39,Low,12370.3,High,398.5,High,14554.42,Low,24.44,Low,6.58,Low,95.86,High,53.57,High,53.57,High,4388.31,High,1888.16,High,778.2,High,1243.42,Low,340.23,Low,502.82,Low,143.9,Low,256.58,Low,88.35,Low,156.01,Low,76.13,Low,154.14,Low,887.22,Low,1930.45,High,1596.8,High,196.43,High,157.89,Low,5488.72,Low,14046.05,Low,26.32,Low,516.92,Low,899.44,Low,474.62,Low,47.93,Low,4825.19,High,7.52,Low,2.82,Low,136.28,Low,Low,636.28,636.28,Low,995.3,Low,1678.57,High,0.94,Low,693.61,High,10.34,Low,-0.2534510321801215,High,406.01,Low,9916.35,Low,502.76,Low,486.84,Low,6.58,Low,59.21,Low,-0.6578694461099387,Low,156.01,Low
TCGA-86-7953,193.22,High,,,,,,,,,,,,,,,,,,,,,,,,,997.0,0.0,997.0,0.0,69.0,1.0,FEMALE,3.0,,0.0,0.0,1.0,1.0,0.2,,,,,,1233.44,High,1812.84,High,470.63,Low,3.25,Low,284.51,High,75.93,Low,0.0,10289.09,Low,1536.01,High,1778.57,High,0.3,Low,14.77,Low,334.15,High,187.31,High,3529.66,Low,124.97,Low,19500.48,High,45.2,Low,219.22,High,42.84,High,20.39,Low,20.39,Low,2722.16,Low,604.77,Low,70.32,Low,3630.4,High,1162.86,High,685.43,High,883.46,High,1718.3,High,900.51,High,718.81,High,1211.91,High,1281.04,High,729.74,Low,2851.32,High,520.87,Low,151.86,High,246.99,Low,18748.5,High,20381.71,High,132.65,High,1780.34,High,1439.4,High,1084.87,High,2742.3,High,210.06,High,19.2,Low,1.18,Low,425.73,High,High,2506.83,2506.83,High,2549.38,High,1081.91,Low,1.48,Low,798.88,High,936.85,High,0.21560930300239597,High,567.84,Low,11013.52,Low,598.78,Low,1328.31,Low,104.0,High,71.5,Low,-0.3344216714341207,Low,718.81,High
TCGA-86-7954,229.06,High,,,,,,,,,,,,,,,,,,,,,,,,,605.0,0.0,605.0,0.0,68.0,1.0,FEMALE,1.1,8.0,0.0,0.0,2.0,1.0,0.3,,,,,,755.15,Low,4770.72,High,1946.5,High,5.62,High,224.78,High,184.37,Low,1.0,77295.72,Low,1518.35,High,1153.08,High,2.41,Low,47.1,Low,76.27,Low,165.64,High,15329.31,High,156.01,Low,14803.71,Low,114.53,High,129.67,High,48.97,High,16.32,Low,16.32,Low,3122.65,High,903.41,Low,449.83,High,3459.76,High,580.42,High,1391.24,High,340.65,High,836.78,High,219.96,Low,434.85,High,362.06,Low,561.15,High,576.14,Low,1816.18,High,1702.99,High,196.42,High,212.74,Low,7821.33,High,18154.06,Low,122.29,High,1395.25,High,1830.1,High,1227.2,High,1000.81,High,502.01,High,96.33,High,5.08,Low,426.01,High,Low,602.36,602.36,Low,1738.58,High,1036.4,Low,8.56,High,533.05,High,891.1,High,0.05707962583561493,High,511.11,Low,8391.31,Low,530.93,Low,795.83,Low,573.73,High,86.7,Low,0.36427687388295116,High,434.85,High
TCGA-86-7955,831.69,High,,,,,,,,,,,,,,,,,,,,,,,,,1072.0,0.0,820.0,1.0,62.0,0.0,MALE,2.1,,0.0,0.0,2.0,1.0,0.4,,,,0.6040546853423715,0.5040905464993876,1175.06,High,486.18,Low,904.59,Low,0.3,Low,284.66,High,34.04,Low,0.0,7386.7,Low,1238.95,High,2350.18,High,1.51,Low,3.61,Low,228.93,High,141.58,High,13786.88,High,23.19,Low,1876.89,Low,21.09,Low,20.78,Low,2.11,Low,2.41,Low,2.41,Low,365.3,Low,227.73,Low,111.15,Low,2836.06,High,689.21,High,1292.87,High,1192.02,High,1266.66,High,334.36,High,659.39,High,3273.14,High,1315.16,High,2837.86,High,876.57,Low,950.07,High,6.63,Low,279.84,Low,13767.6,High,17722.12,Low,253.03,High,1588.67,High,2658.94,High,1405.23,High,1832.37,High,765.12,High,9.04,Low,14.76,High,950.67,High,High,1685.67,1685.67,High,2550.79,High,802.47,Low,49.7,High,672.64,High,15.97,Low,-0.2372102840925997,High,122.0,Low,23463.21,High,462.37,Low,482.87,Low,23.8,Low,259.96,High,-0.1411687624962897,High,659.39,High
TCGA-86-8054,526.18,High,,,,,,,,,,,,,,,,,,,,,,,,,1148.0,0.0,1148.0,0.0,61.0,0.0,MALE,1.7,9.0,0.0,1.0,2.0,2.0,0.4,,,,,,2622.22,High,2806.76,High,1730.08,High,115.56,High,299.73,High,51.95,Low,1.0,140061.94,High,3447.17,High,5226.21,High,0.67,Low,1062.69,High,298.39,High,415.29,High,3801.52,Low,196.82,Low,7737.53,Low,31.3,Low,356.67,High,3.66,Low,7.33,Low,7.33,Low,4444.8,High,757.64,Low,977.77,High,1737.41,Low,2599.28,High,1133.63,High,1319.81,High,3163.43,High,701.69,High,706.02,High,1334.44,High,910.83,High,291.4,Low,2401.13,High,827.91,High,56.28,Low,21.65,Low,7437.18,Low,36102.91,High,392.31,High,1635.5,High,4986.43,High,1404.71,High,1087.34,High,44.63,Low,19.65,Low,1.33,Low,1342.77,High,High,2090.42,2090.42,High,1873.62,High,662.73,Low,43.63,High,975.44,High,1747.4,High,0.6923077052928486,High,227.13,Low,9198.57,Low,869.5,High,525.52,Low,51.95,Low,69.6,Low,-0.5518853674218736,Low,706.02,High
TCGA-86-8055,260.18,High,,,,,,,,,,,,,,,,,,,,,,,,,124.0,1.0,124.0,0.0,79.0,1.0,MALE,3.2,60.0,0.0,1.0,2.0,2.0,0.4,0.9465376190640218,0.9465376190640218,0.054944563677240904,,,8359.11,High,1332.62,Low,1310.33,Low,3.0,Low,199.31,High,63.01,Low,1.0,5690.53,Low,1303.04,High,1482.64,High,3.0,High,63.44,Low,151.31,High,86.58,Low,16201.46,High,370.34,High,34611.05,High,83.15,High,108.44,High,27.0,High,51.44,High,51.44,High,1128.29,Low,3115.3,High,196.31,Low,3387.91,High,455.64,Low,572.22,Low,321.65,Low,618.95,Low,479.64,High,478.35,High,318.9,Low,434.63,High,597.09,Low,1097.3,Low,1255.04,High,177.03,High,447.92,High,6752.25,Low,22732.53,High,99.01,Low,1088.3,High,548.65,Low,1225.89,High,336.05,High,651.95,High,111.87,High,24.43,High,309.47,Low,High,1058.72,1058.72,High,2132.45,High,727.82,Low,53.58,High,1454.35,High,1616.8,High,0.8946378409728535,High,725.25,High,23311.62,High,4150.32,High,2657.09,High,102.01,High,223.32,High,0.5840623666256144,High,478.35,High
TCGA-86-8056,94.23,Low,,,,,,,,,,,,,,,,,,,,,,,,,139.0,0.0,139.0,0.0,63.0,0.0,FEMALE,1.4,36.0,0.0,0.0,4.0,3.0,0.4,,,,,,1355.59,High,2450.03,High,722.67,Low,33.95,High,259.83,High,1150.18,High,1.0,50081.41,Low,1027.54,Low,261.56,Low,2.77,Low,875.8,High,14.2,Low,68.25,Low,9350.08,High,397.02,High,9560.52,Low,63.74,High,46.08,Low,39.84,High,16.28,Low,16.28,Low,2627.43,Low,1209.08,Low,335.01,Low,1793.52,Low,188.46,Low,550.84,Low,103.05,Low,215.49,Low,39.15,Low,181.53,Low,146.54,Low,60.63,Low,933.66,Low,2505.11,High,1663.26,High,108.09,Low,406.72,High,2432.36,Low,17918.59,Low,60.28,Low,606.62,Low,709.51,Low,488.13,Low,805.47,High,401.52,High,136.15,High,1.73,Low,261.91,Low,High,962.41,962.41,High,1981.64,High,1970.9,High,0.69,Low,514.46,High,19.4,Low,-0.3450875853542364,Low,546.34,Low,14138.92,High,355.0,Low,1017.84,Low,66.17,Low,36.72,Low,-0.3979410467919382,Low,181.53,Low
TCGA-86-8073,106.55,Low,,,,,,,,,,,,,,,,,,,,,,,,,740.0,0.0,740.0,0.0,58.0,0.0,MALE,1.8,40.0,0.0,0.0,2.0,1.0,0.4,,,,,,764.74,Low,1346.28,Low,357.79,Low,7.56,High,409.0,High,225.81,High,1.0,24371.89,Low,1452.14,High,474.65,Low,0.34,Low,239.56,High,148.14,High,53.62,Low,9659.74,High,254.34,High,16491.38,Low,24.06,Low,37.81,Low,64.62,High,63.93,High,63.93,High,2185.77,Low,1505.07,Low,543.05,High,4632.41,High,410.04,Low,391.82,Low,319.54,Low,395.94,Low,327.2,High,301.43,High,240.25,Low,179.41,Low,1369.31,High,2221.69,High,1746.0,High,54.65,Low,381.85,High,3959.44,Low,19384.77,Low,70.8,Low,666.09,Low,730.37,Low,973.36,Low,570.2,High,39.87,Low,31.96,Low,0.69,Low,319.3,Low,Low,800.48,800.48,Low,1859.77,High,1101.91,Low,30.25,High,409.0,High,319.3,High,-0.2526585446334877,High,769.2,High,13770.75,High,417.9,Low,1554.56,High,39.53,Low,204.16,High,-0.2830625751359296,Low,301.43,High
TCGA-86-8074,206.58,High,,,,,,,,,,,,,,,,,,,,,,,,,24.0,0.0,,,62.0,0.0,FEMALE,2.3,40.0,0.0,1.0,1.0,2.0,0.3,,,,,,4358.03,High,1051.47,Low,2730.52,High,10.72,High,191.92,High,236.96,High,1.0,4625.45,Low,2992.85,High,1361.33,High,3.93,High,181.92,High,142.96,High,213.72,High,10521.8,High,193.71,Low,25543.93,High,78.63,High,139.96,High,28.23,High,241.96,High,241.96,High,2435.92,Low,619.01,Low,284.85,Low,3293.42,High,766.98,High,747.68,High,432.94,High,1010.72,High,447.46,High,493.21,High,496.78,High,588.99,High,1451.39,High,1003.57,Low,863.47,High,716.23,High,231.59,Low,11198.0,High,38121.16,High,91.14,Low,2536.45,High,2452.11,High,1793.07,High,134.02,Low,670.48,High,36.81,Low,52.18,High,510.72,High,High,1163.33,1163.33,High,1689.06,High,1342.74,Low,65.05,High,1144.39,High,316.65,High,0.1561409950102167,High,907.79,High,13787.35,High,1990.64,High,2288.06,High,213.72,High,131.52,High,0.22038193093523017,High,493.21,High
TCGA-86-8075,247.11,High,,,,,,,,,,,,,,,,,,,,,,,,,694.0,1.0,694.0,0.0,66.0,1.0,FEMALE,1.8,,0.0,0.0,2.0,1.0,0.4,0.8039839529692712,0.8039839529692712,0.21817596899579786,,,3184.35,High,1110.41,Low,1190.12,Low,4.29,Low,238.25,High,118.55,Low,0.0,6017.14,Low,1497.21,High,1419.8,High,1.43,Low,93.7,Low,142.84,High,180.83,High,9142.69,High,369.66,High,28509.24,High,104.27,High,437.65,High,95.7,High,66.28,High,66.28,High,1506.95,Low,3134.41,High,319.1,Low,4383.37,High,527.92,Low,691.9,High,236.65,Low,723.61,High,302.53,High,629.91,High,519.93,High,446.79,High,677.62,Low,1432.08,High,2026.57,High,96.56,Low,385.66,High,4475.65,Low,20607.34,High,124.55,High,1381.23,High,1847.45,High,1659.76,High,316.53,High,387.94,High,26.57,Low,14.86,High,318.53,Low,High,1762.03,1762.03,High,1903.44,High,982.72,Low,4.86,Low,599.06,High,1442.94,High,0.336167516805221,High,558.49,Low,18196.26,High,3388.21,High,4580.49,High,247.11,High,246.82,High,0.8830926036999689,High,629.91,High
TCGA-86-8076,73.67,Low,,,,,,,,,,,,,,,,,,,,,,,,,993.0,0.0,993.0,0.0,42.0,0.0,MALE,1.7,,0.0,0.0,1.0,1.0,0.4,,,,,,839.19,Low,1342.82,Low,2305.59,High,5.85,High,148.9,Low,229.97,High,0.0,282921.07,High,986.16,Low,279.87,Low,2.34,Low,128.24,Low,39.76,Low,75.62,Low,7025.53,Low,361.72,High,19922.76,High,68.99,High,143.01,High,49.5,High,19.49,Low,19.49,Low,3425.46,High,1407.13,Low,1602.03,High,3117.91,High,182.81,Low,369.91,Low,117.28,Low,241.28,Low,75.23,Low,163.71,Low,77.57,Low,133.31,Low,4449.04,High,1191.97,Low,686.03,Low,236.99,High,106.02,Low,5355.29,Low,25708.05,High,35.47,Low,599.88,Low,553.5,Low,429.55,Low,348.86,High,172.68,High,344.57,High,3.12,Low,132.14,Low,Low,558.18,558.18,Low,1572.79,High,1975.44,High,1.17,Low,192.56,Low,28.45,Low,-0.5124866614799587,Low,804.13,High,9604.37,Low,986.49,High,1901.38,High,83.02,Low,142.66,High,-0.2606939875195044,Low,163.71,Low
TCGA-86-8278,209.5,High,,,,,,,,,,,,,,,,,,,,,,,,,944.0,0.0,944.0,0.0,63.0,0.0,FEMALE,2.0,,0.0,1.0,2.0,2.0,0.3,,,,,,2049.88,High,1200.49,Low,932.13,Low,9.33,High,134.57,Low,466.71,High,0.0,329193.49,High,1457.19,High,1171.97,High,2.07,Low,789.27,High,54.97,Low,104.23,Low,11941.14,High,185.39,Low,14423.79,Low,94.38,High,103.78,High,38.12,High,38.37,High,38.37,High,3203.04,High,1708.17,Low,244.25,Low,2439.1,Low,255.14,Low,763.08,High,237.93,Low,461.27,Low,143.13,Low,315.03,High,261.88,Low,305.18,Low,1087.18,Low,1818.63,High,1265.83,High,474.75,High,82.71,Low,6110.07,Low,56614.25,High,99.05,Low,1064.37,High,1566.6,High,936.28,Low,228.95,High,437.41,High,29.3,Low,21.26,High,140.79,Low,High,1069.03,1069.03,High,1047.77,Low,2204.19,High,0.52,Low,59.38,Low,12.71,Low,-0.5908562396238994,Low,743.11,High,7699.75,Low,2856.16,High,1472.74,Low,65.34,Low,130.16,High,-0.23085468273593665,Low,315.03,High
TCGA-86-8279,291.56,High,,,,,,,,,,,,,,,,,,,,,,,,,949.0,0.0,949.0,0.0,46.0,0.0,MALE,1.8,,0.0,1.0,2.0,2.0,0.3,,,,,,1599.99,High,759.11,Low,2221.93,High,0.59,Low,134.52,Low,20.15,Low,0.0,139005.04,High,1397.63,High,522.37,Low,3.85,High,1479.7,High,53.63,Low,135.7,High,21371.56,High,114.37,Low,13997.97,Low,17.78,Low,38.81,Low,146.37,High,54.52,High,54.52,High,5445.67,High,3413.33,High,160.0,Low,1423.7,Low,514.37,Low,833.19,High,208.6,Low,468.44,Low,104.59,Low,245.93,Low,676.74,High,388.44,Low,620.44,Low,892.15,Low,1293.63,High,44.44,Low,282.67,High,8715.26,High,18956.74,Low,112.3,Low,1000.0,High,4238.22,High,1112.3,High,82.67,Low,16.89,Low,7.11,Low,69.93,High,344.3,Low,Low,410.67,410.67,Low,963.85,Low,1939.26,High,0.3,Low,100.44,Low,9.48,Low,-0.570509188707472,Low,597.63,Low,9485.93,Low,2524.7,High,1104.59,Low,56.3,Low,133.93,High,-0.27222723749947414,Low,245.93,Low
TCGA-86-8280,203.93,High,,,,,,,,,,,,,,,,,,,,,,,,,701.0,0.0,701.0,0.0,54.0,0.0,FEMALE,2.8,,0.0,0.0,2.0,2.0,0.4,,,,,,2049.32,High,1111.23,Low,1521.99,High,5.45,High,271.9,High,379.5,High,0.0,146744.09,High,1256.27,High,539.8,Low,3.27,High,701.93,High,73.06,Low,93.78,Low,13938.2,High,670.3,High,22514.32,High,91.24,High,39.62,Low,63.25,High,51.62,High,51.62,High,4364.78,High,3238.82,High,495.09,High,1719.01,Low,325.34,Low,527.44,Low,183.2,Low,448.93,Low,139.22,Low,242.09,Low,346.42,Low,215.19,Low,629.23,Low,1648.13,High,765.18,Low,143.22,High,141.04,Low,3256.27,Low,19354.78,Low,103.24,Low,718.28,Low,777.17,Low,885.13,Low,379.13,High,348.24,High,426.03,High,29.44,High,244.27,Low,Low,402.4,402.4,Low,1227.19,Low,2920.76,High,0.73,Low,146.13,Low,382.77,High,-0.37966908336533134,Low,754.27,High,7749.18,Low,555.41,Low,829.52,Low,77.06,Low,171.94,High,-0.4774760756991266,Low,242.09,Low
TCGA-86-8358,1163.1,High,,,,,,,,,,,,,,,,,,,,,,,,,653.0,0.0,653.0,0.0,44.0,0.0,MALE,1.7,20.0,0.0,0.0,2.0,1.0,0.5,,,,,,51.06,Low,1438.29,High,989.37,Low,7.96,High,401.18,High,66.97,Low,1.0,4021.12,Low,3191.57,High,6071.47,High,0.66,Low,753.3,High,640.57,High,628.63,High,6180.22,Low,226.12,High,9014.05,Low,29.18,Low,74.93,Low,7.29,Low,22.55,Low,22.55,Low,793.24,Low,1108.73,Low,122.01,Low,1499.3,Low,3564.24,High,2094.78,High,2048.56,High,2923.0,High,1351.43,High,1444.26,High,1635.24,High,2656.43,High,2886.53,High,1458.85,High,852.1,High,22.55,Low,16.58,Low,2710.81,Low,13116.38,Low,332.88,High,3981.33,High,4063.56,High,2173.69,High,1949.55,High,15.91,Low,74.27,High,28.51,High,1277.16,High,High,2006.58,2006.58,High,1474.1,Low,594.15,Low,5.3,High,137.93,Low,273.2,High,-0.43050642071574236,Low,557.68,Low,8972.59,Low,1673.61,High,482.08,Low,163.13,High,77.58,Low,-0.28658078486108596,Low,1444.26,High
TCGA-86-8359,84.45,Low,,,,,,,,,,,,,,,,,,,,,,,,,444.0,1.0,,,52.0,0.0,MALE,2.5,36.0,0.0,2.0,3.0,3.0,0.5,0.8612968164143298,0.8612968164143298,0.1493160994502785,,,371.2,Low,1029.77,Low,1663.43,High,1.22,Low,164.64,High,117.86,Low,1.0,267907.65,High,803.16,Low,487.24,Low,2.43,Low,43.13,Low,60.15,Low,64.4,Low,4337.79,Low,99.64,Low,8347.08,Low,30.38,Low,237.55,High,58.93,High,9.72,Low,9.72,Low,2989.98,Low,1013.37,Low,993.92,High,1984.81,Low,238.15,Low,595.38,Low,168.47,Low,362.09,Low,116.04,Low,108.14,Low,204.74,Low,331.11,Low,243.62,Low,1155.53,Low,191.98,Low,328.68,High,334.14,High,8549.82,High,16507.9,Low,66.22,Low,555.29,Low,1156.14,High,871.2,Low,691.37,High,7.9,Low,34.63,Low,20.66,High,575.33,High,Low,456.26,456.26,Low,1044.35,Low,2871.81,High,18.23,High,335.97,Low,9.11,Low,-0.43589919158738777,Low,495.14,Low,18023.09,High,965.94,High,4107.53,High,644.59,High,45.56,Low,1.1798452573097984,High,108.14,Low
TCGA-86-8585,276.81,High,,,,,,,,,,,,,,,,,,,,,,,,,353.0,0.0,353.0,0.0,57.0,0.0,MALE,2.2,,0.0,0.0,2.0,1.0,0.4,,,,,,44.11,Low,1375.21,High,331.95,Low,2.21,Low,201.82,High,35.29,Low,0.0,51308.49,Low,846.96,Low,691.47,Low,7.72,High,11.03,Low,269.09,High,205.12,High,6515.43,Low,120.21,Low,19371.97,High,60.65,Low,50.73,Low,14.34,Low,14.34,Low,14.34,Low,2284.31,Low,1724.8,Low,55.14,Low,8075.92,High,817.19,High,680.44,High,493.02,High,1306.84,High,540.38,High,307.69,High,603.24,High,848.07,High,499.58,Low,870.12,Low,186.38,Low,967.17,High,395.91,High,12736.42,High,17475.21,Low,249.24,High,896.59,Low,1723.7,High,1017.9,Low,181.96,High,67.27,Low,60.65,High,79.4,High,860.2,High,Low,633.02,633.02,Low,1020.1,Low,726.76,Low,68.37,High,158.81,Low,1711.57,High,0.2534691901384996,High,309.89,Low,13410.24,High,1279.24,High,2837.54,High,141.16,High,567.95,High,0.34352970090104246,High,307.69,High
TCGA-86-8668,73.66,Low,,,,,,,,,,,,,,,,,,,,,,,,,423.0,0.0,423.0,0.0,61.0,0.0,FEMALE,2.0,,0.0,0.0,1.0,1.0,0.5,,,,,,9674.81,High,822.92,Low,1246.28,Low,5.95,High,114.58,Low,409.97,High,0.0,369815.48,High,990.33,Low,267.11,Low,2.98,High,947.92,High,31.25,Low,66.96,Low,6239.58,Low,315.48,High,24096.75,High,58.04,Low,22.32,Low,51.34,High,61.01,High,61.01,High,2966.01,Low,4486.61,High,3311.76,High,1853.42,Low,290.92,Low,242.56,Low,127.59,Low,206.85,Low,66.22,Low,220.24,Low,171.88,Low,194.94,Low,296.88,Low,1142.86,Low,3016.37,High,203.13,High,106.4,Low,1993.3,Low,14411.46,Low,30.51,Low,548.36,Low,430.06,Low,593.75,Low,42.41,Low,1669.64,High,68.45,High,154.02,High,101.19,Low,Low,374.26,374.26,Low,1859.38,High,1376.49,Low,0.74,Low,58.04,Low,497.02,High,-0.3757601311267568,Low,799.11,High,12509.67,High,1027.48,High,674.11,Low,48.36,Low,79.61,Low,-0.4285881831104471,Low,220.24,Low
TCGA-86-8669,44.74,Low,,,,,,,,,,,,,,,,,,,,,,,,,938.0,0.0,849.0,1.0,64.0,0.0,MALE,2.2,47.0,0.0,0.0,1.0,1.0,0.4,,,,0.584249613691802,0.5374269667669793,448.02,Low,1657.85,High,1049.78,Low,1.89,Low,244.49,High,417.14,High,1.0,270826.72,High,981.1,Low,349.72,Low,0.63,Low,1492.12,High,37.18,Low,63.01,Low,15291.75,High,129.17,Low,9810.31,Low,57.34,Low,14.28,Low,15.12,Low,7.56,Low,7.56,Low,8139.55,High,1010.71,Low,877.13,High,2275.99,Low,184.0,Low,814.74,High,85.34,Low,335.85,Low,97.67,Low,151.23,Low,216.76,Low,223.06,Low,1424.07,High,1598.61,High,1375.55,High,64.27,Low,81.92,Low,10358.54,High,20092.63,High,43.48,Low,603.65,Low,787.65,Low,352.24,Low,1367.36,High,13.86,Low,10.08,Low,3.78,Low,1041.59,High,Low,601.76,601.76,Low,1503.47,Low,3468.18,High,0.63,Low,312.54,Low,141.15,Low,-0.39858166979209586,Low,432.89,Low,8244.49,Low,326.37,Low,1093.26,Low,58.6,Low,64.9,Low,-0.5491568036964267,Low,151.23,Low
TCGA-86-8671,95.88,Low,,,,,,,,,,,,,,,,,,,,,,,,,839.0,0.0,839.0,0.0,72.0,1.0,FEMALE,0.9,,0.0,1.0,2.0,2.0,0.4,,,,,,716.3,Low,790.19,Low,1410.11,High,36.92,High,109.11,Low,378.56,High,0.0,89830.56,Low,865.68,Low,590.72,Low,3.31,High,132.8,Low,85.96,Low,82.66,Low,4795.7,Low,686.6,High,40190.95,High,114.07,High,59.51,Low,300.32,High,35.27,High,35.27,High,2773.36,Low,4406.12,High,834.27,High,3397.16,High,314.64,Low,495.94,Low,213.59,Low,348.26,Low,182.95,Low,164.21,Low,240.8,Low,309.68,Low,747.21,Low,1229.37,Low,335.58,Low,238.05,High,280.48,Low,7798.87,High,15445.1,Low,50.7,Low,684.94,Low,560.41,Low,763.74,Low,299.77,High,104.15,High,76.59,High,12.67,High,215.46,Low,Low,262.3,262.3,Low,1111.45,Low,2365.62,High,1.1,Low,155.39,Low,141.07,Low,-0.4821880076519935,Low,908.11,High,7431.33,Low,742.22,Low,1100.43,Low,133.9,High,183.5,High,-0.3274543904686057,Low,164.21,Low
TCGA-86-8672,350.66,High,,,,,,,,,,,,,,,,,,,,,,,,,19.0,1.0,19.0,0.0,59.0,0.0,MALE,2.2,,0.0,0.0,3.0,2.0,0.4,0.9918024491448234,0.9918024491448234,0.008231335536299504,,,94.23,Low,887.04,Low,944.56,Low,0.69,Low,88.7,Low,8.32,Low,0.0,9923.08,Low,1215.52,High,707.55,Low,3.46,High,2.77,Low,241.16,High,43.66,Low,4124.05,Low,89.4,Low,18875.59,High,100.49,High,115.04,High,13.17,Low,6.93,Low,6.93,Low,1882.56,Low,3087.32,High,56.13,Low,5011.78,High,865.56,High,713.79,High,583.53,High,1060.98,High,288.98,High,325.71,High,378.38,High,889.81,High,1354.12,High,1101.87,Low,218.99,Low,218.99,High,486.49,High,26243.24,High,14839.22,Low,217.6,High,953.57,High,1425.5,High,998.61,Low,435.9,High,7.62,Low,10.39,Low,539.15,High,532.22,High,High,1059.6,1059.6,High,1110.88,Low,1358.28,Low,29.11,High,589.74,High,557.17,High,-0.05090850455000608,High,636.17,High,18665.97,High,1680.49,High,3212.06,High,322.94,High,888.43,High,1.0848355178781044,High,325.71,High
TCGA-86-8673,148.97,Low,,,,,,,,,,,,,,,,,,,,,,,,,862.0,0.0,636.0,1.0,61.0,0.0,MALE,2.9,54.0,0.0,0.0,2.0,1.0,0.5,,,,0.7387315665229616,0.3028206628263241,655.13,Low,1261.59,Low,2629.92,High,1.17,Low,212.32,High,32.84,Low,1.0,151786.73,High,593.55,Low,1015.84,High,7.04,High,7.62,Low,123.75,High,93.26,Low,8923.77,High,116.72,Low,14514.33,Low,15.84,Low,369.89,High,24.05,Low,11.14,Low,11.14,Low,4844.24,High,1866.28,High,668.62,High,2683.29,Low,577.13,High,875.66,High,354.17,High,913.2,High,272.73,High,358.36,High,1053.96,High,529.03,High,1080.35,Low,1038.71,Low,162.46,Low,1126.1,High,42.23,Low,2789.45,Low,21415.28,High,202.93,High,2438.71,High,1051.61,Low,1805.28,High,311.44,High,4.11,Low,0.59,Low,6.45,High,368.92,Low,Low,680.35,680.35,Low,987.1,Low,2017.01,High,2.93,Low,38.12,Low,229.33,High,-0.5044864543368238,Low,394.14,Low,15192.98,High,1175.81,High,8489.75,High,187.1,High,121.41,High,0.8982430379756181,High,358.36,High
TCGA-86-8674,83.75,Low,,,,,,,,,,,,,,,,,,,,,,,,,806.0,0.0,806.0,0.0,50.0,0.0,MALE,2.5,37.5,0.0,1.0,2.0,2.0,0.5,,,,,,182.12,Low,1289.49,Low,2092.75,High,0.0,Low,101.18,Low,469.93,High,1.0,795546.37,High,926.36,Low,548.06,Low,5.62,High,282.18,High,76.45,Low,23.61,Low,7002.81,Low,31.48,Low,4762.91,Low,18.55,Low,452.5,High,6.75,Low,2.25,Low,2.25,Low,3857.81,High,635.75,Low,656.55,High,2732.43,High,240.58,Low,426.08,Low,187.49,Low,932.55,High,140.53,Low,128.16,Low,238.9,Low,306.35,Low,1273.19,High,745.36,Low,358.63,Low,23.61,Low,10.68,Low,9817.88,High,45246.21,High,60.71,Low,517.71,Low,984.82,Low,442.95,Low,392.36,High,36.54,Low,60.15,High,33.73,High,255.2,Low,Low,685.22,685.22,Low,722.88,Low,4861.72,High,5.06,Low,113.55,Low,1.69,Low,-0.5645544244564319,Low,735.24,High,6754.92,Low,568.85,Low,2662.73,High,129.85,High,79.26,Low,-0.23786342258204218,Low,128.16,Low
TCGA-86-A456,76.89,Low,,,,,,,,,,,,,,,,,,,,,,,,,896.0,0.0,896.0,0.0,78.0,1.0,FEMALE,,,0.0,0.0,1.0,1.0,,,,,,,790.18,Low,1413.57,High,950.47,Low,39.04,High,133.67,Low,663.61,High,0.0,237911.56,High,558.92,Low,371.43,Low,11.83,High,251.96,High,43.18,Low,65.65,Low,10348.66,High,398.64,High,18664.95,High,104.1,High,1309.6,High,21.88,Low,322.34,High,322.34,High,4899.07,High,3105.72,High,819.75,High,3653.41,High,277.39,Low,384.44,Low,108.31,Low,295.14,Low,66.83,Low,190.45,Low,199.32,Low,163.83,Low,2284.78,High,833.36,Low,1566.17,High,85.17,Low,384.44,High,16959.34,High,15939.08,Low,46.13,Low,366.11,Low,609.2,Low,528.76,Low,10.65,Low,357.24,High,1.77,Low,0.59,Low,192.22,Low,Low,360.2,360.2,Low,735.77,Low,3288.48,High,0.59,Low,90.49,Low,64.47,Low,-0.5511764755855308,Low,790.18,High,8887.77,Low,219.43,Low,1777.32,High,168.56,High,99.36,Low,-0.24103002368432397,Low,190.45,Low
TCGA-86-A4D0,878.08,High,,,,,,,,,,,,,,,,,,,,,,,,,116.0,1.0,116.0,0.0,48.0,0.0,MALE,,,0.0,0.0,2.0,2.0,,0.9833411458245708,0.9833411458245708,0.01679917344159868,,,156.34,Low,1803.63,High,2556.07,High,7.45,High,210.33,High,351.33,High,0.0,81850.63,Low,3310.38,High,1773.38,High,12.56,High,32.57,Low,516.05,High,307.58,High,5684.04,Low,33.5,Low,3560.39,Low,26.06,Low,50.37,Low,13.03,Low,1.86,Low,1.86,Low,4885.63,High,2467.19,High,387.16,Low,1180.08,Low,2178.22,High,1007.45,High,1697.33,High,3067.47,High,788.27,High,1022.8,High,1094.0,High,1838.53,High,3880.41,High,2467.66,High,688.23,Low,224.76,High,20.94,Low,18585.39,High,20525.36,High,325.27,High,2249.42,High,7176.36,High,2497.44,High,1289.9,High,6.98,Low,2.33,Low,0.47,Low,1222.43,High,High,2905.54,2905.54,High,906.0,Low,1538.39,High,26.99,High,587.25,High,439.27,High,-0.10582922436684206,High,791.07,High,8123.78,Low,280.59,Low,268.96,Low,106.56,High,32.57,Low,-0.5930241681265522,Low,1022.8,High
TCGA-86-A4JF,276.39,High,,,,,,,,,,,,,,,,,,,,,,,,,737.0,1.0,737.0,0.0,56.0,0.0,MALE,,,0.0,0.0,3.0,2.0,,0.7808530237744433,0.7808530237744433,0.2473683366418166,,,1877.13,High,2831.69,High,1215.86,Low,4.87,High,228.56,High,397.31,High,0.0,256303.43,High,2271.82,High,2644.77,High,4.87,High,56.7,Low,176.29,High,147.94,High,9685.25,High,224.13,High,14091.97,Low,261.33,High,267.98,High,7.09,Low,19.93,Low,19.93,Low,4203.39,High,974.9,Low,446.48,High,7019.66,High,915.55,High,1044.44,High,785.95,High,1394.81,High,442.05,High,456.67,High,520.45,High,788.87,High,879.67,Low,1090.07,Low,2231.51,High,1142.33,High,80.61,Low,5684.2,Low,30040.84,High,277.28,High,1773.52,High,1364.69,High,2292.64,High,89.92,Low,38.98,Low,22.15,Low,0.44,Low,628.97,High,High,2091.99,2091.99,High,1802.31,High,1503.33,Low,1.33,Low,58.47,Low,77.51,Low,-0.5620675037752682,Low,501.85,Low,11664.29,High,779.54,Low,2328.52,High,253.8,High,120.92,High,0.11947447025786269,High,456.67,High
TCGA-86-A4P7,160.82,Low,,,,,,,,,,,,,,,,,,,,,,,,,415.0,0.0,415.0,0.0,63.0,0.0,FEMALE,,,0.0,0.0,2.0,1.0,,,,,,,1463.44,High,1393.26,High,911.76,Low,29.41,High,163.66,High,532.73,High,0.0,112853.42,High,963.0,Low,539.85,Low,36.05,High,241.94,High,58.82,Low,106.26,Low,7138.05,Low,684.54,High,24356.05,High,52.18,Low,224.86,High,26.57,High,27.99,High,27.99,High,3409.07,High,3541.27,High,777.04,High,4672.68,High,287.0,Low,556.45,Low,203.4,Low,395.64,Low,145.16,Low,353.42,High,349.15,Low,325.43,Low,1172.2,High,1128.08,Low,1680.27,High,469.17,High,438.33,High,10282.26,High,14354.36,Low,86.81,Low,488.61,Low,926.0,Low,624.29,Low,965.84,High,36.53,Low,38.9,Low,1.9,Low,370.02,Low,Low,414.14,414.14,Low,1242.88,Low,2848.67,High,5.69,High,206.83,Low,222.01,High,-0.41636014875571375,Low,1091.08,High,9586.34,Low,648.89,Low,1012.33,Low,137.1,High,137.1,High,-0.31008794923546434,Low,353.42,High
TCGA-86-A4P8,55.61,Low,,,,,,,,,,,,,,,,,,,,,,,,,805.0,0.0,805.0,0.0,59.0,0.0,FEMALE,,,,2.0,1.0,3.0,,,,,,,1107.96,High,876.48,Low,975.39,Low,97.54,High,110.3,Low,321.33,High,0.0,274448.04,High,658.61,Low,88.42,Low,4.1,High,652.23,High,13.22,Low,23.7,Low,3666.36,Low,1476.3,High,43474.16,High,88.42,High,107.1,High,16.86,Low,35.55,High,35.55,High,4191.06,High,7226.07,High,1804.92,High,3338.2,High,106.65,Low,546.49,Low,88.35,Low,85.23,Low,13.22,Low,132.63,Low,155.88,Low,63.81,Low,1106.2,Low,1593.44,High,786.69,Low,169.1,High,755.24,High,6924.79,Low,7014.13,Low,23.7,Low,267.09,Low,256.15,Low,386.51,Low,48.31,Low,68.82,High,36.46,Low,2.73,Low,56.06,Low,Low,212.4,212.4,Low,1597.54,High,2852.32,High,2.28,Low,274.38,Low,21.42,Low,-0.47141434773885244,Low,1286.69,High,9135.83,Low,262.96,Low,1311.3,Low,62.9,Low,190.98,High,-0.42081333050317127,Low,132.63,Low
TCGA-91-6828,127.95,Low,none,0.0,none,0.0,none,none,Y,Y,none,0.0,none,none,none,p.G12V,1.0,none,none,none,none,0.0,none,,none,0.0,323.0,0.0,323.0,0.0,70.0,1.0,MALE,1.5,,0.0,0.0,1.0,1.0,0.4,,,,,,1052.18,High,2660.77,High,1462.12,High,5.89,High,327.44,High,253.37,High,0.0,190731.48,High,1172.56,Low,495.79,Low,0.84,Low,42.93,Low,103.54,Low,101.01,Low,10537.88,High,246.63,High,14190.43,Low,89.23,High,217.68,High,12.63,Low,39.56,High,39.56,High,3084.92,High,1101.85,Low,281.14,Low,2764.31,High,414.98,Low,608.59,Low,394.13,High,592.59,Low,252.53,Low,264.31,Low,197.81,Low,354.38,Low,2057.24,High,1519.36,High,2022.73,High,252.53,High,139.73,Low,23369.53,High,22587.54,High,37.04,Low,990.74,High,1860.27,High,804.71,Low,772.73,High,26.94,Low,2.53,Low,0.0,Low,771.89,High,High,1537.88,1537.88,High,2365.32,High,1033.67,Low,90.07,High,668.35,High,176.77,Low,-0.1472527485445302,High,710.44,High,9479.8,Low,1002.41,High,731.48,Low,100.17,High,78.28,Low,-0.4155506053541679,Low,264.31,Low
TCGA-91-6829,586.99,High,none,0.0,none,0.0,none,none,N,N,none,0.0,none,none,none,none,0.0,none,none,none,none,0.0,none,,none,0.0,1258.0,1.0,1258.0,0.0,78.0,1.0,MALE,0.9,94.5,,0.0,2.0,1.0,0.4,0.5135615338595538,0.5135615338595538,0.6663854245444336,,,1089.31,High,2291.17,High,502.84,Low,12.39,High,232.83,High,90.35,Low,1.0,55851.83,Low,1967.99,High,773.36,Low,2.06,Low,96.02,Low,137.33,High,284.98,High,12131.65,High,393.91,High,19769.21,High,76.92,High,91.89,High,6.71,Low,30.98,High,30.98,High,1447.88,Low,5010.84,High,195.66,Low,4525.56,High,668.04,High,822.92,High,355.29,High,672.17,High,507.49,High,352.09,High,339.7,Low,452.76,High,546.72,Low,814.15,Low,1154.36,High,406.3,High,488.38,High,6320.6,Low,17758.39,Low,60.92,Low,3176.05,High,2205.99,High,2092.93,High,377.39,High,35.62,Low,1.55,Low,0.0,Low,510.07,High,High,1550.34,1550.34,High,1711.41,High,1104.8,Low,394.94,High,1847.7,High,3153.33,High,1.9631857692151504,High,1003.1,High,25528.14,High,2053.63,High,1660.3,High,114.61,High,275.17,High,0.37946911563908636,High,352.09,High
TCGA-91-6830,183.14,Low,,,,,,,,,,,,,,,,,,,,,,,,,60.0,0.0,18.0,1.0,65.0,0.0,FEMALE,,12.0,,1.0,1.0,2.0,,,,,0.9904306220095693,0.00961545869944198,1592.33,High,998.47,Low,2278.16,High,6.13,High,137.93,Low,164.75,Low,1.0,47540.23,Low,1385.44,High,705.75,Low,5.36,High,121.07,Low,124.9,High,106.51,Low,11321.07,High,1286.59,High,22905.75,High,79.69,High,278.16,High,13.79,Low,71.26,High,71.26,High,828.31,Low,3418.39,High,732.57,High,3440.61,High,564.75,High,887.36,High,239.26,Low,793.1,High,116.48,Low,289.66,High,242.15,Low,315.71,Low,868.97,Low,2257.47,High,924.14,High,180.84,High,298.08,High,8902.68,High,25415.33,High,81.23,Low,1122.61,High,1232.18,High,1081.99,High,32.18,Low,133.33,High,154.02,High,10.73,High,301.15,Low,Low,842.15,842.15,Low,,,1389.27,Low,75.86,High,564.75,High,1307.28,High,0.2937320528242983,High,836.78,High,20415.33,High,904.88,High,769.35,Low,112.64,High,198.47,High,-0.026909218111759937,High,289.66,High
TCGA-91-6831,539.46,High,,,,,,,,,,,,,,,,,,,,,,,,,310.0,0.0,310.0,0.0,66.0,1.0,MALE,0.6,,,0.0,2.0,1.0,0.4,,,,,,1514.15,High,1958.71,High,2135.44,High,1.54,Low,188.31,High,20.84,Low,0.0,54928.03,Low,2659.46,High,3458.23,High,0.0,Low,2.32,Low,313.33,High,354.24,High,7354.04,Low,166.7,Low,16820.59,High,63.28,High,507.57,High,37.82,High,21.61,Low,21.61,Low,3411.38,High,2641.71,High,431.41,Low,3267.61,High,1426.2,High,1000.96,High,742.65,High,2525.95,High,781.01,High,831.95,High,1032.61,High,1036.47,High,285.55,Low,1109.01,Low,856.65,High,149.72,High,29.33,Low,8779.47,High,17636.89,Low,209.92,High,2417.13,High,4108.05,High,2242.72,High,2145.48,High,11.58,Low,4.63,Low,2.32,Low,811.11,High,High,2133.9,2133.9,High,1826.74,High,792.59,Low,32.41,High,541.0,High,813.43,High,0.038915074193497434,High,883.66,High,13559.71,High,2107.61,High,1352.88,Low,332.63,High,244.65,High,0.3876721266459907,High,831.95,High
TCGA-91-6835,108.8,Low,none,0.0,none,0.0,none,none,Y,Y,p.L858R,1.0,none,none,none,none,0.0,none,none,none,none,0.0,none,,none,0.0,79.0,0.0,79.0,0.0,81.0,1.0,FEMALE,1.1,25.0,0.0,0.0,1.0,1.0,0.4,,,,,,2515.98,High,3593.68,High,1592.33,High,9.93,High,278.1,High,176.07,Low,1.0,125788.71,High,1716.93,High,1057.79,High,1.81,Low,22.57,Low,72.23,Low,183.75,High,13989.62,High,530.47,High,20107.7,High,162.53,High,105.59,High,163.43,High,33.86,High,33.86,High,1852.22,Low,1384.2,Low,703.84,High,2663.66,Low,359.82,Low,832.96,High,286.3,Low,609.03,Low,271.78,High,734.54,High,395.94,High,353.05,Low,1085.78,Low,1222.12,Low,2360.27,High,482.62,High,330.02,High,5297.07,Low,20867.27,High,79.91,Low,1798.65,High,2186.0,High,2303.39,High,206.77,High,241.08,High,837.02,High,2.71,Low,497.07,High,High,1081.26,1081.26,High,2158.01,High,915.58,Low,27.54,High,139.05,Low,766.14,High,-0.19900228887135843,High,550.79,Low,9680.81,Low,520.51,Low,1770.65,High,58.69,Low,108.35,Low,-0.38178813933143135,Low,734.54,High
TCGA-91-6836,656.37,High,,,,,,,,,,,,,,,,,,,,,,,,,417.0,0.0,417.0,0.0,52.0,0.0,FEMALE,0.9,50.0,,0.0,2.0,1.0,0.4,,,,,,1815.15,High,8071.02,High,569.48,Low,88.66,High,509.48,High,41.91,Low,1.0,13686.81,Low,1151.3,Low,6061.31,High,0.44,Low,2.21,Low,283.63,High,482.13,High,11955.45,High,220.11,High,7107.64,Low,212.17,High,100.13,High,9.7,Low,16.32,Low,16.32,Low,4494.18,High,280.99,Low,252.76,Low,2693.87,Low,1768.86,High,2067.93,High,1465.97,High,2863.26,High,492.28,High,812.53,High,928.1,High,1575.21,High,2864.14,High,1212.62,Low,1535.51,High,7302.16,High,69.7,Low,22629.47,High,22800.18,High,322.45,High,2247.46,High,2297.75,High,3626.38,High,3.53,Low,113.37,High,0.44,Low,0.0,Low,1748.57,High,High,2228.05,2228.05,High,1542.57,High,885.75,Low,1.76,Low,360.39,High,167.62,Low,-0.3606959625821316,Low,371.42,Low,12247.02,High,1089.04,High,3333.48,High,209.97,High,34.41,Low,0.15934098173453,High,812.53,High
TCGA-91-6840,246.8,High,none,0.0,none,0.0,none,none,N,N,none,0.0,none,none,none,none,0.0,none,none,none,none,0.0,none,,none,0.0,372.0,0.0,372.0,0.0,59.0,0.0,FEMALE,0.7,50.0,0.0,0.0,1.0,1.0,0.4,,,,,,1501.39,High,1247.74,Low,2177.62,High,3.82,Low,372.11,High,30.56,Low,1.0,16698.12,Low,1290.52,High,848.12,Low,3.82,High,5074.99,High,365.99,High,404.2,High,30376.61,High,850.42,High,14740.94,Low,27.51,Low,42.02,Low,35.15,High,9.93,Low,9.93,Low,3324.55,High,1395.2,Low,273.54,Low,1633.59,Low,1711.53,High,1936.17,High,532.18,High,883.27,High,451.57,High,333.14,High,1671.03,High,693.02,High,168.1,Low,898.55,Low,1019.28,High,17.57,Low,443.93,High,2222.7,Low,49741.36,High,196.37,High,1917.83,High,2007.99,High,1039.91,Low,1078.11,High,73.35,High,6.88,Low,1.53,Low,343.83,Low,High,1057.48,1057.48,High,1985.07,High,1098.74,Low,1450.98,High,700.66,High,1123.96,High,0.9872732360564046,High,698.37,High,11292.28,Low,583.68,Low,366.76,Low,51.19,Low,129.89,High,-0.5062444627586831,Low,333.14,High
TCGA-91-6847,671.01,High,none,0.0,none,0.0,none,none,Y,Y,p.L861Q,1.0,none,none,none,none,0.0,none,p.Y321H,none,none,0.0,none,,none,0.0,842.0,0.0,772.0,1.0,62.0,0.0,FEMALE,1.1,,,0.0,2.0,1.0,0.3,,,,0.6887736968648934,0.37284251349541175,14566.35,High,2030.5,High,2154.56,High,0.0,Low,127.14,Low,33.93,Low,0.0,187.8,Low,2834.48,High,1547.98,High,1.03,Low,257.03,High,300.55,High,431.46,High,10396.85,High,32.56,Low,38988.46,High,31.53,Low,10.97,Low,8.57,Low,30.16,High,30.16,High,1.03,Low,135.02,Low,7.88,Low,698.77,Low,1003.08,High,1279.99,High,766.07,High,1896.85,High,1312.89,High,591.84,High,767.65,High,568.2,High,1246.74,High,855.04,Low,1075.05,High,2.74,Low,184.03,Low,2296.09,Low,13018.16,Low,126.46,High,2337.22,High,3709.73,High,3392.73,High,650.1,High,1108.64,High,323.51,High,30.84,High,837.9,High,High,1054.15,1054.15,High,1523.99,Low,401.3,Low,1.03,Low,1166.9,High,2618.92,High,1.160798582517695,High,232.35,Low,11516.79,Low,629.18,Low,1957.16,High,19.53,Low,119.26,High,-0.361330037117009,Low,591.84,High
TCGA-91-6848,896.93,High,,,,,,,,,,,,,,,,,,,,,,,,,224.0,0.0,224.0,0.0,59.0,0.0,MALE,1.1,,,2.0,2.0,3.0,0.6,,,,,,1443.8,High,1266.26,Low,3424.43,High,2.51,Low,150.75,Low,19.26,Low,0.0,9086.59,Low,2832.34,High,2412.76,High,2.51,Low,6.7,Low,210.21,High,180.89,High,277.2,Low,223.61,High,122068.04,High,505.83,High,351.52,High,14.24,Low,2354.98,High,2354.98,High,99.3,Low,3568.47,High,134.0,Low,5405.89,High,1435.43,High,1159.06,High,1866.33,High,1806.43,High,744.51,High,1211.82,High,891.91,High,1534.25,High,1411.98,High,2110.43,High,101.33,Low,60.3,Low,273.02,Low,6995.42,Low,20691.46,High,214.39,High,1841.6,High,1840.77,High,1724.36,High,31.82,Low,2761.15,High,85.42,High,2.51,Low,633.13,High,High,2076.1,2076.1,High,,,22.61,Low,2068.56,High,2409.41,High,1133.1,High,2.218241802125027,High,459.77,Low,35971.17,High,3147.14,High,7621.01,High,218.58,High,2071.07,High,2.761253076587257,High,1211.82,High
TCGA-91-6849,45.61,Low,none,0.0,none,0.0,none,none,Y,Y,none,0.0,none,p.G240*,none,p.G12C,1.0,none,none,none,none,0.0,none,,p.G288_splice,1.0,35.0,0.0,,,75.0,1.0,FEMALE,1.5,30.0,,2.0,2.0,3.0,0.4,,,,,,480.52,Low,676.31,Low,1729.7,High,2.22,Low,126.81,Low,546.16,High,1.0,917351.5,High,975.53,Low,169.08,Low,10.01,High,668.52,High,5.56,Low,33.37,Low,6412.68,Low,251.39,High,17101.29,High,24.47,Low,584.78,High,6.67,Low,8.9,Low,8.9,Low,4439.53,High,1303.67,Low,1248.05,High,7364.85,High,60.07,Low,262.51,Low,68.31,Low,131.26,Low,40.04,Low,122.36,Low,91.21,Low,38.93,Low,2579.53,High,886.54,Low,521.69,Low,38.93,Low,135.71,Low,11519.47,High,58691.88,High,17.8,Low,269.19,Low,441.6,Low,502.78,Low,25.58,Low,239.15,High,100.11,High,5.56,Low,94.55,Low,Low,309.23,309.23,Low,1345.94,Low,3173.53,High,0.0,Low,51.17,Low,22.25,Low,-0.5912516517029712,Low,615.13,High,10081.2,Low,150.11,Low,2581.76,High,290.32,High,67.85,Low,0.08215685557860529,High,122.36,Low
TCGA-91-7771,86.29,Low,none,0.0,none,0.0,none,none,N,N,none,0.0,none,p.R47G,none,none,0.0,none,none,none,none,0.0,none,,none,0.0,492.0,0.0,492.0,0.0,62.0,0.0,MALE,3.0,75.0,,0.0,3.0,2.0,0.6,,,,,,462.85,Low,1997.71,High,1650.86,High,2.29,Low,187.43,High,128.0,Low,1.0,420765.14,High,873.71,Low,469.14,Low,2.86,Low,236.0,High,70.29,Low,86.86,Low,8358.86,Low,611.43,High,16638.05,Low,62.86,High,135.43,High,9.14,Low,36.57,High,36.57,High,3018.39,High,1936.57,High,853.14,High,4074.86,High,359.43,Low,524.57,Low,223.15,Low,430.29,Low,225.14,Low,90.86,Low,159.43,Low,145.14,Low,1091.43,Low,3713.14,High,1874.86,High,76.0,Low,429.71,High,11078.29,High,30620.57,High,34.86,Low,578.86,Low,580.57,Low,586.29,Low,249.71,High,36.0,Low,98.29,High,25.14,High,479.43,High,Low,762.86,762.86,Low,2120.57,High,2849.14,High,218.86,High,166.86,Low,205.71,Low,-0.33600387422225014,Low,446.86,Low,15752.57,High,489.66,Low,1252.0,Low,66.29,Low,94.86,Low,-0.2773588715509188,Low,90.86,Low
TCGA-91-8496,62.73,Low,,,,,,,,,,,,,,,,,,,,,,,,,505.0,0.0,505.0,0.0,63.0,0.0,FEMALE,2.0,,,,2.0,1.0,0.3,,,,,,1329.64,High,947.1,Low,1177.1,Low,6.97,High,223.03,High,1156.19,High,0.0,698502.1,High,758.15,Low,209.86,Low,4.65,High,1404.0,High,40.27,Low,13.94,Low,9489.61,High,405.79,High,22297.8,High,108.42,High,24.78,Low,20.91,Low,72.79,High,72.79,High,5979.14,High,2929.59,High,959.49,High,4933.76,High,274.14,Low,710.13,High,105.98,Low,251.68,Low,34.85,Low,41.82,Low,149.46,Low,106.09,Low,355.45,Low,855.72,Low,1993.33,High,41.82,Low,1646.39,High,5365.1,Low,13855.72,Low,20.91,Low,303.57,Low,349.26,Low,411.21,Low,16.26,Low,120.03,High,11.62,Low,46.46,High,192.05,Low,Low,516.53,516.53,Low,1542.62,High,8021.33,High,0.0,Low,40.27,Low,11.62,Low,-0.6017991242972865,Low,463.1,Low,10721.69,Low,137.84,Low,1730.8,High,30.98,Low,44.14,Low,-0.48131894914264794,Low,41.82,Low
TCGA-91-8497,53.62,Low,,,,,,,,,,,,,,,,,,,,,,,,,434.0,1.0,434.0,0.0,75.0,1.0,FEMALE,1.8,,,0.0,1.0,1.0,0.4,0.8710289838314409,0.8710289838314409,0.13808002618335255,,,977.63,Low,928.68,Low,1376.8,High,12.58,High,160.85,Low,581.17,High,0.0,563162.01,High,739.37,Low,142.31,Low,1.32,Low,855.87,High,20.52,Low,19.86,Low,5779.25,Low,855.2,High,28294.63,High,65.53,High,36.41,Low,63.54,High,19.2,Low,19.2,Low,3895.28,High,3342.05,High,1566.11,High,1979.15,Low,92.01,Low,422.97,Low,80.89,Low,171.44,Low,31.77,Low,103.26,Low,145.62,Low,109.22,Low,972.36,Low,1620.39,High,744.0,Low,148.27,High,260.14,Low,8994.21,High,17159.03,Low,26.48,Low,472.61,Low,527.55,Low,438.19,Low,348.83,High,97.3,High,35.08,Low,1.99,Low,77.44,Low,Low,172.76,172.76,Low,1420.49,Low,2055.27,High,0.66,Low,192.62,Low,23.17,Low,-0.5150668453795614,Low,1004.8,High,7469.8,Low,475.24,Low,550.72,Low,76.12,Low,142.31,High,-0.5464653879895465,Low,103.26,Low
TCGA-91-8499,755.58,High,,,,,,,,,,,,,,,,,,,,,,,,,36.0,0.0,36.0,0.0,76.0,1.0,FEMALE,1.2,90.0,,0.0,1.0,1.0,0.4,,,,,,18.31,Low,2373.65,High,4571.26,High,4.14,Low,141.78,Low,49.62,Low,1.0,4476.74,Low,3105.01,High,1529.46,High,2.36,Low,4.73,Low,833.55,High,219.17,High,6182.84,Low,80.34,Low,7510.6,Low,33.67,Low,53.17,Low,4.73,Low,18.9,Low,18.9,Low,37.22,Low,1177.37,Low,105.75,Low,2506.57,Low,944.62,High,2801.95,High,1215.64,High,2688.52,High,2379.56,High,505.1,High,1410.72,High,1151.97,High,7917.89,High,1621.03,High,252.84,Low,17.13,Low,127.6,Low,3346.63,Low,14244.87,Low,344.41,High,6298.63,High,3472.46,High,4056.12,High,2683.8,High,38.99,Low,4.73,Low,1.77,Low,744.94,High,High,4834.15,4834.15,High,,,576.58,Low,5.32,High,131.74,Low,394.03,High,-0.3799830841242862,Low,255.21,Low,18854.53,High,578.3,Low,821.15,Low,133.51,High,154.19,High,-0.08294202577217007,High,505.1,High
TCGA-91-A4BC,473.89,High,,,,,,,,,,,,,,,,,,,,,,,,,44.0,0.0,,,59.0,0.0,MALE,,30.0,,0.0,2.0,2.0,,,,,,,218.61,Low,1052.87,Low,787.21,Low,1.31,Low,167.1,High,41.12,Low,1.0,15177.55,Low,977.81,Low,915.14,High,3.26,High,265.67,High,365.54,High,266.97,High,2610.97,Low,264.36,High,17992.25,High,41.78,Low,593.99,High,15.01,Low,16.97,Low,16.97,Low,2673.05,Low,3643.6,High,522.19,High,4543.73,High,482.38,Low,672.32,High,426.99,High,1171.67,High,564.62,High,599.87,High,1384.46,High,819.84,High,451.04,Low,993.47,Low,155.35,Low,175.59,High,237.6,Low,1854.44,Low,15857.7,Low,133.81,High,1699.09,High,4306.14,High,1210.18,High,992.17,High,37.86,Low,71.15,High,80.29,High,699.09,High,Low,567.23,567.23,Low,1012.4,Low,450.39,Low,1402.09,High,152.74,Low,671.02,High,0.46834737224102946,High,484.99,Low,12810.7,High,1887.04,High,1255.22,Low,302.22,High,272.85,High,0.2974124687756138,High,599.87,High
TCGA-91-A4BD,84.16,Low,,,,,,,,,,,,,,,,,,,,,,,,,603.0,0.0,603.0,0.0,78.0,1.0,MALE,,,,1.0,1.0,2.0,,,,,,,411.16,Low,738.16,Low,1106.37,Low,21.04,High,94.68,Low,1626.24,High,0.0,609021.01,High,836.35,Low,269.14,Low,0.88,Low,105.2,Low,55.23,Low,41.2,Low,7115.99,Low,131.5,Low,18208.63,High,13.15,Low,26.3,Low,31.56,High,262.13,High,262.13,High,6169.33,High,2047.92,High,1059.9,High,2896.54,High,295.44,Low,334.01,Low,98.84,Low,429.57,Low,50.85,Low,123.61,Low,189.36,Low,99.06,Low,765.34,Low,1216.83,Low,866.16,High,49.97,Low,575.98,High,9160.41,High,22803.26,High,54.35,Low,354.18,Low,327.88,Low,597.02,Low,139.39,Low,284.04,High,159.56,High,1.75,Low,126.24,Low,Low,601.4,601.4,Low,347.16,Low,3928.39,High,2.63,Low,85.91,Low,23.67,Low,-0.5707478011459247,Low,331.38,Low,3585.61,Low,100.82,Low,1037.11,Low,14.9,Low,17.53,Low,-0.8103736003870072,Low,123.61,Low
TCGA-93-7347,108.0,Low,none,0.0,none,0.0,none,none,Y,Y,none,0.0,none,none,none,p.G12C,1.0,none,none,none,none,0.0,none,,none,0.0,683.0,0.0,683.0,0.0,76.0,1.0,FEMALE,1.0,11.0,,0.0,1.0,1.0,0.2,,,,,,1422.68,High,1400.93,High,1508.16,High,8.55,High,228.44,High,1158.51,High,1.0,349946.78,High,1143.36,Low,453.38,Low,1.94,Low,215.62,High,51.67,Low,57.11,Low,7564.49,Low,360.53,High,25355.25,High,63.71,High,18.65,Low,121.21,High,35.35,High,35.35,High,2961.93,Low,4860.53,High,996.89,High,3199.69,High,372.96,Low,446.0,Low,240.51,Low,348.48,Low,98.29,Low,173.66,Low,125.49,Low,260.68,Low,1318.18,High,1288.66,Low,1042.73,High,281.27,High,326.73,High,10900.16,High,21092.85,High,73.82,Low,861.31,Low,1079.64,Low,858.59,Low,77.31,Low,341.88,High,60.61,High,7.77,High,120.05,Low,Low,580.81,580.81,Low,1276.61,Low,2340.33,High,15.15,High,101.01,Low,24.09,Low,-0.5561097689869704,Low,885.39,High,9452.99,Low,570.24,Low,1336.83,Low,84.69,Low,89.36,Low,-0.40233449210100014,Low,173.66,Low
TCGA-93-7348,77.27,Low,none,0.0,none,0.0,none,none,N,N,none,0.0,none,none,none,none,0.0,none,p.D1010_splice,none,p.E542K,1.0,none,,none,0.0,531.0,0.0,531.0,0.0,75.0,1.0,FEMALE,1.5,42.0,,0.0,1.0,1.0,0.4,,,,,,1041.52,High,1465.54,High,1521.02,High,3.96,Low,125.49,Low,490.71,High,1.0,24424.09,Low,1238.34,High,554.78,Low,9.25,High,531.0,High,48.87,Low,70.01,Low,5761.1,Low,206.72,Low,18946.13,High,30.38,Low,601.01,High,30.38,High,22.46,Low,22.46,Low,3023.5,High,2781.81,High,206.06,Low,1584.42,Low,205.4,Low,543.55,Low,177.4,Low,236.44,Low,78.59,Low,252.95,Low,151.9,Low,202.76,Low,684.23,Low,1233.06,Low,756.88,Low,307.77,High,126.81,Low,3468.68,Low,28100.15,High,33.02,Low,499.3,Low,449.77,Low,551.48,Low,2151.74,High,601.67,High,328.24,High,9.91,High,127.47,Low,Low,468.26,468.26,Low,1037.57,Low,2929.09,High,0.66,Low,458.35,High,219.93,High,-0.28571683703148826,Low,487.41,Low,9830.13,Low,1248.77,High,1083.8,Low,190.21,High,313.05,High,-0.039557125918129085,High,252.95,Low
TCGA-93-8067,163.78,Low,,,,,,,,,,,,,,,,,,,,,,,,,186.0,0.0,186.0,0.0,77.0,1.0,MALE,,20.0,,0.0,2.0,1.0,,,,,,,657.69,Low,2081.32,High,1514.21,High,0.57,Low,130.17,Low,160.93,Low,1.0,88233.57,Low,1784.8,High,1273.52,High,2.28,Low,39.31,Low,334.12,High,215.05,High,9304.56,High,140.71,Low,7123.38,Low,30.48,Low,185.15,High,4.84,Low,26.49,Low,26.49,Low,1520.86,Low,763.37,Low,891.55,High,3703.2,High,796.41,High,701.84,High,915.37,High,1462.37,High,710.67,High,307.34,High,667.95,High,1178.1,High,2511.43,High,1805.6,High,497.9,Low,36.46,Low,294.81,High,19271.95,High,29587.69,High,180.59,High,1642.95,High,3026.7,High,1109.16,High,47.85,Low,35.04,Low,202.81,High,3.42,Low,1096.35,High,High,1895.32,1895.32,High,1228.51,Low,2067.93,High,3.99,Low,62.09,Low,56.97,Low,-0.567925550148908,Low,896.39,High,24364.88,High,520.39,Low,1660.61,High,123.62,High,351.49,High,0.26658856938251285,High,307.34,High
TCGA-93-A4JN,340.4,High,,,,,,,,,,,,,,,,,,,,,,,,,718.0,0.0,718.0,0.0,71.0,1.0,MALE,,40.0,1.0,0.0,2.0,4.0,,,,,,,730.25,Low,763.51,Low,1943.47,High,4.16,Low,131.75,Low,132.17,Low,1.0,80197.42,Low,1917.71,High,1469.66,High,2.49,Low,1007.48,High,143.81,High,381.13,High,14015.79,High,651.29,High,13838.28,Low,51.95,Low,168.33,High,11.64,Low,68.16,High,68.16,High,4212.34,High,4488.78,High,869.08,High,1411.89,Low,836.66,High,1187.86,High,359.51,High,611.8,Low,482.96,High,440.98,High,2198.25,High,646.3,High,653.78,Low,1556.11,High,793.02,Low,55.28,Low,192.02,Low,2565.67,Low,16795.1,Low,143.39,High,4039.9,High,1798.84,High,2517.04,High,223.19,High,39.9,Low,111.8,High,26.18,High,524.94,High,Low,738.15,738.15,Low,1036.16,Low,1985.04,High,6.23,High,1002.49,High,398.17,High,0.08671220773359335,High,984.62,High,13318.37,High,929.72,High,1940.15,High,104.32,High,93.1,Low,-0.1513136122166378,High,440.98,High
TCGA-93-A4JO,351.46,High,,,,,,,,,,,,,,,,,,,,,,,,,33.0,1.0,33.0,0.0,70.0,1.0,MALE,,50.0,,0.0,1.0,1.0,,0.9876352119635426,0.9876352119635426,0.012441868072643001,,,536.06,Low,1464.44,High,1474.9,High,6.8,High,101.99,Low,62.76,Low,1.0,37003.14,Low,1133.89,Low,442.99,Low,2.62,Low,1280.33,High,44.46,Low,142.78,High,4310.15,Low,347.8,High,17927.93,High,81.07,High,72.18,Low,30.33,High,16.74,Low,16.74,Low,1566.36,Low,2400.63,High,296.55,Low,1945.08,Low,646.97,High,573.74,Low,179.35,Low,410.04,Low,96.76,Low,200.31,Low,1645.4,High,260.46,Low,1631.8,High,1578.45,High,440.38,Low,315.9,High,531.9,High,4162.66,Low,13758.89,Low,87.34,Low,1024.58,High,1320.08,High,1154.81,High,585.77,High,515.17,High,2913.7,High,157.95,High,257.32,Low,Low,474.37,474.37,Low,820.61,Low,1139.64,Low,0.52,Low,524.06,High,21.97,Low,-0.33890999992441745,Low,970.71,High,7557.53,Low,640.13,Low,1370.29,Low,157.43,High,126.57,High,-0.292255229760473,Low,200.31,Low
TCGA-93-A4JP,193.56,High,,,,,,,,,,,,,,,,,,,,,,,,,578.0,0.0,497.0,1.0,64.0,0.0,MALE,,,1.0,,,4.0,,,,,0.8122901303483605,0.20789769925343196,1663.37,High,976.57,Low,874.82,Low,5.17,High,122.42,Low,188.4,Low,0.0,121065.48,High,1732.54,High,451.92,Low,0.79,Low,315.98,High,90.62,Low,148.25,High,6921.83,Low,1516.32,High,26258.58,High,87.44,High,58.43,Low,103.34,High,39.35,High,39.35,High,1522.45,Low,4514.79,High,1553.29,High,3442.83,High,339.04,Low,505.57,Low,302.44,Low,277.83,Low,221.78,Low,495.24,High,996.44,High,426.88,Low,913.37,Low,1442.4,High,761.14,Low,99.76,Low,736.5,High,8675.04,High,15156.49,Low,78.3,Low,870.05,Low,554.46,Low,856.93,Low,622.43,High,38.16,Low,36.96,Low,3.58,Low,324.33,Low,Low,470.99,470.99,Low,1793.75,High,1729.36,High,8.35,High,326.32,Low,32.19,Low,-0.4358153161739722,Low,767.5,High,10595.59,Low,312.01,Low,948.75,Low,137.92,High,217.02,High,-0.27255996064609184,Low,495.24,High
TCGA-93-A4JQ,193.11,High,,,,,,,,,,,,,,,,,,,,,,,,,526.0,0.0,526.0,0.0,49.0,0.0,MALE,,,,0.0,1.0,1.0,,,,,,,1107.21,High,1021.36,Low,1004.36,Low,6.54,High,156.93,Low,213.16,Low,0.0,68323.02,Low,1249.35,High,934.18,High,3.49,High,78.9,Low,309.94,High,186.14,High,7331.3,Low,258.94,High,21251.78,High,152.14,High,194.78,High,74.54,High,26.16,Low,26.16,Low,2263.74,Low,2471.67,High,180.03,Low,2115.52,Low,516.57,Low,666.52,High,417.01,High,584.13,Low,513.95,High,468.18,High,501.74,High,533.13,High,1232.78,High,1842.2,High,479.08,Low,290.32,High,284.22,High,4279.42,Low,18049.69,Low,119.01,High,1147.78,High,675.24,Low,983.43,Low,156.06,Low,1485.18,High,51.0,High,27.9,High,380.99,Low,High,1489.97,1489.97,High,1260.24,Low,939.84,Low,614.21,High,869.22,High,986.49,High,0.5883439118821293,High,966.0,High,11350.04,Low,2747.05,High,2136.88,High,183.96,High,337.84,High,0.2755665741930182,High,468.18,High
TCGA-95-7039,282.86,High,none,0.0,p.D565_splice,1.0,none,none,N,N,p.S921R,1.0,none,none,none,p.D33E,1.0,none,none,none,none,0.0,none,,none,0.0,1272.0,0.0,1258.0,1.0,54.0,0.0,FEMALE,0.8,34.0,,0.0,3.0,2.0,0.2,,,,0.4578894168466712,0.7811275719542293,1447.86,High,1362.14,Low,1932.86,High,2.14,Low,291.43,High,330.71,High,1.0,38541.43,Low,812.86,Low,1577.14,High,10.0,High,206.43,High,195.71,High,105.71,Low,18286.43,High,180.71,Low,23922.42,High,84.29,High,87.14,High,3.57,Low,45.0,High,45.0,High,5222.01,High,1493.57,Low,355.0,Low,1413.57,Low,636.43,High,617.14,Low,377.71,High,955.0,High,356.43,High,396.43,High,317.14,Low,725.71,High,1455.71,High,1435.71,High,1488.57,High,390.0,High,305.71,High,9445.71,High,11857.14,Low,132.86,High,1871.43,High,1444.29,High,1033.57,Low,5.71,Low,21.43,Low,12.86,Low,26.43,High,390.71,High,Low,657.14,657.14,Low,815.71,Low,2433.57,High,1.43,Low,485.71,High,72.86,Low,-0.3362327100607325,Low,1247.14,High,10140.71,Low,2319.23,High,1509.29,High,107.86,High,93.57,Low,-0.15584228885270246,High,396.43,High
TCGA-95-7043,184.99,Low,none,0.0,none,0.0,none,none,N,N,none,0.0,none,none,none,none,0.0,none,none,none,none,0.0,none,,none,0.0,503.0,1.0,,,63.0,0.0,FEMALE,0.6,40.0,,0.0,1.0,1.0,0.1,0.7863252120636154,0.7863252120636154,0.24038481632013411,,,1383.49,High,1204.78,Low,4184.99,High,0.78,Low,319.81,High,90.14,Low,1.0,173773.86,High,2250.44,High,1649.23,High,79.17,High,0.78,Low,366.06,High,189.69,High,8748.58,Low,59.57,Low,6043.1,Low,8.62,Low,34.9,Low,4.7,Low,35.27,High,35.27,High,2657.35,Low,652.95,Low,23.52,Low,1472.86,Low,581.62,High,492.26,Low,494.33,High,784.64,High,292.38,High,511.86,High,668.63,High,783.07,High,1475.21,High,2036.45,High,905.35,High,5.49,Low,262.59,Low,2974.72,Low,23263.96,High,210.86,High,1445.42,High,1223.59,High,1122.48,High,134.82,Low,12.54,Low,58.79,High,3.92,Low,455.42,High,High,1164.81,1164.81,High,1813.84,High,1933.76,High,279.84,High,108.17,Low,72.9,Low,-0.39529265964499727,Low,373.11,Low,9403.88,Low,427.98,Low,185.77,Low,48.6,Low,134.04,High,-0.5969410574334658,Low,511.86,High
TCGA-95-7562,570.92,High,,,,,,,,,,,,,,,,,,,,,,,,,87.0,1.0,87.0,0.0,71.0,1.0,MALE,,10.0,0.0,1.0,2.0,2.0,,0.9713746166630663,0.9713746166630663,0.029043080086120856,,,1927.74,High,1350.54,Low,3066.43,High,20.2,High,473.52,High,61.04,Low,1.0,1732.94,Low,4485.64,High,2118.94,High,0.0,Low,1.35,Low,486.09,High,368.49,High,8126.12,Low,45.78,Low,33715.21,High,48.47,Low,39.5,Low,3.59,Low,22.44,Low,22.44,Low,3777.06,High,629.71,Low,10.32,Low,3590.22,High,1659.78,High,991.02,High,789.4,High,1197.94,High,1124.33,High,596.95,High,1834.83,High,629.71,High,1490.57,High,505.83,Low,1715.89,High,113.11,Low,81.24,Low,24328.1,High,24155.3,High,258.53,High,3298.47,High,2189.86,High,2488.33,High,4494.61,High,281.42,High,613.55,High,63.73,High,754.94,High,High,1217.68,1217.68,High,970.38,Low,1559.69,High,4.04,Low,617.59,High,2204.67,High,0.6848844210579578,High,601.44,Low,6339.77,Low,1052.92,High,1371.18,Low,47.13,Low,140.93,High,-0.47426215467437915,Low,596.95,High
TCGA-95-7567,237.13,High,none,0.0,none,0.0,none,none,Y,Y,none,0.0,p.R1230fs,p.A888T,none,p.G12V,1.0,none,none,none,none,0.0,none,,none,0.0,568.0,0.0,568.0,0.0,61.0,0.0,MALE,1.0,,0.0,1.0,2.0,2.0,0.2,,,,,,614.06,Low,2366.81,High,2225.32,High,1.69,Low,133.05,Low,349.37,High,0.0,313674.54,High,1472.01,High,808.16,Low,9.0,High,7.31,Low,196.06,High,103.8,Low,8265.82,Low,132.21,Low,12852.95,Low,88.05,High,25.88,Low,14.63,Low,13.22,Low,13.22,Low,3484.48,High,1734.18,Low,2395.22,High,2411.81,Low,897.61,High,632.63,Low,436.5,High,1047.26,High,415.47,High,256.82,Low,297.61,Low,395.22,Low,1929.68,High,879.89,Low,1259.07,High,35.16,Low,152.74,Low,7984.25,High,32985.65,High,98.45,Low,942.62,High,698.45,Low,1122.64,High,70.6,Low,14.35,Low,10.97,Low,2.81,Low,793.53,High,High,3236.29,3236.29,High,1466.39,Low,1401.41,Low,40.51,High,915.05,High,116.74,Low,-0.06774475292507603,High,409.56,Low,12694.51,High,714.76,Low,2457.67,High,75.11,Low,154.43,High,-0.13950778793613314,High,256.82,Low
TCGA-95-7944,248.54,High,,,,,,,,,,,,,,,,,,,,,,,,,377.0,0.0,377.0,0.0,71.0,1.0,MALE,1.3,50.0,0.0,0.0,1.0,1.0,0.2,,,,,,2222.5,High,1030.75,Low,1538.43,High,0.73,Low,111.64,Low,6.22,Low,1.0,149.34,Low,1206.44,High,1093.34,High,1.46,Low,0.0,Low,152.27,High,84.92,Low,2064.42,Low,204.61,Low,11814.44,Low,234.63,High,302.34,High,68.81,High,16.11,Low,16.11,Low,1.83,Low,4446.19,High,189.6,Low,5801.61,High,717.42,High,1021.23,High,598.9,High,1206.08,High,423.87,High,691.8,High,527.09,High,968.89,High,1512.45,High,2023.79,High,144.22,Low,199.85,High,200.22,Low,1220.35,Low,30531.48,High,495.24,High,1553.81,High,1200.59,High,1516.47,High,0.73,Low,40.26,Low,92.61,High,55.27,High,853.95,High,High,2170.2,2170.2,High,1897.14,High,124.45,Low,1.1,Low,182.65,Low,946.56,High,-0.10890671069955164,High,403.73,Low,25673.5,High,1105.32,High,4797.58,High,45.75,Low,117.86,High,0.467947104068221,High,691.8,High
TCGA-95-7947,345.32,High,none,0.0,none,0.0,none,none,N,N,"p.I91V, p.R1052I",1.0,none,none,none,none,0.0,none,none,none,p.E453Q,1.0,none,,none,0.0,477.0,0.0,477.0,0.0,67.0,1.0,MALE,1.2,100.0,0.0,0.0,1.0,1.0,0.3,,,,,,899.35,Low,801.88,Low,2050.23,High,69.06,High,241.11,High,39.12,Low,1.0,36120.25,Low,2737.81,High,787.21,Low,1.53,Low,25.98,Low,156.77,High,223.69,High,5426.12,Low,385.05,High,8270.4,Low,74.26,High,14.67,Low,33.0,High,10.08,Low,10.08,Low,1005.99,Low,754.51,Low,100.85,Low,3272.6,High,3913.43,High,1011.82,High,378.63,High,481.62,Low,573.9,High,908.53,High,1116.33,High,980.04,High,174.19,Low,1327.5,Low,675.97,Low,202.0,High,233.17,Low,7859.26,High,27694.42,High,279.01,High,3157.7,High,2275.45,High,1899.88,High,6124.4,High,53.78,Low,94.12,High,0.0,Low,694.31,High,High,1674.35,1674.35,High,,,2310.9,High,0.61,Low,246.92,Low,29.95,Low,-0.4831136171175759,Low,214.53,Low,9170.25,Low,247.77,Low,663.75,Low,78.23,Low,115.82,High,-0.5191481445547226,Low,908.53,High
TCGA-95-7948,246.71,High,none,0.0,none,0.0,none,none,N,N,none,0.0,none,none,none,none,0.0,none,none,none,p.E545K,1.0,none,,none,0.0,476.0,0.0,476.0,0.0,42.0,0.0,FEMALE,1.3,0.15,0.0,0.0,2.0,1.0,0.3,,,,,,2137.46,High,1045.72,Low,1988.49,High,8.55,High,175.33,High,27.63,Low,1.0,5563.16,Low,1433.55,High,396.05,Low,7.57,High,198.03,High,50.33,Low,75.0,Low,8505.59,Low,122.37,Low,137630.54,High,10.86,Low,28.29,Low,6.25,Low,26.97,Low,26.97,Low,5418.27,High,2885.2,High,276.97,Low,1385.53,Low,194.41,Low,506.25,Low,189.57,Low,338.82,Low,69.08,Low,89.8,Low,493.42,High,204.28,Low,2110.53,High,1465.79,High,986.18,High,8.88,Low,486.51,High,1767.76,Low,18323.03,Low,71.05,Low,1194.08,High,2181.25,High,1315.13,High,5.26,Low,51.64,Low,23.03,Low,111.84,High,107.57,Low,Low,166.45,166.45,Low,1055.92,Low,2067.11,High,0.0,Low,17.43,Low,15.46,Low,-0.6122698714352853,Low,473.68,Low,8843.75,Low,434.47,Low,624.67,Low,33.22,Low,200.33,High,-0.5450327464098904,Low,89.8,Low
TCGA-95-8039,101.35,Low,,,,,,,,,,,,,,,,,,,,,,,,,830.0,0.0,228.0,1.0,72.0,1.0,MALE,0.9,,,0.0,1.0,1.0,0.4,,,,0.941528388597105,0.06025077882001258,1134.49,High,977.26,Low,1187.28,Low,5.78,High,136.42,Low,602.31,High,0.0,473257.03,High,1678.23,High,728.71,Low,1.54,Low,254.72,High,67.44,Low,125.63,High,6485.93,Low,372.64,High,15802.35,Low,96.72,High,25.05,Low,40.46,High,29.29,High,29.29,High,3756.17,High,1591.91,Low,297.88,Low,2193.83,Low,446.63,Low,622.35,Low,260.67,Low,551.06,Low,161.08,Low,95.95,Low,421.58,High,281.7,Low,732.18,Low,2429.67,High,650.87,Low,178.42,High,364.93,High,2662.43,Low,24954.91,High,127.55,High,972.64,High,1016.96,Low,1208.48,High,60.12,Low,229.29,High,117.15,High,8.09,High,211.18,Low,Low,695.18,695.18,Low,1402.7,Low,2246.24,High,0.0,Low,441.62,High,175.72,Low,-0.3146664272962718,Low,673.6,High,10317.92,Low,585.39,Low,1006.17,Low,86.32,Low,69.75,Low,-0.4270378031214216,Low,95.95,Low
TCGA-95-8494,275.33,High,,,,,,,,,,,,,,,,,,,,,,,,,84.0,0.0,84.0,0.0,67.0,1.0,MALE,,,0.0,1.0,2.0,2.0,,,,,,,2324.99,High,4267.05,High,1256.85,Low,0.0,Low,259.4,High,229.45,High,0.0,32635.44,Low,992.35,Low,2023.58,High,5.74,High,17.85,Low,158.06,High,181.01,High,11619.5,High,316.76,High,29502.67,High,122.37,High,162.52,High,55.45,High,43.98,High,43.98,High,5377.3,High,827.28,Low,140.22,Low,1599.75,Low,1209.05,High,889.1,High,725.83,High,2116.0,High,314.21,High,813.89,High,911.41,High,1060.55,High,3411.09,High,1204.59,Low,1253.66,High,30.59,Low,314.85,High,18854.68,High,15003.19,Low,217.34,High,2127.47,High,2327.6,High,1322.5,High,3.82,Low,161.25,High,91.78,High,4.46,Low,879.54,High,High,1254.3,1254.3,High,1065.65,Low,1112.81,Low,0.0,Low,781.39,High,618.23,High,0.06362070677357179,High,674.95,High,3899.94,Low,1595.23,High,2050.99,High,217.97,High,29.32,Low,-0.1697093330345195,High,813.89,High
TCGA-95-A4VK,209.86,High,,,,,,,,,,,,,,,,,,,,,,,,,651.0,0.0,496.0,1.0,74.0,1.0,FEMALE,,45.0,0.0,2.0,2.0,3.0,,,,,0.8187884513911474,0.19992952960425506,618.83,Low,1194.73,Low,1877.5,High,4.39,Low,114.2,Low,154.22,Low,1.0,119125.43,High,1190.82,Low,676.43,Low,7.32,High,15.62,Low,77.11,Low,134.7,High,9148.37,High,198.63,Low,9912.17,Low,31.23,Low,13.67,Low,17.57,Low,17.57,Low,17.57,Low,3713.0,High,1134.21,Low,2875.06,High,2492.44,Low,294.78,Low,614.93,Low,207.86,Low,389.95,Low,198.15,Low,254.76,Low,462.18,High,399.22,Low,509.52,Low,1540.75,High,1190.34,High,290.87,High,493.41,High,13471.45,High,11890.68,Low,117.13,High,529.53,Low,971.69,Low,862.86,Low,3.42,Low,16.59,Low,7.32,Low,1.46,Low,283.06,Low,Low,635.43,635.43,Low,1306.98,Low,2249.88,High,23.91,High,137.14,Low,14.15,Low,-0.5367915305640527,Low,709.13,High,12028.79,High,502.16,Low,709.61,Low,45.39,Low,95.17,Low,-0.48219598176991185,Low,254.76,Low
TCGA-95-A4VN,257.99,High,,,,,,,,,,,,,,,,,,,,,,,,,553.0,0.0,553.0,0.0,62.0,0.0,FEMALE,,42.0,0.0,1.0,2.0,2.0,,,,,,,3477.96,High,1708.2,High,1229.27,Low,1.39,Low,146.36,Low,195.46,Low,1.0,78134.32,Low,1582.68,High,2705.42,High,3.71,High,42.15,Low,173.23,High,140.81,High,7989.81,Low,199.17,Low,23179.87,High,1320.52,High,731.82,High,56.04,High,18.53,Low,18.53,Low,2790.53,Low,1289.95,Low,143.59,Low,3478.93,High,1279.76,High,1072.26,High,540.5,High,1597.04,High,497.92,High,621.12,High,519.22,High,1152.85,High,4513.2,High,1042.61,Low,1018.06,High,47.24,Low,121.35,Low,12284.39,High,21462.25,High,204.72,High,1622.05,High,2625.75,High,2111.63,High,79.67,Low,120.89,High,201.02,High,0.0,Low,588.7,High,High,948.12,948.12,High,1328.86,Low,660.03,Low,0.0,Low,91.25,Low,28.72,Low,-0.566994716637042,Low,381.19,Low,22194.53,High,1178.26,High,4182.03,High,356.18,High,82.91,Low,0.8333699552688459,High,621.12,High
TCGA-95-A4VP,120.04,Low,,,,,,,,,,,,,,,,,,,,,,,,,605.0,0.0,216.0,1.0,66.0,1.0,FEMALE,,20.0,0.0,2.0,2.0,3.0,,,,,0.9524131098525628,0.04875639939427752,208.07,Low,1238.11,Low,1408.99,High,9.96,High,110.6,Low,180.84,Low,1.0,580721.27,High,745.38,Low,611.72,Low,2.1,Low,76.01,Low,189.23,High,96.97,Low,3848.51,Low,414.62,High,19202.17,High,36.17,Low,644.21,High,14.68,Low,111.65,High,111.65,High,5319.69,High,3876.82,High,1019.53,High,2373.48,Low,574.5,High,591.27,Low,273.87,Low,987.55,High,200.24,Low,127.9,Low,477.0,High,676.19,High,1425.76,High,1022.15,Low,322.89,Low,384.75,High,108.5,Low,9172.06,High,18465.21,Low,118.99,High,489.06,Low,645.79,Low,537.28,Low,237.45,High,34.07,Low,7.34,Low,17.82,High,478.05,High,Low,356.96,356.96,Low,613.29,Low,2843.66,High,24.64,High,361.68,High,40.36,Low,-0.40499411246347705,Low,605.95,Low,7679.73,Low,916.72,High,1119.12,Low,337.05,High,186.08,High,0.059973492139600196,High,127.9,Low
TCGA-97-7546,108.56,Low,none,0.0,none,0.0,none,none,N,N,none,0.0,none,none,none,none,0.0,none,none,none,none,0.0,none,,none,0.0,1285.0,0.0,1255.0,1.0,76.0,1.0,FEMALE,1.2,25.0,,0.0,1.0,1.0,0.6,,,,0.4713567526362792,0.752140035080977,2368.98,High,1543.84,High,1121.61,Low,1.04,Low,269.83,High,1565.76,High,1.0,449347.6,High,1347.6,High,213.99,Low,3.13,High,214.51,High,75.68,Low,78.29,Low,7011.48,Low,1228.6,High,24888.0,High,161.27,High,187.37,High,68.89,High,344.47,High,344.47,High,4052.01,High,2951.98,High,1253.65,High,1860.13,Low,250.0,Low,552.71,Low,165.97,Low,271.92,Low,173.8,Low,254.18,Low,225.99,Low,179.54,Low,1469.21,High,1341.34,Low,2421.19,High,218.16,High,265.66,Low,4415.97,Low,22556.37,High,34.97,Low,863.78,Low,580.38,Low,1106.99,High,346.56,High,66.81,Low,14.09,Low,16.7,High,289.67,Low,Low,656.58,656.58,Low,1415.45,Low,1899.27,High,0.0,Low,107.52,Low,61.06,Low,-0.5439142918392363,Low,711.9,High,9542.28,Low,278.71,Low,923.28,Low,254.7,High,158.14,High,-0.1354940661791581,High,254.18,Low
TCGA-97-7547,38.52,Low,,,,,,,,,,,,,,,,,,,,,,,,,1965.0,0.0,1147.0,1.0,67.0,1.0,FEMALE,0.7,30.0,,0.0,2.0,1.0,0.1,,,,0.4979274421671273,0.6973009110321194,1128.77,High,1572.16,High,1304.74,Low,82.72,High,217.09,High,499.84,High,1.0,36084.04,Low,967.28,Low,145.75,Low,3.5,High,146.19,Low,9.63,Low,16.19,Low,7950.54,Low,370.28,High,10381.85,Low,57.77,Low,16.29,Low,9.19,Low,10.07,Low,10.07,Low,2217.62,Low,1190.94,Low,127.8,Low,1308.68,Low,52.52,Low,274.43,Low,45.64,Low,143.56,Low,15.32,Low,89.73,Low,76.59,Low,75.28,Low,1123.1,Low,2243.57,High,2092.13,High,169.38,High,438.12,High,15771.97,High,18652.37,Low,27.57,Low,366.34,Low,469.2,Low,338.33,Low,1806.76,High,13.57,Low,14.88,Low,15.32,High,42.89,Low,Low,348.83,348.83,Low,1900.86,High,2296.53,High,1.75,Low,465.26,High,17.51,Low,-0.37162689909658386,Low,236.35,Low,9949.45,Low,293.24,Low,812.34,Low,59.09,Low,80.97,Low,-0.5299446348573664,Low,89.73,Low
TCGA-97-7552,74.87,Low,none,0.0,none,0.0,none,none,N,N,none,0.0,none,none,none,none,0.0,none,none,none,none,0.0,none,,none,0.0,1932.0,0.0,798.0,1.0,70.0,1.0,MALE,,40.0,,0.0,2.0,1.0,,,,,0.6137975028478936,0.4880902051529465,1072.82,High,1820.14,High,1599.25,High,15.35,High,167.41,High,186.01,Low,1.0,126749.69,High,968.2,Low,467.82,Low,2.79,Low,415.28,High,35.34,Low,71.15,Low,12029.5,High,1135.15,High,16433.26,Low,114.86,High,43.71,Low,17.21,Low,14.42,Low,14.42,Low,978.19,Low,2685.57,High,286.46,Low,1748.06,Low,263.21,Low,398.07,Low,200.24,Low,225.54,Low,119.98,Low,170.67,Low,85.1,Low,159.51,Low,1282.1,High,3334.76,High,1491.83,High,159.97,High,671.51,High,7639.11,Low,13003.75,Low,55.34,Low,424.11,Low,567.34,Low,618.5,Low,815.67,High,261.35,High,239.03,High,9.77,High,126.02,Low,Low,678.95,678.95,Low,,,1278.84,Low,0.47,Low,949.6,High,68.83,Low,-0.09111736334440688,High,581.29,Low,14518.36,High,271.53,Low,1113.29,Low,40.92,Low,75.34,Low,-0.40527262708723094,Low,170.67,Low
TCGA-97-7553,279.49,High,none,0.0,none,0.0,none,none,N,N,none,0.0,none,none,none,none,0.0,none,none,none,none,0.0,none,,none,0.0,1870.0,0.0,1870.0,0.0,58.0,0.0,FEMALE,1.5,20.0,,0.0,1.0,1.0,0.4,,,,,,1132.65,High,1049.19,Low,1542.99,High,16.97,High,131.71,Low,365.66,High,1.0,203662.54,High,928.2,Low,846.5,Low,2.23,Low,423.7,High,42.41,Low,121.44,High,8456.96,Low,858.55,High,33525.7,High,166.98,High,464.77,High,187.07,High,60.27,High,60.27,High,1630.7,Low,2807.82,High,555.4,High,9869.58,High,515.67,Low,659.88,High,322.06,Low,421.91,Low,214.3,Low,468.34,High,550.49,High,284.4,Low,943.38,Low,1723.81,High,946.06,High,107.6,Low,952.31,High,21032.12,High,18904.71,Low,153.14,High,988.48,High,1717.11,High,1065.71,Low,123.67,Low,329.94,High,270.11,High,4.02,Low,354.94,Low,Low,839.8,839.8,Low,,,1712.2,High,9.38,High,498.26,High,52.68,Low,-0.3344646382175836,Low,802.75,High,13568.1,High,456.25,Low,2276.98,High,104.47,High,120.1,High,-0.13040972266583753,High,468.34,High
TCGA-97-7554,191.1,High,none,0.0,none,0.0,none,none,Y,Y,none,0.0,none,none,none,p.G12V,1.0,none,none,none,none,0.0,none,,none,0.0,775.0,0.0,775.0,0.0,83.0,1.0,FEMALE,,30.0,0.0,2.0,2.0,3.0,,,,,,,3681.83,High,4683.34,High,1935.97,High,11.01,High,253.13,High,1496.25,High,1.0,119040.52,High,2209.1,High,671.34,Low,1.0,Low,192.1,High,94.05,Low,113.06,High,12076.04,High,242.62,High,19284.41,High,507.25,High,89.04,High,13.51,Low,28.01,High,28.01,High,3773.71,High,1773.89,High,1128.56,High,2320.66,Low,534.27,Low,555.28,Low,299.5,Low,655.33,Low,221.61,Low,312.16,High,340.67,Low,259.63,Low,1452.73,High,1566.78,High,2892.95,High,160.58,High,189.09,Low,4863.43,Low,20164.58,High,94.55,Low,884.44,Low,1427.71,High,1086.54,High,345.17,High,71.54,High,14.51,Low,6.5,High,274.64,Low,High,1071.04,1071.04,High,,,1087.54,Low,0.0,Low,347.67,Low,855.93,High,-0.06182483509200113,High,878.44,High,14057.03,High,2089.49,High,3715.36,High,118.06,High,139.07,High,0.2485423618610115,High,312.16,High
TCGA-97-7937,206.51,High,none,0.0,none,0.0,p.C401F,none,N,N,none,0.0,none,none,none,none,0.0,none,none,none,none,0.0,none,,none,0.0,564.0,0.0,564.0,0.0,65.0,0.0,MALE,1.1,35.0,,0.0,2.0,1.0,0.5,,,,,,1569.68,High,1274.01,Low,2142.63,High,0.0,Low,298.51,High,185.21,Low,1.0,40646.44,Low,1744.88,High,379.27,Low,0.4,Low,1502.61,High,247.49,High,102.85,Low,13818.8,High,106.07,Low,7141.98,Low,16.47,Low,25.82,Low,19.69,Low,30.53,High,30.53,High,5995.69,High,527.12,Low,840.5,High,2055.44,Low,368.42,Low,598.63,Low,184.55,Low,480.92,Low,385.3,High,300.52,High,416.63,High,343.51,Low,1078.34,Low,1752.51,High,1002.41,High,19.69,Low,18.48,Low,7003.21,Low,19236.64,Low,119.73,High,625.55,Low,1243.07,High,1280.03,High,752.51,High,42.59,Low,30.94,Low,32.95,High,423.87,High,High,983.13,983.13,High,1346.32,Low,1969.47,High,1.21,Low,43.39,Low,45.4,Low,-0.5844721663021292,Low,702.69,High,14016.87,High,664.47,Low,1310.97,Low,32.14,Low,61.87,Low,-0.38156837456273107,Low,300.52,High
TCGA-97-7938,61.63,Low,none,0.0,none,0.0,none,none,Y,Y,none,0.0,none,none,none,p.G12C,1.0,none,none,none,none,0.0,none,,none,0.0,18.0,1.0,18.0,0.0,76.0,1.0,FEMALE,1.2,40.0,,0.0,1.0,1.0,0.2,0.9959349593495935,0.9959349593495935,0.004073325387635786,,,1948.63,High,1507.55,High,857.4,Low,6.04,High,195.77,High,2668.88,High,1.0,306893.05,High,1433.84,High,201.81,Low,1.81,Low,440.48,High,22.36,Low,55.59,Low,11961.93,High,500.91,High,11943.38,Low,113.6,High,553.47,High,11.48,Low,50.76,High,50.76,High,4068.2,High,1388.52,Low,595.77,High,2494.86,Low,169.18,Low,493.66,Low,63.89,Low,181.27,Low,69.49,Low,112.39,Low,93.66,Low,71.3,Low,2780.66,High,2009.67,High,1537.76,High,50.76,Low,274.32,Low,6242.3,Low,21484.59,High,33.23,Low,516.01,Low,644.11,Low,648.94,Low,34.44,Low,224.17,High,143.81,High,38.67,High,151.06,Low,Low,798.79,798.79,Low,1987.92,High,1905.14,High,1.21,Low,44.11,Low,10.88,Low,-0.5994624345156984,Low,1039.27,High,9793.96,Low,132.24,Low,1871.9,High,215.71,High,114.2,High,-0.12009378928987388,High,112.39,Low
TCGA-97-7941,75.69,Low,none,0.0,none,0.0,none,none,Y,Y,none,0.0,none,none,none,p.G12A,1.0,none,none,none,none,0.0,none,,none,0.0,484.0,0.0,484.0,0.0,72.0,1.0,FEMALE,1.3,22.5,,0.0,1.0,1.0,0.2,,,,,,664.7,Low,969.74,Low,1450.08,High,19.41,High,114.83,Low,187.28,Low,1.0,145382.06,High,798.3,Low,247.77,Low,1.29,Low,652.42,High,29.11,Low,27.82,Low,8817.24,Low,1282.85,High,15116.07,Low,26.2,Low,17.79,Low,51.43,High,8.73,Low,8.73,Low,2273.97,Low,4556.93,High,483.57,High,2381.32,Low,139.41,Low,442.5,Low,90.86,Low,217.04,Low,44.96,Low,135.53,Low,123.56,Low,150.73,Low,2030.04,High,2409.47,High,772.43,Low,58.22,Low,527.24,High,5031.44,Low,12511.17,Low,48.84,Low,415.97,Low,533.06,Low,427.62,Low,459.64,High,146.2,High,231.92,High,4.85,Low,98.01,Low,Low,629.78,629.78,Low,1487.28,Low,2551.14,High,1.62,Low,921.87,High,12.94,Low,-0.13021046624617247,High,391.39,Low,8253.45,Low,531.38,Low,1061.6,Low,71.48,Low,97.36,Low,-0.4915457244146365,Low,135.53,Low
TCGA-97-8171,139.31,Low,,,,,,,,,,,,,,,,,,,,,,,,,568.0,0.0,441.0,1.0,81.0,1.0,MALE,1.9,65.0,1.0,2.0,2.0,4.0,0.5,,,,0.8560913881914685,0.15537814663312052,2116.12,High,922.9,Low,2939.47,High,1.69,Low,623.79,High,883.02,High,1.0,223058.28,High,1070.92,Low,679.68,Low,4.49,High,22.47,Low,68.53,Low,160.65,High,7724.48,Low,155.32,Low,4890.0,Low,8.14,Low,8.71,Low,4.21,Low,24.72,Low,24.72,Low,9179.87,High,699.9,Low,512.29,High,1550.91,Low,424.66,Low,631.65,Low,172.48,Low,600.2,Low,124.42,Low,168.52,Low,376.91,High,186.49,Low,4839.49,High,2404.44,High,1582.92,High,8.43,Low,33.98,Low,17984.55,High,20385.9,High,114.59,High,1025.14,High,1376.77,High,778.26,Low,328.61,High,2.53,Low,6.18,Low,1.97,Low,392.92,High,Low,450.22,450.22,Low,835.84,Low,3382.11,High,0.0,Low,5.9,Low,12.92,Low,-0.6195502710857617,Low,978.8,High,4988.91,Low,239.57,Low,260.92,Low,33.98,Low,49.43,Low,-0.8023628501821566,Low,168.52,Low
TCGA-97-8172,66.95,Low,,,,,,,,,,,,,,,,,,,,,,,,,545.0,0.0,545.0,0.0,75.0,1.0,FEMALE,1.7,20.0,0.0,0.0,2.0,1.0,0.5,,,,,,879.83,Low,2519.71,High,1603.86,High,2.38,Low,210.37,High,336.86,High,1.0,263817.68,High,795.18,Low,142.1,Low,1.85,Low,977.24,High,24.35,Low,52.66,Low,8675.31,Low,743.05,High,18557.62,High,49.75,Low,44.08,Low,37.84,High,25.14,Low,25.14,Low,4287.12,High,2297.96,High,2277.85,High,1318.87,Low,118.81,Low,609.42,Low,95.98,Low,180.21,Low,35.99,Low,97.64,Low,238.42,Low,101.35,Low,943.37,Low,1975.65,High,1124.64,High,177.56,High,147.66,Low,17788.83,High,13874.57,Low,29.11,Low,335.8,Low,822.18,Low,471.55,Low,68.54,Low,79.39,High,74.09,High,1.59,Low,107.7,Low,Low,266.47,266.47,Low,1433.98,Low,2251.92,High,0.53,Low,318.34,Low,16.41,Low,-0.45109528759444767,Low,1391.11,High,10336.86,Low,651.71,Low,510.19,Low,50.01,Low,123.05,High,-0.5144588433726989,Low,97.64,Low
TCGA-97-8174,60.23,Low,,,,,,,,,,,,,,,,,,,,,,,,,164.0,1.0,164.0,0.0,67.0,1.0,MALE,1.5,40.0,0.0,0.0,2.0,2.0,0.5,0.9616607940377371,0.9616607940377371,0.03909349544655036,,,1021.93,High,1368.28,High,1415.1,High,4.38,Low,162.62,High,272.67,High,1.0,513080.28,High,724.11,Low,141.81,Low,1.92,Low,926.97,High,19.98,Low,39.97,Low,9643.15,High,731.23,High,16668.38,Low,44.35,Low,93.63,High,9.58,Low,76.93,High,76.93,High,5194.52,High,3119.57,High,1616.59,High,1538.84,Low,130.31,Low,554.1,Low,96.14,Low,203.13,Low,54.48,Low,93.35,Low,424.34,High,91.44,Low,467.32,Low,1686.67,High,1607.28,High,78.3,Low,109.78,Low,15151.6,High,14930.67,Low,26.01,Low,347.41,Low,513.04,Low,383.82,Low,2.74,Low,34.49,Low,20.26,Low,2.19,Low,65.7,Low,Low,307.17,307.17,Low,1924.85,High,3034.15,High,153.58,High,176.03,Low,27.65,Low,-0.4437752715129614,Low,745.19,High,12848.13,High,1080.44,High,358.63,Low,42.16,Low,150.57,High,-0.4221710446642155,Low,93.35,Low
TCGA-97-8175,254.96,High,,,,,,,,,,,,,,,,,,,,,,,,,551.0,0.0,294.0,1.0,55.0,0.0,FEMALE,2.0,,0.0,0.0,2.0,1.0,0.4,,,,0.8473936753478958,0.16558990441453855,700.85,Low,1714.09,High,706.09,Low,2.09,Low,182.26,High,484.17,High,0.0,113966.96,High,1434.09,High,994.43,High,0.35,Low,392.35,High,116.17,Low,94.61,Low,12088.7,High,66.09,Low,10147.2,Low,185.74,High,114.78,High,113.04,High,37.57,High,37.57,High,2337.49,Low,604.87,Low,42.09,Low,3394.09,High,502.26,Low,765.22,High,367.15,High,610.78,Low,285.57,High,297.04,High,311.3,Low,272.0,Low,953.04,Low,1491.48,High,957.91,High,277.22,High,553.39,High,6064.35,Low,16914.43,Low,181.57,High,976.7,High,1292.52,High,1054.96,Low,292.87,High,763.83,High,17.74,Low,2.09,Low,371.13,Low,High,1251.48,1251.48,High,1644.17,High,1022.96,Low,0.0,Low,1393.39,High,68.52,Low,0.14518547834117154,High,730.09,High,15198.61,High,2254.14,High,2480.35,High,92.17,Low,124.52,High,0.08742943192388523,High,297.04,High
TCGA-97-8176,356.77,High,,,,,,,,,,,,,,,,,,,,,,,,,468.0,1.0,468.0,0.0,63.0,0.0,MALE,,40.0,0.0,1.0,3.0,3.0,,0.806140014059682,0.806140014059682,0.21549783684791685,,,394.21,Low,1426.49,High,3629.55,High,19.03,High,98.71,Low,49.35,Low,1.0,87785.94,Low,1866.51,High,1783.86,High,10.11,High,133.79,Low,170.66,High,83.25,Low,8547.64,Low,354.99,High,10808.59,Low,11.3,Low,46.97,Low,11.89,Low,24.97,Low,24.97,Low,2150.86,Low,1526.98,Low,442.99,High,6299.39,High,1078.04,High,689.76,High,782.42,High,2156.09,High,321.69,High,312.17,High,482.83,High,1573.96,High,1271.89,High,1188.64,Low,415.64,Low,80.87,Low,618.4,High,7640.26,Low,19899.51,Low,246.17,High,2003.87,High,2666.86,High,1465.74,High,62.44,Low,40.43,Low,133.79,High,2.38,Low,604.73,High,High,1922.4,1922.4,High,1317.08,Low,1654.23,High,2830.98,High,218.23,Low,548.24,High,1.1787723153385008,High,312.77,Low,12168.87,High,1157.71,High,2489.07,High,99.3,High,484.61,High,0.13107924003498644,High,312.17,High
TCGA-97-8177,112.64,Low,,,,,,,,,,,,,,,,,,,,,,,,,499.0,0.0,499.0,0.0,59.0,0.0,FEMALE,2.4,,0.0,0.0,2.0,1.0,0.3,,,,,,969.05,Low,925.14,Low,1709.13,High,6.18,High,95.81,Low,574.52,High,0.0,324592.07,High,929.6,Low,615.38,Low,6.18,High,297.05,High,76.92,Low,69.02,Low,11046.02,High,378.78,High,28308.66,High,47.05,Low,340.32,High,75.21,High,53.91,High,53.91,High,3412.7,High,4350.27,High,686.47,High,6543.61,High,449.18,Low,450.21,Low,161.02,Low,355.43,Low,108.17,Low,127.75,Low,228.71,Low,257.55,Low,723.21,Low,885.99,Low,1388.05,High,220.12,High,341.35,High,4128.43,Low,20493.82,High,51.85,Low,420.67,Low,487.98,Low,640.8,Low,65.25,Low,46.7,Low,105.43,High,25.41,High,218.41,Low,Low,314.22,314.22,Low,1146.29,Low,2620.19,High,2.4,Low,113.32,Low,385.3,High,-0.39518705531274906,Low,468.75,Low,13403.16,High,904.11,High,3608.17,High,160.03,High,141.14,High,0.1828404418518315,High,127.75,Low
TCGA-97-8179,126.89,Low,,,,,,,,,,,,,,,,,,,,,,,,,435.0,0.0,435.0,0.0,72.0,1.0,MALE,0.8,60.0,0.0,0.0,1.0,1.0,0.2,,,,,,935.56,Low,1249.51,Low,2701.2,High,1.16,Low,180.83,High,252.62,High,1.0,461403.47,High,1239.81,High,468.76,Low,4.66,High,412.88,High,101.67,Low,92.36,Low,6662.79,Low,392.7,High,13607.09,Low,36.48,Low,17.14,Low,31.04,High,13.97,Low,13.97,Low,4010.09,High,1879.71,High,1563.83,High,2482.73,Low,535.51,Low,493.6,Low,246.68,Low,561.89,Low,204.89,Low,243.69,Low,591.39,High,586.73,High,846.33,Low,954.99,Low,484.28,Low,27.16,Low,200.23,Low,11448.58,High,16831.2,Low,97.01,Low,708.96,Low,1451.3,High,1067.91,Low,3.88,Low,29.49,Low,15.52,Low,12.42,High,365.54,Low,Low,615.06,615.06,Low,1070.24,Low,1497.87,Low,3.1,Low,66.36,Low,88.47,Low,-0.5520738523904907,Low,605.74,Low,14349.63,High,576.6,Low,730.69,Low,74.89,Low,75.67,Low,-0.36843727479552885,Low,243.69,Low
TCGA-97-8547,154.74,Low,,,,,,,,,,,,,,,,,,,,,,,,,657.0,0.0,657.0,0.0,78.0,1.0,FEMALE,,,,2.0,2.0,3.0,,,,,,,2515.61,High,1058.65,Low,800.5,Low,5.36,High,91.92,Low,448.89,High,0.0,8710.51,Low,946.04,Low,749.18,Low,3.83,High,136.35,Low,80.43,Low,38.3,Low,11419.95,High,177.72,Low,43189.23,High,52.86,Low,3.83,Low,35.24,High,6.89,Low,6.89,Low,2121.4,Low,4891.86,High,628.14,High,1847.66,Low,340.88,Low,644.23,High,133.37,Low,500.98,Low,92.69,Low,270.41,High,372.29,High,298.75,Low,713.94,Low,1387.28,Low,863.31,High,227.51,High,624.31,High,4989.14,Low,14548.41,Low,67.41,Low,749.94,Low,583.71,Low,908.51,Low,20.68,Low,454.25,High,9.19,Low,9.96,High,210.66,Low,Low,828.84,828.84,Low,1392.64,Low,1261.65,Low,62.81,High,550.77,High,32.17,Low,-0.28829130907632694,Low,674.1,High,10655.45,Low,2448.84,High,1810.89,High,85.03,Low,131.76,High,-0.11007051422488004,High,270.41,High
TCGA-97-8552,75.61,Low,,,,,,,,,,,,,,,,,,,,,,,,,626.0,0.0,626.0,0.0,55.0,0.0,FEMALE,1.6,,,0.0,1.0,1.0,0.4,,,,,,1382.9,High,922.56,Low,1307.93,Low,12.2,High,151.22,Low,555.49,High,0.0,566154.27,High,772.56,Low,153.05,Low,9.76,High,991.46,High,17.68,Low,19.51,Low,9490.85,High,675.61,High,23745.87,High,42.07,Low,26.22,Low,35.98,High,28.66,High,28.66,High,4296.24,High,3489.63,High,831.1,High,2257.93,Low,202.44,Low,412.2,Low,86.09,Low,217.07,Low,21.34,Low,144.51,Low,230.49,Low,73.17,Low,474.39,Low,1728.66,High,887.8,High,58.54,Low,435.37,High,2870.12,Low,11266.46,Low,34.15,Low,367.68,Low,404.27,Low,346.95,Low,678.05,High,457.93,High,1257.93,High,10.98,High,153.05,Low,Low,245.12,245.12,Low,1117.68,Low,4329.27,High,0.0,Low,292.07,Low,25.61,Low,-0.4612789549486303,Low,535.98,Low,6347.56,Low,237.17,Low,809.76,Low,42.68,Low,46.95,Low,-0.6834439799239678,Low,144.51,Low
TCGA-97-A4LX,158.37,Low,,,,,,,,,,,,,,,,,,,,,,,,,614.0,0.0,614.0,0.0,81.0,1.0,MALE,,120.0,0.0,0.0,2.0,1.0,,,,,,,1910.08,High,1501.41,High,1411.67,High,4.4,High,190.92,High,560.89,High,1.0,175127.02,High,1111.65,Low,845.07,Low,14.52,High,48.83,Low,86.22,Low,63.79,Low,12178.92,High,221.27,High,27413.83,High,235.35,High,59.83,Low,137.25,High,63.35,High,63.35,High,2957.56,Low,2718.21,High,575.84,High,3000.63,High,325.53,Low,539.77,Low,309.24,Low,633.03,Low,226.11,Low,248.55,Low,320.25,Low,477.3,High,1077.78,Low,812.07,Low,625.11,Low,1069.86,High,205.44,Low,8638.08,High,19161.18,Low,91.5,Low,1645.27,High,1074.26,Low,722.33,Low,30.35,Low,45.31,Low,36.95,Low,2.64,Low,296.06,Low,Low,695.94,695.94,Low,1500.53,Low,1365.48,Low,2.64,Low,284.18,Low,389.32,High,-0.30215134473693656,Low,643.15,High,10975.33,Low,2750.84,High,1431.03,Low,99.86,High,119.22,High,-0.10145880419094781,High,248.55,Low
TCGA-97-A4M0,67.52,Low,,,,,,,,,,,,,,,,,,,,,,,,,652.0,0.0,652.0,0.0,60.0,0.0,FEMALE,,34.0,0.0,0.0,2.0,1.0,,,,,,,2580.24,High,2028.74,High,552.92,Low,9.58,High,203.01,High,2296.99,High,1.0,847485.86,High,1158.3,Low,232.66,Low,8.21,High,69.34,Low,20.53,Low,48.81,Low,4755.47,Low,168.34,Low,18652.43,High,70.71,High,23.27,Low,50.18,High,58.39,High,58.39,High,8250.15,High,1343.98,Low,718.07,High,2309.76,Low,296.08,Low,509.58,Low,116.69,Low,369.98,Low,69.8,Low,134.58,Low,177.92,Low,163.78,Low,1421.99,High,1486.31,High,1532.39,High,185.22,High,171.08,Low,3255.47,Low,24395.99,High,36.04,Low,610.4,Low,685.68,Low,652.37,Low,35.58,Low,53.38,Low,8.67,Low,4.56,Low,98.54,Low,Low,549.73,549.73,Low,758.21,Low,2962.14,High,0.0,Low,382.76,High,150.09,Low,-0.3574724058079637,Low,546.53,Low,6339.42,Low,327.06,Low,1244.98,Low,29.65,Low,20.07,Low,-0.6605358224729846,Low,134.58,Low
TCGA-97-A4M1,70.0,Low,,,,,,,,,,,,,,,,,,,,,,,,,601.0,0.0,601.0,0.0,52.0,0.0,FEMALE,,3.0,0.0,0.0,1.0,1.0,,,,,,,1201.15,High,679.39,Low,1798.34,High,4.41,High,93.98,Low,643.66,High,1.0,346139.99,High,751.35,Low,124.82,Low,1.96,Low,1099.85,High,27.9,Low,34.26,Low,6412.14,Low,757.22,High,24989.8,High,38.18,Low,20.07,Low,48.95,High,25.94,Low,25.94,Low,4967.76,High,4003.92,High,1211.94,High,1557.51,Low,158.1,Low,349.0,Low,84.48,Low,191.39,Low,22.03,Low,71.46,Low,231.03,Low,126.28,Low,311.31,Low,1260.89,Low,1348.51,High,56.29,Low,392.07,High,4020.56,Low,27338.23,High,15.17,Low,364.17,Low,365.15,Low,300.54,Low,71.95,Low,27.9,Low,15.66,Low,7.34,High,183.06,Low,Low,191.39,191.39,Low,773.37,Low,4837.49,High,0.49,Low,149.78,Low,48.95,Low,-0.5265193480409535,Low,937.35,High,6310.33,Low,255.5,Low,669.6,Low,49.44,Low,125.31,High,-0.6413872649544516,Low,71.46,Low
TCGA-97-A4M2,85.73,Low,,,,,,,,,,,,,,,,,,,,,,,,,624.0,0.0,624.0,0.0,66.0,1.0,MALE,,100.0,0.0,0.0,1.0,1.0,,,,,,,615.03,Low,989.76,Low,1221.91,Low,10.11,High,86.69,Low,423.84,High,1.0,305897.14,High,712.34,Low,131.97,Low,10.11,High,281.76,High,21.19,Low,25.05,Low,4641.04,Low,732.09,High,25855.34,High,88.14,High,78.99,High,196.99,High,31.79,High,31.79,High,4502.09,High,4303.41,High,1783.01,High,2299.81,Low,124.26,Low,399.28,Low,112.18,Low,199.88,Low,22.16,Low,129.08,Low,202.77,Low,147.86,Low,1639.49,High,1140.51,Low,654.06,Low,130.52,High,609.27,High,10818.49,High,15411.36,Low,37.57,Low,403.61,Low,393.5,Low,442.62,Low,209.51,High,139.19,High,599.15,High,3.37,Low,99.22,Low,Low,222.52,222.52,Low,1297.53,Low,2726.06,High,15.89,High,122.34,Low,36.6,Low,-0.5387843427578966,Low,934.85,High,6959.63,Low,195.54,Low,1231.06,Low,39.01,Low,165.68,High,-0.5540583588025779,Low,129.08,Low
TCGA-97-A4M3,43.5,Low,,,,,,,,,,,,,,,,,,,,,,,,,540.0,0.0,54.0,1.0,69.0,1.0,FEMALE,,37.5,0.0,0.0,1.0,1.0,,,,,0.9949494949494949,0.005063301956546762,324.21,Low,1496.21,High,2290.84,High,0.51,Low,186.65,High,278.71,High,1.0,1147878.6,High,625.7,Low,273.65,Low,5.56,High,6172.99,High,34.9,Low,16.19,Low,7316.64,Low,266.06,High,12833.73,Low,18.72,Low,1472.06,High,9.1,Low,10.12,Low,10.12,Low,4871.65,High,2633.79,High,2937.78,High,2931.21,High,156.3,Low,423.37,Low,85.22,Low,353.06,Low,63.23,Low,29.34,Low,205.36,Low,126.45,Low,2500.25,High,738.49,Low,848.76,High,27.82,Low,95.6,Low,1717.25,Low,34873.04,High,12.14,Low,471.42,Low,616.09,Low,399.09,Low,4.05,Low,2.53,Low,3.54,Low,0.0,Low,210.93,Low,Low,327.77,327.77,Low,1038.44,Low,2859.38,High,0.0,Low,39.45,Low,17.7,Low,-0.5995285803509569,Low,731.41,High,12759.23,High,525.53,Low,7633.79,High,144.16,High,91.05,Low,0.5707907055611421,High,29.34,Low
TCGA-97-A4M5,101.76,Low,,,,,,,,,,,,,,,,,,,,,,,,,634.0,0.0,634.0,0.0,83.0,1.0,MALE,,6.0,0.0,0.0,1.0,1.0,,,,,,,597.13,Low,1479.48,High,1130.65,Low,11.31,High,81.24,Low,142.38,Low,1.0,96546.48,Low,668.34,Low,305.28,Low,0.84,Low,119.77,Low,50.67,Low,61.56,Low,6692.63,Low,542.71,High,21126.07,High,66.16,High,46.48,Low,48.16,High,37.69,High,37.69,High,2594.21,Low,3379.82,High,1877.3,High,3837.1,High,235.76,Low,417.09,Low,204.47,Low,432.16,Low,120.6,Low,188.86,Low,331.66,Low,306.95,Low,944.3,Low,1175.88,Low,969.01,High,46.9,Low,500.84,High,5866.83,Low,17988.69,Low,74.54,Low,443.89,Low,854.27,Low,557.37,Low,275.54,High,302.35,High,751.26,High,7.12,High,185.09,Low,Low,497.49,497.49,Low,1487.02,Low,2265.49,High,424.2,High,176.72,Low,162.9,Low,-0.24488042865876536,High,823.28,High,13210.22,High,668.71,Low,1961.47,High,108.46,High,144.47,High,-0.13791833607121567,High,188.86,Low
TCGA-97-A4M6,53.46,Low,,,,,,,,,,,,,,,,,,,,,,,,,568.0,0.0,568.0,0.0,45.0,0.0,FEMALE,,,0.0,0.0,1.0,1.0,,,,,,,1007.88,High,740.15,Low,1172.82,Low,5.94,High,94.12,Low,485.67,High,0.0,34211.31,Low,833.35,Low,491.6,Low,5.48,High,285.55,High,47.06,Low,78.13,Low,6676.87,Low,458.25,High,20560.99,High,59.39,Low,47.52,Low,120.16,High,112.39,High,112.39,High,2219.6,Low,2437.92,High,233.92,Low,2094.35,Low,301.09,Low,735.58,High,154.71,Low,293.32,Low,91.83,Low,131.58,Low,207.88,Low,219.3,Low,572.47,Low,2838.15,High,1015.65,High,263.62,High,257.22,Low,2764.59,Low,12519.02,Low,45.23,Low,344.03,Low,522.67,Low,554.65,Low,94.57,Low,80.87,High,132.5,High,191.89,High,170.87,Low,Low,222.96,222.96,Low,891.83,Low,2754.08,High,2.74,Low,318.9,Low,493.89,High,-0.23701085414144332,High,639.18,High,7252.54,Low,307.94,Low,770.3,Low,105.08,High,85.89,Low,-0.5230175459720487,Low,131.58,Low
TCGA-97-A4M7,171.04,Low,,,,,,,,,,,,,,,,,,,,,,,,,629.0,0.0,629.0,0.0,74.0,1.0,MALE,,40.0,0.0,0.0,1.0,1.0,,,,,,,2823.75,High,1261.28,Low,1801.46,High,6.45,High,142.67,Low,345.51,High,1.0,190389.34,High,987.54,Low,437.04,Low,4.3,High,647.19,High,52.0,Low,97.98,Low,18215.73,High,475.72,High,22425.75,High,63.17,High,115.6,High,98.84,High,42.97,High,42.97,High,4155.36,High,2437.9,High,859.05,High,1655.78,Low,302.97,Low,643.32,High,209.41,Low,325.74,Low,116.46,Low,195.53,Low,313.71,Low,280.62,Low,316.29,Low,1774.82,High,1238.93,High,243.23,High,147.4,Low,3730.12,Low,16678.13,Low,56.73,Low,1055.01,High,547.06,Low,702.19,Low,513.11,High,245.81,High,412.12,High,280.62,High,155.14,Low,Low,582.72,582.72,Low,980.66,Low,2610.66,High,0.43,Low,752.47,High,712.08,High,0.09021509742030048,High,869.79,High,8408.25,Low,525.53,Low,1092.82,Low,94.54,Low,81.22,Low,-0.45268677370022026,Low,195.53,Low
TCGA-99-7458,170.49,Low,none,0.0,none,0.0,none,none,Y,Y,none,0.0,none,none,none,p.G12R,1.0,none,none,none,none,0.0,none,,none,0.0,747.0,0.0,747.0,0.0,74.0,1.0,FEMALE,1.2,52.0,0.0,0.0,4.0,3.0,0.7,,,,,,3252.81,High,1819.08,High,611.11,Low,15.23,High,313.5,High,838.86,High,1.0,129342.71,High,1207.32,High,419.1,Low,0.66,Low,113.88,Low,95.01,Low,99.64,Low,14724.82,High,503.52,High,27447.76,High,325.75,High,24.32,Low,120.5,High,44.03,High,44.03,High,3312.55,High,1867.75,High,753.46,High,2125.96,Low,379.71,Low,330.05,Low,208.48,Low,435.65,Low,186.38,Low,238.35,Low,98.65,Low,193.33,Low,667.38,Low,1074.24,Low,2088.22,High,2773.81,High,258.21,Low,11241.58,High,27664.65,High,44.69,Low,666.72,Low,904.74,Low,887.53,Low,105.6,Low,104.28,High,52.64,High,81.11,High,108.91,Low,Low,557.81,557.81,Low,2130.6,High,1494.33,Low,0.0,Low,308.2,Low,128.78,Low,-0.4067274639658043,Low,867.0,High,11933.79,High,1120.55,High,860.38,Low,46.02,Low,90.71,Low,-0.4101387664244924,Low,238.35,Low
TCGA-99-8025,289.9,High,,,,,,,,,,,,,,,,,,,,,,,,,1060.0,0.0,1060.0,0.0,72.0,1.0,FEMALE,1.2,20.0,0.0,2.0,3.0,3.0,0.4,,,,,,413.51,Low,1172.28,Low,933.36,Low,3.33,Low,157.28,Low,416.86,High,1.0,106406.2,High,1068.64,Low,627.46,Low,3.0,High,11.0,Low,87.64,Low,108.3,High,6747.75,Low,271.91,High,14060.62,Low,34.99,Low,18.26,Low,4.0,Low,11.0,Low,11.0,Low,3654.75,High,2054.65,High,2057.31,High,1844.05,Low,553.48,High,471.51,Low,210.08,Low,523.16,Low,118.63,Low,508.14,High,948.68,High,552.82,High,1054.98,Low,1487.17,High,380.87,Low,30.66,Low,398.53,High,8112.3,High,25267.58,High,147.62,High,795.07,Low,1152.95,High,996.33,Low,489.84,High,404.87,High,1551.82,High,62.31,High,214.6,Low,High,1086.97,1086.97,High,957.68,Low,1415.86,Low,0.0,Low,196.27,Low,37.99,Low,-0.5068570842010853,Low,1188.94,High,16870.04,High,1188.87,High,5719.09,High,112.96,High,135.29,High,0.4787206028255495,High,508.14,High
TCGA-99-8028,149.44,Low,,,,,,,,,,,,,,,,,,,,,,,,,1118.0,0.0,1118.0,0.0,50.0,0.0,FEMALE,1.3,30.0,0.0,0.0,1.0,1.0,0.5,,,,,,343.22,Low,1862.18,High,1572.34,High,8.61,High,159.78,Low,181.31,Low,1.0,200529.28,High,735.57,Low,567.18,Low,3.45,High,34.45,Low,78.38,Low,94.31,Low,5926.33,Low,324.29,High,38945.16,High,294.57,High,483.2,High,18.52,Low,71.92,High,71.92,High,3199.3,High,2637.37,High,587.85,High,5700.23,High,332.47,Low,557.28,Low,239.62,Low,449.61,Low,110.68,Low,170.54,Low,267.87,Low,196.38,Low,800.6,Low,1153.74,Low,345.82,Low,148.15,High,322.57,High,5773.88,Low,19659.69,Low,80.53,Low,706.72,Low,389.75,Low,981.91,Low,106.8,Low,227.39,High,480.62,High,36.61,High,257.97,Low,Low,567.61,567.61,Low,919.46,Low,1236.43,Low,0.43,Low,602.06,High,42.2,Low,-0.2883473220964274,Low,702.41,High,15431.89,High,1875.03,High,4322.12,High,245.48,High,249.78,High,0.6335759672104933,High,170.54,Low
TCGA-99-8032,171.7,Low,,,,,,,,,,,,,,,,,,,,,,,,,44.0,0.0,,,61.0,0.0,MALE,1.3,90.0,0.0,0.0,1.0,1.0,0.5,,,,,,490.46,Low,1533.59,High,1458.49,High,15.64,High,181.48,High,92.3,Low,1.0,360880.41,High,1276.62,High,683.29,Low,1.96,Low,172.88,High,132.59,High,124.77,High,7709.01,Low,171.31,Low,17434.99,High,34.03,Low,156.84,High,17.6,Low,17.21,Low,17.21,Low,4676.94,High,3904.57,High,1262.93,High,2304.1,Low,666.86,High,653.96,High,228.24,Low,977.41,High,191.65,Low,218.64,Low,467.78,High,393.86,Low,1054.85,Low,1429.55,High,1164.37,High,332.45,High,61.41,Low,9789.77,High,40410.06,High,94.65,Low,759.95,Low,1440.11,High,608.19,Low,665.69,High,19.16,Low,37.55,Low,1.96,Low,644.18,High,High,1205.44,1205.44,High,1491.35,Low,1245.33,Low,28.16,High,409.11,High,361.01,High,-0.2350914111034624,High,740.0,High,13442.85,High,1984.89,High,1220.3,Low,137.28,High,170.92,High,-0.034049673894086904,High,218.64,Low
TCGA-99-8033,664.06,High,,,,,,,,,,,,,,,,,,,,,,,,,656.0,1.0,656.0,0.0,74.0,1.0,FEMALE,0.6,,1.0,,,4.0,0.5,0.7266702834539082,0.7266702834539082,0.3192824346493496,,,1813.64,High,1442.97,High,295.7,Low,0.78,Low,85.16,Low,69.53,Low,0.0,86867.19,Low,1483.2,High,1415.63,High,6.64,High,61.72,Low,166.8,High,213.28,High,4421.48,Low,312.5,High,8130.67,Low,166.02,High,295.31,High,37.89,High,29.69,High,29.69,High,2421.11,Low,1667.58,Low,657.81,High,3298.83,High,1324.61,High,1361.72,High,594.11,High,1118.36,High,323.83,High,550.39,High,762.11,High,1352.34,High,1473.44,High,2224.22,High,315.63,Low,507.81,High,234.38,Low,13977.73,High,20759.77,High,224.22,High,2262.89,High,2677.73,High,2458.59,High,1.56,Low,20.31,Low,5.86,Low,33.2,High,939.84,High,High,1885.16,1885.16,High,1614.06,High,1878.52,High,67.58,High,367.58,High,173.44,Low,-0.32063449101801256,Low,2070.7,High,14381.25,High,1357.71,High,2182.42,High,125.39,High,364.45,High,0.1468449556755958,High,550.39,High
TCGA-99-AA5R,85.23,Low,,,,,,,,,,,,,,,,,,,,,,,,,658.0,0.0,658.0,0.0,70.0,1.0,FEMALE,,46.0,0.0,0.0,1.0,1.0,,,,,,,745.18,Low,742.67,Low,948.43,Low,3.26,Low,152.55,Low,384.91,High,1.0,197714.98,High,723.13,Low,288.82,Low,3.8,High,274.7,High,47.23,Low,66.23,Low,4473.4,Low,1431.05,High,31417.63,High,134.64,High,328.99,High,21.72,Low,43.43,High,43.43,High,4227.05,High,7201.95,High,1488.6,High,2226.38,Low,146.04,Low,618.89,Low,114.57,Low,155.81,Low,51.03,Low,143.32,Low,245.93,Low,124.86,Low,1421.82,High,1457.11,High,621.06,Low,165.58,High,520.63,High,6812.7,Low,9833.33,Low,46.15,Low,431.05,Low,437.57,Low,586.32,Low,98.81,Low,93.38,High,23.34,Low,2.71,Low,114.55,Low,Low,199.24,199.24,Low,1135.72,Low,2252.44,High,2.17,Low,295.87,Low,38.0,Low,-0.4526252855062127,Low,1216.61,High,10482.08,Low,564.96,Low,1462.0,Low,222.04,High,285.56,High,0.001636709413525228,High,143.32,Low
TCGA-J2-8192,122.38,Low,,,,,,,,,,,,,,,,,,,,,,,,,739.0,0.0,482.0,1.0,65.0,0.0,FEMALE,1.0,,,1.0,2.0,2.0,0.3,,,,0.7591226642718147,0.2755919016381386,3775.04,High,1587.24,High,1441.58,High,15.77,High,213.61,High,214.36,High,0.0,66827.59,Low,1231.72,High,410.32,Low,3.75,High,322.48,High,55.56,Low,76.96,Low,14297.89,High,350.63,High,33324.62,High,128.39,High,176.07,High,28.53,High,34.54,High,34.54,High,2266.82,Low,2506.99,High,604.04,High,2601.97,Low,299.58,Low,449.37,Low,171.33,Low,248.52,Low,141.15,Low,209.85,Low,98.73,Low,111.5,Low,338.62,Low,1476.11,High,787.61,Low,294.7,High,403.94,High,4221.87,Low,15098.26,Low,48.43,Low,481.65,Low,795.12,Low,793.62,Low,350.63,High,786.49,High,1817.74,High,250.4,High,99.86,Low,Low,417.46,417.46,Low,,,937.4,Low,1.88,Low,242.14,Low,762.08,High,-0.15894335775616572,High,878.84,High,19138.81,High,2234.58,High,1717.88,High,106.24,High,219.62,High,0.18063183493386692,High,209.85,Low
TCGA-J2-8194,47.1,Low,,,,,,,,,,,,,,,,,,,,,,,,,724.0,0.0,470.0,1.0,69.0,1.0,FEMALE,0.8,20.0,,0.0,3.0,2.0,0.4,,,,0.7718810283772233,0.2589248491529271,846.04,Low,1508.07,High,1320.98,High,2.18,Low,126.04,Low,137.81,Low,1.0,390973.83,High,1084.17,Low,186.22,Low,2.62,Low,413.43,High,19.19,Low,36.63,Low,4543.39,Low,258.18,High,10089.96,Low,40.56,Low,1158.74,High,147.41,High,47.54,High,47.54,High,3540.76,High,763.63,Low,2462.71,High,3575.67,High,111.21,Low,406.45,Low,116.52,Low,166.59,Low,47.97,Low,74.14,Low,63.24,Low,62.8,Low,1195.81,High,1041.87,Low,546.88,Low,181.86,High,77.19,Low,9580.03,High,22370.69,High,29.66,Low,238.55,Low,823.38,Low,339.29,Low,10.47,Low,27.04,Low,110.34,High,1.31,Low,59.31,Low,Low,309.2,309.2,Low,1715.66,High,1342.35,Low,3.92,Low,106.41,Low,30.09,Low,-0.5562962899409779,Low,507.2,Low,15975.58,High,829.02,High,2532.93,High,129.96,High,56.69,Low,0.009261889312566085,High,74.14,Low
TCGA-J2-A4AD,421.44,High,,,,,,,,,,,,,,,,,,,,,,,,,550.0,1.0,524.0,1.0,61.0,0.0,FEMALE,,120.0,,0.0,1.0,1.0,,0.8504152478077837,0.8504152478077837,0.16203052195547193,0.7922506531461975,0.23287745599213786,791.3,Low,922.45,Low,1303.29,Low,4.06,Low,76.33,Low,88.1,Low,1.0,11101.91,Low,1220.46,High,1131.95,High,3.25,High,17.86,Low,231.02,High,111.65,High,21595.62,High,142.51,Low,12281.11,Low,22.74,Low,14.21,Low,18.27,Low,76.74,High,76.74,High,1618.28,Low,1520.91,Low,138.86,Low,1848.56,Low,850.99,High,643.12,High,487.49,High,671.13,High,396.26,High,399.11,High,827.85,High,679.66,High,622.01,Low,989.04,Low,2200.57,High,524.16,High,575.31,High,3596.43,Low,15405.2,Low,128.3,High,1121.8,High,814.45,Low,1041.82,Low,177.83,High,198.13,High,174.58,High,6.5,High,367.44,Low,Low,858.71,858.71,Low,2220.46,High,1480.31,Low,4.06,Low,363.78,High,426.72,High,-0.24231668451278474,High,294.36,Low,18175.4,High,1123.81,High,970.77,Low,77.14,Low,291.11,High,-0.05061927680955841,High,399.11,High
TCGA-J2-A4AE,244.68,High,,,,,,,,,,,,,,,,,,,,,,,,,1079.0,0.0,1079.0,0.0,77.0,1.0,FEMALE,,,,0.0,1.0,1.0,,,,,,,1277.17,High,895.39,Low,734.04,Low,20.09,High,146.57,Low,674.94,High,0.0,321247.64,High,1752.96,High,505.91,Low,1.77,Low,482.27,High,50.24,Low,309.1,High,8216.9,Low,583.92,High,18423.31,High,63.83,High,446.81,High,11.82,Low,50.24,High,50.24,High,3942.97,High,4953.9,High,1462.77,High,1458.63,Low,557.92,High,905.44,High,165.3,Low,381.8,Low,120.57,Low,464.54,High,936.76,High,131.21,Low,1630.61,High,1671.99,High,1235.22,High,211.58,High,220.45,Low,3624.11,Low,15103.43,Low,106.97,Low,1685.58,High,744.09,Low,1487.59,High,211.58,High,304.96,High,39.01,Low,5.91,Low,182.03,Low,Low,692.08,692.08,Low,784.28,Low,2117.02,High,0.0,Low,65.6,Low,27.78,Low,-0.5810929669583468,Low,526.0,Low,6945.63,Low,106.38,Low,956.86,Low,89.24,Low,95.74,Low,-0.5492817875591679,Low,464.54,High
TCGA-J2-A4AG,33.77,Low,,,,,,,,,,,,,,,,,,,,,,,,,988.0,0.0,988.0,0.0,66.0,1.0,FEMALE,,25.0,,0.0,1.0,1.0,,,,,,,657.94,Low,2552.98,High,1147.04,Low,5.63,High,105.25,Low,709.72,High,1.0,223632.48,High,1026.59,Low,323.06,Low,3.38,High,284.23,High,28.14,Low,51.22,Low,9584.92,High,507.11,High,18697.54,High,50.65,Low,2072.32,High,52.34,High,54.03,High,54.03,High,4637.35,High,1453.78,Low,819.47,High,2265.37,Low,178.42,Low,513.3,Low,90.16,Low,368.65,Low,54.59,Low,130.58,Low,203.74,Low,132.26,Low,1347.97,High,2091.46,High,1907.98,High,270.16,High,137.89,Low,1808.36,Low,13053.61,Low,52.91,Low,431.12,Low,405.23,Low,512.17,Low,40.52,Low,48.4,Low,21.39,Low,9.01,High,127.76,Low,Low,548.19,548.19,Low,1262.98,Low,1828.06,High,1.13,Low,302.24,Low,316.87,High,-0.3255584892857078,Low,836.92,High,9420.01,Low,395.45,Low,2413.4,High,222.32,High,116.5,High,-0.025642280309709664,High,130.58,Low
TCGA-L4-A4E5,358.13,High,,,,,,,,,,,,,,,,,,,,,,,,,578.0,0.0,578.0,0.0,48.0,0.0,FEMALE,,33.0,0.0,0.0,1.0,1.0,,,,,,,3709.1,High,1187.71,Low,1060.3,Low,3.19,Low,216.15,High,239.36,High,1.0,25349.72,Low,1226.39,High,1961.32,High,0.46,Low,24.12,Low,305.35,High,277.13,High,9136.75,High,99.66,Low,8890.82,Low,105.12,High,32.76,Low,43.69,High,7.28,Low,7.28,Low,3997.76,High,2068.71,High,344.94,Low,1116.72,Low,1140.84,High,1262.34,High,338.27,High,1024.35,High,492.83,High,696.7,High,885.1,High,607.96,High,925.6,Low,1676.45,High,456.88,Low,481.0,High,279.86,Low,10081.0,High,20235.27,High,162.46,High,3125.37,High,4145.16,High,2769.51,High,30.49,Low,33.67,Low,28.67,Low,1.82,Low,1286.46,High,High,1001.59,1001.59,High,800.91,Low,1521.27,Low,2.28,Low,919.23,High,1000.23,High,0.3084306098809207,High,454.15,Low,8304.44,Low,727.19,Low,857.34,Low,138.34,High,34.58,Low,-0.4160341540109268,Low,696.7,High
TCGA-L4-A4E6,63.96,Low,,,,,,,,,,,,,,,,,,,,,,,,,435.0,0.0,435.0,0.0,67.0,1.0,MALE,,30.0,0.0,0.0,1.0,1.0,,,,,,,607.36,Low,977.23,Low,1066.78,Low,63.96,High,105.12,Low,498.9,High,1.0,323790.56,High,586.78,Low,185.77,Low,0.56,Low,381.55,High,26.14,Low,20.58,Low,2983.97,Low,842.07,High,63811.31,High,72.86,High,207.46,High,78.42,High,65.07,High,65.07,High,3518.25,High,6267.73,High,867.66,High,17829.29,High,146.28,Low,420.48,Low,101.39,Low,153.51,Low,36.71,Low,128.48,Low,208.02,Low,112.35,Low,997.25,Low,1137.97,Low,686.9,Low,109.01,Low,865.99,High,32802.54,High,12266.26,Low,36.15,Low,265.86,Low,307.02,Low,437.72,Low,4.45,Low,36.15,Low,6.12,Low,0.0,Low,134.04,Low,Low,290.33,290.33,Low,1509.51,Low,4417.28,High,4.45,Low,266.42,Low,94.55,Low,-0.4419805723604986,Low,1137.41,High,9377.4,Low,464.88,Low,4025.16,High,66.19,Low,172.42,High,-0.06437465057419531,High,128.48,Low
TCGA-L9-A443,76.93,Low,,,,,,,,,,,,,,,,,,,,,,,,,193.0,1.0,193.0,0.0,63.0,0.0,FEMALE,,90.0,,0.0,1.0,1.0,,0.9442148780071381,0.9442148780071381,0.057401513731716196,,,865.87,Low,1911.55,High,1295.52,Low,2.81,Low,140.95,Low,2018.81,High,1.0,140277.41,High,659.83,Low,509.34,Low,0.56,Low,55.03,Low,94.34,Low,64.02,Low,4458.23,Low,285.27,High,25075.29,High,21.34,Low,44.36,Low,6.18,Low,57.84,High,57.84,High,10418.67,High,1911.55,High,1212.97,High,2648.88,Low,358.28,Low,472.83,Low,185.85,Low,317.28,Low,101.08,Low,401.52,High,291.45,Low,122.98,Low,745.19,Low,598.62,Low,708.69,Low,1026.53,High,390.29,High,3152.04,Low,15020.64,Low,41.56,Low,551.45,Low,384.67,Low,879.97,Low,100.52,Low,83.67,High,372.88,High,5.05,Low,508.77,High,Low,691.84,691.84,Low,435.21,Low,2481.54,High,165.1,High,340.87,Low,20.22,Low,-0.35328542621176307,Low,842.34,High,13273.06,High,701.34,Low,1546.54,High,93.78,Low,161.17,High,-0.20067150700799194,Low,401.52,High
TCGA-L9-A444,109.34,Low,,,,,,,,,,,,,,,,,,,,,,,,,307.0,0.0,307.0,0.0,60.0,0.0,FEMALE,,10.0,,0.0,1.0,1.0,,,,,,,4103.2,High,782.84,Low,1123.01,Low,9.87,High,169.32,High,1148.06,High,1.0,158069.86,High,740.32,Low,696.28,Low,1.52,Low,67.58,Low,116.17,Low,50.11,Low,5422.93,Low,139.71,Low,27151.14,High,315.11,High,26.2,Low,69.1,High,23.54,Low,23.54,Low,4909.01,High,2627.18,High,359.15,Low,2227.03,Low,451.03,Low,440.39,Low,292.67,Low,322.7,Low,175.4,Low,173.88,Low,376.61,High,318.15,Low,883.83,Low,660.59,Low,354.59,Low,469.25,High,889.14,High,22194.38,High,20229.31,High,63.02,Low,821.56,Low,1059.23,Low,826.12,Low,173.88,Low,16.7,Low,13.67,Low,1.52,Low,278.66,Low,Low,546.7,546.7,Low,962.03,Low,1312.83,Low,0.76,Low,492.79,High,119.21,Low,-0.31215618577048093,Low,753.23,High,10904.33,Low,826.76,High,1486.71,Low,70.61,Low,97.19,Low,-0.3405132590613767,Low,173.88,Low
TCGA-L9-A50W,142.93,Low,,,,,,,,,,,,,,,,,,,,,,,,,442.0,1.0,389.0,1.0,75.0,1.0,MALE,,19.0,,1.0,1.0,2.0,,0.8661629001228853,0.8661629001228853,0.14368228173202244,0.8918761572312283,0.11442799322562344,1943.93,High,965.25,Low,772.05,Low,0.38,Low,162.06,Low,950.99,High,1.0,50795.31,Low,956.62,Low,242.72,Low,5.25,High,579.6,High,39.77,Low,45.39,Low,16779.46,High,156.81,Low,10593.72,Low,13.51,Low,19.88,Low,50.64,High,48.02,High,48.02,High,9202.05,High,2905.49,High,706.02,High,2571.24,Low,214.21,Low,543.96,Low,121.42,Low,212.33,Low,66.78,Low,163.56,Low,333.88,Low,157.56,Low,636.62,Low,3267.13,High,818.19,High,495.19,High,34.51,Low,23248.83,High,17606.28,Low,83.28,Low,710.15,Low,904.85,Low,638.87,Low,1104.43,High,179.69,High,31.89,Low,0.38,Low,111.42,Low,Low,416.41,416.41,Low,851.58,Low,4627.78,High,266.35,High,18.38,Low,264.1,High,-0.36491760760331077,Low,798.31,High,6685.45,Low,398.34,Low,575.85,Low,36.39,Low,51.39,Low,-0.6967081616767264,Low,163.56,Low
TCGA-L9-A5IP,344.0,High,,,,,,,,,,,,,,,,,,,,,,,,,58.0,1.0,,,40.0,0.0,FEMALE,,,1.0,2.0,3.0,4.0,,0.983723039709736,0.983723039709736,0.01641088525784573,,,2096.64,High,2212.09,High,1437.77,High,1.31,Low,133.65,Low,6.57,Low,0.0,8.33,Low,1322.96,High,2141.98,High,12.71,High,0.44,Low,209.47,High,110.43,High,6830.85,Low,167.4,Low,8243.94,Low,98.6,High,602.98,High,112.62,High,69.68,High,69.68,High,5.7,Low,1938.21,High,7.01,Low,34238.39,High,704.64,High,681.86,High,515.09,High,982.47,High,330.41,High,286.15,High,327.78,Low,968.01,High,9350.13,High,2913.23,High,154.69,Low,270.38,High,64.42,Low,7655.57,High,25096.84,High,279.14,High,1031.11,High,2875.55,High,1514.02,High,21.03,Low,104.29,High,507.01,High,1163.01,High,554.34,High,Low,865.91,865.91,Low,2339.61,High,346.19,Low,1.75,Low,85.45,Low,1592.02,High,0.1270570643604926,High,409.29,Low,20910.6,High,4824.11,High,3215.16,High,436.9,High,803.24,High,1.5904601408663184,High,286.15,High
TCGA-L9-A743,206.33,High,,,,,,,,,,,,,,,,,,,,,,,,,664.0,0.0,664.0,0.0,56.0,0.0,MALE,,40.5,0.0,1.0,2.0,2.0,,,,,,,899.88,Low,923.51,Low,1066.57,Low,4.25,Low,156.75,Low,460.81,High,1.0,196858.83,High,1677.05,High,916.43,High,2.36,Low,162.42,High,122.29,High,155.34,High,8931.07,High,285.17,High,28249.41,High,143.06,High,839.47,High,32.11,High,43.44,High,43.44,High,3517.34,High,2589.71,High,343.72,Low,4059.49,High,532.11,Low,602.46,Low,414.82,High,536.36,Low,197.83,Low,378.66,High,509.44,High,454.67,High,2040.13,High,1822.0,High,407.46,Low,890.46,High,309.73,High,5639.75,Low,14594.43,Low,146.84,High,1030.22,High,2214.35,High,1590.65,High,118.51,Low,193.11,High,512.75,High,38.24,High,420.68,High,Low,690.75,690.75,Low,1550.52,High,916.43,Low,5.67,High,295.56,Low,211.05,Low,-0.37393036734881946,Low,863.55,High,12169.97,High,1576.3,High,3144.0,High,334.75,High,127.95,High,0.4563261572891154,High,378.66,High
TCGA-L9-A7SV,254.62,High,,,,,,,,,,,,,,,,,,,,,,,,,565.0,0.0,565.0,0.0,69.0,1.0,MALE,,93.0,0.0,1.0,2.0,2.0,,,,,,,2421.66,High,1391.55,High,1687.29,High,1.89,Low,463.22,High,1329.31,High,1.0,6624.67,Low,996.98,Low,737.83,Low,8.3,High,5.28,Low,127.5,High,204.07,High,7873.63,Low,48.28,Low,12268.93,Low,23.01,Low,18.28,Low,9.81,Low,7.54,Low,7.54,Low,4767.99,High,1146.74,Low,566.58,High,1241.04,Low,1539.04,High,773.67,High,292.7,Low,658.62,Low,270.09,High,656.36,High,1010.94,High,562.05,High,482.84,Low,2451.53,High,3278.76,High,12.45,Low,29.8,Low,6481.7,Low,17431.91,Low,62.24,Low,2130.14,High,1613.35,High,1592.61,High,96.57,Low,12.07,Low,42.25,High,7.17,High,467.75,High,Low,540.17,540.17,Low,818.56,Low,1336.1,Low,0.38,Low,504.34,High,750.66,High,-0.02496011670247687,High,1115.43,High,9373.82,Low,148.97,Low,332.7,Low,58.09,Low,59.98,Low,-0.6328407083380878,Low,656.36,High
TCGA-L9-A8F4,241.75,High,,,,,,,,,,,,,,,,,,,,,,,,,476.0,0.0,476.0,0.0,64.0,0.0,FEMALE,,14.0,,0.0,2.0,1.0,,,,,,,296.12,Low,744.09,Low,1915.22,High,2.93,Low,158.52,Low,25.93,Low,1.0,41037.29,Low,1065.73,Low,1148.96,High,8.78,High,3.35,Low,143.05,High,189.05,High,16988.1,High,77.38,Low,16243.68,Low,57.72,Low,124.17,High,62.32,High,21.33,Low,21.33,Low,2839.67,Low,2609.53,High,100.8,Low,3627.58,High,786.33,High,813.94,High,338.5,High,973.71,High,396.09,High,318.72,High,813.52,High,797.21,High,3074.22,High,963.67,Low,757.89,Low,79.89,Low,1631.64,High,19385.99,High,14918.54,Low,135.1,High,2563.94,High,2146.94,High,1513.27,High,329.17,High,40.57,Low,6.69,Low,2.51,Low,366.82,Low,High,1131.4,1131.4,High,1466.84,Low,870.82,Low,61.9,High,431.23,High,1522.05,High,0.31104237251403233,High,507.77,Low,16449.8,High,713.92,Low,1002.99,Low,79.47,Low,147.23,High,-0.21365011179064958,Low,318.72,High
TCGA-MN-A4N1,186.56,Low,,,,,,,,,,,,,,,,,,,,,,,,,827.0,0.0,827.0,0.0,60.0,0.0,MALE,,,0.0,1.0,2.0,2.0,,,,,,,911.14,Low,1578.89,High,1521.55,High,0.83,Low,250.13,High,169.11,Low,0.0,11376.75,Low,817.28,Low,1996.05,High,4.99,High,30.33,Low,139.61,High,101.38,Low,11585.33,High,22.85,Low,14394.96,Low,23.68,Low,58.59,Low,15.37,Low,5.4,Low,5.4,Low,8497.15,High,1283.89,Low,275.48,Low,1710.19,Low,926.56,High,538.9,Low,1037.68,High,979.33,High,330.32,High,426.3,High,964.37,High,1042.48,High,840.14,Low,2647.97,High,366.88,Low,112.6,Low,191.96,Low,5895.09,Low,15136.59,Low,116.34,High,1081.13,High,950.66,Low,1530.28,High,1601.75,High,91.83,High,317.86,High,384.34,High,455.8,High,High,1038.33,1038.33,High,612.44,Low,2191.75,High,9.97,High,733.35,High,3080.09,High,1.139539538824225,High,558.43,Low,11235.9,Low,1029.85,High,3064.71,High,90.99,Low,46.95,Low,-0.11081592415096833,High,426.3,High
TCGA-MN-A4N4,131.65,Low,,,,,,,,,,,,,,,,,,,,,,,,,1175.0,0.0,1175.0,0.0,57.0,0.0,MALE,,,0.0,0.0,1.0,1.0,,,,,,,733.16,Low,1152.16,Low,2093.39,High,10.09,High,125.4,Low,14.89,Low,0.0,720.22,Low,682.26,Low,239.75,Low,59.1,High,0.96,Low,63.42,Low,100.9,Low,17166.57,High,122.04,Low,17989.9,High,29.31,Low,157.11,High,160.96,High,46.12,High,46.12,High,1678.96,Low,3192.7,High,196.99,Low,8360.59,High,391.58,Low,515.06,Low,126.18,Low,411.28,Low,126.84,Low,192.19,Low,891.26,High,316.15,Low,694.27,Low,1055.58,Low,262.81,Low,152.31,High,183.06,Low,6302.27,Low,19683.25,Low,119.16,High,1052.22,High,1237.2,High,883.1,Low,532.84,High,15.37,Low,4.32,Low,1198.28,High,272.9,Low,Low,548.69,548.69,Low,1249.21,Low,1029.16,Low,197.47,High,108.1,Low,61.98,Low,-0.4422855668678068,Low,672.17,High,22034.65,High,3201.3,High,3612.14,High,138.37,High,203.72,High,0.63203839647343,High,192.19,Low
TCGA-MN-A4N5,142.13,Low,,,,,,,,,,,,,,,,,,,,,,,,,84.0,0.0,84.0,0.0,63.0,0.0,MALE,,,0.0,0.0,1.0,1.0,,,,,,,1014.13,High,2690.55,High,409.45,Low,9.84,High,124.02,Low,438.58,High,0.0,244001.57,High,1617.72,High,1530.71,High,5.12,High,206.3,High,165.75,High,124.02,High,18261.42,High,153.54,Low,11049.09,Low,225.59,High,50.79,Low,22.44,Low,38.98,High,38.98,High,4236.57,High,1539.76,Low,130.31,Low,3017.72,High,471.26,Low,454.33,Low,619.44,High,759.45,High,287.01,High,592.52,High,546.85,High,435.43,High,1575.59,High,955.51,Low,678.74,Low,258.27,High,586.61,High,7361.02,Low,22667.72,High,224.8,High,1089.37,High,2421.65,High,1532.28,High,19.29,Low,20.87,Low,11.42,Low,3.54,Low,655.12,High,Low,646.85,646.85,Low,1284.25,Low,1305.51,Low,64.96,High,640.94,High,20.87,Low,-0.24413607940559967,High,758.66,High,8498.82,Low,717.29,Low,1616.54,High,140.55,High,98.82,Low,-0.27532213031118224,Low,592.52,High
TCGA-MP-A4SV,322.79,High,,,,,,,,,,,,,,,,,,,,,,,,,2620.0,1.0,,,67.0,1.0,MALE,,110.0,0.0,0.0,2.0,1.0,,0.2920960900079517,0.2920960900079517,1.2306724554775814,,,1379.59,High,1791.36,High,1029.93,Low,2.57,Low,309.11,High,912.78,High,1.0,109208.64,High,1535.27,High,1055.15,High,10.26,High,29.93,Low,357.85,High,198.38,High,11952.54,High,209.49,Low,12549.96,Low,137.24,High,90.81,High,48.74,High,17.53,Low,17.53,Low,5397.61,High,1545.96,Low,887.13,High,2233.01,Low,1041.04,High,1057.72,High,693.54,High,970.5,High,1053.87,High,515.18,High,619.07,High,855.92,High,4102.18,High,1310.39,Low,1041.04,High,953.83,High,470.29,High,9123.13,High,19081.66,Low,156.48,High,1714.84,High,2162.89,High,1510.47,High,560.92,High,267.21,High,116.29,High,100.04,High,594.27,High,High,1972.21,1972.21,High,1225.74,Low,1000.43,Low,264.64,High,1097.91,High,421.55,High,0.28006496090947586,High,674.65,High,8882.86,Low,753.29,Low,1923.47,High,120.56,High,76.53,Low,-0.2722075008154061,Low,515.18,High
TCGA-MP-A4SW,133.88,Low,,,,,,,,,,,,,,,,,,,,,,,,,1778.0,1.0,,,53.0,0.0,MALE,,15.0,0.0,1.0,2.0,2.0,,0.4089345260111324,0.4089345260111324,0.8942002188563686,,,2698.04,High,1328.78,Low,1115.21,Low,5.46,High,112.93,Low,685.34,High,1.0,402138.02,High,931.69,Low,787.34,Low,6.83,High,122.95,Low,118.85,Low,113.39,High,12823.32,High,201.73,Low,16524.05,Low,51.0,Low,60.72,Low,37.34,High,190.35,High,190.35,High,4777.11,High,3303.73,High,833.79,High,2568.31,Low,567.85,High,672.59,High,311.05,Low,606.56,Low,239.07,Low,270.04,High,487.25,High,771.4,High,1066.03,Low,1323.32,Low,1047.36,High,62.84,Low,420.76,High,20606.1,High,16958.56,Low,115.66,High,701.73,Low,771.4,Low,750.46,Low,221.31,High,49.18,Low,53.28,High,6.83,High,170.76,Low,Low,577.41,577.41,Low,751.37,Low,4062.84,High,109.29,High,113.84,Low,472.22,High,-0.30157581992511034,Low,377.5,Low,7366.12,Low,540.92,Low,1552.37,High,91.53,Low,77.41,Low,-0.4304389535803124,Low,270.04,High
TCGA-MP-A4SY,183.99,Low,,,,,,,,,,,,,,,,,,,,,,,,,1501.0,1.0,,,61.0,0.0,MALE,,40.0,0.0,1.0,2.0,2.0,,0.4953363663031396,0.4953363663031396,0.7025182193028503,,,1039.01,High,1941.68,High,763.25,Low,15.15,High,105.2,Low,329.89,High,1.0,19445.83,Low,1047.25,Low,990.97,High,1.73,Low,238.11,High,86.15,Low,79.23,Low,15397.95,High,181.83,Low,25801.16,High,144.16,High,47.19,Low,20.35,Low,8.66,Low,8.66,Low,2248.73,Low,2979.41,High,385.74,Low,2717.06,High,377.95,Low,666.28,High,386.35,High,1878.47,High,292.66,High,435.53,High,173.17,Low,362.79,Low,3021.41,High,1399.66,Low,2203.6,High,728.18,High,358.03,High,10697.22,High,12046.22,Low,34.2,Low,952.87,High,2259.02,High,993.14,Low,99.57,Low,595.71,High,423.4,High,30.3,High,348.94,Low,High,993.57,993.57,High,1191.85,Low,788.36,Low,0.0,Low,170.14,Low,22.51,Low,-0.5276870424715051,Low,1023.87,High,11547.06,Low,4599.32,High,2362.49,High,210.4,High,184.86,High,0.43686738471780046,High,435.53,High
TCGA-MP-A4T4,268.25,High,,,,,,,,,,,,,,,,,,,,,,,,,2617.0,1.0,,,68.0,1.0,FEMALE,,50.0,0.0,1.0,2.0,2.0,,0.3186502800086746,0.3186502800086746,1.1436610784879515,,,1283.67,High,1234.9,Low,994.68,Low,9.18,High,438.38,High,306.91,High,1.0,45707.59,Low,716.29,Low,1288.55,High,0.48,Low,20.78,Low,257.13,High,101.02,Low,8912.52,High,118.9,Low,28125.49,High,550.51,High,126.15,High,34.32,High,15.95,Low,15.95,Low,4194.33,High,3056.07,High,95.7,Low,2645.24,Low,1043.02,High,538.91,Low,539.53,High,841.95,High,369.26,High,401.16,High,531.17,High,585.31,High,2544.22,High,1312.71,Low,460.13,Low,206.86,High,465.93,High,9061.38,High,24498.79,High,108.75,Low,1200.1,High,1081.68,Low,1170.13,High,92.32,Low,311.74,High,1384.73,High,158.53,High,480.91,High,High,951.18,951.18,High,1173.51,Low,1042.05,Low,30.45,High,149.83,Low,99.08,Low,-0.48885622372845,Low,704.69,High,9521.02,Low,1130.43,High,3492.51,High,183.66,High,404.06,High,0.2821086468325281,High,401.16,High
TCGA-MP-A4T6,162.85,Low,,,,,,,,,,,,,,,,,,,,,,,,,1790.0,1.0,1790.0,0.0,76.0,1.0,FEMALE,,50.0,,2.0,1.0,3.0,,0.3903465930106264,0.3903465930106264,0.9407202344912613,,,2308.78,High,610.43,Low,983.35,Low,6.95,High,233.49,High,961.76,High,1.0,23066.42,Low,1094.24,Low,197.99,Low,4.39,High,126.99,Low,29.64,Low,58.19,Low,15744.56,High,62.95,Low,8186.54,Low,36.6,Low,12.81,Low,38.06,High,9.88,Low,9.88,Low,12598.2,High,868.07,Low,542.73,High,1044.46,Low,117.11,Low,601.65,Low,104.12,Low,144.19,Low,49.77,Low,190.3,Low,333.39,Low,167.98,Low,220.31,Low,2161.76,High,769.62,Low,118.94,High,94.05,Low,1277.58,Low,12520.04,Low,35.13,Low,505.4,Low,501.01,Low,539.8,Low,1895.33,High,180.42,High,3.29,Low,0.0,Low,125.53,Low,Low,94.42,94.42,Low,653.61,Low,9943.28,High,12.81,High,119.3,Low,266.42,High,-0.4396240509398405,Low,475.39,Low,2705.95,Low,105.76,Low,492.59,Low,30.01,Low,21.96,Low,-0.8719950555654712,Low,190.3,Low
TCGA-MP-A4T7,254.96,High,,,,,,,,,,,,,,,,,,,,,,,,,167.0,1.0,,,75.0,1.0,FEMALE,,50.0,1.0,0.0,2.0,4.0,,0.9573093877298741,0.9573093877298741,0.043628650611941586,,,614.03,Low,1163.66,Low,1584.92,High,6.18,High,80.72,Low,229.82,High,1.0,200234.01,High,1038.82,Low,1041.47,High,3.53,High,175.12,High,85.58,Low,117.34,High,8397.49,Low,246.58,High,16251.62,Low,32.64,Low,150.42,High,42.79,High,11.03,Low,11.03,Low,2754.7,Low,2178.66,High,884.87,High,3246.16,High,1224.53,High,570.36,Low,459.05,High,592.42,Low,226.29,Low,261.58,Low,389.5,High,661.67,High,1172.48,High,1539.05,High,467.58,Low,169.83,High,498.02,High,15713.36,High,14113.0,Low,176.45,High,506.84,Low,643.59,Low,632.56,Low,11.03,Low,23.38,Low,9.7,Low,4.85,Low,773.27,High,High,2058.68,2058.68,High,1322.02,Low,1692.55,High,30.0,High,359.51,High,29.11,Low,-0.4084228245099954,Low,496.25,Low,20120.53,High,525.34,Low,3599.93,High,72.78,Low,250.11,High,0.24052725278910173,High,261.58,Low
TCGA-MP-A4T8,180.16,Low,,,,,,,,,,,,,,,,,,,,,,,,,161.0,1.0,,,68.0,1.0,MALE,,25.0,0.0,2.0,2.0,3.0,,0.9660122003456001,0.9660122003456001,0.034578815092023776,,,571.96,Low,1853.23,High,325.88,Low,2.94,Low,151.6,Low,193.18,Low,1.0,108226.77,High,1163.25,Low,891.55,High,120.11,High,52.07,Low,151.18,High,111.71,High,5387.51,Low,161.26,Low,10072.1,Low,15.96,Low,119.27,High,49.13,High,7.14,Low,7.14,Low,2551.76,Low,1990.97,High,736.59,High,3480.11,High,778.16,High,629.92,Low,540.43,High,948.66,High,337.64,High,267.51,Low,311.18,Low,638.74,High,5498.79,High,1113.28,Low,366.19,Low,94.49,Low,45.77,Low,8854.59,High,20029.82,Low,125.56,High,543.83,Low,789.5,Low,833.18,Low,95.75,Low,5.46,Low,15.96,Low,20.58,High,500.16,High,Low,707.61,707.61,Low,968.4,Low,1092.7,Low,7.98,High,376.69,High,328.4,High,-0.2772174023394742,Low,668.98,High,14536.48,High,1671.75,High,1613.44,High,278.01,High,127.66,High,0.23942278416777207,High,267.51,Low
TCGA-MP-A4T9,251.29,High,,,,,,,,,,,,,,,,,,,,,,,,,1265.0,1.0,1248.0,1.0,54.0,0.0,FEMALE,,24.0,,2.0,2.0,3.0,,0.576005431672508,0.576005431672508,0.5516381883437149,0.5784712815159848,0.5473663765953805,5027.05,High,1442.85,High,597.77,Low,13.94,High,154.92,Low,228.99,High,1.0,128116.29,High,668.26,Low,1329.35,High,6.37,High,216.65,High,93.19,Low,88.81,Low,15703.7,High,417.36,High,27141.83,High,121.86,High,110.71,High,24.69,Low,54.56,High,54.56,High,2545.08,Low,3076.86,High,435.68,Low,3195.54,High,384.71,Low,595.78,Low,252.96,Low,526.88,Low,279.17,High,337.32,High,287.53,Low,324.97,Low,1238.95,High,1545.6,High,620.47,Low,133.81,High,403.82,High,10723.62,High,14575.87,Low,70.89,Low,835.13,Low,417.76,Low,994.42,Low,43.81,Low,118.28,High,88.41,High,9.96,High,265.23,Low,Low,673.04,673.04,Low,1720.03,High,1813.62,High,65.71,High,1027.88,High,1109.52,High,0.4474638674259228,High,774.99,High,9675.43,Low,1857.81,High,3073.68,High,213.86,High,83.63,Low,0.16455567732736726,High,337.32,High
TCGA-MP-A4TA,454.84,High,,,,,,,,,,,,,,,,,,,,,,,,,950.0,1.0,,,75.0,1.0,FEMALE,,55.0,0.0,0.0,1.0,1.0,,0.7123655149198147,0.7123655149198147,0.33916413564477516,,,570.37,Low,709.74,Low,1362.92,High,3.64,Low,261.76,High,23.83,Low,1.0,699.64,Low,1589.53,High,1498.24,High,5.25,High,5.25,Low,211.67,High,243.18,High,8638.01,Low,193.49,Low,8535.13,Low,39.99,Low,118.36,High,14.14,Low,11.71,Low,11.71,Low,398.12,Low,1055.11,Low,103.01,Low,6699.87,High,1028.05,High,1058.75,High,598.19,High,1151.65,High,574.82,High,685.09,High,949.28,High,2783.6,High,1525.71,High,958.16,Low,378.09,Low,49.69,Low,353.86,High,1905.82,Low,18270.14,Low,290.84,High,2618.39,High,2858.74,High,1064.81,Low,576.84,High,89.27,High,9.69,Low,9.29,High,1000.17,High,High,1162.56,1162.56,High,1251.43,Low,1170.64,Low,398.7,High,636.22,High,1760.0,High,0.698452595640676,High,222.17,Low,14335.28,High,437.87,Low,1990.65,High,154.71,High,151.48,High,-0.03872629940172607,High,685.09,High
TCGA-MP-A4TC,487.26,High,,,,,,,,,,,,,,,,,,,,,,,,,74.0,1.0,74.0,0.0,77.0,1.0,MALE,,125.0,0.0,2.0,1.0,3.0,,0.9755081256701432,0.9755081256701432,0.024796789204669753,,,1037.31,High,830.76,Low,2091.9,High,10.01,High,193.36,High,192.9,Low,1.0,47679.71,Low,1358.51,High,1095.09,High,2.73,Low,524.57,High,153.32,High,182.44,High,8045.04,Low,161.06,Low,26391.41,High,329.85,High,146.95,High,25.93,Low,29.12,High,29.12,High,2268.79,Low,6695.18,High,261.15,Low,4763.88,High,937.67,High,595.09,Low,507.76,High,892.17,High,345.77,High,363.06,High,1012.74,High,917.2,High,2984.08,High,2020.93,High,284.35,Low,212.92,High,216.11,Low,13656.05,High,21469.97,High,192.9,High,1064.6,High,2288.44,High,1527.75,High,547.77,High,166.97,High,1.82,Low,1476.8,High,465.88,High,High,973.61,973.61,High,1555.05,High,1286.62,Low,125.11,High,750.23,High,101.0,Low,-0.11942468048557912,High,821.2,High,13513.19,High,4685.59,High,3888.99,High,136.94,High,657.42,High,0.8393360239180143,High,363.06,High
TCGA-MP-A4TD,126.66,Low,,,,,,,,,,,,,,,,,,,,,,,,,307.0,1.0,,,71.0,1.0,MALE,,20.0,0.0,2.0,2.0,3.0,,0.917655942667763,0.917655942667763,0.08593274873528059,,,308.0,Low,1454.41,High,1675.21,High,2.46,Low,123.21,Low,147.36,Low,1.0,299937.9,High,938.39,Low,362.25,Low,1.48,Low,589.45,High,108.43,Low,78.36,Low,3575.65,Low,309.02,High,21516.56,High,18.73,Low,383.44,High,6.9,Low,29.08,High,29.08,High,4179.61,High,4339.08,High,1417.45,High,2468.21,Low,318.88,Low,645.64,High,160.78,Low,684.08,High,136.03,Low,221.29,Low,431.74,High,497.78,High,2431.25,High,944.8,Low,571.71,Low,140.46,High,62.59,Low,7902.91,High,15988.17,Low,80.83,Low,632.82,Low,630.36,Low,649.09,Low,292.76,High,30.56,Low,172.99,High,2.46,Low,397.24,High,Low,466.73,466.73,Low,720.55,Low,1027.6,Low,398.23,High,85.76,Low,24.15,Low,-0.3684574356690302,Low,761.46,High,9256.28,Low,546.46,Low,2630.36,High,212.42,High,187.78,High,0.035754530129393246,High,221.29,Low
TCGA-MP-A4TE,174.89,Low,,,,,,,,,,,,,,,,,,,,,,,,,896.0,1.0,845.0,1.0,56.0,0.0,MALE,,40.0,,0.0,2.0,2.0,,0.6254014067627571,0.6254014067627571,0.4693615845801183,0.5941521495170867,0.520619848450598,557.7,Low,2249.78,High,1283.7,Low,0.44,Low,170.04,High,175.33,Low,1.0,676702.64,High,1112.78,Low,680.18,Low,3.52,High,1922.03,High,181.5,High,81.94,Low,5792.95,Low,29.96,Low,3659.47,Low,20.7,Low,388.11,High,4.85,Low,6.17,Low,6.17,Low,5099.79,High,716.3,Low,3669.16,High,1652.42,Low,365.2,Low,763.44,High,475.94,High,659.03,Low,263.44,High,211.89,Low,574.45,High,659.03,High,2337.89,High,770.04,Low,423.79,Low,34.8,Low,22.03,Low,8371.37,High,25004.85,High,92.07,Low,911.89,Low,1093.83,Low,755.51,Low,1114.1,High,6.17,Low,27.31,Low,17.62,High,709.25,High,High,1220.7,1220.7,High,1131.28,Low,2158.59,High,0.88,Low,11.45,Low,533.04,High,-0.3844935475413922,Low,747.14,High,13111.45,High,1795.98,High,722.47,Low,74.45,Low,84.14,Low,-0.2856468466411908,Low,211.89,Low
TCGA-MP-A4TF,181.89,Low,,,,,,,,,,,,,,,,,,,,,,,,,336.0,1.0,,,58.0,0.0,FEMALE,,40.0,0.0,0.0,2.0,2.0,,0.9087032017636872,0.9087032017636872,0.09573674883190142,,,4560.32,High,29832.79,High,1064.44,Low,8.97,High,122.35,Low,92.17,Low,1.0,103832.79,Low,1195.76,Low,1746.33,High,4.08,High,110.93,Low,130.51,High,125.61,High,9323.0,High,117.46,Low,7694.68,Low,223.49,High,77.49,Low,9.79,Low,43.23,High,43.23,High,489.03,Low,1048.94,Low,111.75,Low,3509.79,High,461.66,Low,969.82,High,364.53,High,1035.07,High,394.78,High,384.18,High,349.1,Low,389.89,Low,637.85,Low,2593.8,High,378.47,Low,38.34,Low,114.19,Low,4592.99,Low,29739.8,High,93.8,Low,1571.78,High,1824.63,High,1099.51,High,40.78,Low,5.71,Low,89.72,High,47.31,High,523.65,High,High,1930.67,1930.67,High,1370.31,Low,521.21,Low,48.12,High,1014.68,High,1054.65,High,0.4069977751770531,High,415.99,Low,24304.24,High,1563.61,High,4300.16,High,56.28,Low,208.81,High,0.4844117469943,High,384.18,High
TCGA-MP-A4TH,45.66,Low,,,,,,,,,,,,,,,,,,,,,,,,,741.0,0.0,741.0,0.0,70.0,1.0,FEMALE,,20.0,0.0,0.0,1.0,1.0,,,,,,,881.0,Low,1113.01,Low,1395.76,High,2.77,Low,101.48,Low,416.05,High,1.0,612175.28,High,797.51,Low,174.82,Low,0.92,Low,1958.95,High,17.07,Low,38.75,Low,10028.14,High,369.46,High,14791.86,Low,55.35,Low,29.45,Low,169.28,High,21.22,Low,21.22,Low,4961.73,High,1528.14,Low,1881.46,High,1499.08,Low,92.25,Low,544.28,Low,85.69,Low,150.37,Low,46.13,Low,88.56,Low,143.45,Low,92.71,Low,1029.98,Low,2368.54,High,897.14,High,90.87,Low,83.49,Low,5243.08,Low,35053.51,High,28.14,Low,294.74,Low,375.0,Low,406.37,Low,54.43,Low,46.13,Low,20.76,Low,2.31,Low,80.72,Low,Low,650.83,650.83,Low,1341.79,Low,3047.97,High,20.76,High,412.36,High,16.14,Low,-0.3907352186685659,Low,888.38,High,8813.65,Low,265.06,Low,797.05,Low,74.72,Low,73.34,Low,-0.5423472314641912,Low,88.56,Low
TCGA-MP-A4TI,261.4,High,,,,,,,,,,,,,,,,,,,,,,,,,429.0,1.0,,,72.0,1.0,MALE,,35.0,0.0,1.0,2.0,2.0,,0.8807070836517902,0.8807070836517902,0.12703018999676766,,,523.83,Low,1517.67,High,1372.1,High,3.59,Low,71.24,Low,87.65,Low,1.0,66044.34,Low,1507.93,High,1309.06,High,8.2,High,100.97,Low,278.32,High,102.51,Low,4332.6,Low,200.92,Low,63005.71,High,346.49,High,139.41,High,192.21,High,84.57,High,84.57,High,1571.59,Low,3556.6,High,199.38,Low,5233.67,High,1122.49,High,1042.53,High,941.5,High,1713.97,High,611.47,High,445.92,High,433.62,High,1002.55,High,2026.12,High,1155.8,Low,183.49,Low,67.66,Low,312.66,High,2820.06,Low,12887.6,Low,198.36,High,1104.55,High,1562.77,High,1140.43,High,23.58,Low,504.86,High,388.0,High,299.33,High,543.3,High,Low,757.55,757.55,Low,1358.26,Low,423.37,Low,2.05,Low,1048.68,High,166.07,Low,0.005839176051282739,High,981.54,High,16161.27,High,5442.68,High,3600.16,High,217.83,High,1230.12,High,1.4315833776132256,High,445.92,High
TCGA-MP-A4TJ,155.46,Low,,,,,,,,,,,,,,,,,,,,,,,,,339.0,1.0,,,62.0,0.0,FEMALE,,,0.0,0.0,1.0,1.0,,0.9042268313116494,0.9042268313116494,0.10067503047248398,,,910.03,Low,1753.71,High,1505.68,High,7.86,High,158.08,Low,197.38,Low,0.0,233751.09,High,1182.53,Low,888.21,High,1.75,Low,89.96,Low,73.36,Low,130.13,High,5354.59,Low,356.33,High,20578.18,High,267.25,High,1453.28,High,110.04,High,43.67,High,43.67,High,2361.9,Low,2296.94,High,709.17,High,3458.52,High,373.8,Low,664.63,High,278.92,Low,731.88,High,225.33,Low,205.24,Low,268.12,Low,330.13,Low,1283.84,High,1236.68,Low,546.72,Low,132.75,High,90.83,Low,6734.5,Low,22296.07,High,61.14,Low,716.16,Low,1337.99,High,759.83,Low,534.5,High,337.99,High,1944.1,High,4.37,Low,436.68,High,High,1417.47,1417.47,High,1399.13,Low,1331.0,Low,38.43,High,392.14,High,53.28,Low,-0.3759481780735016,Low,585.15,Low,8572.93,Low,1098.64,High,1776.42,High,172.05,High,158.08,High,-0.12676085232545833,High,205.24,Low
TCGA-MP-A4TK,194.65,High,,,,,,,,,,,,,,,,,,,,,,,,,582.0,1.0,545.0,1.0,56.0,0.0,FEMALE,,28.0,,1.0,2.0,2.0,,0.8442528184758432,0.8442528184758432,0.1693032812845517,0.7710228844494572,0.2600372243424893,2846.4,High,1613.67,High,1547.8,High,31.7,High,131.25,Low,124.81,Low,1.0,20400.2,Low,767.21,Low,1407.63,High,0.5,Low,13.87,Low,257.55,High,78.75,Low,12306.59,High,238.73,High,48985.31,High,44.08,Low,79.25,High,21.79,Low,71.82,High,71.82,High,3664.7,High,4673.6,High,763.25,High,3331.35,High,897.97,High,494.8,Low,649.36,High,792.97,High,461.12,High,263.99,Low,534.92,High,733.04,High,1641.9,High,1880.63,High,465.58,Low,573.06,High,436.85,High,4555.23,Low,23935.61,High,224.37,High,638.43,Low,1153.05,High,957.4,Low,49.03,Low,338.29,High,8.92,Low,148.59,High,490.84,High,High,1034.18,1034.18,High,1862.8,High,548.29,Low,23.77,High,1253.59,High,829.12,High,0.42152471261915325,High,1453.19,High,18874.69,High,2439.26,High,3410.6,High,130.76,High,328.38,High,0.510582676244707,High,263.99,Low
TCGA-MP-A5C7,102.92,Low,,,,,,,,,,,,,,,,,,,,,,,,,2248.0,0.0,2248.0,0.0,76.0,1.0,FEMALE,,15.0,0.0,0.0,2.0,1.0,,,,,,,541.55,Low,1635.85,High,2072.41,High,0.0,Low,130.72,Low,516.24,High,1.0,281010.06,High,1086.42,Low,140.68,Low,14.11,High,2264.97,High,30.29,Low,30.71,Low,9193.07,High,60.17,Low,4905.36,Low,11.2,Low,15.35,Low,10.37,Low,8.71,Low,8.71,Low,8601.89,High,2159.56,High,2737.21,High,1647.89,Low,266.42,Low,603.38,Low,145.78,Low,151.88,Low,63.49,Low,98.77,Low,218.69,Low,152.71,Low,1717.19,High,1860.36,High,769.79,Low,26.14,Low,9.13,Low,16119.1,High,31882.98,High,40.25,Low,606.7,Low,580.14,Low,309.16,Low,700.07,High,22.41,Low,2.49,Low,0.0,Low,430.34,High,Low,574.33,574.33,Low,1220.46,Low,4178.44,High,0.41,Low,118.27,Low,8.3,Low,-0.5614694613790618,Low,772.28,High,13328.77,High,232.3,Low,558.98,Low,17.01,Low,29.05,Low,-0.5802007295858964,Low,98.77,Low
TCGA-NJ-A4YF,72.9,Low,,,,,,,,,,,,,,,,,,,,,,,,,2161.0,0.0,2161.0,0.0,50.0,0.0,FEMALE,,30.0,0.0,0.0,1.0,1.0,,,,,,,213.85,Low,1654.92,High,213.85,Low,0.0,Low,142.16,Low,30.38,Low,1.0,52702.92,Low,729.65,Low,634.87,Low,6.08,High,0.61,Low,132.44,High,63.79,Low,4769.14,Low,93.56,Low,13633.43,Low,7.9,Low,22.52,Low,4.86,Low,4.86,Low,4.86,Low,2708.94,Low,905.83,Low,829.28,High,2143.38,Low,339.61,Low,292.83,Low,212.57,Low,752.73,High,150.06,Low,222.36,Low,708.99,High,376.67,Low,1010.94,Low,496.35,Low,524.91,Low,19.44,Low,172.54,Low,6826.85,Low,20016.4,Low,151.88,High,1009.72,High,4037.06,High,792.83,Low,108.75,Low,1.82,Low,3.65,Low,0.0,Low,2537.06,High,Low,792.83,792.83,Low,184.69,Low,2490.89,High,20.05,High,631.23,High,9.72,Low,-0.2772300733985194,Low,267.92,Low,11303.16,Low,1205.94,High,363.31,Low,58.32,Low,74.73,Low,-0.46874582582883634,Low,222.36,Low
TCGA-NJ-A4YG,65.82,Low,,,,,,,,,,,,,,,,,,,,,,,,,2261.0,0.0,2261.0,0.0,65.0,0.0,MALE,,104.0,0.0,0.0,2.0,1.0,,,,,,,494.21,Low,1681.29,High,2035.22,High,9.24,High,127.6,Low,719.98,High,1.0,441413.39,High,929.56,Low,302.54,Low,0.58,Low,266.17,High,22.52,Low,32.91,Low,8116.05,Low,119.52,Low,14754.54,Low,49.65,Low,19.63,Low,35.8,High,12.7,Low,12.7,Low,5658.24,High,1331.99,Low,816.97,High,2122.4,Low,155.31,Low,483.83,Low,98.11,Low,546.77,Low,73.9,Low,124.13,Low,138.57,Low,222.29,Low,2302.54,High,1545.03,High,1856.81,High,63.51,Low,370.67,High,7493.65,Low,20972.29,High,61.2,Low,418.59,Low,673.79,Low,463.63,Low,2.31,Low,35.22,Low,89.49,High,123.56,High,137.99,Low,Low,499.42,499.42,Low,818.71,Low,2325.64,High,0.0,Low,491.34,High,18.48,Low,-0.3581802330195593,Low,614.32,High,10247.69,Low,874.09,High,2733.83,High,39.84,Low,75.06,Low,-0.2673535794476355,Low,124.13,Low
TCGA-NJ-A4YI,58.41,Low,,,,,,,,,,,,,,,,,,,,,,,,,4.0,1.0,4.0,0.0,87.0,1.0,FEMALE,,3.0,0.0,2.0,2.0,3.0,,0.9959349593495935,0.9959349593495935,0.004073325387635786,,,1411.18,High,1720.71,High,1912.72,High,1.34,Low,140.32,Low,1572.34,High,1.0,395628.73,High,662.64,Low,316.21,Low,0.0,Low,170.53,High,47.67,Low,18.13,Low,8648.54,Low,51.02,Low,19327.5,High,145.02,High,75.86,Low,40.95,High,200.74,High,200.74,High,7561.62,High,1195.03,Low,2110.1,High,2220.88,Low,114.8,Low,586.1,Low,77.4,Low,290.03,Low,73.85,Low,69.82,Low,183.95,Low,294.06,Low,890.9,Low,603.56,Low,1085.6,High,30.21,Low,590.13,High,3560.26,Low,19597.85,Low,31.55,Low,590.8,Low,779.46,Low,476.67,Low,313.53,High,775.43,High,2.01,Low,696.21,High,124.2,Low,Low,490.77,490.77,Low,888.89,Low,4952.0,High,136.29,High,30.21,Low,16.11,Low,-0.5355186713461272,Low,966.1,High,4939.91,Low,409.53,Low,1990.6,High,34.24,Low,54.38,Low,-0.5701529790776595,Low,69.82,Low
TCGA-NJ-A4YP,151.93,Low,,,,,,,,,,,,,,,,,,,,,,,,,50.0,0.0,50.0,0.0,52.0,0.0,MALE,,60.0,0.0,0.0,2.0,1.0,,,,,,,237.55,Low,1148.12,Low,2074.7,High,2.03,Low,91.21,Low,116.87,Low,1.0,198874.74,High,971.8,Low,704.78,Low,6.61,High,49.29,Low,120.17,Low,82.32,Low,7049.8,Low,167.68,Low,17323.48,High,31.0,Low,139.62,High,20.83,Low,17.53,Low,17.53,Low,2653.34,Low,2263.21,High,2631.35,High,2533.54,Low,464.43,Low,451.98,Low,382.01,High,731.2,High,253.3,Low,205.79,Low,520.07,High,645.07,High,3314.28,High,929.37,Low,685.21,Low,180.13,High,259.91,Low,29748.98,High,18813.52,Low,150.66,High,740.85,Low,762.45,Low,753.05,Low,269.82,High,34.04,Low,48.02,High,49.8,High,275.41,Low,High,1760.67,1760.67,High,1494.41,Low,3429.62,High,0.51,Low,353.4,High,17.53,Low,-0.43190857048210224,Low,674.03,High,14379.83,High,2095.75,High,9090.45,High,143.8,High,239.33,High,1.0294821890160066,High,205.79,Low
TCGA-NJ-A4YQ,203.39,High,,,,,,,,,,,,,,,,,,,,,,,,,1432.0,0.0,1432.0,0.0,69.0,1.0,FEMALE,,40.0,0.0,0.0,1.0,1.0,,,,,,,357.19,Low,553.04,Low,588.83,Low,7.53,High,153.17,Low,44.57,Low,1.0,23124.29,Low,767.11,Low,1404.27,High,11.93,High,26.37,Low,82.86,Low,70.94,Low,6932.83,Low,127.43,Low,14790.65,Low,82.23,High,42.06,Low,126.18,High,10.67,Low,10.67,Low,425.03,Low,1478.34,Low,161.33,Low,11310.11,High,406.78,Low,645.95,High,244.26,Low,762.08,High,152.54,Low,390.46,High,424.36,High,689.27,High,793.47,Low,2156.31,High,644.7,Low,262.4,High,103.58,Low,27504.71,High,17616.45,Low,127.43,High,1028.25,High,907.72,Low,979.28,Low,23.23,Low,47.08,Low,9.42,Low,0.0,Low,490.9,High,Low,644.7,644.7,Low,,,694.29,Low,2.51,Low,55.87,Low,39.55,Low,-0.5797574732721625,Low,339.61,Low,16333.96,High,591.86,Low,865.03,Low,117.39,High,229.76,High,-0.12873974152980708,High,390.46,High
TCGA-NJ-A55A,102.28,Low,,,,,,,,,,,,,,,,,,,,,,,,,15.0,0.0,15.0,0.0,76.0,1.0,FEMALE,,25.0,0.0,0.0,2.0,1.0,,,,,,,1779.85,High,1139.09,Low,1347.15,High,2.62,Low,167.85,High,964.25,High,1.0,139927.44,High,1087.51,Low,271.0,Low,4.37,High,224.67,High,12.24,Low,50.7,Low,6811.78,Low,718.59,High,19079.63,High,60.32,Low,47.21,Low,35.84,High,61.19,High,61.19,High,1642.6,Low,2236.21,High,339.19,Low,1408.34,Low,257.02,Low,424.86,Low,105.92,Low,252.64,Low,69.06,Low,247.4,Low,124.14,Low,101.41,Low,979.11,Low,1737.04,High,775.42,Low,304.22,High,144.24,Low,1389.11,Low,12251.07,Low,39.34,Low,711.6,Low,518.4,Low,607.57,Low,976.48,High,1074.39,High,3571.12,High,4.37,Low,95.29,Low,Low,314.71,314.71,Low,855.84,Low,1237.0,Low,0.0,Low,493.92,High,28.85,Low,-0.3521857609197763,Low,624.18,High,8060.15,Low,187.08,Low,492.18,Low,123.26,High,82.17,Low,-0.5165783235273564,Low,247.4,Low
TCGA-NJ-A55O,113.19,Low,,,,,,,,,,,,,,,,,,,,,,,,,13.0,0.0,13.0,0.0,56.0,0.0,FEMALE,,30.0,0.0,1.0,1.0,2.0,,,,,,,527.42,Low,1297.55,Low,906.65,Low,21.59,High,121.35,Low,340.72,High,1.0,280745.08,High,990.08,Low,809.22,Low,3.5,High,386.23,High,65.93,Low,60.68,Low,6865.81,Low,324.39,High,18678.3,High,117.27,High,37.58,Low,8.75,Low,17.5,Low,17.5,Low,2940.09,Low,3356.48,High,1519.25,High,4808.63,High,255.54,Low,345.39,Low,192.93,Low,442.24,Low,181.45,Low,184.95,Low,480.75,High,321.47,Low,616.69,Low,990.08,Low,712.37,Low,46.67,Low,327.89,High,8133.02,High,20556.01,High,70.6,Low,334.31,Low,739.79,Low,814.47,Low,7.0,Low,33.84,Low,4.08,Low,0.0,Low,503.5,High,High,933.49,933.49,High,1217.62,Low,4077.01,High,1.17,Low,130.69,Low,153.44,Low,-0.4898159279151224,Low,424.15,Low,12817.97,High,294.05,Low,3005.83,High,49.59,Low,61.84,Low,-0.207857208057791,Low,184.95,Low
TCGA-NJ-A55R,138.64,Low,,,,,,,,,,,,,,,,,,,,,,,,,603.0,0.0,603.0,0.0,67.0,1.0,MALE,,5.0,,0.0,1.0,1.0,,,,,,,394.3,Low,1496.01,High,1238.18,Low,9.37,High,167.48,High,143.21,Low,1.0,233308.1,High,822.25,Low,653.57,Low,2.88,Low,104.76,Low,113.41,Low,42.29,Low,9251.64,High,426.74,High,11802.2,Low,27.63,Low,31.48,Low,16.1,Low,17.3,Low,17.3,Low,2588.58,Low,2764.94,High,787.17,High,3114.8,High,361.15,Low,469.03,Low,264.27,Low,624.26,Low,232.59,Low,175.89,Low,453.66,High,428.19,High,1182.44,High,875.35,Low,1441.94,High,29.31,Low,40.37,Low,10779.6,High,34211.33,High,76.89,Low,576.44,Low,1044.75,Low,541.6,Low,125.43,Low,13.7,Low,4.33,Low,4.33,Low,1154.8,High,High,893.37,893.37,High,442.12,Low,2588.57,High,1.68,Low,123.51,Low,43.97,Low,-0.5421394550722287,Low,595.9,Low,8083.38,Low,1870.85,High,940.47,Low,92.51,Low,82.9,Low,-0.35792592701549897,Low,175.89,Low
TCGA-NJ-A7XG,74.64,Low,,,,,,,,,,,,,,,,,,,,,,,,,617.0,0.0,617.0,0.0,49.0,0.0,MALE,,,0.0,1.0,4.0,3.0,,,,,,,556.35,Low,1209.85,Low,1778.13,High,1.37,Low,121.35,Low,470.75,High,0.0,983538.87,High,898.45,Low,148.37,Low,4.58,High,230.8,High,8.7,Low,40.3,Low,12923.64,High,96.16,Low,8105.81,Low,14.2,Low,4.58,Low,3.21,Low,13.74,Low,13.74,Low,5783.13,High,2357.87,High,478.53,High,713.91,Low,104.41,Low,520.66,Low,66.76,Low,219.81,Low,41.21,Low,97.54,Low,166.23,Low,125.47,Low,646.59,Low,2464.57,High,1653.58,High,174.93,High,250.94,Low,4322.38,Low,18245.22,Low,34.34,Low,343.9,Low,653.46,Low,507.38,Low,59.53,Low,580.65,High,69.15,High,110.36,High,50.37,Low,Low,431.37,431.37,Low,759.7,Low,2157.76,High,0.92,Low,343.9,Low,5.04,Low,-0.44232827582237405,Low,366.8,Low,6710.93,Low,848.94,High,745.96,Low,11.91,Low,73.27,Low,-0.6634176057513785,Low,97.54,Low
TCGA-O1-A52J,111.0,Low,,,,,,,,,,,,,,,,,,,,,,,,,1798.0,1.0,,,74.0,1.0,FEMALE,,45.0,,0.0,1.0,1.0,,0.37175866001012037,0.37175866001012037,0.9895103986606933,,,2734.44,High,483.73,Low,361.24,Low,4.31,Low,255.02,High,559.81,High,1.0,715603.83,High,955.5,Low,354.07,Low,4.78,High,152.15,High,50.72,Low,44.5,Low,14543.06,High,595.69,High,18388.88,High,51.67,Low,47.85,Low,35.89,High,62.68,High,62.68,High,6009.52,High,1454.07,Low,1779.9,High,1511.96,Low,250.72,Low,358.85,Low,118.39,Low,300.48,Low,87.08,Low,138.28,Low,307.66,Low,234.93,Low,466.51,Low,1158.85,Low,2183.25,High,390.91,High,230.62,Low,4153.11,Low,18272.25,Low,36.84,Low,544.5,Low,424.4,Low,596.17,Low,5.74,Low,11.0,Low,3.83,Low,1.91,Low,273.68,Low,Low,321.53,321.53,Low,1123.92,Low,2096.17,High,429.67,High,40.19,Low,346.41,High,-0.23316876338299344,High,375.12,Low,5502.87,Low,155.98,Low,1394.26,Low,90.91,Low,36.84,Low,-0.5621123641831743,Low,138.28,Low
TCGA-S2-AA1A,97.62,Low,,,,,,,,,,,,,,,,,,,,,,,,,513.0,0.0,513.0,0.0,68.0,1.0,FEMALE,,95.0,0.0,0.0,1.0,1.0,,,,,,,459.27,Low,1337.91,Low,1156.42,Low,3.28,Low,148.73,Low,77.31,Low,1.0,26194.71,Low,894.34,Low,224.08,Low,5.9,High,2603.75,High,20.97,Low,85.83,Low,4189.32,Low,554.3,High,20356.03,High,66.17,High,120.56,High,51.76,High,10.48,Low,10.48,Low,966.16,Low,4607.99,High,279.77,Low,1549.54,Low,117.28,Low,538.57,Low,75.79,Low,127.11,Low,34.07,Low,116.62,Low,124.49,Low,109.42,Low,1006.38,Low,1864.03,High,280.42,Low,62.9,Low,196.56,Low,4084.49,Low,20886.32,High,43.24,Low,520.23,Low,360.36,Low,443.57,Low,495.98,High,110.73,High,144.14,High,26.86,High,91.07,Low,Low,635.54,635.54,Low,1455.84,Low,1387.7,Low,0.0,Low,1204.9,High,16.38,Low,0.021438696586076444,High,944.14,High,12108.66,High,482.06,Low,1295.98,Low,163.14,High,161.18,High,-0.16086755547572806,High,116.62,Low
