Name,Term,ES,NES,NOM p-val,FDR q-val,FWER p-val,Tag %,Gene %,Lead_genes
gsea,Focal adhesion,0.688554481349164,2.4347853913613777,1.000000e-03,7.682811e-03,3.000000e-03,97/200,13.91%,COMP;ITGA8;PDGFRB;MYLK;FLT4;LAMA2;TNN;ITGA9;COL6A3;LAMA4;VWF;SHC3;PARVG;PDGFRA;ITGB3;PDGFA;COL4A2;CCND2;COL1A1;ITGA11;COL4A3;HGF;FYN;THBS2;TNXB;THBS1;COL1A2;ITGA1;PIK3CD;COL6A6;COL4A4;COL6A2;COL4A1;PDGFD;COL6A1;ITGA4;ITGB6;FLT1;AKT3;FLNA;PDGFB;KDR;FN1;PPP1R12B;PDGFC;ITGA7;PGF;MYL9;TNC;THBS3;LAMB1;PRKCB;ITGB7;TLN2;PARVA;VAV1;LAMC3;ILK;BCL2;CAV3;COL6A5;JUN;PIK3R1;CCND1;CHAD;LAMB2;ITGA3;VEGFA;SHC2;THBS4;ITGA2;ITGA10;CAV1;ITGB5;DOCK1;RASGRF1;VEGFD;PIP5K1C;PRKCA;IGF1;PDPK1;VCL;RAC2;TNR;PPP1R12C;ITGA5;MAPK10;TLN1;RAPGEF1;CAV2;EGFR;MYLK4;ZYX;COL9A2;ROCK1;BRAF;ACTN1
gsea,AGE-RAGE signaling pathway in diabetic complications,0.7123713872886275,2.4135702054367987,1.000000e-03,4.609686e-03,3.000000e-03,53/100,12.28%,TGFB3;NFATC1;MMP2;COL4A2;ICAM1;TGFB2;COL1A1;VCAM1;COL4A3;PLCB2;COL1A2;NOX4;PIK3CD;THBD;COL4A4;COL4A1;AKT3;COL3A1;TGFB1;CYBB;FN1;TGFBR2;PLCG2;EGR1;PLCD1;STAT5A;PRKCB;TNF;BCL2;MAPK11;JUN;PIK3R1;CCND1;AGER;VEGFA;JAK2;PLCG1;F3;FOXO1;PRKCE;IL1B;CCL2;VEGFD;SMAD4;PRKCA;EDN1;NOS3;MAPK10;PRKCZ;SMAD2;AGT;PLCE1;PIM1
gsea,Proteoglycans in cancer,0.6390880957190104,2.397141787230271,1.000000e-03,4.097499e-03,4.000000e-03,110/203,20.51%,DCN;TIMP3;FZD2;ITGB3;MMP2;HSPG2;TGFB2;COL1A1;WNT9A;TLR2;HGF;THBS1;COL1A2;WNT2;FZD1;MMP9;PIK3CD;MRAS;HPSE2;AKT3;HCLS1;FLNA;KDR;TGFB1;FN1;LUM;PPP1R12B;PLCG2;WNT10A;PRKCB;TNF;PLAU;SDC2;CAMK2A;FGFR1;VAV1;ITPR2;CAV3;MAPK11;PIK3R1;CCND1;WNT5B;TLR4;VEGFA;FZD7;PLCG1;WNT7B;HBEGF;SHH;FAS;CBL;WNT2B;ITGA2;MSN;CAV1;GAB1;ITPR3;ITGB5;TWIST2;FZD4;WNT5A;ANK2;FZD8;PRKCA;WNT11;ARHGEF1;WNT6;ARHGEF12;IGF1;PTCH1;PDPK1;PPP1R12C;CD44;ITGA5;ESR1;ITPR1;GPC1;SMAD2;CAV2;PLCE1;EGFR;ERBB4;TIAM1;WNT9B;WNT3A;ROCK1;BRAF;SDC1;PLAUR;WNT7A;HSPB2;PRKACA;FGF2;ITGAV;GPC3;IL12B;CTNNB1;CAMK2D;SLC9A1;CDKN1A;VAV2;FLNB;RRAS;PTPN6;ANK3;CAMK2G;TWIST1;AKT1;PIK3R3;PIK3R2
gsea,Ras signaling pathway,0.6007132588536042,2.322737867017267,1.000000e-03,4.225546e-03,7.000000e-03,114/232,20.51%,PLA2G5;RASGRP4;PDGFRB;FLT4;RASGRP2;SHC3;RASGRF2;RASAL3;GNG7;PDGFRA;GNG2;PDGFA;CSF1;RASGRP1;CSF1R;HGF;GNG8;RASGRP3;PIK3CD;MRAS;TEK;PDGFD;RGL1;RASSF5;FGF7;ANGPT4;FGF1;FLT3;FLT1;AKT3;RALGDS;PDGFB;KDR;ETS1;NTRK1;RASA3;PDGFC;PLCG2;PGF;PRKCB;RAPGEF5;ANGPT1;FGFR1;FLT3LG;FGF10;FGFR2;FGF18;RASAL2;PLA2G4C;FGFR3;PIK3R1;GNG11;ZAP70;PLA2G1B;VEGFA;SYNGAP1;NGFR;PLCG1;LAT;RASSF1;NTF3;SHC2;GNGT2;GAB1;RASGRF1;VEGFD;HTR7;PRKCA;JMJD7-PLA2G4B;IGF1;RAC2;FGF16;FGF9;KSR1;FOXO4;MAPK10;KITLG;IKBKB;PLA2G4F;GNB3;RASA1;RASA2;ABL2;PLCE1;EGFR;TIAM1;EPHA2;TGFA;PRKACA;ANGPT2;STK4;FGF2;NF1;VEGFC;AFDN;PLA2G6;ABL1;RASA4;REL;KSR2;FGF22;INSR;GRIN2A;RRAS;NFKB1;RIN1;PLA1A;PLD2;RASA4B;PLA2G2D;AKT1;PLA2G4D;PIK3R3;PIK3R2
gsea,TGF-beta signaling pathway,0.6239050268175456,2.313442253308515,1.000000e-03,3.687749e-03,7.000000e-03,50/94,20.14%,SMAD7;TGFB3;FBN1;BMP4;DCN;SMAD6;TGFB2;ID4;FMOD;THBS1;BMP2;INHBA;SMURF2;GDF5;TGFB1;TGFBR2;LEFTY2;LTBP1;TNF;NBL1;BMP8A;GDF7;ID3;NOG;RGMA;CDKN2B;BMPR2;SMAD4;BMP5;ID2;RGMB;CREBBP;INHBB;NODAL;SMAD2;ROCK1;THSD4;GDF6;GREM1;ACVR1B;BMP8B;ACVR1;ID1;BAMBI;GREM2;TGFBR1;EP300;ACVR2A;SMAD9;BMP6
gsea,Rap1 signaling pathway,0.6151332231700873,2.313362791334384,1.000000e-03,3.073124e-03,7.000000e-03,114/210,20.51%,PDGFRB;FLT4;RASGRP2;PDGFRA;ITGB3;ADCY4;PDGFA;ITGAM;CSF1;CSF1R;HGF;ITGB2;THBS1;PLCB2;RASGRP3;PIK3CD;EVL;MRAS;TEK;PDGFD;DOCK4;RASSF5;ITGAL;FGF7;ANGPT4;FGF1;RAPGEF2;FLT1;AKT3;RALGDS;LCP2;PDGFB;KDR;ADCY9;PDGFC;PGF;PRKCB;ARAP3;RAPGEF5;TLN2;ANGPT1;FGFR1;VAV1;FGF10;FGFR2;FGF18;MAGI3;MAPK11;FPR1;FGFR3;PIK3R1;F2R;APBB1IP;VEGFA;ADCY7;NGFR;PLCG1;LAT;PARD6G;RAPGEF3;VEGFD;CTNND1;PRKCA;IGF1;LPAR4;GNAO1;RAC2;RAPGEF6;MAGI1;FYB1;FGF16;FGF9;GNAI2;KITLG;TLN1;ADORA2A;PRKD1;PRKCZ;SIPA1;ADCY5;RAPGEF4;MAGI2;RAPGEF1;PLCE1;EGFR;TIAM1;ADCY6;EPHA2;BRAF;ANGPT2;RAP1GAP;FGF2;VEGFC;ADCY1;AFDN;CTNNB1;F2RL3;CNR1;SIPA1L2;RGS14;LPAR3;P2RY1;FGF22;ID1;INSR;VAV2;GRIN2A;RRAS;LPAR5;BCAR1;PLCB3;AKT1;PIK3R3;PIK3R2
gsea,Dilated cardiomyopathy,0.6847753886656285,2.302478619592902,1.000000e-03,2.634107e-03,7.000000e-03,53/95,16.15%,SGCD;ITGA8;TGFB3;CACNA1C;SGCA;LAMA2;ITGA9;ITGB3;ADCY4;TGFB2;ITGA11;PLN;ITGA1;CACNB1;DES;ITGA4;ITGB6;CACNA2D2;SGCG;TGFB1;ADCY9;SLC8A1;ITGA7;MYL3;TNF;ITGB7;CACNA2D4;ITGA3;TPM1;ADCY7;ITGA2;ITGA10;ITGB5;TPM2;CACNB3;IGF1;TNNC1;SLC8A3;ITGA5;ADCY5;AGT;DMD;ACTC1;ADRB1;ADCY6;CACNA2D3;RYR2;PRKACA;CACNA2D1;ITGAV;SGCB;MYBPC3;ADCY1
gsea,ECM-receptor interaction,0.7331412161088376,2.3017991640257125,1.000000e-03,2.304843e-03,7.000000e-03,54/87,13.82%,COMP;ITGA8;LAMA2;TNN;ITGA9;COL6A3;LAMA4;VWF;ITGB3;HSPG2;COL4A2;COL1A1;ITGA11;COL4A3;THBS2;TNXB;THBS1;COL1A2;ITGA1;COL6A6;COL4A4;COL6A2;COL4A1;COL6A1;ITGA4;ITGB6;FN1;ITGA7;TNC;THBS3;LAMB1;ITGB7;LAMC3;COL6A5;CHAD;LAMB2;ITGA3;FREM1;THBS4;GP1BA;ITGA2;ITGA10;ITGB5;GP5;AGRN;TNR;CD44;ITGA5;NPNT;COL9A2;FREM2;CD47;SDC1;CD36
gsea,PI3K-Akt signaling pathway,0.5639663729325495,2.294806349577739,1.000000e-03,2.219479e-03,8.000000e-03,156/353,18.26%,COMP;ITGA8;PDGFRB;FLT4;LAMA2;TNN;ITGA9;COL6A3;LAMA4;VWF;GNG7;PDGFRA;ITGB3;PIK3R6;GNG2;PDGFA;COL4A2;CSF1;CCND2;COL1A1;ITGA11;CSF1R;COL4A3;TLR2;HGF;PIK3R5;THBS2;TNXB;GNG8;THBS1;COL1A2;ITGA1;PIK3CD;COL6A6;COL4A4;PIK3CG;COL6A2;COL4A1;TEK;IL3RA;PDGFD;COL6A1;ITGA4;ITGB6;IL7R;FGF7;ANGPT4;FGF1;FLT3;FLT1;AKT3;PDGFB;KDR;FN1;NTRK1;IFNAR2;PDGFC;ITGA7;PGF;TNC;THBS3;LAMB1;ITGB7;JAK3;ANGPT1;FGFR1;LAMC3;FLT3LG;FGF10;FGFR2;FGF18;BCL2;COL6A5;FGFR3;PIK3R1;GNG11;CCND1;GHR;CHAD;F2R;TLR4;LAMB2;ITGA3;VEGFA;CREB5;JAK2;NGFR;IRS1;RXRA;IL2RB;NTF3;THBS4;OSM;GNGT2;STK11;ITGA2;ITGA10;CD19;ITGB5;IL2;VEGFD;LPAR6;TSC2;IFNA7;PRKCA;EPOR;PPP2R2B;IGF1;LPAR4;PDPK1;PIK3AP1;NOS3;TNR;MAGI1;IL2RG;FGF16;FGF9;ITGA5;PPP2R5B;CSF3R;IL4R;KITLG;FOXO3;IKBKB;IL6R;MAGI2;GNB3;EGFR;ERBB4;TSC1;COL9A2;SYK;EPHA2;OSMR;IL4;TGFA;ANGPT2;JAK1;FGF2;PHLPP2;IL2RA;ITGAV;TCL1A;VEGFC;NR4A1;PTEN;IBSP;LAMB3;LPAR3;RBL2;CHRM1;IL6;FGF22;ITGB4;INSR;CDKN1A
gsea,Protein digestion and absorption,0.6567324158482921,2.287908588531312,1.000000e-03,2.151187e-03,9.000000e-03,39/103,5.13%,COL16A1;COL8A2;ELN;COL8A1;COL14A1;COL5A1;COL6A3;COL10A1;COL13A1;COL18A1;COL5A3;COL15A1;COL4A2;ATP1A2;COL1A1;ATP1B2;COL5A2;COL4A3;KCNK5;COL1A2;COL12A1;CPA3;COL6A6;COL4A4;COL6A2;COL4A1;COL6A1;COL24A1;COL3A1;KCNN4;COL23A1;DPP4;SLC8A1;COL27A1;COL11A1;COL21A1;XPNPEP2;COL6A5;KCNQ1
gsea,MAPK signaling pathway,0.5733931205674376,2.2858261853422897,1.000000e-03,2.095312e-03,1.000000e-02,138/294,19.64%,TGFB3;CACNA1C;NFATC1;RASGRP4;PDGFRB;FLT4;MEF2C;RASGRP2;RASGRF2;PDGFRA;DUSP7;PDGFA;CSF1;TGFB2;RASGRP1;CSF1R;MAP3K3;HGF;RASGRP3;CACNB1;MRAS;TEK;PDGFD;IL1R1;FGF7;ANGPT4;FGF1;FLT3;MAP4K1;RAPGEF2;FLT1;AKT3;PTPN7;CACNA2D2;FLNA;PDGFB;KDR;TGFB1;RPS6KA2;TGFBR2;NTRK1;PDGFC;PGF;PRKCB;TNF;CACNA1H;ANGPT1;FGFR1;FLT3LG;FGF10;FGFR2;FGF18;MAPK11;JUN;MAP3K1;PLA2G4C;FGFR3;CACNA2D4;MAPK8IP3;VEGFA;MAP3K6;NGFR;MAP3K14;NTF3;FAS;IL1RAP;IL1B;DUSP6;DUSP8;DUSP2;RASGRF1;VEGFD;CACNA1G;CACNB3;PRKCA;JMJD7-PLA2G4B;IGF1;ELK4;RAC2;FOS;TRAF6;FGF16;DUSP10;FGF9;MKNK1;MAPK10;MAPKAPK3;KITLG;IKBKB;CD14;PLA2G4F;ARRB1;PPP3CC;MAPK8IP1;RASA1;RASA2;MAP3K12;EGFR;ERBB4;EPHA2;GADD45B;BRAF;TAOK2;CACNA2D3;MECOM;TGFA;PRKACA;ANGPT2;STK4;GNA12;MAP2K7;FGF2;CACNA2D1;NF1;PTPN5;VEGFC;RPS6KA3;NFATC3;NR4A1;RPS6KA1;MAP4K2;ARRB2;RPS6KA4;MYD88;FGF22;JUND;SRF;INSR;CACNG6;DUSP1;TGFBR1;MAP3K11;FLNB;RRAS;PPP3CA;NFKB1;MKNK2;MAPKAPK2
gsea,Axon guidance,0.6232642659193797,2.280805353234889,1.000000e-03,1.920703e-03,1.000000e-02,93/182,16.80%,UNC5B;UNC5C;SLIT3;BOC;EPHA4;SEMA5A;SEMA3G;SLIT2;DPYSL2;PLXNC1;PLXNA2;NFATC2;EPHA3;CXCL12;LRRC4C;FYN;PIK3CD;TRPC6;ROBO2;SEMA7A;PLXNA4;RGS3;EFNB2;PLCG2;MYL9;SEMA6B;CAMK2A;SEMA3C;ILK;EPHB6;PIK3R1;SRGAP2;ABLIM3;NRP1;WNT5B;GDF7;SSH1;PLCG1;SHH;PARD6G;RGMA;DCC;SEMA6D;WNT5A;PLXNB3;SEMA3D;EFNB1;SEMA6C;SEMA5B;BMPR2;ROBO3;PLXNB1;PRKCA;SEMA4C;ARHGEF12;PTCH1;SEMA3B;UNC5A;PDPK1;PLXNA1;RAC2;SEMA4D;FES;TRPC4;GNAI2;PLXNA3;EPHB2;PRKCZ;PPP3CC;RASA1;NFATC4;PLXNB2;LRIG2;LRRC4;CXCR4;SRGAP3;NTN4;ROBO1;EFNB3;ROCK1;EPHA2;EPHB3;LIMK1;SEMA6A;NTN1;SSH2;TRPC1;SEMA4A;MYL5;NFATC3;ABL1;ABLIM2;SEMA3F
gsea,Relaxin signaling pathway,0.6018623758008159,2.27825990874995,1.000000e-03,1.772956e-03,1.000000e-02,68/129,21.93%,SHC3;GNG7;ADCY4;GNG2;MMP2;COL4A2;ACTA2;COL1A1;COL4A3;GNG8;PLCB2;COL1A2;MMP9;PIK3CD;COL4A4;COL4A1;AKT3;COL3A1;EDNRB;TGFB1;TGFBR2;ADCY9;MMP13;MAPK11;JUN;PIK3R1;GNG11;VEGFA;CREB5;ADCY7;SHC2;GNGT2;VEGFD;RXFP1;PRKCA;EDN1;GNAO1;FOS;NOS3;GNAI2;MAPK10;PRKCZ;RXFP2;SMAD2;ARRB1;ADCY5;GNB3;EGFR;ADCY6;PRKACA;MAP2K7;VEGFC;ADCY1;ARRB2;NFKBIA;TGFBR1;RLN3;MMP1;NFKB1;NOS2;PLCB3;AKT1;GNA15;PIK3R3;PIK3R2;SHC4;PLCB4;ADCY2
gsea,Wnt signaling pathway,0.5852317651763237,2.274131366585103,1.000000e-03,1.646317e-03,1.000000e-02,67/166,14.66%,NFATC1;PRICKLE2;PRICKLE1;LEF1;ROR2;FZD2;SOX17;ROR1;NKD2;SFRP4;CCND2;NFATC2;WNT9A;NKD1;RSPO1;PLCB2;DKK2;GPC4;WNT2;FZD1;AXIN2;SFRP2;SERPINF1;RSPO2;DAAM2;WNT10A;PRKCB;CAMK2A;TLE4;JUN;CCND1;WNT5B;TLE2;TCF7L1;FZD7;WIF1;MMP7;CCN4;WNT7B;LGR6;WNT2B;ZNRF3;NOTUM;FZD4;WNT5A;SMAD4;TLE3;FZD8;LGR5;PRKCA;WNT11;WNT6;RNF43;SFRP5;RAC2;CREBBP;MAPK10;APC;PPARD;PPP3CC;NFATC4;WNT9B;WNT3A;RSPO4;LRP6;WNT7A;PRKACA
gsea,Vascular smooth muscle contraction,0.6298381181597978,2.270846420774665,1.000000e-03,1.741437e-03,1.200000e-02,60/133,16.39%,PTGIR;IRAG1;PLA2G5;CACNA1C;MYH11;PRKG1;KCNMB1;MYLK;GUCY1A1;EDNRA;ADCY4;ACTG2;RAMP3;ACTA2;NPR2;GUCY1B1;GUCY1A2;PLCB2;NPR1;CALCRL;MYH10;CALD1;RAMP2;PPP1R12B;ADCY9;MYL9;PRKCB;PPP1R14A;ITPR2;PLA2G4C;PLA2G1B;ADCY7;PRKCE;PRKCH;ITPR3;PRKCA;JMJD7-PLA2G4B;ARHGEF1;ARHGEF12;EDN1;MYH9;PPP1R12C;ITPR1;ADORA2A;EDN2;PLA2G4F;ADCY5;ADRA1A;AGT;MYLK4;ADRA1B;ADCY6;ROCK1;BRAF;PRKACA;GNA12;GNA11;ADCY1;PLA2G6;PRKCD
gsea,Basal cell carcinoma,0.6862923388879397,2.2694670778422794,1.000000e-03,1.632597e-03,1.200000e-02,33/63,14.60%,LEF1;BMP4;FZD2;WNT9A;WNT2;BMP2;FZD1;AXIN2;GLI3;GLI2;WNT10A;PTCH2;HHIP;WNT5B;GLI1;TCF7L1;FZD7;SUFU;WNT7B;SHH;WNT2B;FZD4;WNT5A;FZD8;WNT11;WNT6;PTCH1;KIF7;APC;WNT9B;WNT3A;GADD45B;WNT7A
gsea,Leukocyte transendothelial migration,0.6356283992647858,2.268452360843623,1.000000e-03,1.536562e-03,1.200000e-02,52/112,16.35%,ESAM;JAM2;THY1;CDH5;MMP2;ICAM1;ITGAM;CXCL12;JAM3;VCAM1;ITGB2;MMP9;CLDN9;PIK3CD;ITGA4;RASSF5;ITGAL;NCF4;CYBB;PLCG2;MYL9;NCF1;PRKCB;PECAM1;NCF2;VAV1;PTK2B;MAPK11;PIK3R1;PLCG1;MSN;ITK;RAPGEF3;CTNND1;PRKCA;CLDN5;VCL;RAC2;GNAI2;SIPA1;RAPGEF4;CLDN11;CLDN16;RHOH;CLDN2;CXCR4;ROCK1;ACTN1;CLDN23;AFDN;MYL5;CTNNB1
gsea,Phospholipase D signaling pathway,0.6074335424715919,2.2619524504239643,1.000000e-03,1.536562e-03,1.300000e-02,85/147,22.34%,PDGFRB;CYTH3;CYTH4;SHC3;PDGFRA;MS4A2;ADCY4;PIK3R6;PDGFA;FCER1A;PIK3R5;FYN;PLCB2;PIK3CD;PIK3CG;MRAS;PDGFD;AKT3;RALGDS;DNM3;PDGFB;ADCY9;PDGFC;PLCG2;PTK2B;PLA2G4C;PIK3R1;F2R;PLPP1;ADCY7;PLCG1;PLPP3;AGPAT4;SHC2;GAB1;RAPGEF3;LPAR6;TSC2;PIP5K1C;PRKCA;JMJD7-PLA2G4B;AGPAT2;LPAR4;DGKD;PTGFR;CYTH1;KITLG;AVPR2;CXCR2;PLA2G4F;ADCY5;RAPGEF4;GRM8;AGT;FCER1G;EGFR;GRM6;ADCY6;TSC1;SYK;GNA12;ADCY1;DGKQ;SPHK1;LPAR3;DGKH;INSR;RRAS;LPAR5;GRM2;PLD2;PLCB3;AKT1;PLA2G4D;PIK3R3;PIK3R2;SHC4;DNM2;AGTR1;PLA2G4B;PLCB4;CXCR1;ADCY2;DGKZ;DGKI
gsea,Hippo signaling pathway,0.5891507585837107,2.2475030206456172,1.000000e-03,1.860049e-03,1.800000e-02,69/163,16.35%,SMAD7;TGFB3;FAT4;LEF1;BMP4;DCHS1;FZD2;NKD2;CCND2;TGFB2;RASSF2;WNT9A;NKD1;ITGB2;RASSF4;WNT2;BMP2;FZD1;DLG2;AXIN2;FGF1;GDF5;TGFB1;CCN2;TGFBR2;WTIP;GLI2;WNT10A;AJUBA;DLG4;SNAI2;CCND1;BMP8A;WNT5B;GDF7;TCF7L1;FZD7;LATS2;FRMD6;WNT7B;PARD6G;RASSF1;WNT2B;BBC3;FZD4;WNT5A;AMOT;BMPR2;SMAD4;FZD8;PPP2R2B;WNT11;WNT6;BMP5;LIMD1;ID2;PRKCZ;APC;TEAD1;SMAD2;WNT9B;WNT3A;SERPINE1;GDF6;WNT7A;YAP1;MOB1B;BMP8B;CTNNB1
gsea,Cell adhesion molecules,0.6938715174338179,2.240596756107807,1.000000e-03,1.843875e-03,1.800000e-02,84/145,15.53%,ITGA8;CD34;ESAM;JAM2;ITGA9;CADM1;SPN;CDH5;HLA-DQB1;HLA-DQA1;ICAM1;ITGAM;JAM3;VCAM1;LRRC4C;SELP;SELPLG;ITGB2;CD22;HLA-DOA;CD4;CLDN9;CNTNAP1;CD40LG;ITGA4;HLA-DPB1;NRXN2;ICAM3;ITGAL;NEGR1;CD80;HLA-DRB5;VCAN;PTPRC;CD28;HLA-DPA1;HLA-DMB;SIGLEC1;ITGB7;SDC2;PECAM1;VSIR;NLGN2;NECTIN3;CD86;HLA-DMA;CD6;HLA-DRB1;PTPRM;CD40;NCAM2;HLA-DOB;CADM3;ICOS;ICAM2;CDH15;CD226;NRXN3;CD2;SDC3;TIGIT;CTLA4;HLA-DQA2;CLDN5;PDCD1LG2;CD274;HLA-DRA;MAG;LRRC4B;SELL;HLA-F;CLDN11;NECTIN1;CLDN16;CLDN2;LRRC4;PDCD1;CDH4;SDC1;NFASC;SELE;NLGN3;ITGAV;CLDN23
gsea,Hypertrophic cardiomyopathy,0.6447231405271958,2.2372899485155022,1.000000e-03,1.829241e-03,1.900000e-02,46/90,15.89%,SGCD;ITGA8;TGFB3;CACNA1C;SGCA;LAMA2;ITGA9;ITGB3;TGFB2;ITGA11;ITGA1;CACNB1;DES;ITGA4;ITGB6;CACNA2D2;ACE;SGCG;TGFB1;SLC8A1;ITGA7;MYL3;TNF;ITGB7;CACNA2D4;ITGA3;TPM1;ITGA2;ITGA10;ITGB5;TPM2;CACNB3;IGF1;EDN1;TNNC1;SLC8A3;ITGA5;AGT;DMD;ACTC1;CACNA2D3;RYR2;CACNA2D1;ITGAV;SGCB;MYBPC3
gsea,"Parathyroid hormone synthesis, secretion and action",0.6020468775163151,2.2340870431022384,1.000000e-03,1.885781e-03,2.000000e-02,64/105,25.02%,PTH1R;MEF2C;ADCY4;MMP24;VDR;PLCB2;SLC34A2;PDE4A;RUNX2;MMP16;ADCY9;EGR1;MAFB;PRKCB;MMP13;FGFR1;ITPR2;BCL2;CREB5;ADCY7;RXRA;HBEGF;AKAP13;ITPR3;MMP25;PRKCA;ARHGEF1;MMP14;FOS;GNAI2;ITPR1;PDE4C;ARRB1;ADCY5;EGFR;KL;ADCY6;MEF2A;BRAF;LRP6;PRKACA;GNA12;RXRG;GNA11;ADCY1;BGLAP;ARRB2;GATA3;MMP15;JUND;CDKN1A;MMP17;PLD2;PLCB3;PDE4B;PLCB4;ADCY2;MEF2D;GNAQ;CYP27B1;CREB1;RXRB;CREB3L2;GCM1
gsea,Th17 cell differentiation,0.7216938956299803,2.2147735301374496,1.000000e-03,2.538668e-03,2.500000e-02,72/105,19.30%,NFATC1;IL21R;HLA-DQB1;HLA-DQA1;NFATC2;HLA-DOA;CD4;IL27RA;HLA-DPB1;IL1R1;FOXP3;RARA;HLA-DRB5;IL12RB1;TGFB1;IRF4;TGFBR2;RUNX1;HLA-DPA1;HLA-DMB;STAT5A;JAK3;RORA;MAPK11;JUN;HLA-DMA;ZAP70;HLA-DRB1;JAK2;HLA-DOB;PLCG1;RXRA;LAT;IL2RB;IL6ST;CD247;IL1RAP;IL1B;CD3E;CD3G;IL2;SMAD4;AHR;HLA-DQA2;HLA-DRA;FOS;TBX21;IL2RG;TYK2;MAPK10;IL4R;IKBKB;IL6R;CD3D;SMAD2;PPP3CC;IL4;LCK;JAK1;RXRG;IL2RA;NFATC3;GATA3;PRKCQ;IL17D;IL6;STAT5B;NFKBIE;NFKBIA;TGFBR1;PPP3CA;NFKB1
gsea,Calcium signaling pathway,0.5712145749963536,2.2076317572521695,1.000000e-03,2.753007e-03,2.900000e-02,124/239,20.56%,CACNA1C;PDGFRB;MYLK;FLT4;EDNRA;P2RX1;NTRK3;PDE1B;TBXA2R;CASQ2;PDGFRA;ADCY4;PDGFA;PLN;CAMK1G;HGF;CAMK1D;PLCB2;PDGFD;ADRB2;FGF7;FGF1;FLT1;EDNRB;PDGFB;KDR;DRD5;NTRK1;ADCY9;SLC8A1;PDGFC;PLCG2;PLCD1;CYSLTR1;CASQ1;PRKCB;CACNA1H;CAMK2A;P2RX7;FGFR1;ADRB3;FGF10;ITPR2;FGFR2;FGF18;CAMK1;HTR2A;PTK2B;FGFR3;CYSLTR2;ITPKB;F2R;ORAI2;VEGFA;ADCY7;PTGER1;PTAFR;PLCG1;PTGER3;P2RX2;ITPR3;HRH1;HTR6;VEGFD;ATP2B4;CACNA1G;HTR7;PRKCA;CAMK4;NOS3;HTR4;TNNC1;SLC8A3;FGF16;GNA14;FGF9;PTGFR;ITPR1;ADORA2A;OXTR;PPP3CC;ADRA1A;PLCE1;EGFR;MYLK4;PDE1A;ADRA1B;HRH2;ADRB1;MCOLN2;ERBB4;CXCR4;RYR1;RYR2;PRKACA;ITPKA;GDNF;FGF2;GNA11;VEGFC;BDKRB2;ADCY1;P2RX3;TNNC2;SPHK1;DRD1;CAMK2D;CHRM1;FGF22;HRC;MST1;GRIN2A;TPCN1;PPP3CA;LTB4R2;TPCN2;NOS2;RYR3;PLCB3;CAMK2G;PHKG1;PHKA2;GNA15;MCOLN1
gsea,Th1 and Th2 cell differentiation,0.7182324510331779,2.193766186685515,1.000000e-03,3.134587e-03,3.200000e-02,65/90,19.30%,NFATC1;NOTCH1;DLL4;HLA-DQB1;HLA-DQA1;MAF;NFATC2;HLA-DOA;CD4;HLA-DPB1;HLA-DRB5;IL12RB1;RUNX3;MAML2;HLA-DPA1;HLA-DMB;STAT5A;JAK3;MAPK11;JUN;HLA-DMA;ZAP70;HLA-DRB1;JAK2;HLA-DOB;PLCG1;LAT;IL2RB;CD247;JAG2;CD3E;JAG1;CD3G;IL2;NOTCH2;NOTCH3;HLA-DQA2;IL13;HLA-DRA;FOS;TBX21;IL2RG;TYK2;MAPK10;IL4R;IKBKB;CD3D;PPP3CC;IL4;LCK;MAML3;JAK1;DLL1;IL2RA;IL12B;NFATC3;GATA3;PRKCQ;STAT4;MAML1;STAT5B;NFKBIE;NFKBIA;PPP3CA;NFKB1
gsea,Platelet activation,0.6506899212349159,2.188709901250574,1.000000e-03,3.014026e-03,3.200000e-02,59/123,13.28%,PTGIR;PRKG1;MYLK;GUCY1A1;P2RX1;RASGRP2;TBXA2R;VWF;ITGB3;ADCY4;PIK3R6;BTK;COL1A1;RASGRP1;GUCY1B1;P2RY12;GUCY1A2;PIK3R5;FYN;PLCB2;COL1A2;FERMT3;PIK3CD;PIK3CG;PTGS1;FCGR2A;AKT3;COL3A1;LCP2;ADCY9;PLCG2;TLN2;ITPR2;MAPK11;PLA2G4C;PIK3R1;F2R;APBB1IP;ADCY7;GP1BA;ITGA2;ITPR3;GP5;JMJD7-PLA2G4B;ARHGEF1;ARHGEF12;TBXAS1;NOS3;GNAI2;ITPR1;TLN1;PRKCZ;PLA2G4F;ADCY5;FCER1G;MYLK4;ADCY6;ROCK1;SYK
gsea,Breast cancer,0.5763371078711749,2.1883684628257014,1.000000e-03,2.902395e-03,3.200000e-02,60/147,16.63%,NOTCH4;HEYL;NOTCH1;DLL4;FLT4;HEY2;LEF1;PGR;FZD2;SHC3;WNT9A;WNT2;FZD1;PIK3CD;AXIN2;FGF7;FGF1;AKT3;WNT10A;FGFR1;FGF10;FGF18;JUN;PIK3R1;CCND1;WNT5B;TCF7L1;FZD7;WNT7B;SHC2;HES1;WNT2B;JAG2;JAG1;FZD4;NOTCH2;WNT5A;NOTCH3;FZD8;WNT11;WNT6;IGF1;FOS;FGF16;FGF9;ESR1;APC;HES5;EGFR;WNT9B;WNT3A;GADD45B;BRAF;LRP6;WNT7A;DLL1;FGF2;CTNNB1;ESR2;PTEN
gsea,Hematopoietic cell lineage,0.7626676903251023,2.180956094877205,1.953125e-03,3.128001e-03,3.400000e-02,67/95,14.01%,CD34;ITGB3;CD37;CD1E;HLA-DQB1;HLA-DQA1;ITGAM;CD1A;CD1C;CSF1;CSF1R;CD22;ITGA1;CD33;HLA-DOA;CD4;CD1B;IL3RA;ITGA4;HLA-DPB1;IL7R;IL1R1;FLT3;CD1D;HLA-DRB5;CSF2;CD5;HLA-DPA1;HLA-DMB;TNF;IL5RA;IL11RA;FLT3LG;HLA-DMA;CR1;HLA-DRB1;ITGA3;HLA-DOB;MS4A1;IL9R;FCER2;GP1BA;ITGA2;IL1B;CD19;CD3E;CD3G;CR2;GP5;CD2;EPOR;HLA-DQA2;HLA-DRA;FCGR1A;CD44;ITGA5;CSF3R;IL4R;KITLG;IL6R;CD14;CD3D;ANPEP;CSF2RA;CD59;CD36;IL4
gsea,Regulation of actin cytoskeleton,0.5495720199312917,2.180378088912633,2.053388e-03,3.020139e-03,3.400000e-02,94/217,20.51%,ITGA8;MYH11;PDGFRB;MYLK;ITGA9;ARHGEF6;FGD3;PDGFRA;ITGB3;PDGFA;ITGAM;CXCL12;ITGA11;ITGB2;ITGA1;NCKAP1L;PIK3CD;MRAS;PDGFD;ITGA4;ITGB6;ITGAX;MYH10;ITGAL;FGF7;FGF1;PDGFB;FN1;PPP1R12B;PDGFC;ITGA7;MYL9;ITGB7;BAIAP2;FGFR1;VAV1;FGF10;FGFR2;FGF18;FGFR3;PIK3R1;F2R;ITGA3;SSH1;CYFIP2;ITGA2;ITGA10;MSN;ITGB5;GSN;DOCK1;PIP5K1C;ARHGEF1;ARHGEF12;LPAR4;VCL;RAC2;MYH9;PPP1R12C;FGF16;FGF9;ITGA5;APC;DIAPH2;EGFR;MYLK4;CXCR4;TIAM1;SPATA13;ROCK1;BRAF;LIMK1;ACTN1;GNA12;FGF2;ITGAV;SSH2;BDKRB2;MYL5;SLC9A1;CHRM1;FGF22;ITGB4;VAV2;RRAS;LPAR5;BCAR1;PIP4K2B;IQGAP2;PIP4K2A;PIKFYVE;ARHGEF7;PIK3R3;PIK3R2
gsea,Rheumatoid arthritis,0.697251115385772,2.1795917018081745,1.000000e-03,3.021906e-03,3.400000e-02,45/89,10.89%,TGFB3;CTSK;HLA-DQB1;HLA-DQA1;ICAM1;CSF1;TGFB2;CXCL12;CXCL1;TLR2;ITGB2;HLA-DOA;LTB;TEK;HLA-DPB1;ITGAL;FLT1;CD80;HLA-DRB5;CSF2;TGFB1;CD28;HLA-DPA1;HLA-DMB;TNF;ANGPT1;JUN;CD86;HLA-DMA;HLA-DRB1;TLR4;VEGFA;HLA-DOB;CXCL2;TNFSF13;IL1B;CCL2;CTLA4;HLA-DQA2;TNFSF13B;HLA-DRA;FOS;CXCL3;ATP6V0C;ACP5
gsea,C-type lectin receptor signaling pathway,0.6169580518401298,2.1660871371475126,2.016129e-03,3.469656e-03,3.500000e-02,63/104,24.52%,NFATC1;LSP1;EGR2;NFATC2;NLRP3;CCL22;CARD9;PIK3CD;MRAS;AKT3;PLK3;CCL17;PLCG2;TNF;CASP1;EGR3;ITPR2;MALT1;CD209;MAPK11;JUN;PIK3R1;CLEC7A;CYLD;MAP3K14;IL1B;ITPR3;IL2;CLEC4M;ARHGEF12;KSR1;MAPK10;IRF9;ITPR1;IKBKB;PPP3CC;IKBKE;FCER1G;NFATC4;SYK;PTGS2;CLEC1B;IL12B;NFATC3;PRKCD;IL17D;IL6;NFKBIA;RRAS;PPP3CA;NFKB1;CLEC4D;MAPKAPK2;AKT1;PIK3R3;PIK3R2;BCL3;IL12A;STAT2;IRF1;CBLB;RELB;IL10
gsea,cGMP-PKG signaling pathway,0.5572579642103666,2.152458496681593,1.000000e-03,4.129511e-03,4.100000e-02,66/167,16.38%,IRAG1;CACNA1C;NFATC1;PRKG1;KCNMB1;MYLK;GUCY1A1;MEF2C;EDNRA;ADCY4;PIK3R6;ATP1A2;NFATC2;NPR2;ATP1B2;GUCY1B1;PLN;GUCY1A2;PIK3R5;PLCB2;NPR1;PIK3CG;PDE2A;TRPC6;ADRB2;AKT3;PDE5A;EDNRB;ADCY9;SLC8A1;MYL9;ADRB3;ITPR2;MEF2B;CREB5;ADORA3;ADCY7;IRS1;KCNJ8;PRKCE;ADORA1;ITPR3;ATP2B4;NOS3;SLC8A3;GNAI2;ITPR1;ADCY5;PPP3CC;ADRA1A;ADRA2A;NFATC4;BORCS8-MEF2B;MYLK4;ADRA1B;ADRB1;ADCY6;ATP1A4;ROCK1;MEF2A;PDE3A;GNA12;GNA11;BDKRB2;ADCY1;NFATC3
gsea,Amoebiasis,0.6287797571740039,2.1427520657052708,1.000000e-03,4.469999e-03,4.400000e-02,58/101,20.51%,TGFB3;LAMA2;LAMA4;CD1E;COL4A2;ITGAM;CD1A;CD1C;TGFB2;COL1A1;CXCL1;COL4A3;TLR2;CTSG;ITGB2;PLCB2;COL1A2;RAB7B;PIK3CD;COL4A4;COL4A1;CD1B;IL1R1;COL3A1;CD1D;CSF2;TGFB1;FN1;LAMB1;PRKCB;TNF;LAMC3;PIK3R1;TLR4;LAMB2;CXCL2;IL1B;PRKCA;VCL;GNA14;CXCL3;CD14;ACTN1;PRKACA;C8B;GNA11;ADCY1;IL12B;SERPINB9;LAMB3;IL6;LAMC1;NFKB1;NOS2;PLCB3;GNA15;PIK3R3;PIK3R2
gsea,Fc epsilon RI signaling pathway,0.6408835998896708,2.1396056980710587,1.000000e-03,4.428914e-03,4.500000e-02,30/67,15.17%,MS4A2;BTK;FCER1A;FYN;ALOX5AP;ALOX5;PIK3CD;INPP5D;AKT3;LCP2;CSF2;PLCG2;TNF;VAV1;MAPK11;PLA2G4C;PIK3R1;PLCG1;LAT;PRKCA;JMJD7-PLA2G4B;PDPK1;IL13;RAC2;MAPK10;PLA2G4F;FCER1G;SYK;IL4;MAP2K7
gsea,Tuberculosis,0.5805439584449525,2.137250429644941,4.048583e-03,4.477981e-03,4.600000e-02,83/177,20.26%,TGFB3;MRC2;CIITA;LSP1;HLA-DQB1;HLA-DQA1;ITGAM;TGFB2;TLR2;VDR;ITGB2;MRC1;IL10RA;HLA-DOA;CARD9;FCGR2C;FCGR2A;HLA-DPB1;ITGAX;AKT3;HLA-DRB5;PLK3;TGFB1;HLA-DPA1;HLA-DMB;CORO1A;TNF;CAMK2A;BCL2;MALT1;CD209;MAPK11;CLEC7A;FCGR2B;HLA-DMA;CR1;HLA-DRB1;TLR4;JAK2;HLA-DOB;C3;IL1B;CLEC4M;PIK3C3;CD74;IL10RB;FCGR3A;IFNA7;ARHGEF12;HLA-DQA2;NOD2;HLA-DRA;TRAF6;FCGR1A;CREBBP;CASP10;KSR1;MAPK10;CTSD;ATP6V0C;CD14;PPP3CC;FCER1G;SYK;RFXAP;JAK1;EEA1;IL12B;TLR1;ATP6V0A1;SPHK1;ATP6V0D2;CAMK2D;MYD88;IL6;EP300;PPP3CA;NFKB1;NOS2;TCIRG1;CAMK2G;AKT1;CAMP
gsea,Human papillomavirus infection,0.5167515313717378,2.136592942256959,1.000000e-03,4.353593e-03,4.600000e-02,138/330,20.61%,COMP;ITGA8;NOTCH4;PDGFRB;HEYL;NOTCH1;LAMA2;HEY2;TNN;ITGA9;COL6A3;MFNG;LAMA4;FZD2;VWF;ITGB3;COL4A2;CCND2;COL1A1;ITGA11;WNT9A;COL4A3;THBS2;TNXB;THBS1;COL1A2;ITGA1;WNT2;FZD1;PIK3CD;COL6A6;COL4A4;PTGER4;COL6A2;COL4A1;DLG2;COL6A1;ITGA4;ITGB6;AXIN2;AKT3;FN1;MAML2;IFNAR2;ITGA7;TNC;THBS3;LAMB1;WNT10A;TNF;ITGB7;LAMC3;COL6A5;PIK3R1;CCND1;CHAD;WNT5B;LAMB2;ITGA3;TCF7L1;VEGFA;CREB5;FZD7;FOXO1;LFNG;WNT7B;PARD6G;FAS;THBS4;HES1;WNT2B;ITGA2;ITGA10;JAG1;ITGB5;FZD4;NOTCH2;WNT5A;TSC2;NOTCH3;IFNA7;FZD8;PPP2R2B;WNT11;WNT6;TNR;MAGI1;CREBBP;ITGA5;PPP2R5B;TYK2;IRF9;ATP6V0C;HLA-F;IKBKB;PRKCZ;APC;HES5;CHD4;IKBKE;EGFR;ATM;WNT9B;TSC1;COL9A2;WNT3A;MX2;PTGS2;ATP6V1B2;WNT7A;MAML3;PRKACA;JAK1;ITGAV;CTNNB1;PTEN;IBSP;ATP6V0A1;TRAF3;LAMB3;ATP6V0D2;RBL2;MAML1;ITGB4;HLA-E;CDKN1A;TLR3;EP300;LAMC1;NFKB1;TCF7;TCIRG1;AKT1;AXIN1;TUBG2;PIK3R3;PIK3R2;CCND3
gsea,Toxoplasmosis,0.6447966392312849,2.1302970529033405,1.000000e-03,4.485100e-03,4.900000e-02,46/110,10.87%,TGFB3;LAMA2;CIITA;LAMA4;HLA-DQB1;PIK3R6;HLA-DQA1;TGFB2;TLR2;PIK3R5;IL10RA;HLA-DOA;ALOX5;PIK3CG;CD40LG;HLA-DPB1;AKT3;HLA-DRB5;TGFB1;HLA-DPA1;HLA-DMB;LAMB1;TNF;LAMC3;BCL2;MAPK11;HLA-DMA;HLA-DRB1;TLR4;CCR5;LAMB2;CD40;JAK2;HLA-DOB;BIRC7;SOCS1;IL10RB;HLA-DQA2;PDPK1;GNAO1;HLA-DRA;TRAF6;GNAI2;TYK2;MAPK10;IKBKB
gsea,Fluid shear stress and atherosclerosis,0.523951405167397,2.1261836429153123,1.000000e-03,4.407507e-03,4.900000e-02,61/137,20.51%,GSTM5;MEF2C;BMP4;ITGB3;CDH5;PDGFA;MMP2;ICAM1;VCAM1;MMP9;PIK3CD;THBD;KLF2;IL1R1;AKT3;PDGFB;KDR;NCF1;TNF;SDC2;PECAM1;NCF2;BCL2;CAV3;PLAT;MAPK11;JUN;PIK3R1;VEGFA;CAV1;IL1B;CCL2;ARHGEF2;BMPR2;EDN1;RAC2;FOS;NOS3;GSTM2;MAPK10;IKBKB;GPC1;PRKCZ;GSTT2B;CAV2;MEF2A;SDC1;SELE;MAP2K7;ITGAV;HMOX1;CTNNB1;ACVR1;DUSP1;NFKB1;ACVR2A;GSTT2;AKT1;MAPK7;PIK3R3;PIK3R2
gsea,Neurotrophin signaling pathway,0.5633112674423723,2.1248151026539617,1.000000e-03,4.570287e-03,5.100000e-02,57/119,23.03%,NTRK3;SHC3;SH2B3;MAP3K3;PIK3CD;AKT3;RPS6KA2;NTRK1;PLCG2;CAMK2A;BCL2;MAPK11;JUN;MAP3K1;MATK;PIK3R1;NGFR;PLCG1;IRS1;NTF3;SHC2;GAB1;PDPK1;TRAF6;CAMK4;ARHGDIB;MAPK10;FOXO3;IKBKB;RAPGEF1;PSEN2;SH2B1;BRAF;KIDINS220;MAP2K7;RPS6KA3;PRKCD;ABL1;RPS6KA1;SH2B2;CAMK2D;NFKBIE;NFKBIA;NFKB1;MAPKAPK2;CAMK2G;AKT1;MAPK7;PIK3R3;PIK3R2;SORT1;SHC4;NGF;MAP3K5;FRS2;RAP1A;NTF4
gsea,Oxytocin signaling pathway,0.5520935977905762,2.1211276114112563,1.000000e-03,4.609686e-03,5.300000e-02,79/154,22.76%,CACNA1C;NFATC1;MYLK;GUCY1A1;MEF2C;ADCY4;PIK3R6;NFATC2;NPR2;GUCY1B1;CAMK1G;GUCY1A2;CAMK1D;PIK3R5;PLCB2;CACNB1;NPR1;PIK3CG;CACNA2D2;PPP1R12B;ADCY9;KCNJ5;MYL9;PRKCB;CAMK2A;ITPR2;CAMK1;JUN;PLA2G4C;CCND1;CACNA2D4;ADCY7;ITPR3;RCAN1;CACNB3;PRKCA;JMJD7-PLA2G4B;GNAO1;FOS;CAMK4;NOS3;PPP1R12C;GNAI2;ITPR1;KCNJ2;PLA2G4F;OXTR;ADCY5;PPP3CC;EGFR;NFATC4;MYLK4;RYR1;ADCY6;ROCK1;PTGS2;CACNA2D3;RYR2;PRKACA;KCNJ12;CACNA2D1;ADCY1;NFATC3;OXT;CAMK2D;CACNG6;CDKN1A;PPP3CA;RYR3;PLCB3;CAMK2G;MAPK7;PLA2G4D;PLA2G4B;PLCB4;ADCY2;CACNA1D;CACNG4;GNAQ
gsea,Apelin signaling pathway,0.546900327190108,2.1177553000613565,1.000000e-03,4.609686e-03,5.400000e-02,62/137,20.20%,MYLK;MEF2C;APLNR;GNG7;ADCY4;PIK3R6;GNG2;ACTA2;PIK3R5;GNG8;PLCB2;PIK3CG;MRAS;KLF2;AKT3;CCN2;ADCY9;SLC8A1;EGR1;MYL4;MYL3;ITPR2;PLAT;GNG11;CCND1;MEF2B;ADCY7;APLN;GNGT2;PRKCE;JAG1;ITPR3;PIK3C3;HDAC5;SMAD4;NOTCH3;CAMK4;NOS3;SLC8A3;GNAI2;ITPR1;SMAD2;ADCY5;GNB3;BORCS8-MEF2B;MYLK4;RYR1;ADCY6;MEF2A;SERPINE1;RYR2;PRKACA;ADCY1;SPHK1;SLC9A1;TGFBR1;PDE3B;RRAS;NOS2;RYR3;PLCB3;AKT1
gsea,Hedgehog signaling pathway,0.6750282017505571,2.1147533279167683,2.132196e-03,4.792610e-03,5.800000e-02,26/56,14.66%,BOC;DHH;CCND2;EVC;GAS1;SCUBE2;SMURF2;GLI3;GLI2;PTCH2;HHIP;BCL2;CCND1;GLI1;SUFU;SHH;MGRN1;GPR161;GRK3;PTCH1;KIF7;MEGF8;EVC2;ARRB1;CDON;PRKACA
gsea,Viral myocarditis,0.7259388824994513,2.1143661211326843,1.988072e-03,4.681154e-03,5.800000e-02,32/57,12.12%,SGCD;SGCA;LAMA2;HLA-DQB1;HLA-DQA1;ICAM1;ITGB2;FYN;HLA-DOA;CD40LG;HLA-DPB1;ITGAL;CD80;SGCG;HLA-DRB5;CD28;HLA-DPA1;HLA-DMB;CD86;CCND1;HLA-DMA;HLA-DRB1;CD40;HLA-DOB;CAV1;HLA-DQA2;RAC2;HLA-DRA;HLA-F;ABL2;PRF1;DMD
gsea,Kaposi sarcoma-associated herpesvirus infection,0.5151023646284633,2.1095443686366053,2.028398e-03,4.749374e-03,5.800000e-02,84/193,20.51%,NFATC1;LEF1;GNG7;PIK3R6;GNG2;ICAM1;NFATC2;CXCL1;PIK3R5;GNG8;PIK3CD;PIK3CG;PREX1;AKT3;HCK;PDGFB;CSF2;CCR4;IFNAR2;PLCG2;CCR8;ITPR2;MAPK11;JUN;CD86;PIK3R1;GNG11;CCND1;CCR5;CD200R1;TCF7L1;VEGFA;JAK2;PLCG1;C3;CXCL2;IL6ST;FAS;GNGT2;ITPR3;RCAN1;CCR1;PIK3C3;CLEC2B;IFNA7;IRF7;FOS;CREBBP;CXCL3;TYK2;MAPK10;IRF9;ITPR1;HLA-F;IKBKB;PPP3CC;GNB3;IKBKE;NFATC4;SYK;PTGS2;ANGPT2;JAK1;MAP2K7;FGF2;MICA;CTNNB1;NFATC3;TRAF3;ATG14;IL6;HLA-E;CDKN1A;ZFP36;TLR3;NFKBIA;EP300;PPP3CA;NFKB1;MAPKAPK2;TCF7;AKT1;PIK3R3;PIK3R2
gsea,Renin secretion,0.6127179665028076,2.103779392616054,1.000000e-03,4.916999e-03,6.000000e-02,32/69,15.27%,CACNA1C;GUCY1A1;EDNRA;PDE1B;GUCY1B1;AQP1;GUCY1A2;PLCB2;NPR1;PTGER4;ADRB2;ACE;ADRB3;ITPR2;ADCYAP1R1;ADORA1;PTGER2;ITPR3;EDN1;GNAI2;ITPR1;EDN2;KCNJ2;ADCY5;PPP3CC;AGT;PDE1A;ADRB1;ADCY6;PDE3A;PRKACA;REN
gsea,Malaria,0.7643277919439775,2.0969749070036334,1.000000e-03,5.177546e-03,6.400000e-02,28/50,8.12%,COMP;TGFB3;LRP1;ICAM1;TGFB2;VCAM1;TLR2;SELP;HGF;ITGB2;THBS2;THBS1;GYPC;CD40LG;ITGAL;TGFB1;THBS3;TNF;ACKR1;SDC2;PECAM1;CR1;TLR4;CD40;THBS4;IL1B;CCL2;CD81
gsea,Arrhythmogenic right ventricular cardiomyopathy,0.631831687238249,2.0942092687438816,1.000000e-03,5.296235e-03,6.500000e-02,38/77,16.35%,SGCD;ITGA8;CACNA1C;SGCA;LAMA2;ITGA9;LEF1;ITGB3;ITGA11;ITGA1;CACNB1;DES;ITGA4;ITGB6;CACNA2D2;SGCG;SLC8A1;ITGA7;ITGB7;CACNA2D4;ITGA3;TCF7L1;ACTN2;ITGA2;ITGA10;ITGB5;CACNB3;SLC8A3;ITGA5;DMD;GJA1;CACNA2D3;RYR2;ACTN3;CACNA2D1;ITGAV;SGCB;CTNNB1
gsea,Notch signaling pathway,0.6343093381345376,2.0936090254763977,1.000000e-03,5.217909e-03,6.500000e-02,31/58,19.37%,NOTCH4;HEYL;NOTCH1;DLL4;HEY2;MFNG;DTX4;MAML2;PTCRA;ATXN1;TLE4;TLE2;KAT2B;LFNG;HES1;JAG2;JAG1;NCOR2;NOTCH2;NOTCH3;TLE3;CREBBP;ATXN1L;HES5;PSEN2;MAML3;DLL1;MAML1;DTX1;EP300;DTX3
gsea,GnRH signaling pathway,0.5570887112988255,2.0928145141685968,1.000000e-03,5.142779e-03,6.500000e-02,46/93,23.19%,CACNA1C;ADCY4;MMP2;MAP3K3;PLCB2;ADCY9;EGR1;PRKCB;CAMK2A;ITPR2;PTK2B;MAPK11;JUN;MAP3K1;PLA2G4C;ADCY7;HBEGF;ITPR3;PRKCA;JMJD7-PLA2G4B;MMP14;MAPK10;ITPR1;GNRH1;PLA2G4F;ADCY5;EGFR;LHB;ADCY6;PRKACA;MAP2K7;GNA11;ADCY1;PRKCD;CAMK2D;PLD2;PLCB3;CAMK2G;MAPK7;PLA2G4D;PLA2G4B;PLCB4;ADCY2;CACNA1D;GNAQ;MAP3K4
gsea,VEGF signaling pathway,0.5778266238477374,2.0904812913588384,1.000000e-03,5.285774e-03,6.700000e-02,28/59,21.59%,NFATC2;PIK3CD;AKT3;KDR;PLCG2;PRKCB;MAPK11;PLA2G4C;PIK3R1;VEGFA;PLCG1;SHC2;PRKCA;JMJD7-PLA2G4B;RAC2;NOS3;MAPKAPK3;PLA2G4F;PPP3CC;PTGS2;SPHK1;PPP3CA;MAPKAPK2;AKT1;PLA2G4D;PIK3R3;PIK3R2;PLA2G4B
gsea,Leishmaniasis,0.7282419219455637,2.08595909780738,2.028398e-03,5.634061e-03,7.100000e-02,38/74,9.52%,TGFB3;HLA-DQB1;HLA-DQA1;ITGAM;TGFB2;TLR2;ITGB2;HLA-DOA;FCGR2C;ITGA4;FCGR2A;HLA-DPB1;NCF4;HLA-DRB5;TGFB1;CYBB;HLA-DPA1;HLA-DMB;NCF1;PRKCB;TNF;NCF2;MAPK11;JUN;HLA-DMA;CR1;HLA-DRB1;TLR4;JAK2;HLA-DOB;C3;IL1B;FCGR3A;HLA-DQA2;HLA-DRA;FOS;TRAF6;FCGR1A
gsea,Cytokine-cytokine receptor interaction,0.5932731953940178,2.0842261389727015,2.000000e-03,5.643911e-03,7.100000e-02,149/291,17.84%,TGFB3;BMP4;CX3CL1;CSF2RB;IL16;CX3CR1;ACVRL1;IL21R;TNFRSF4;CSF1;IL34;TGFB2;CXCL12;CXCL1;CSF1R;GDF10;CCL22;IL10RA;BMP2;CD4;INHBA;LTB;IL27RA;CD40LG;IL3RA;TNFRSF13B;IL7R;CCR2;IL1R1;XCR1;TNFSF12;GDF5;CCR7;IL12RB1;CSF2;CCL17;TGFB1;CCR4;LTA;TNFRSF19;CCL14;TGFBR2;IFNAR2;CCL13;TNF;RELT;IL5RA;CD27;IL11RA;CCR6;CCR8;CCL16;IL32;TNFSF8;GHR;BMP8A;CXCR3;GDF7;CCR5;CCL23;CD40;IL9R;NGFR;IL17RA;CXCL2;CXCL14;TNFSF13;CXCR5;IL2RB;IL6ST;EBI3;FAS;BMP3;TNFSF14;OSM;IL1RAP;GDF2;IL1B;TNFRSF1B;CCL2;IL17RE;CNTFR;TNFRSF10C;CCR1;IL2;IL10RB;BMPR2;EDA2R;GDF11;IFNA7;TNFRSF14;EPOR;CCL19;TNFRSF13C;LIF;BMP5;IL13;TNFSF13B;IL2RG;TNFRSF12A;TNFRSF17;CXCL3;CSF3R;IL4R;INHBB;CLCF1;IL6R;TNFRSF18;NODAL;CXCR2;BMP15;CRLF2;IL37;TNFRSF8;GDF3;ACKR3;PPBP;CTF1;CXCL17;TNFRSF25;IL18R1;CXCR4;IL1RL1;IL33;CCL21;CSF2RA;EDA;OSMR;TNFRSF9;IL4;GDF6;IL27;IL24;IL2RA;LIFR;ACVR1B;IL12B;CCL11;BMP8B;IL18RAP;ACKR4;TNFSF10;CCL18;CXCL6;ACVR1;IL17D;IL6;MPL;BMP10
gsea,Osteoclast differentiation,0.6657686448194544,2.083409007424304,4.065041e-03,5.624397e-03,7.100000e-02,76/126,20.51%,NFATC1;CTSK;ITGB3;CSF1;BTK;NFATC2;TGFB2;CSF1R;SPI1;FYN;OSCAR;PIK3CD;FCGR2C;FCGR2A;IL1R1;AKT3;NCF4;LCP2;TGFB1;TGFBR2;IFNAR2;LILRB3;LILRA6;PLCG2;LILRB5;NCF1;TNF;NCF2;SIRPA;LILRB1;LILRA1;MAPK11;JUN;PIK3R1;FCGR2B;LILRA4;TREM2;CYLD;LILRB2;MITF;MAP3K14;IL1B;SOCS1;FCGR3A;SIRPB1;JUNB;FOS;TRAF6;CAMK4;FCGR1A;TYROBP;TYK2;MAPK10;IRF9;IKBKB;ACP5;PPP3CC;LILRB4;SOCS3;BLNK;SYK;LCK;JAK1;FOSB;MAP2K7;SIRPG;JUND;NFKBIA;TGFBR1;PPP3CA;TNFRSF11B;NFKB1;AKT1;FOSL2;PIK3R3;PIK3R2
gsea,Regulation of lipolysis in adipocytes,0.6263824695705248,2.0824310334644354,1.000000e-03,5.548697e-03,7.100000e-02,33/55,21.93%,PRKG1;ADCY4;MGLL;PIK3CD;NPR1;PTGS1;ADRB2;AKT3;ADCY9;ADRB3;PIK3R1;TSHB;ADCY7;IRS1;PTGER3;ADORA1;FABP4;AQP7;GNAI2;ADCY5;ADRB1;ADCY6;PTGS2;PRKACA;PNPLA2;ADCY1;INSR;PDE3B;AKT1;PIK3R3;PIK3R2;PLAAT3;ADCY2
gsea,B cell receptor signaling pathway,0.6788228683269127,2.0803629872851754,6.012024e-03,5.531624e-03,7.200000e-02,48/79,20.51%,NFATC1;BTK;NFATC2;CD22;RASGRP3;PIK3CD;INPP5D;AKT3;LILRB3;LILRA6;PLCG2;LILRB5;PRKCB;VAV1;LILRB1;MALT1;LILRA1;JUN;PIK3R1;FCGR2B;CD79A;LILRA4;CD79B;LILRB2;CD19;CR2;CD81;PIK3AP1;RAC2;FOS;DAPP1;IFITM1;IKBKB;PPP3CC;LILRB4;BLNK;SYK;NFATC3;CARD11;NFKBIE;VAV2;NFKBIA;PPP3CA;PTPN6;NFKB1;AKT1;PIK3R3;PIK3R2
gsea,GnRH secretion,0.5813466742202378,2.076728582668803,1.000000e-03,5.707231e-03,7.500000e-02,35/64,22.76%,CACNA1C;KCNN3;PLCB2;GABBR1;PIK3CD;AKT3;KCNN4;KCNJ5;PRKCB;CACNA1H;ITPR2;GABBR2;PIK3R1;GPER1;KCNN2;ITPR3;CACNA1G;PRKCA;TRPC4;ITPR1;GNRH1;ARRB1;LHB;GNA11;TRPC1;ESR2;ARRB2;PLCB3;AKT1;PIK3R3;PIK3R2;PLCB4;KCNJ11;CACNA1D;GNAQ
gsea,Transcriptional misregulation in cancer,0.5174666693594554,2.075434198602571,1.000000e-03,5.607104e-03,7.500000e-02,79/189,18.72%,ERG;LYL1;MEF2C;ZEB1;LMO2;FLI1;PDGFA;MAF;ITGAM;CCND2;MEIS1;CSF1R;TRAF1;TMPRSS2;SPI1;RUNX1T1;ETV1;MMP9;FLT3;FLT1;RARA;CSF2;RUNX2;TGFBR2;RUNX1;NTRK1;PTCRA;ITGB7;PLAU;CEBPA;PLAT;CD86;ELANE;CD40;PAX7;MITF;NGFR;FOXO1;RXRA;IL2RB;ETV5;DUSP6;HHEX;NFKBIZ;ZBTB16;CDK14;PBX3;SIX1;SLC45A3;KMT2A;IGF1;ELK4;MLLT1;ID2;BAIAP3;FCGR1A;PML;PAX5;HPGD;CD14;BCL11B;LDB1;ATM;AFF1;BMP2K;GADD45B;NUPR1;SS18;GRIA3;RXRG;JMJD1C;BCL6;BCL2A1;REL;IL6;NR4A3;CDKN1A;IGFBP3;DOT1L
gsea,Melanogenesis,0.551552788237493,2.074686419230379,1.000000e-03,5.563415e-03,7.500000e-02,44/101,20.07%,LEF1;FZD2;ADCY4;WNT9A;PLCB2;WNT2;FZD1;EDNRB;ADCY9;WNT10A;PRKCB;CAMK2A;WNT5B;TCF7L1;FZD7;ADCY7;MITF;WNT7B;WNT2B;FZD4;WNT5A;FZD8;PRKCA;WNT11;WNT6;EDN1;GNAO1;CREBBP;GNAI2;KITLG;ADCY5;ADCY6;WNT9B;WNT3A;WNT7A;PRKACA;ADCY1;CTNNB1;TYRP1;CAMK2D;EP300;TCF7;PLCB3;CAMK2G
gsea,Bacterial invasion of epithelial cells,0.5404005366651452,2.0648797871980866,2.066116e-03,6.068118e-03,8.100000e-02,32/77,21.58%,SHC3;PIK3CD;HCLS1;DNM3;FN1;ILK;SEPTIN1;CAV3;PIK3R1;ARHGEF26;SHC2;CBL;CAV1;GAB1;DOCK1;SEPTIN11;ELMO1;VCL;ITGA5;CAV2;SEPTIN6;SEPTIN8;ELMO2;CTNNB1;RHOG;BCAR1;ARHGAP10;PIK3R3;PIK3R2;SHC4;DNM2;SEPTIN9
gsea,Chemokine signaling pathway,0.6007128760020156,2.0566109957493293,4.149378e-03,6.709655e-03,9.200000e-02,103/189,22.95%,CX3CL1;RASGRP2;CX3CR1;SHC3;GNG7;ADCY4;PIK3R6;GNG2;CXCL12;CXCL1;DOCK2;WAS;PIK3R5;CCL22;GNG8;PLCB2;PIK3CD;FGR;PIK3CG;PREX1;CCR2;AKT3;XCR1;GRK5;HCK;CCR7;CCL17;CCR4;CCL14;ADCY9;PLCG2;CCL13;NCF1;PRKCB;JAK3;CCR6;CCR8;VAV1;CCL16;PTK2B;PIK3R1;GNG11;CXCR3;CCR5;CCL23;JAK2;ADCY7;PLCG1;CXCL2;CXCL14;CXCR5;SHC2;GNGT2;CCL2;ITK;CCR1;GRK3;ELMO1;CCL19;RAC2;GNAI2;CXCL3;FOXO3;IKBKB;CXCR2;PRKCZ;ARRB1;ADCY5;GNB3;PPBP;CXCR4;TIAM1;ADCY6;CCL21;ROCK1;BRAF;PRKACA;ADCY1;CCL11;PRKCD;ARRB2;CCL18;CXCL6;STAT5B;VAV2;NFKBIA;NFKB1;BCAR1;PLCB3;CXCR6;AKT1;PIK3R3;PIK3R2;CCL4;SHC4;PLCB4;CXCR1;CCL1;ADCY2;GNAQ;CCL3;STAT2;RAP1A
gsea,Yersinia infection,0.5706317787051407,2.04992980246297,1.000000e-03,7.153830e-03,9.700000e-02,62/136,20.51%,NFATC1;NFATC2;NLRP3;WAS;CD4;PIK3CD;ITGA4;FCGR2A;AKT3;LCP2;FN1;NLRC4;RPS6KA2;WIPF1;TNF;BAIAP2;CASP1;VAV1;PTK2B;MAPK11;JUN;PIK3R1;ZAP70;TLR4;PLCG1;LAT;IL1B;CCL2;DOCK1;IL2;ELMO1;PIP5K1C;GIT2;ARHGEF1;ARHGEF12;RAC2;FOS;TRAF6;FYB1;ITGA5;MAPK10;IKBKB;MEFV;ROCK1;LIMK1;LCK;MAP2K7;ELMO2;RPS6KA3;NFATC3;RPS6KA1;MYD88;IL6;RHOG;VAV2;NFKBIA;NFKB1;BCAR1;AKT1;ARHGEF7;PIK3R3;PIK3R2
gsea,Gastric cancer,0.5196342748793872,2.0483162194680906,1.000000e-03,7.211929e-03,9.800000e-02,53/149,15.29%,TGFB3;LEF1;FZD2;SHC3;TGFB2;WNT9A;HGF;WNT2;FZD1;PIK3CD;AXIN2;FGF7;FGF1;AKT3;TGFB1;TGFBR2;WNT10A;FGF10;FGFR2;FGF18;BCL2;PIK3R1;CCND1;WNT5B;TCF7L1;FZD7;RXRA;WNT7B;SHH;SHC2;WNT2B;GAB1;FZD4;CDKN2B;WNT5A;SMAD4;FZD8;WNT11;WNT6;FGF16;FGF9;APC;SMAD2;ABCB1;EGFR;WNT9B;WNT3A;GADD45B;BRAF;LRP6;WNT7A;FGF2;RXRG
gsea,Phagosome,0.5760167124689584,2.045206448677308,6.109980e-03,7.341352e-03,1.000000e-01,55/149,11.14%,COMP;MRC2;COLEC12;ITGB3;HLA-DQB1;HLA-DQA1;ITGAM;TLR2;ITGB2;THBS2;MRC1;THBS1;RAB7B;HLA-DOA;OLR1;FCGR2C;FCGR2A;HLA-DPB1;NCF4;HLA-DRB5;CYBB;HLA-DPA1;MARCO;THBS3;HLA-DMB;NCF1;CORO1A;C1R;NCF2;DYNC2H1;CD209;CLEC7A;FCGR2B;HLA-DMA;HLA-DRB1;TLR4;HLA-DOB;C3;THBS4;ITGA2;MSR1;ITGB5;CLEC4M;PIK3C3;SFTPD;FCGR3A;HLA-DQA2;HLA-DRA;FCGR1A;ITGA5;ATP6V0C;TUBB6;HLA-F;CD14;TUBA1A
gsea,cAMP signaling pathway,0.5021824083012002,2.0404598949100676,1.000000e-03,7.466732e-03,1.020000e-01,94/216,20.51%,CACNA1C;NFATC1;EDNRA;ADCY4;ATP1A2;ATP1B2;PLN;GHRL;GABBR1;PIK3CD;NPR1;ADRB2;GLI3;AKT3;PDE4A;DRD5;ADCY9;VIP;MYL9;ARAP3;CAMK2A;VAV1;HHIP;GABBR2;FXYD1;JUN;PIK3R1;F2R;GLI1;TSHB;CREB5;ADCY7;PTGER3;ADCYAP1R1;HTR1F;ADORA1;PTGER2;RAPGEF3;GIPR;HTR6;ATP2B4;GRIA1;CNGA4;PTCH1;EDN1;RAC2;FOS;CAMK4;HTR4;CREBBP;GNAI2;MAPK10;ADORA2A;PDE4C;EDN2;OXTR;ADCY5;RAPGEF4;PLCE1;ADRB1;LHB;TIAM1;ADCY6;ATP1A4;ROCK1;BRAF;RYR2;SUCNR1;PDE3A;PRKACA;GRIA3;GRIN3B;ADCY1;AFDN;DRD1;OXT;CAMK2D;PPP1R1B;SLC9A1;CHRM1;GHSR;VAV2;NFKBIA;GRIN2A;PDE3B;GLP1R;RRAS;EP300;NFKB1;PLD2;CAMK2G;AKT1;PIK3R3;PIK3R2
gsea,JAK-STAT signaling pathway,0.5354335553938954,2.0396831608998784,1.000000e-03,7.422777e-03,1.030000e-01,78/162,20.61%,PDGFRB;CISH;CSF2RB;PDGFRA;IL21R;PDGFA;CCND2;FHL1;IL10RA;PIK3CD;IL27RA;IL3RA;IL7R;AKT3;PDGFB;IL12RB1;CSF2;IFNAR2;STAT5A;IL5RA;JAK3;IL11RA;BCL2;PIK3R1;CCND1;GHR;IL22RA2;JAK2;IL9R;IL2RB;IL6ST;OSM;CNTFR;SOCS1;IL2;IL10RB;SOCS2;IFNA7;EPOR;LIF;IL13;IL2RG;CREBBP;CSF3R;TYK2;IRF9;IL4R;IL6R;CRLF2;EGFR;PIM1;CTF1;SOCS3;CSF2RA;OSMR;IL4;IL24;JAK1;IL2RA;LIFR;IL12B;SOCS5;IL17D;PIAS2;STAT4;IL6;MPL;STAT5B;CDKN1A;IL15RA;EP300;PTPN6;LEPR;AKT1;IFNLR1;PIK3R3;PIK3R2;CCND3
gsea,Salivary secretion,0.5609286677011636,2.0382322876469257,1.000000e-03,7.380154e-03,1.040000e-01,48/93,22.96%,PRKG1;GUCY1A1;ADCY4;ATP1A2;ATP1B2;GUCY1B1;GUCY1A2;PLCB2;ADRB2;AMY2B;CST5;KCNN4;ADCY9;PRKCB;ADRB3;ITPR2;CST2;ADCY7;ITPR3;ATP2B4;PRKCA;ITPR1;DMBT1;ADCY5;VAMP2;ADRA1A;ADRA1B;ADRB1;ADCY6;ATP1A4;LYZ;AMY1B;PRKACA;ADCY1;CST1;CST3;TRPV6;SLC9A1;AQP5;RYR3;PLCB3;CAMP;PLCB4;ADCY2;ADRA1D;GNAQ;ATP1A1;KCNMA1
gsea,Pertussis,0.5951994727325362,2.027591279364978,4.008016e-03,8.256155e-03,1.110000e-01,35/76,19.90%,ITGAM;NLRP3;NOD1;ITGB2;IRF8;C4A;C4B;TNF;C1R;CASP1;SERPING1;MAPK11;JUN;TLR4;C3;IL1B;C1S;C4BPA;FOS;TRAF6;GNAI2;ITGA5;MAPK10;C1QA;CD14;C1QC;C1QB;SFTPA1;SFTPA2;IL12B;CXCL6;MYD88;IL6;NFKB1;NOS2
gsea,TNF signaling pathway,0.5733211822933999,2.0109729508856327,6.036217e-03,9.513127e-03,1.260000e-01,70/112,27.29%,CX3CL1;ICAM1;CSF1;CXCL1;VCAM1;TRAF1;MMP9;PIK3CD;AKT3;DAB2IP;CSF2;LTA;TNF;MAPK11;JUN;PIK3R1;CREB5;MAP3K14;CXCL2;FAS;IL1B;TNFRSF1B;CCL2;JAG1;VEGFD;LIF;NOD2;EDN1;MMP14;JUNB;FOS;CFLAR;CASP10;CXCL3;MAPK10;RIPK3;IKBKB;IL18R1;SOCS3;TRAF5;TNFAIP3;PTGS2;SELE;MAP2K7;VEGFC;TRAF3;RPS6KA4;CXCL6;IL6;NFKBIA;NFKB1;AKT1;PIK3R3;PIK3R2;TRADD;BCL3;TAB1;MAP3K5;MMP3;IRF1;CREB1;CREB3L2;MAP3K8;CCL5;RPS6KA5;IKBKG;CCL20;RIPK1;IL15;MLKL
gsea,Prolactin signaling pathway,0.5194678773741457,2.0060849081893846,1.000000e-03,9.842905e-03,1.280000e-01,35/70,27.89%,CISH;SHC3;CCND2;PIK3CD;AKT3;STAT5A;MAPK11;PIK3R1;CCND1;JAK2;SHC2;SOCS1;SOCS2;FOS;ESR1;MAPK10;FOXO3;LHB;SOCS3;ESR2;SOCS5;STAT5B;NFKB1;AKT1;PIK3R3;PIK3R2;SHC4;GCK;IRF1;LHCGR;SOCS7;STAT3;TNFRSF11A;SOS2;RELA
gsea,Thyroid hormone signaling pathway,0.5385622997497929,1.9993678672051167,2.044990e-03,1.049252e-02,1.320000e-01,51/121,20.51%,NOTCH4;NOTCH1;BMP4;ITGB3;RCAN2;ATP1A2;ATP1B2;PLN;PLCB2;PIK3CD;SLC16A2;AKT3;PLCG2;PLCD1;PRKCB;PIK3R1;CCND1;KAT2B;PLCG1;FOXO1;RXRA;THRA;RCAN1;NOTCH2;TSC2;NOTCH3;PRKCA;PDPK1;CREBBP;ESR1;DIO2;TBC1D4;DIO3;PLCE1;ATP1A4;PRKACA;SLC16A10;RXRG;ITGAV;CTNNB1;SLCO1C1;MED13L;SLC9A1;MED17;PFKFB2;MED16;EP300;PLCB3;AKT1;PIK3R3;PIK3R2
gsea,NF-kappa B signaling pathway,0.6085239664600782,1.992837386193559,8.032129e-03,1.095071e-02,1.350000e-01,53/101,18.43%,ICAM1;BTK;CXCL12;CXCL1;VCAM1;TRAF1;LTB;CD40LG;IL1R1;LTA;PLCG2;CCL13;PRKCB;TNF;PLAU;BCL2;MALT1;ZAP70;TLR4;CD40;CYLD;PLCG1;MAP3K14;LAT;CXCL2;TNFSF14;IL1B;EDA2R;CCL19;TNFRSF13C;TNFSF13B;TRAF6;CARD10;CFLAR;CXCL3;IKBKB;CD14;ATM;CCL21;BLNK;SYK;EDA;GADD45B;TRAF5;TNFAIP3;PTGS2;LCK;TRAF3;BCL2A1;PRKCQ;MYD88;CARD11;NFKBIA
gsea,Endocrine and other factor-regulated calcium reabsorption,0.5590341013837765,1.9927645509229182,2.028398e-03,1.079862e-02,1.350000e-01,25/53,23.72%,PTH1R;ATP1A2;ATP1B2;VDR;PLCB2;DNM3;ADCY9;SLC8A1;PRKCB;ATP2B4;PRKCA;SLC8A3;ESR1;AP2A2;KL;ADCY6;ATP1A4;PRKACA;BDKRB2;PLCB3;DNM2;PLCB4;GNAQ;ATP1A1;DNM1
gsea,T cell receptor signaling pathway,0.6091001242916084,1.9860707959551291,4.219409e-03,1.149264e-02,1.410000e-01,52/104,20.51%,NFATC1;NFATC2;RASGRP1;FYN;CD4;PIK3CD;CD40LG;AKT3;LCP2;CSF2;GRAP2;PTPRC;CD28;TNF;VAV1;MALT1;MAPK11;JUN;PIK3R1;ZAP70;PLCG1;MAP3K14;LAT;CD247;CD3E;ICOS;CD3G;ITK;IL2;CTLA4;PDPK1;FOS;MAPK10;IKBKB;CD3D;PPP3CC;PDCD1;IL4;LCK;MAP2K7;NFATC3;PRKCQ;CARD11;NFKBIE;VAV2;NFKBIA;PPP3CA;PTPN6;NFKB1;AKT1;PIK3R3;PIK3R2
gsea,Fc gamma R-mediated phagocytosis,0.5482797904381278,1.9842751937543153,1.000000e-03,1.160727e-02,1.410000e-01,44/96,21.59%,WAS;PIK3CD;FCGR2A;INPP5D;AKT3;HCK;PTPRC;PLCG2;NCF1;PRKCB;VAV1;PLA2G4C;PIK3R1;FCGR2B;PLPP1;PLCG1;PLPP3;LAT;PRKCE;GSN;DOCK1;FCGR3A;PIP5K1C;PRKCA;JMJD7-PLA2G4B;RAC2;FCGR1A;PLA2G4F;ASAP3;SYK;LIMK1;PLA2G6;PRKCD;SPHK1;VAV2;WASF3;PLD2;MYO10;AKT1;PLA2G4D;PIK3R3;PIK3R2;DNM2;PLA2G4B
gsea,Adrenergic signaling in cardiomyocytes,0.5077542333385293,1.9828597070330605,1.000000e-03,1.161641e-02,1.410000e-01,69/149,22.89%,CACNA1C;SCN4B;SCN7A;ADCY4;PIK3R6;ATP1A2;ATP1B2;PLN;PIK3R5;PLCB2;CACNB1;PIK3CG;ADRB2;AKT3;CACNA2D2;ADCY9;SLC8A1;MYL4;MYL3;CAMK2A;BCL2;MAPK11;CACNA2D4;KCNQ1;TPM1;CREB5;ADCY7;KCNE1;RAPGEF3;TPM2;ATP2B4;CACNB3;PRKCA;PPP2R2B;TNNC1;SLC8A3;GNAI2;PPP2R5B;SCN1B;ADCY5;RAPGEF4;ADRA1A;AGT;ADRA1B;ACTC1;ADRB1;ADCY6;ATP1A4;CACNA2D3;RYR2;PRKACA;CACNA2D1;ADCY1;CAMK2D;SLC9A1;CACNG6;PLCB3;CAMK2G;AKT1;AGTR1;PLCB4;ADCY2;PPP2R3A;CACNA1D;ADRA1D;CACNG4;TNNT2;GNAQ;ATP1A1
gsea,Inflammatory bowel disease,0.7214636838900277,1.980916467058465,5.917160e-03,1.168596e-02,1.420000e-01,41/63,17.82%,TGFB3;NFATC1;IL21R;HLA-DQB1;HLA-DQA1;MAF;TGFB2;TLR2;HLA-DOA;HLA-DPB1;FOXP3;HLA-DRB5;IL12RB1;TGFB1;HLA-DPA1;HLA-DMB;TNF;RORA;JUN;HLA-DMA;HLA-DRB1;TLR4;TLR5;HLA-DOB;IL1B;IL2;HLA-DQA2;NOD2;IL13;HLA-DRA;TBX21;IL2RG;IL4R;SMAD2;IL18R1;IL4;IL12B;IL18RAP;GATA3;STAT4;IL6
gsea,Aminoacyl-tRNA biosynthesis,-0.6145123882662273,-1.9672932789185213,3.752345e-03,3.124817e-01,1.730000e-01,20/44,19.72%,DARS2;MARS2;GATC;YARS2;GATB;FARSB;QRSL1;MARS1;SARS2;TARS1;GARS1;MTFMT;RARS2;PSTK;PARS2;IARS1;RARS1;TARS2;DARS1;NARS2
gsea,Inflammatory mediator regulation of TRP channels,0.5337297609556003,1.966421494092011,1.000000e-03,1.327031e-02,1.590000e-01,53/98,22.76%,ADCY4;TRPV2;PLCB2;PIK3CD;PTGER4;IL1R1;NTRK1;ADCY9;PLCG2;PRKCB;CAMK2A;ITPR2;HTR2A;MAPK11;PLA2G4C;PIK3R1;ADCY7;PLCG1;IL1RAP;PRKCE;IL1B;PTGER2;PRKCH;ITPR3;HRH1;PRKCA;JMJD7-PLA2G4B;IGF1;P2RY2;MAPK10;ITPR1;PLA2G4F;ADCY5;ADCY6;PRKACA;BDKRB2;ADCY1;PLA2G6;PRKCD;ALOX12;PRKCQ;CAMK2D;PLCB3;CAMK2G;PLA2G4D;PIK3R3;PIK3R2;PLA2G4B;PLCB4;ADCY2;NGF;TRPM8;GNAQ
gsea,Signaling pathways regulating pluripotency of stem cells,0.5140979225033332,1.9638383155155155,2.079002e-03,1.341537e-02,1.600000e-01,61/142,20.51%,BMP4;FZD2;MEIS1;WNT9A;ID4;WNT2;FZD1;INHBA;PIK3CD;TBX3;AXIN2;AKT3;LEFTY2;WNT10A;JAK3;FGFR1;FGFR2;MAPK11;FGFR3;ZFHX3;PIK3R1;WNT5B;HOXD1;FZD7;JAK2;WNT7B;ID3;IL6ST;WNT2B;FZD4;WNT5A;BMPR2;SMAD4;FZD8;WNT11;LIF;WNT6;IGF1;ID2;INHBB;NODAL;APC;SMAD2;POU5F1;WNT9B;WNT3A;WNT7A;JAK1;FGF2;LIFR;ACVR1B;CTNNB1;ACVR1;ID1;ACVR2A;SMAD9;TCF7;AKT1;AXIN1;PIK3R3;PIK3R2
gsea,Melanoma,0.5457117441982429,1.9625820074339302,1.000000e-03,1.344006e-02,1.640000e-01,30/72,20.51%,PDGFRB;PDGFRA;PDGFA;HGF;PIK3CD;PDGFD;FGF7;FGF1;AKT3;PDGFB;PDGFC;FGFR1;FGF10;FGF18;PIK3R1;CCND1;MITF;IGF1;FGF16;FGF9;EGFR;GADD45B;BRAF;FGF2;PTEN;FGF22;CDKN1A;AKT1;PIK3R3;PIK3R2
gsea,Asthma,0.795331903080939,1.960954425487648,1.890359e-03,1.342571e-02,1.660000e-01,22/28,14.17%,MS4A2;HLA-DQB1;HLA-DQA1;FCER1A;HLA-DOA;CD40LG;HLA-DPB1;HLA-DRB5;HLA-DPA1;HLA-DMB;TNF;HLA-DMA;EPX;HLA-DRB1;CD40;HLA-DOB;HLA-DQA2;IL13;HLA-DRA;FCER1G;IL4;PRG2
gsea,Acute myeloid leukemia,0.5747161750274312,1.9592580568250761,2.053388e-03,1.341172e-02,1.690000e-01,33/67,20.51%,LEF1;ITGAM;CSF1R;SPI1;RUNX1T1;PIK3CD;FLT3;AKT3;RARA;CSF2;RUNX1;STAT5A;CEBPA;PIK3R1;CCND1;PIM2;TCF7L1;DUSP6;ZBTB16;FCGR1A;PML;IKBKB;CD14;PPARD;PIM1;BRAF;BCL2A1;STAT5B;NFKB1;TCF7;AKT1;PIK3R3;PIK3R2
gsea,Intestinal immune network for IgA production,0.7656973290851881,1.9578423310227382,5.681818e-03,1.337933e-02,1.700000e-01,30/45,10.22%,HLA-DQB1;HLA-DQA1;CXCL12;HLA-DOA;CD40LG;TNFRSF13B;ITGA4;HLA-DPB1;CD80;HLA-DRB5;TGFB1;CD28;HLA-DPA1;HLA-DMB;ITGB7;CD86;HLA-DMA;HLA-DRB1;CD40;HLA-DOB;MAP3K14;TNFSF13;ICOS;IL2;TNFRSF13C;HLA-DQA2;TNFSF13B;HLA-DRA;PIGR;TNFRSF17
gsea,DNA replication,-0.7672014382112735,-1.9565197140492208,1.897533e-03,1.721838e-01,1.820000e-01,25/36,16.54%,RFC4;PRIM1;POLE2;RFC3;MCM4;RFC5;DNA2;RNASEH2A;PRIM2;RPA3;MCM6;MCM2;PCNA;FEN1;MCM7;RFC2;SSBP1;POLA2;POLA1;LIG1;POLD3;POLE;POLE4;POLD2;MCM3
gsea,Mismatch repair,-0.7483063337884857,-1.9548485309985828,1.883239e-03,1.167514e-01,1.840000e-01,15/23,17.76%,RFC4;EXO1;RFC3;RFC5;RPA3;MSH2;PCNA;RFC2;SSBP1;LIG1;MSH6;POLD3;PMS2;POLD2;MSH3
gsea,"Growth hormone synthesis, secretion and action",0.5087129455896454,1.9538791733890577,1.000000e-03,1.382906e-02,1.750000e-01,55/119,22.76%,CACNA1C;SHC3;ADCY4;GHRL;PLCB2;PIK3CD;AKT3;ADCY9;PLCG2;STAT5A;PRKCB;ITPR2;MAPK11;MAP3K1;PIK3R1;GHR;SSTR3;CREB5;JAK2;ADCY7;PLCG1;IRS1;SHC2;IGFALS;SOCS1;ITPR3;SOCS2;PRKCA;IGF1;JUNB;FOS;CREBBP;GNAI2;MAPK10;ITPR1;ADCY5;SOCS3;ADCY6;PRKACA;GNA11;ADCY1;STAT5B;GHSR;IGFBP3;EP300;BCAR1;PLCB3;AKT1;PIK3R3;PIK3R2;SHC4;PLCB4;ADCY2;CACNA1D;GNAQ
gsea,Chagas disease,0.562521656695175,1.9524088760886098,6.109980e-03,1.390223e-02,1.760000e-01,56/101,22.78%,TGFB3;TGFB2;TLR2;PLCB2;PIK3CD;AKT3;ACE;TGFB1;TGFBR2;TNF;MAPK11;JUN;PIK3R1;TLR4;C3;FAS;CD247;IL1B;CD3E;CCL2;CD3G;IL2;PPP2R2B;GNAO1;FOS;TRAF6;CFLAR;GNA14;GNAI2;MAPK10;C1QA;IKBKB;CD3D;SMAD2;C1QC;C1QB;SERPINE1;GNA11;BDKRB2;ADCY1;IL12B;MYD88;IL6;NFKBIA;TGFBR1;NFKB1;NOS2;PLCB3;AKT1;GNA15;PIK3R3;PIK3R2;PLCB4;IL12A;GNAQ;CCL3
gsea,Oxidative phosphorylation,-0.5141526639319102,-1.9492036044534702,2.935421e-02,9.197852e-02,1.920000e-01,69/118,22.55%,NDUFA9;UQCRHL;NDUFB9;ATP5MF;COX7A2;NDUFB5;COX17;ATP5MC1;COX7B;UQCRFS1;COX6A1;NDUFS1;ATP5ME;ATP5MC3;ATP5PO;COX5A;ATP6V1E2;CYC1;UQCRQ;NDUFB4;UQCR11;COX7B2;COX7A2L;COX5B;NDUFB3;ATP5F1C;NDUFB1;COX6B1;NDUFB8;NDUFA10;COX10;SDHA;NDUFAB1;ATP5PF;NDUFA6;NDUFC1;ATP5MG;COX15;NDUFB6;UQCRH;SDHC;ATP5MC2;NDUFA3;ATP5F1B;NDUFB2;SDHB;UQCRB;NDUFS3;NDUFS2;UQCRC2;NDUFA5;ATP5PB;UQCR10;COX8A;NDUFA12;COX6C;ATP5PD;NDUFA2;PPA2;NDUFS6;NDUFA1;COX4I1;ATP6V0B;SDHD;ATP5F1E;NDUFS8;NDUFB11;UQCRC1;NDUFA8
gsea,Lipid and atherosclerosis,0.47309375718952074,1.9488868056651583,8.146640e-03,1.400983e-02,1.780000e-01,90/213,23.39%,NFATC1;ICAM1;NFATC2;NLRP3;CXCL1;VCAM1;TLR2;SELP;PLCB2;MMP9;PIK3CD;OLR1;CD40LG;POU2F2;AKT3;NCF4;CYBB;NCF1;TNF;CAMK2A;CASP1;NCF2;VAV1;BCL2;MAPK11;JUN;PIK3R1;AGER;TLR4;MIB2;CD40;ABCA1;JAK2;PLCG1;RXRA;CXCL2;FAS;IL1B;CCL2;ERN1;IFNA7;PRKCA;ARHGEF1;IRF7;PDPK1;FOS;TRAF6;NOS3;CXCL3;MAPK10;ITPR1;IKBKB;CD14;PPP3CC;IKBKE;CD36;SELE;MAP2K7;RXRG;ABCG1;IL12B;NFATC3;TRAF3;TNFSF10;CAMK2D;MYD88;IL6;VAV2;NFKBIA;LDLR;PPP3CA;MMP1;NFKB1;PLCB3;CAMK2G;AKT1;PIK3R3;PIK3R2;TNFRSF10B;VLDLR;PLCB4;TAB1;MAP3K5;MMP3;CYP1A1;IL12A;CCL3;RAP1A;POU2F3;CYBA
gsea,MicroRNAs in cancer,0.45677579215048614,1.9435010816975742,1.000000e-03,1.468668e-02,1.890000e-01,74/251,13.87%,NOTCH4;PDGFRB;NOTCH1;TNN;ZEB1;ZEB2;RECK;TIMP3;PDGFRA;ITGB3;PDGFA;CCND2;TGFB2;ZFPM2;TNXB;THBS1;MMP9;PIK3CD;MIR221;MIR126;PDGFB;CYP1B1;MIR145;MMP16;PLCG2;TNC;PRKCB;PLAU;BMF;FOXP1;BCL2;FGFR3;PIK3R1;CCND1;MIR23B;MIR27B;VIM;TPM1;MIR135B;VEGFA;PLCG1;IRS1;GLS;RASSF1;PRKCE;MIR342;SOCS1;NOTCH2;HDAC5;BMPR2;NOTCH3;PRKCA;SLC45A3;TNR;MIR331;CREBBP;CD44;ITGA5;SPRY2;IKBKB;APC;ABCB1;MIR200B;MIR125B1;MIR23C;EGFR;PIM1;ATM;MIR200A;MIR181C;WNT3A;ROCK1;PTGS2;TRIM71
gsea,Choline metabolism in cancer,0.5112415283835264,1.9388437259463838,4.237288e-03,1.513602e-02,1.970000e-01,46/98,22.34%,PDGFRB;PDGFRA;PDGFA;WAS;PIK3CD;PDGFD;AKT3;RALGDS;PDGFB;PDGFC;PRKCB;JUN;PLA2G4C;PIK3R1;PLPP1;PLCG1;PLPP3;SLC22A3;TSC2;PIP5K1C;PRKCA;SLC22A4;JMJD7-PLA2G4B;PDPK1;RAC2;FOS;DGKD;MAPK10;PLA2G4F;EGFR;CHKB;TSC1;PCYT1B;SLC44A4;DGKQ;DGKH;SLC44A2;WASF3;PLD2;AKT1;PLA2G4D;PIK3R3;PIK3R2;PLA2G4B;DGKZ;DGKI
gsea,PD-L1 expression and PD-1 checkpoint pathway in cancer,0.5790931943243541,1.9368820232253945,6.315789e-03,1.526086e-02,1.980000e-01,42/89,20.51%,NFATC1;NFATC2;RASGRP1;MAP3K3;TLR2;CD4;PIK3CD;AKT3;CD28;MAPK11;JUN;PIK3R1;ZAP70;TLR4;JAK2;PLCG1;LAT;CD247;CD3E;CD3G;CD274;FOS;TRAF6;IKBKB;CD3D;PPP3CC;EGFR;PDCD1;LCK;JAK1;NFATC3;PTEN;PRKCQ;MYD88;NFKBIE;NFKBIA;PPP3CA;PTPN6;NFKB1;AKT1;PIK3R3;PIK3R2
gsea,Glycosaminoglycan biosynthesis,0.5836270011146873,1.932567507210572,6.109980e-03,1.562459e-02,2.010000e-01,28/53,20.72%,XYLT1;ST3GAL2;CHST3;EXTL1;CHST1;CHSY3;NDST2;CHST7;NDST1;CHST2;HS3ST2;CHSY1;DSE;CSGALNACT2;CHST15;HS3ST3A1;HS3ST5;EXTL3;HS3ST3B1;HS6ST2;CHST12;ST3GAL1;XYLT2;CHST14;B3GALT6;UST;HS3ST1;CHPF
gsea,Staphylococcus aureus infection,0.6298634181770243,1.9222465946047902,4.056795e-03,1.690218e-02,2.070000e-01,42/91,12.21%,HLA-DQB1;HLA-DQA1;ICAM1;ITGAM;SELP;SELPLG;ITGB2;HLA-DOA;FCGR2C;C4A;FCGR2A;HLA-DPB1;ITGAL;C4B;HLA-DRB5;C3AR1;FPR3;HLA-DPA1;HLA-DMB;C1R;FPR1;FCGR2B;HLA-DMA;CFI;HLA-DRB1;HLA-DOB;PTAFR;C3;C1S;MASP2;FCGR3A;C5AR1;HLA-DQA2;HLA-DRA;FCGR1A;KRT32;KRT27;CFD;C1QA;CFH;C1QC;C1QB
gsea,Circadian entrainment,0.5282541718124979,1.9111013806381014,1.000000e-03,1.837120e-02,2.180000e-01,42/97,20.07%,CACNA1C;PRKG1;GUCY1A1;GNG7;ADCY4;GNG2;GUCY1B1;GUCY1A2;GNG8;PLCB2;PER3;ADCY9;KCNJ5;PRKCB;CACNA1H;CAMK2A;GNG11;ADCY7;ADCYAP1R1;GNGT2;ITPR3;CACNA1G;GRIA1;PRKCA;GNAO1;FOS;GNAI2;ITPR1;ADCY5;GNB3;RYR1;ADCY6;RYR2;PRKACA;GRIA3;ADCY1;PER1;CAMK2D;GRIN2A;RYR3;PLCB3;CAMK2G
gsea,Glioma,0.5284526308377974,1.9076961068705367,6.237006e-03,1.863917e-02,2.220000e-01,32/75,21.27%,PDGFRB;SHC3;PDGFRA;PDGFA;CAMK1G;CAMK1D;PIK3CD;AKT3;PDGFB;PLCG2;PRKCB;CAMK2A;CAMK1;PIK3R1;CCND1;PLCG1;SHC2;PRKCA;IGF1;CAMK4;EGFR;GADD45B;BRAF;TGFA;PTEN;CAMK2D;CDKN1A;CAMK2G;AKT1;PIK3R3;PIK3R2;SHC4
gsea,Autoimmune thyroid disease,0.6524211835035063,1.9011509087826557,5.905512e-03,1.969443e-02,2.340000e-01,24/50,12.04%,HLA-DQB1;HLA-DQA1;HLA-DOA;CD40LG;HLA-DPB1;CD80;HLA-DRB5;CD28;HLA-DPA1;HLA-DMB;CD86;HLA-DMA;HLA-DRB1;TSHB;CD40;HLA-DOB;FAS;IL2;IFNA7;CTLA4;HLA-DQA2;HLA-DRA;HLA-F;PRF1
gsea,Homologous recombination,-0.660336447172394,-1.8936233227108117,5.736138e-03,1.227361e-01,2.570000e-01,19/41,14.89%,RAD51;BLM;RAD54B;EME1;XRCC2;RAD54L;BRCA1;BARD1;RPA3;BRCA2;TOPBP1;BRIP1;SEM1;SSBP1;RAD51C;POLD3;PALB2;RAD52;POLD2
gsea,Parkinson disease,-0.39006360383839905,-1.8914539485313246,3.088803e-02,1.047329e-01,2.610000e-01,109/234,22.55%,TUBAL3;NDUFA9;UQCRHL;PSMD14;NDUFB9;COX7A2;CYCS;NDUFB5;ATP5MC1;COX7B;UQCRFS1;COX6A1;NDUFS1;ATP5MC3;ATP5PO;DDIT3;SEM1;COX5A;GNAI1;PSMA4;CYC1;UCHL1;UQCRQ;NDUFB4;TUBB4A;UQCR11;COX7B2;COX7A2L;VDAC2;MFN1;COX5B;PSMA5;NDUFB3;ATP5F1C;VDAC3;NDUFB1;COX6B1;TUBA1C;TXN;NDUFB8;CALML5;NDUFA10;SDHA;NDUFAB1;PPIF;ATP5PF;PSMC1;NDUFA6;NDUFC1;PSMA1;VDAC1;NDUFB6;TUBA1B;CASP9;UQCRH;SDHC;ATP5MC2;PSMD1;NDUFA3;PSMD11;GNAL;SLC25A31;ATP5F1B;PSMD7;NDUFB2;EIF2S1;SDHB;UQCRB;NDUFS3;PSMB5;NDUFS2;UQCRC2;PSMB6;PSMC6;PSMB3;PSMC4;PSMD9;NDUFA5;DRD2;ATP5PB;UQCR10;COX8A;NDUFA12;COX6C;PSMC2;ATP5PD;UBE2G1;TRAP1;PSMB1;SLC25A5;PSMD4;PSMD2;EIF2AK3;PSMB4;NDUFA2;TUBA8;NDUFS6;NDUFA1;COX4I1;PSMA7;PSMD8;SDHD;ATP5F1E;TH;NDUFS8;NDUFB11;PSMD12;UQCRC1;NDUFA8
gsea,Human cytomegalovirus infection,0.4606642652187439,1.8861337770005775,1.046025e-02,2.231284e-02,2.550000e-01,89/223,22.01%,NFATC1;CX3CL1;GNG7;PDGFRA;ITGB3;ADCY4;GNG2;NFATC2;CXCL12;GNG8;PLCB2;IL10RA;PIK3CD;PTGER4;IL1R1;AKT3;ADCY9;STING1;PRKCB;TNF;ITPR2;PTK2B;MAPK11;PIK3R1;GNG11;CCND1;CCR5;VEGFA;CREB5;ADCY7;PTGER1;AKAP13;PTGER3;FAS;GNGT2;IL1B;CCL2;PTGER2;ITPR3;CCR1;IL10RB;TSC2;IFNA7;PRKCA;ARHGEF1;ARHGEF12;GNAO1;RAC2;GNAI2;ITPR1;HLA-F;IKBKB;IL6R;CXCR2;ADCY5;PPP3CC;GNB3;EGFR;NFATC4;CXCR4;ADCY6;TSC1;ROCK1;TRAF5;PTGS2;PRKACA;JAK1;GNA12;ITGAV;GNA11;ADCY1;CTNNB1;NFATC3;IL6;HLA-E;CDKN1A;NFKBIA;PPP3CA;NFKB1;BCAR1;PLCB3;AKT1;PIK3R3;PIK3R2;CCL4;TRADD;PLCB4;ADCY2;HLA-B
gsea,Citrate cycle (TCA cycle),-0.5998391140283863,-1.8776863795768894,1.532567e-02,1.016144e-01,2.710000e-01,18/30,26.67%,OGDHL;IDH1;IDH3A;PCK1;MDH1;DLD;SDHA;SUCLG1;SDHC;DLAT;SDHB;FH;SUCLA2;SDHD;MDH2;ACO2;PDHA1;IDH2
gsea,Long-term depression,0.5071073531440832,1.877340459183945,2.044990e-03,2.388950e-02,2.690000e-01,22/60,15.73%,PRKG1;GUCY1A1;GUCY1B1;GUCY1A2;PLCB2;PRKCB;ITPR2;PLA2G4C;ITPR3;GRIA1;PRKCA;JMJD7-PLA2G4B;IGF1;GNAO1;GNAI2;ITPR1;PLA2G4F;RYR1;BRAF;GRIA3;GNA12;GNA11
gsea,Adherens junction,0.550856833432226,1.8749584120584109,1.242236e-02,2.428088e-02,2.760000e-01,32/71,20.62%,LEF1;SORBS1;WAS;FYN;TGFBR2;SNAI2;BAIAP2;FGFR1;NECTIN3;PTPRB;PTPRM;TCF7L1;CTNND1;SMAD4;VCL;RAC2;CREBBP;NECTIN1;EGFR;SNAI1;ACTN1;AFDN;CTNNB1;PTPN1;INSR;TGFBR1;WASF3;EP300;PTPN6;TCF7;TJP1;PTPRJ
gsea,Aldosterone synthesis and secretion,0.5193237335027099,1.8736592504643381,4.132231e-03,2.420481e-02,2.770000e-01,47/98,22.89%,CACNA1C;ADCY4;ATP1A2;ATP1B2;CAMK1G;CAMK1D;PLCB2;NPR1;PDE2A;ADCY9;KCNJ5;PRKCB;CACNA1H;CAMK2A;ITPR2;CAMK1;CREB5;ADCY7;PRKCE;ITPR3;ATP2B4;CACNA1G;PRKCA;CAMK4;ITPR1;PRKD1;ADCY5;AGT;ADCY6;ATP1A4;PRKACA;GNA11;DAGLB;ADCY1;NR4A1;CAMK2D;KCNK3;LDLR;PLCB3;CAMK2G;AGTR1;PLCB4;ADCY2;CACNA1D;PRKD2;GNAQ;ATP1A1
gsea,Sphingolipid signaling pathway,0.49015139931246726,1.8660671488786758,1.050420e-02,2.585501e-02,2.900000e-01,53/119,23.35%,MS4A2;FCER1A;S1PR2;FYN;PLCB2;PIK3CD;S1PR1;AKT3;S1PR4;PRKCB;TNF;SPTLC3;BCL2;MAPK11;PIK3R1;ADORA3;SGPP2;S1PR3;PRKCE;ADORA1;SGMS2;PRKCA;PPP2R2B;SMPD1;PDPK1;RAC2;NOS3;GNAI2;PPP2R5B;MAPK10;CTSD;PRKCZ;ACER1;FCER1G;ROCK1;GNA12;BDKRB2;PTEN;SPHK1;SGPP1;NFKB1;PLD2;PLCB3;AKT1;PIK3R3;PIK3R2;TRADD;PLCB4;PPP2R3A;ASAH1;MAP3K5;GNAQ;SPTLC2
gsea,Viral protein interaction with cytokine and cytokine receptor,0.6590417608702686,1.8646020040717015,2.366864e-02,2.590426e-02,2.910000e-01,57/97,17.82%,CX3CL1;CX3CR1;CSF1;IL34;CXCL12;CXCL1;CSF1R;CCL22;IL10RA;CCR2;XCR1;CCR7;CCL17;CCR4;LTA;CCL14;CCL13;TNF;CCR6;CCR8;CCL16;CXCR3;CCR5;CCL23;CXCL2;CXCL14;CXCR5;IL2RB;IL6ST;TNFSF14;TNFRSF1B;CCL2;TNFRSF10C;CCR1;IL2;IL10RB;TNFRSF14;CCL19;IL2RG;CXCL3;IL6R;CXCR2;IL37;ACKR3;PPBP;IL18R1;CXCR4;CCL21;IL24;IL2RA;CCL11;IL18RAP;ACKR4;TNFSF10;CCL18;CXCL6;IL6
gsea,Hepatocellular carcinoma,0.4636904423296201,1.8580788236604242,1.263158e-02,2.692057e-02,2.950000e-01,63/167,20.51%,TGFB3;GSTM5;LEF1;FZD2;SHC3;TGFB2;WNT9A;HGF;WNT2;FZD1;PIK3CD;AXIN2;AKT3;TGFB1;TGFBR2;PLCG2;WNT10A;PRKCB;PIK3R1;CCND1;SMARCA2;WNT5B;TCF7L1;FZD7;SMARCA4;PLCG1;WNT7B;SHC2;WNT2B;GAB1;FZD4;WNT5A;SMAD4;FZD8;PRKCA;WNT11;WNT6;GSTM2;APC;SMAD2;GSTT2B;EGFR;SMARCE1;WNT9B;WNT3A;GADD45B;BRAF;LRP6;TGFA;WNT7A;HMOX1;CTNNB1;PTEN;SMARCD3;CDKN1A;TGFBR1;ARID1A;TCF7;GSTT2;AKT1;AXIN1;PIK3R3;PIK3R2
gsea,Shigellosis,0.41677160341955954,1.854729974868556,1.829268e-02,2.733864e-02,2.990000e-01,82/244,21.96%,CYTH3;CYTH4;NLRP3;NOD1;PLCB2;PIK3CD;IL1R1;AKT3;HCLS1;CSF2;NLRC4;PLCG2;STING1;PLCD1;MYL9;TNF;TLN2;CASP1;ILK;ITPR2;HK3;BCL2;MALT1;MAPK11;JUN;PIK3R1;TLR4;TLR5;PLCG1;C3;FOXO1;PRKCE;IL1B;ITPR3;DOCK1;ARHGEF2;NAIP;PIK3C3;SEPTIN11;ELMO1;VCL;TRAF6;FNBP1;CD44;ITGA5;CYTH1;FOXO4;MAPK10;ITPR1;FOXO3;TLN1;IKBKB;CD14;PLCE1;EGFR;ATM;SEPTIN6;ROCK1;TECPR1;TRAF5;SEPTIN8;ACTN1;ELMO2;MYL5;PRKCD;ATG14;PRKCQ;MYD88;NFKBIA;NFKB1;BCAR1;PLCB3;AKT1;PIK3R3;PIK3R2;FOXO6;TRADD;SEPTIN9;PLCB4;TAB1;MYL7;U2AF1
gsea,Proteasome,-0.5515405865057954,-1.8521048520077825,2.298851e-02,1.100063e-01,3.080000e-01,31/46,29.71%,PSMD14;SEM1;PSMA4;PSMA5;PSMC1;PSMA1;PSMD1;PSMD11;PSMD7;PSMB5;PSMB6;PSMC6;PSME4;PSMB3;PSMC4;PSMD9;PSMC2;PSMB1;PSMD4;PSMD2;PSMB4;POMP;PSMA7;PSMD8;PSMD12;PSMA3;PSMD3;PSME3;PSMB8;PSMB2;PSMB7
gsea,Lysosome,0.4862058361762775,1.8508627553235488,4.393305e-02,2.798953e-02,3.090000e-01,60/127,23.65%,CTSK;NAPSA;CTSG;ABCA2;CTSE;CTSO;NPC2;SLC11A1;CTSH;PLA2G15;CLN3;DNASE2B;ARSB;LAPTM5;AP1M1;AP1S2;SMPD1;IDUA;AP4B1;MAN2B1;IDS;LAMP3;SGSH;CTSD;ATP6V0C;ACP5;CTSW;CTSF;GGA2;GNPTAB;HGSNAT;CTSZ;ARSA;LIPA;ATP6V0A1;NAGPA;ATP6V0D2;AP3S2;GAA;HYAL2;GGA3;GGA1;TPP1;CLN5;ARSG;TCIRG1;AP4S1;MCOLN1;SORT1;IGF2R;NPC1;ASAH1;CTSS;LGMN;AP1B1;GALC;AP1G2;FUCA1;NAGA;SLC11A2
gsea,Colorectal cancer,0.50440354604861,1.8498929181770642,1.659751e-02,2.804599e-02,3.110000e-01,34/86,20.51%,TGFB3;LEF1;TGFB2;PIK3CD;AXIN2;AKT3;RALGDS;TGFB1;TGFBR2;BCL2;JUN;PIK3R1;CCND1;TCF7L1;DCC;BBC3;SMAD4;RAC2;FOS;MAPK10;APC;SMAD2;EGFR;GADD45B;BRAF;TGFA;CTNNB1;CDKN1A;TGFBR1;TCF7;AKT1;AXIN1;PIK3R3;PIK3R2
gsea,Prostate cancer,0.511376503800811,1.8463660458109952,1.239669e-02,2.844117e-02,3.120000e-01,43/97,20.51%,ERG;PDGFRB;LEF1;ZEB1;PDGFRA;PDGFA;TMPRSS2;MMP9;PIK3CD;PDGFD;AKT3;PDGFB;PDGFC;PLAU;FGFR1;FGFR2;BCL2;PLAT;PIK3R1;CCND1;AR;TCF7L1;CREB5;FOXO1;ETV5;IGF1;PDPK1;CREBBP;IKBKB;EGFR;BRAF;TGFA;CTNNB1;PTEN;SRD5A2;CDKN1A;NFKBIA;EP300;NFKB1;TCF7;AKT1;PIK3R3;PIK3R2
gsea,Estrogen signaling pathway,0.4488780035562817,1.840380329721865,4.048583e-03,2.944346e-02,3.170000e-01,50/137,21.93%,PGR;SHC3;ADCY4;MMP2;PLCB2;MMP9;GABBR1;PIK3CD;AKT3;RARA;ADCY9;KCNJ5;ITPR2;BCL2;GABBR2;JUN;PIK3R1;GPER1;CREB5;ADCY7;HBEGF;SHC2;ITPR3;GNAO1;FOS;NOS3;KRT32;KRT27;GNAI2;ESR1;CTSD;ITPR1;ADCY5;EGFR;ADCY6;TGFA;PRKACA;ADCY1;PRKCD;ESR2;KRT14;KRT40;PLCB3;AKT1;PIK3R3;PIK3R2;KRT39;SHC4;PLCB4;ADCY2
gsea,Tight junction,0.44788296681198386,1.8378546962292923,1.250000e-02,2.970204e-02,3.220000e-01,51/166,15.53%,MYH11;JAM2;SYNPO;CD1E;CD1A;CD1C;CGNL1;JAM3;WAS;CLDN9;CD1B;DLG2;MYH10;RAPGEF2;CD1D;HCLS1;RUNX1;MYL9;AMOTL2;JUN;MAP3K1;CCND1;PARD6G;STK11;MPDZ;MSN;PRKCE;MICALL2;ARHGEF2;AMOT;PPP2R2B;CLDN5;MYH9;RAPGEF6;MAGI1;ARHGEF18;MAPK10;TUBA1A;PRKCZ;CLDN11;CLDN16;AMOTL1;CLDN2;NEDD4L;TIAM1;ROCK1;ACTN1;ARHGAP17;PRKACA;MAP2K7;CLDN23
gsea,Cushing syndrome,0.46438634554917657,1.8323019975621533,8.316008e-03,3.083177e-02,3.300000e-01,73/155,25.34%,CACNA1C;LEF1;FZD2;ADCY4;WNT9A;PLCB2;WNT2;FZD1;AXIN2;ADCY9;WNT10A;CACNA1H;CAMK2A;ITPR2;ARMC5;CCND1;WNT5B;TCF7L1;CREB5;FZD7;ADCY7;WNT7B;WNT2B;ITPR3;FZD4;CDKN2B;WNT5A;CACNA1G;FZD8;WNT11;WNT6;KMT2A;AHR;GNAI2;ITPR1;APC;ADCY5;AGT;EGFR;ADCY6;WNT9B;WNT3A;BRAF;WNT7A;PRKACA;KCNA4;GNA11;ADCY1;CTNNB1;NR4A1;NR5A1;CAMK2D;CDKN1A;KMT2D;KCNK3;LDLR;PDE8B;TCF7;PLCB3;CAMK2G;AXIN1;AGTR1;PLCB4;ADCY2;CACNA1D;GNAQ;RAP1A;CREB1;RB1;TCF7L2;CREB3L2;PDE8A;CYP21A2
gsea,IL-17 signaling pathway,0.490205806291478,1.8303146231557073,2.044990e-02,3.115807e-02,3.330000e-01,40/94,21.29%,CXCL1;MMP9;CSF2;CCL17;TNF;MMP13;MAPK11;JUN;IL17RA;CXCL2;IL1B;CCL2;IL17RE;IL13;FOS;TRAF6;CXCL3;MAPK10;IKBKB;IKBKE;TRAF5;TNFAIP3;PTGS2;IL4;FOSB;CCL11;TRAF3;CXCL6;IL17D;MAPK15;IL6;JUND;NFKBIA;MMP1;NFKB1;IL17A;MAPK7;USP25;IL17RC;TRADD
gsea,Aldosterone-regulated sodium reabsorption,0.5729709726080391,1.8212655868716465,9.803922e-03,3.301494e-02,3.450000e-01,14/36,13.10%,ATP1A2;ATP1B2;SCNN1B;PIK3CD;NR3C2;SCNN1G;PRKCB;PIK3R1;IRS1;PRKCA;IGF1;PDPK1;NEDD4L;ATP1A4
gsea,Coronavirus disease,0.40991107049919034,1.8200250261138415,2.268041e-02,3.311990e-02,3.480000e-01,55/228,12.21%,VWF;NLRP3;TLR7;TMPRSS2;TLR2;SELP;F13A1;C7;PIK3CD;C4A;FCGR2A;C4B;ACE;C3AR1;CSF2;CYBB;IFNAR2;PLCG2;C6;STING1;PRKCB;TNF;C1R;CASP1;MAPK11;JUN;PIK3R1;NRP1;TLR4;PLCG1;C3;HBEGF;IL6ST;TLR8;IL1B;CCL2;C1S;IL2;MASP2;IFNA7;C5AR1;PRKCA;FOS;TRAF6;TYK2;MAPK10;CFD;IRF9;C1QA;IKBKB;IL6R;IKBKE;C1QC;EGFR;C1QB
gsea,Endometrial cancer,0.5120123554311946,1.7971112397093152,2.653061e-02,3.900930e-02,3.720000e-01,22/58,20.51%,LEF1;PIK3CD;AXIN2;AKT3;ILK;PIK3R1;CCND1;TCF7L1;PDPK1;FOXO3;APC;EGFR;GADD45B;BRAF;CTNNB1;PTEN;CDKN1A;TCF7;AKT1;AXIN1;PIK3R3;PIK3R2
gsea,Ribosome biogenesis in eukaryotes,-0.4662262688312317,-1.7888078386511812,3.538175e-02,1.555050e-01,4.000000e-01,40/84,23.44%,RPP25;REXO5;EMG1;POP1;RPP40;NMD3;GTPBP4;POP7;RAN;RPP38;POP4;WDR43;LSG1;WDR75;NXT2;RPP30;NOP10;POP5;CSNK2B;RPP25L;UTP15;XPO1;GNL3;IMP3;RIOK1;AK6;RRP7A;UTP4;UTP18;NHP2;RNA5S17;IMP4;DKC1;MPHOSPH10;NOP58;NOP56;SNORD3A;NXT1;NOB1;CSNK2A3
gsea,Glutamatergic synapse,0.4797499685764841,1.7874300357000859,2.132196e-03,4.155577e-02,3.930000e-01,54/114,22.76%,CACNA1C;GNG7;ADCY4;GNG2;SHANK3;GNG8;PLCB2;SLC1A7;ADCY9;PRKCB;DLG4;GRIK4;ITPR2;PLA2G4C;GNG11;ADCY7;SLC1A3;GLS;GNGT2;ITPR3;SLC1A1;GRK3;GRIA1;PRKCA;JMJD7-PLA2G4B;GNAO1;GNAI2;ITPR1;PLA2G4F;ADCY5;GRM8;SHANK1;PPP3CC;GNB3;GRM6;ADCY6;PRKACA;GRIA3;GRIN3B;SHANK2;TRPC1;ADCY1;HOMER3;GRIN2A;PPP3CA;GRM2;PLD2;PLCB3;PLA2G4D;PLA2G4B;PLCB4;ADCY2;CACNA1D;GNAQ
gsea,Terpenoid backbone biosynthesis,-0.6045832806261979,-1.7851401269955833,3.168317e-02,1.430940e-01,4.060000e-01,9/22,13.66%,PDSS1;ACAT2;FDPS;IDI2;HMGCS1;PDSS2;IDI1;HMGCR;NUS1
gsea,Salmonella infection,0.41007019890910895,1.7816215832327926,4.545455e-02,4.305094e-02,4.000000e-01,80/248,22.14%,RHOJ;LEF1;CYTH3;CYTH4;NLRP3;TLR2;NOD1;NCKAP1L;RAB7B;AHNAK;PIK3CD;PIK3CG;AKT3;FLNA;NLRC4;PTPRC;MYL9;PODXL;FHOD1;TNF;CASP1;FYCO1;BCL2;DYNC2H1;MAPK11;JUN;TLR4;TLR5;KLC1;TCF7L1;ARHGEF26;CYFIP2;SNX18;PLEKHM1;IL1B;NAIP;PIK3C3;ELMO1;FOS;TRAF6;SNX33;CYTH1;MAPK10;RIPK3;TUBB6;IKBKB;CD14;TUBA1A;PIK3C2B;PLEKHM2;RHOH;MAP2K7;ELMO2;DYNLRB2;MYL5;CTNNB1;TNFSF10;MYD88;IL6;RHOG;NFKBIA;RILP;FLNB;RRAS;WASF3;AHNAK2;NFKB1;TCF7;AKT1;TNFRSF10B;TRADD;CASP5;GCC2;DNM2;DYNC1H1;TAB1;MYL7;KIF5A;DYNC1LI2;EXOC7
gsea,Epithelial cell signaling in Helicobacter pylori infection,0.4566828899374179,1.7775898340627878,2.531646e-02,4.398072e-02,4.040000e-01,24/70,20.16%,JAM2;CXCL1;JAM3;NOD1;PLCG2;MAPK11;JUN;PLCG1;MAP3K14;CXCL2;HBEGF;CXCL3;MAPK10;ATP6V0C;IKBKB;CXCR2;EGFR;ATP6V1B2;ATP6V0A1;ATP6V0D2;NFKBIA;NFKB1;TCIRG1;TJP1
gsea,Other types of O-glycan biosynthesis,0.5130603918213141,1.7758939190887724,8.179959e-03,4.409265e-02,4.040000e-01,16/47,17.21%,MFNG;GXYLT2;GALNT10;GALNT18;GALNT15;GALNT17;ST6GAL2;LFNG;EOGT;GALNT16;POMT1;GALNT5;POFUT2;GALNT11;ST6GAL1;OGT
gsea,Cholinergic synapse,0.48420364878697103,1.7756773262051744,8.438819e-03,4.376553e-02,4.060000e-01,52/113,20.51%,CACNA1C;GNG7;ADCY4;PIK3R6;GNG2;PIK3R5;FYN;GNG8;PLCB2;PIK3CD;PIK3CG;AKT3;ADCY9;PRKCB;CAMK2A;ITPR2;BCL2;PIK3R1;GNG11;KCNQ1;CREB5;JAK2;ADCY7;CHRNA6;GNGT2;ITPR3;PRKCA;GNAO1;FOS;CAMK4;GNAI2;KCNQ5;ITPR1;KCNJ2;ADCY5;GNB3;ADCY6;PRKACA;KCNQ4;KCNJ12;CHAT;GNA11;ADCY1;KCNQ3;CAMK2D;CHRM1;PLCB3;CAMK2G;AKT1;ACHE;PIK3R3;PIK3R2
gsea,Dopaminergic synapse,0.4181367948671975,1.774621064612744,8.264463e-03,4.358846e-02,4.070000e-01,51/131,22.76%,CACNA1C;GNG7;GNG2;GNG8;PLCB2;AKT3;DRD5;KCNJ5;PRKCB;CAMK2A;ITPR2;MAPK11;GNG11;SLC18A2;MAOB;CREB5;GNGT2;ITPR3;SLC6A3;GRIA1;PRKCA;PPP2R2B;GNAO1;FOS;DRD4;GNAI2;PPP2R5B;MAPK10;ITPR1;ARRB1;ADCY5;PPP3CC;GNB3;SCN1A;SLC18A1;PRKACA;GRIA3;ARRB2;DRD1;CAMK2D;PPP1R1B;GRIN2A;PPP3CA;PLCB3;CAMK2G;AKT1;PLCB4;PPP2R3A;KIF5A;CACNA1D;GNAQ
gsea,Primary immunodeficiency,0.7101417128707016,1.7694578448089826,3.262956e-02,4.472958e-02,4.130000e-01,22/37,14.03%,CIITA;BTK;CD4;CD40LG;TNFRSF13B;IL7R;PTPRC;JAK3;ZAP70;CD79A;CD40;CD19;CD3E;ICOS;TNFRSF13C;AIRE;IL2RG;CD3D;IGLL1;BLNK;RFXAP;LCK
gsea,Gastric acid secretion,0.48762504389709677,1.7688712155112578,6.302521e-03,4.453448e-02,4.130000e-01,33/76,22.89%,MYLK;ADCY4;ATP1A2;ATP1B2;PLCB2;ADCY9;PRKCB;CAMK2A;ITPR2;KCNJ15;KCNQ1;ADCY7;ITPR3;PRKCA;ATP4B;GNAI2;ITPR1;KCNJ2;ADCY5;MYLK4;HRH2;ADCY6;ATP1A4;PRKACA;ADCY1;CAMK2D;SLC9A1;PLCB3;CAMK2G;PLCB4;ADCY2;GNAQ;ATP1A1
gsea,Allograft rejection,0.7331088596318213,1.7663415253888888,3.231939e-02,4.485481e-02,4.160000e-01,23/35,14.01%,HLA-DQB1;HLA-DQA1;HLA-DOA;CD40LG;HLA-DPB1;CD80;HLA-DRB5;CD28;HLA-DPA1;HLA-DMB;TNF;CD86;HLA-DMA;HLA-DRB1;CD40;HLA-DOB;FAS;IL2;HLA-DQA2;HLA-DRA;HLA-F;PRF1;IL4
gsea,Apoptosis,0.44731710938012964,1.7649353616244743,4.065041e-02,4.508095e-02,4.180000e-01,42/142,13.46%,SEPTIN4;CTSK;CSF2RB;CASP12;TRAF1;PTPN13;PIK3CD;IL3RA;AKT3;DAB2IP;CTSO;NTRK1;TNF;ITPR2;BOK;BCL2;JUN;PIK3R1;CTSH;NGFR;MAP3K14;BIRC7;FAS;ITPR3;BBC3;ERN1;PDPK1;FOS;CFLAR;CASP10;MAPK10;CTSD;PARP3;ITPR1;IKBKB;TUBA1A;SPTAN1;PRF1;ATM;CTSW;GADD45B;CTSF
gsea,Toll-like receptor signaling pathway,0.4868018399721646,1.7612111489569267,2.788845e-02,4.585756e-02,4.200000e-01,49/102,25.60%,CTSK;TLR7;TLR2;PIK3CD;AKT3;CD80;IFNAR2;TNF;MAPK11;JUN;CD86;PIK3R1;TLR4;TLR5;CD40;TLR8;IL1B;IFNA7;IRF7;FOS;TRAF6;MAPK10;IKBKB;CD14;IKBKE;IRF5;MAP2K7;IL12B;TLR1;TRAF3;TOLLIP;MYD88;IL6;TLR3;NFKBIA;NFKB1;AKT1;PIK3R3;PIK3R2;CCL4;TAB1;IL12A;CCL3;TICAM2;CXCL9;MAP3K8;IFNA5;CCL5;IFNAR1
gsea,Renal cell carcinoma,0.4733631510288999,1.7609745002896866,4.056795e-02,4.557218e-02,4.200000e-01,24/69,20.51%,TGFB3;TGFB2;HGF;PIK3CD;AKT3;PDGFB;TGFB1;ETS1;EGLN2;JUN;PIK3R1;VEGFA;GAB1;CREBBP;EPAS1;RAPGEF1;BRAF;TGFA;FLCN;CDKN1A;EP300;AKT1;PIK3R3;PIK3R2
gsea,ErbB signaling pathway,0.47181676028323827,1.7600445035627927,3.711340e-02,4.545250e-02,4.210000e-01,34/85,23.75%,SHC3;PIK3CD;AKT3;PLCG2;STAT5A;PRKCB;CAMK2A;JUN;PIK3R1;PLCG1;HBEGF;SHC2;CBL;GAB1;PRKCA;MAPK10;ABL2;EGFR;ERBB4;BRAF;TGFA;MAP2K7;ABL1;CAMK2D;STAT5B;CDKN1A;CAMK2G;AKT1;PIK3R3;PIK3R2;SHC4;NCK2;ERBB2;CBLB
gsea,Graft-versus-host disease,0.7363875755602004,1.759807766478871,2.123552e-02,4.516263e-02,4.210000e-01,21/38,12.04%,HLA-DQB1;HLA-DQA1;HLA-DOA;HLA-DPB1;CD80;HLA-DRB5;CD28;HLA-DPA1;HLA-DMB;TNF;CD86;HLA-DMA;HLA-DRB1;HLA-DOB;FAS;IL1B;IL2;HLA-DQA2;HLA-DRA;HLA-F;PRF1
gsea,Gap junction,0.48429532708496587,1.7588409464555694,1.659751e-02,4.515785e-02,4.220000e-01,28/88,12.87%,PRKG1;PDGFRB;GUCY1A1;PDGFRA;ADCY4;PDGFA;GUCY1B1;GUCY1A2;PLCB2;PDGFD;PDGFB;ADCY9;PDGFC;PRKCB;ITPR2;HTR2A;ADCY7;ITPR3;PRKCA;GNAI2;ITPR1;TUBB6;TUBA1A;ADCY5;EGFR;GJA1;ADRB1;ADCY6
gsea,Inositol phosphate metabolism,0.5319572247047212,1.7584637594065564,1.666667e-02,4.493537e-02,4.220000e-01,37/73,23.57%,PLCB2;PIK3CD;PIK3CG;INPP5D;MTMR3;PLCG2;PLCD1;SYNJ1;PIP5KL1;ITPKB;INPP4A;PLCG1;INPP5E;PLCH1;INPP5B;PIK3C3;PLCH2;PIP5K1C;INPP5A;PIK3C2B;PLCE1;PI4K2A;ITPKA;INPP5J;PTEN;MTM1;ISYNA1;INPP5F;INPP5K;PIP4K2B;PIP4K2A;PLCB3;PIKFYVE;PLCB4;PI4KA;SACM1L;MTMR14
gsea,Legionellosis,0.5205603449832221,1.757208256173198,3.838384e-02,4.501647e-02,4.230000e-01,23/57,19.30%,ITGAM;CXCL1;TLR2;ITGB2;CLK4;NLRC4;TNF;CASP1;CR1;TLR4;TLR5;C3;CXCL2;IL1B;NAIP;CXCL3;CD14;CLK1;IL12B;MYD88;IL6;NFKBIA;NFKB1
gsea,Amphetamine addiction,0.4315182201072131,1.7508665878228806,2.053388e-02,4.632318e-02,4.300000e-01,26/69,20.07%,CACNA1C;PRKCB;CAMK2A;JUN;SLC18A2;MAOB;ARC;CREB5;SLC6A3;GRIA1;PRKCA;FOS;CAMK4;ADCY5;PPP3CC;SLC18A1;PRKACA;GRIA3;FOSB;GRIN3B;DRD1;CAMK2D;PPP1R1B;GRIN2A;PPP3CA;CAMK2G
gsea,Pentose and glucuronate interconversions,-0.6065496284849573,-1.7421872503215954,2.178218e-02,1.754839e-01,4.700000e-01,12/32,10.34%,SORD;AKR1B10;UGT1A7;UGDH;UGT1A4;XYLB;UGT1A1;RPEL1;RPE;UGT2A1;UGT1A10;UGT1A6
gsea,alpha-Linolenic acid metabolism,0.6110792429083256,1.7417028688219063,1.609658e-02,4.899269e-02,4.470000e-01,15/25,27.29%,PLA2G5;PLB1;PLA2G4C;PLA2G1B;JMJD7-PLA2G4B;PLA2G4F;ACAA1;PLA2G6;PLA2G2D;PLA2G4D;PLAAT3;PLA2G4B;PLA2G12B;PLA2G2A;PLA2G4E
gsea,Human T-cell leukemia virus 1 infection,0.4637609412917058,1.7415719540353933,3.742204e-02,4.864216e-02,4.470000e-01,96/217,19.45%,TGFB3;NFATC1;ADCY4;HLA-DQB1;HLA-DQA1;ICAM1;CCND2;EGR2;NFATC2;TGFB2;MAP3K3;SPI1;ITGB2;HLA-DOA;CD4;PIK3CD;HLA-DPB1;CRTC1;IL1R1;ITGAL;AKT3;HLA-DRB5;CSF2;TGFB1;LTA;ETS1;TGFBR2;ADCY9;HLA-DPA1;EGR1;HLA-DMB;STAT5A;TNF;TLN2;JAK3;JUN;MAP3K1;PIK3R1;CCND1;HLA-DMA;NRP1;HLA-DRB1;MSX1;CD40;CREB5;KAT2B;HLA-DOB;ADCY7;MMP7;MAP3K14;IL2RB;CD3E;CD3G;IL2;CDKN2B;SMAD4;TNFRSF13C;ELK4;HLA-DQA2;HLA-DRA;FOS;IL2RG;CREBBP;MAPK10;TLN1;HLA-F;IKBKB;CD3D;SMAD2;ADCY5;PPP3CC;NFATC4;ATM;ADCY6;LCK;PRKACA;JAK1;IL2RA;ADCY1;NFATC3;PTEN;GPS2;ANAPC2;IL6;STAT5B;SRF;HLA-E;CDKN1A;IL15RA;ZFP36;NFKBIA;TGFBR1;EP300;PPP3CA;NFKB1;CRTC3
gsea,Long-term potentiation,0.4393870048545303,1.7405746431987865,1.622718e-02,4.854139e-02,4.470000e-01,28/67,22.95%,CACNA1C;PLCB2;RPS6KA2;PRKCB;CAMK2A;ITPR2;ITPR3;RAPGEF3;GRIA1;PRKCA;CAMK4;CREBBP;ITPR1;PPP3CC;BRAF;PRKACA;ADCY1;RPS6KA3;RPS6KA1;CAMK2D;GRIN2A;EP300;PPP3CA;PLCB3;CAMK2G;PLCB4;GNAQ;RAP1A
gsea,NOD-like receptor signaling pathway,0.44876794949092164,1.7313370457243686,3.061224e-02,5.105314e-02,4.600000e-01,78/178,25.60%,ANTXR1;NLRP1;CASP12;NLRP3;CXCL1;TRPV2;NOD1;PLCB2;CARD9;CARD8;PSTPIP1;CYBB;NLRC4;IFNAR2;STING1;TNF;ANTXR2;CASP1;P2RX7;ITPR2;BCL2;MAPK11;JUN;TLR4;CXCL2;NLRP12;IL1B;CCL2;ITPR3;NAIP;CARD16;IFNA7;NOD2;IRF7;TRAF6;CXCL3;TYK2;MAPK10;IRF9;ITPR1;RIPK3;IKBKB;TXNIP;IKBKE;MEFV;TRIP6;TRAF5;TNFAIP3;JAK1;GBP4;RNASEL;PRKCD;NLRX1;TRAF3;MYD88;IL6;NFKBIA;NFKB1;GBP5;PLCB3;CAMP;DEFA1;CASP5;PLCB4;TAB1;NLRP6;STAT2;NLRP7;TRPM2;CYBA;OAS2;PKN1;RNF31;AIM2;IFNA5;DEFB103A;CCL5;IFNAR1
gsea,mTOR signaling pathway,0.42340028488621473,1.731013350179501,2.880658e-02,5.076388e-02,4.600000e-01,46/154,16.82%,FZD2;WNT9A;WNT2;FZD1;PIK3CD;AKT3;RPS6KA2;RNF152;WNT10A;PRKCB;TNF;PIK3R1;WNT5B;FZD7;IRS1;WNT7B;STK11;WNT2B;FNIP2;FZD4;WNT5A;TSC2;FZD8;PRKCA;WNT11;WNT6;IGF1;PDPK1;STRADA;ULK2;IKBKB;LPIN2;WNT9B;TSC1;WNT3A;LPIN3;BRAF;LRP6;TELO2;ATP6V1B2;WNT7A;FLCN;RPS6KA3;PTEN;RPS6KA1;GRB10
gsea,Glyoxylate and dicarboxylate metabolism,-0.5289328560640314,-1.729506206660328,3.875969e-02,1.752497e-01,4.940000e-01,11/29,12.57%,ACAT2;PCCB;HOGA1;SHMT1;GLDC;SHMT2;PGP;MDH1;DLD;MCEE;AFMID
gsea,Complement and coagulation cascades,0.5520680645641582,1.7287854731492758,2.589641e-02,5.138947e-02,4.630000e-01,48/85,16.65%,VWF;ITGAM;ITGB2;F13A1;C7;THBD;C4A;ITGAX;C4B;C3AR1;A2M;C6;C1R;PLAU;SERPING1;PLAT;CFI;CR1;F2R;C3;F3;KLKB1;CR2;C1S;MASP2;F8;C4BPA;C5AR1;F10;CLU;CFD;C1QA;CFH;F11;C1QC;C1QB;SERPINA1;CD59;SERPINE1;PROS1;VSIG4;PLAUR;PROCR;MASP1;C8B;BDKRB2;F2RL3;SERPIND1
gsea,One carbon pool by folate,-0.6044496344499443,-1.719579450772019,1.584158e-02,1.727121e-01,5.080000e-01,11/19,13.34%,MTHFD2;TYMS;DHFR;MTHFS;ALDH1L1;SHMT1;SHMT2;MTHFD1;GART;MTFMT;ATIC
gsea,Influenza A,0.45593817561528516,1.7191898003415533,5.611222e-02,5.415252e-02,4.730000e-01,64/168,20.66%,CIITA;TPSAB1;HLA-DQB1;HLA-DQA1;ICAM1;NLRP3;TLR7;TMPRSS2;HLA-DOA;TPSD1;PIK3CD;HLA-DPB1;TPSB2;AKT3;HLA-DRB5;IFNAR2;HLA-DPA1;HLA-DMB;PRKCB;TNF;CASP1;NXF5;PIK3R1;HLA-DMA;HLA-DRB1;TLR4;JAK2;HLA-DOB;FAS;IL1B;CCL2;IFNA7;PRKCA;HLA-DQA2;IRF7;HLA-DRA;PML;NXF1;CREBBP;TYK2;IRF9;IKBKB;IKBKE;SOCS3;IL33;RSAD2;MX2;JAK1;RNASEL;IL12B;NLRX1;TRAF3;TNFSF10;MYD88;IL6;TLR3;NFKBIA;EP300;NFKB1;AKT1;PIK3R3;PIK3R2;CCND3;TNFRSF10B
gsea,Renin-angiotensin system,0.5653124022855166,1.7158592174700253,1.832994e-02,5.502463e-02,4.830000e-01,11/23,21.44%,CTSG;CPA3;ACE;CMA1;ENPEP;LNPEP;ANPEP;AGT;REN;MME;AGTR1
gsea,Type I diabetes mellitus,0.6428009522919942,1.7145705921522392,5.088063e-02,5.504901e-02,4.830000e-01,22/41,12.04%,HLA-DQB1;HLA-DQA1;HLA-DOA;HLA-DPB1;CD80;HLA-DRB5;LTA;CD28;HLA-DPA1;HLA-DMB;TNF;CD86;HLA-DMA;HLA-DRB1;HLA-DOB;FAS;IL1B;IL2;HLA-DQA2;HLA-DRA;HLA-F;PRF1
gsea,Natural killer cell mediated cytotoxicity,0.49407883539950515,1.7141975332388781,4.536489e-02,5.486301e-02,4.830000e-01,53/124,22.01%,NFATC1;SHC3;ICAM1;NFATC2;ITGB2;FYN;PIK3CD;ITGAL;LCP2;CSF2;IFNAR2;PLCG2;PRKCB;TNF;VAV1;PTK2B;PIK3R1;ZAP70;PLCG1;LAT;FAS;SHC2;CD247;NCR3;ICAM2;FCGR3A;IFNA7;PRKCA;RAC2;TYROBP;SH3BP2;PPP3CC;FCER1G;PRF1;SYK;BRAF;LCK;MICA;HCST;CD48;NCR2;SH2D1A;TNFSF10;HLA-E;VAV2;PPP3CA;PTPN6;PIK3R3;PIK3R2;TNFRSF10B;SHC4;KLRK1;HLA-B
gsea,Chronic myeloid leukemia,0.4746735175293611,1.7034328338545437,5.394191e-02,5.840034e-02,4.940000e-01,29/76,21.27%,TGFB3;SHC3;TGFB2;PIK3CD;AKT3;TGFB1;TGFBR2;RUNX1;STAT5A;PIK3R1;CCND1;SHC2;CBL;SMAD4;IKBKB;GADD45B;BRAF;MECOM;ABL1;BCR;STAT5B;CDKN1A;NFKBIA;TGFBR1;NFKB1;AKT1;PIK3R3;PIK3R2;SHC4
gsea,Endocytosis,0.4121410081916829,1.6995161236320038,6.224066e-02,5.923937e-02,5.000000e-01,100/252,25.28%,CYTH3;CYTH4;PDGFRA;IQSEC3;AGAP2;ACAP1;SMURF2;DAB2;RAB11FIP3;GRK5;DNM3;EHD2;TGFBR2;FOLR2;WIPF1;ARAP3;FGFR2;IQSEC1;CAV3;EHD1;FGFR3;PIP5KL1;MVB12B;CCR5;PARD6G;IL2RB;CBL;CAV1;ARAP1;RBSN;GRK3;AGAP3;PIP5K1C;GIT2;EHD3;RAB31;ACAP3;TRAF6;PML;IL2RG;CHMP4A;CYTH1;RAB11FIP2;RAB11FIP5;HLA-F;CXCR2;FOLR1;RAB11FIP4;PRKCZ;SMAD2;ARRB1;AP2A2;ASAP3;CAV2;EGFR;NEDD4L;CXCR4;ARAP2;PSD;AGAP4;EEA1;IL2RA;CHMP6;FOLR3;LDLRAP1;EHD4;ARRB2;WASHC1;AGAP5;SMAP2;VPS26B;HLA-E;PSD2;RAB11FIP1;TGFBR1;EPN2;LDLR;SH3KBP1;PLD2;AGAP9;SH3GL3;DNM2;PSD4;PSD3;CXCR1;KIF5A;HLA-B;RUFY2;IGF2R;AGAP6;DNM1;CBLB;EPS15;IZUMO1R;EPS15L1;PARD6B;GBF1;CHMP7;SNX32;HLA-C
gsea,Pathogenic Escherichia coli infection,0.4116777576967735,1.6983494356645412,3.821656e-02,5.917928e-02,5.010000e-01,64/193,22.21%,MYH11;CYTH3;CYTH4;MYO1G;MYO1F;NLRP3;FYN;NCKAP1L;CLDN9;FCGR2A;IL1R1;MYH10;HCLS1;WIPF1;TNF;BAIAP2;CASP1;MAPK11;JUN;F2R;TLR4;TLR5;CYFIP2;FAS;IL1B;ARHGEF2;NAIP;ARHGEF1;ARHGEF12;CLDN5;LPAR4;MYO5A;MYH9;FOS;TRAF6;CYTH1;MAPK10;TUBB6;IKBKB;TUBA1A;CLDN11;CLDN16;CLDN2;ROCK1;GNA12;CLDN23;ABL1;TNFSF10;CLDN18;MYD88;IL6;NFKBIA;MYO1H;WASF3;PTPN6;LPAR5;NFKB1;MYO10;TJP1;TNFRSF10B;TRADD;TAB1;MYO1B;NCK2
gsea,African trypanosomiasis,0.577608695335813,1.6975125485855098,3.393214e-02,5.899109e-02,5.010000e-01,22/36,24.52%,LAMA4;ICAM1;VCAM1;PLCB2;PRKCB;TNF;FAS;IL1B;IDO2;PRKCA;SELE;IL12B;MYD88;IL6;HBA2;PLCB3;PLCB4;HPR;IL12A;GNAQ;FASLG;IL10
gsea,Hepatitis B,0.4239048526519828,1.695511369037966,5.405405e-02,5.939239e-02,5.050000e-01,59/161,20.51%,TGFB3;NFATC1;HSPG2;EGR2;NFATC2;TGFB2;CASP12;TLR2;MMP9;PIK3CD;AKT3;TGFB1;TGFBR2;STAT5A;PRKCB;TNF;JAK3;EGR3;BCL2;PTK2B;MAPK11;JUN;MAP3K1;PIK3R1;TLR4;CREB5;JAK2;FAS;SMAD4;IFNA7;PRKCA;IRF7;FOS;TRAF6;CREBBP;CASP10;TYK2;MAPK10;IKBKB;IKBKE;NFATC4;BRAF;JAK1;MAP2K7;NFATC3;TRAF3;MYD88;STAT4;IL6;STAT5B;CDKN1A;TLR3;NFKBIA;TGFBR1;EP300;NFKB1;AKT1;PIK3R3;PIK3R2
gsea,Measles,0.4467587235271045,1.695045248161392,4.065041e-02,5.918413e-02,5.060000e-01,60/138,23.99%,CCND2;TLR7;TLR2;PIK3CD;AKT3;CD28;IFNAR2;SLAMF1;STAT5A;JAK3;BCL2;CD209;JUN;PIK3R1;CCND1;FCGR2B;TLR4;IL2RB;FAS;MSN;IL1B;CD3E;CD3G;BBC3;IL2;CLEC4M;IFNA7;IRF7;FOS;TRAF6;IL2RG;TYK2;MAPK10;IRF9;IKBKB;CD3D;IKBKE;MX2;TNFAIP3;JAK1;IL2RA;IL12B;TRAF3;MYD88;IL6;STAT5B;NFKBIA;NFKB1;AKT1;PIK3R3;PIK3R2;CCND3;TRADD;IL12A;STAT2;RAB9B;OAS2;CBLB;FASLG;MX1
gsea,Serotonergic synapse,0.4387980913117632,1.6886430893006363,1.914894e-02,6.103098e-02,5.130000e-01,40/112,16.43%,CACNA1C;GNG7;GNG2;GNG8;PLCB2;ALOX5;PTGS1;KCNJ5;PRKCB;ITPR2;HTR2A;PLA2G4C;GNG11;SLC18A2;MAOB;ALOX15B;GNGT2;HTR1F;KCNN2;ITPR3;RAPGEF3;HTR6;HTR7;SLC6A4;PRKCA;JMJD7-PLA2G4B;GNAO1;HTR4;GNAI2;ITPR1;PLA2G4F;ADCY5;GNB3;BRAF;PTGS2;SLC18A1;PRKACA;CYP4X1;TRPC1;HTR3C
gsea,Ribosome,-0.5122776438823451,-1.680504973940954,1.087379e-01,2.022476e-01,5.670000e-01,107/137,43.09%,MRPL13;MRPL22;RPL3L;MRPS11;MRPS12;MRPL12;MRPS15;MRPS18C;RPL22L1;MRPL15;RPL10L;MRPL21;MRPL11;RSL24D1;MRPL30;MRPL3;RPS26;MRPL35;MRPL1;MRPL19;MRPL24;MRPL2;RPL26L1;RPS15A;RPS7;MRPS9;MRPL36;MRPS16;MRPL27;RPL26;MRPS10;MRPS18A;MRPS7;MRPL9;RPS29;MRPS17;MRPL18;MRPL17;RPS16;MRPL32;RNA5S17;RPS10-NUDT3;RPL35A;MRPL10;MRPL34;RPL39;MRPL33;RPL9;RPS3A;RPS21;RPL41;RPLP0;RPL24;RPL38;MRPS5;RPS4Y1;RPL30;RPL27;RPL7;MRPS21;RPS19;RPS27A;RPS5;MRPS14;RPL4;RPS12;RPL23A;RPS14;RPL37A;RPS3;RPL31;RPSA;RPS18;MRPL16;RPS20;RPS17;RPL8;MRPL23;RPL37;RPL18A;RPS27L;RNA5S9;RPL35;RPL21;RPL27A;RPS27;RPL6;RPS8;MRPS2;RPL18;RPL14;RPL5;RPS11;RPL19;RPLP1;RPS6;RNA5-8SN2;RPS24;RPS13;FAU;RPL29;RPL32;RPL7A;RPL13A;RPL23;RPS15;RPL36AL
gsea,Neuroactive ligand-receptor interaction,0.4128590355178561,1.6795207961261185,6.342495e-03,6.387708e-02,5.290000e-01,124/338,19.63%,PTGIR;GRID1;PTH1R;EDNRA;P2RX1;APLNR;TBXA2R;SCT;GABRD;SCTR;GRP;S1PR2;GHRL;P2RY13;CTSG;GABBR1;PTGER4;CALCRL;ADRB2;P2RY8;S1PR1;P2RY14;EDNRB;C3AR1;DRD5;FPR3;VIP;S1PR4;CYSLTR1;P2RX7;GRIK4;CNR2;ADRB3;GABBR2;HTR2A;PTGDR;FPR1;CYSLTR2;GHR;SSTR3;GABRE;VIPR1;F2R;TSHB;ADORA3;PTGER1;PTAFR;C3;CHRNA6;S1PR3;PTGER3;CHRNE;ADCYAP1R1;APLN;P2RX2;HTR1F;P2RY11;THRA;ADORA1;PTGER2;HRH1;GIPR;HTR6;LPAR6;CHRNA2;HTR7;C5AR1;GRIA1;RXFP1;P2RY6;P2RY2;EDN1;LPAR4;P2RY10;HTR4;DRD4;PTGFR;AVPR2;ADORA2A;GNRH1;EDN2;RXFP2;OXTR;GRM8;ADRA1A;SSTR4;ADRA2A;AGT;ADRA1B;GRM6;HRH2;ADRB1;LHB;CHRNB3;OPRL1;NPFFR1;HRH4;NMUR1;CHRNA1;GRIA3;GRIN3B;BDKRB2;P2RX3;F2RL3;CNR1;NPY4R2;DRD1;UTS2R;OXT;LPAR3;P2RY1;CHRM1;TAC4;GABRR2;GHSR;NPY4R;GRIN2A;GLP1R;RLN3;CHRNA10;GRM2;LEPR;LTB4R2;HCRTR1
gsea,Folate biosynthesis,-0.5671856430432032,-1.6759880719860085,3.041825e-02,1.937027e-01,5.730000e-01,7/26,2.03%,PAH;GGH;AKR1C3;ALPI;AKR1B10;DHFR;PTS
gsea,Nucleotide excision repair,-0.513798051789607,-1.6745169320745512,4.952381e-02,1.833745e-01,5.750000e-01,16/46,15.83%,RFC4;POLE2;RFC3;RFC5;RPA3;PCNA;GTF2H5;RFC2;LIG1;POLD3;POLE;MNAT1;POLE4;CDK7;POLD2;GTF2H2
gsea,Phosphatidylinositol signaling system,0.4730615695986796,1.670104453952618,3.877551e-02,6.705848e-02,5.400000e-01,50/97,27.22%,PLCB2;PIK3CD;INPP5D;MTMR3;PLCG2;PLCD1;PRKCB;ITPR2;SYNJ1;PIK3R1;ITPKB;INPP4A;PLCG1;INPP5E;INPP5B;ITPR3;PIK3C3;PIP5K1C;PRKCA;INPP5A;DGKD;ITPR1;PIK3C2B;PLCE1;PI4K2A;ITPKA;DGKQ;PTEN;MTM1;INPP5F;DGKH;PIP4K2B;IP6K1;PIP4K2A;PLCB3;PIKFYVE;PIK3R3;PIK3R2;PLCB4;DGKZ;PI4KA;DGKI;SACM1L;MTMR14;PLCD4;CDS2;INPPL1;CDS1;IP6K3;CALM1
gsea,Herpes simplex virus 1 infection,0.4883736281109001,1.662203928275166,5.544148e-02,6.960936e-02,5.480000e-01,247/492,28.08%,ZFP92;ITGB3;HLA-DQB1;HLA-DQA1;ZNF671;ZNF763;TLR2;ZNF154;HLA-DOA;CARD9;PIK3CD;ZNF333;HLA-DPB1;ZNF540;POU2F2;AKT3;HLA-DRB5;LTA;IFNAR2;HLA-DPA1;STING1;HLA-DMB;TNF;ZNF25;ZNF441;BCL2;NXF5;PIK3R1;PILRA;HLA-DMA;ZNF337;HLA-DRB1;CFP;ZFP28;ZNF589;ZNF132;JAK2;HLA-DOB;C3;ZNF44;ZNF662;FAS;ZNF778;ZNF175;ZNF597;TNFSF14;ZNF425;IL1B;ZNF853;CCL2;ZNF431;ZNF439;CD74;ZNF211;ZNF577;ZNF471;TSC2;IFNA7;ZNF442;ZNF275;TNFRSF14;ZNF430;ZNF563;ZIK1;ZNF846;HLA-DQA2;IRF7;ZNF224;ZNF554;ZNF490;ZFP90;HLA-DRA;TRAF6;PML;BST2;ZNF667;NXF1;ZNF836;ZNF354C;ZNF700;ITGA5;TYK2;IRF9;ZNF136;HLA-F;IKBKB;ZNF470;ZNF559;HCFC2;ZNF682;ZNF100;ZNF382;ZNF418;ZNF708;ZNF783;ZNF707;NECTIN1;ZNF160;IKBKE;ZNF649;ZNF578;ZNF699;ZNF677;ZNF814;SOCS3;ZNF454;TSC1;ZNF790;SYK;ZNF709;TRAF5;ZNF737;ZNF506;ZNF417;ZNF841;ZNF10;ZNF177;ZNF665;ZNF284;ZNF785;ZNF555;ZNF621;ZNF805;ZNF316;JAK1;ZNF250;ZNF91;ZNF214;RNASEL;ZFP57;ZNF324;ZFP37;ZNF429;ZNF17;ZNF615;ZNF582;ZNF534;ZNF583;IL12B;ZNF547;ZNF354B;ZNF254;ZNF799;ZNF90;TRAF3;ZNF135;ZNF343;ZNF773;ZNF169;MYD88;ZNF791;ZNF83;IL6;ZNF141;ZNF324B;ZNF548;ZNF585A;ZNF570;HLA-E;TLR3;NFKBIA;ZNF436;ZNF484;ZNF727;ZNF443;ZNF568;ZNF133;NFKB1;ZNF571;ZNF14;ZNF81;ZNF658;AKT1;ZNF479;ZNF225;ZNF529;ZNF234;PIK3R3;PIK3R2;ZNF205;ZNF85;TRADD;ZNF101;ZNF641;ZNF235;ZNF19;TAB1;ZNF486;ZNF8;ZNF331;HLA-B;ZNF599;ZNF546;ZNF433;ZNF585B;ZNF559-ZNF177;IL12A;ZNF584;ZNF34;STAT2;ZNF37A;ZNF549;POU2F3;SRSF5;ZNF208;OAS2;ZNF528;ZNF79;FASLG;ZNF20;ZNF43;SRSF4;ZNF41;ZNF33A;TAP2;HLA-C;IFNA5;ZNF84;ZNF610;ZNF550;CCL5;ZNF253;IFNAR1;ZNF230;ZNF248;SP100;ZNF212;ZNF514;ZNF596;ZNF792;IKBKG;NXF3;ZNF561;ZNF875;ZNF557;ZNF688;ZNF347;ZNF517;ZNF304;ZNF587;ZNF112;IFNGR1;BCL2L1;HLA-G;RELA;ZNF419;ZNF879
gsea,Epstein-Barr virus infection,0.4335847476282903,1.660832059815485,7.216495e-02,6.970870e-02,5.490000e-01,60/197,13.47%,HLA-DQB1;HLA-DQA1;ICAM1;CCND2;BTK;ENTPD1;TLR2;HLA-DOA;PIK3CD;HLA-DPB1;ITGAL;AKT3;HLA-DRB5;RUNX3;IFNAR2;HLA-DPA1;PLCG2;HLA-DMB;TNF;JAK3;BCL2;MAPK11;JUN;PIK3R1;CCND1;HLA-DMA;HLA-DRB1;VIM;ENTPD3;CD40;HLA-DOB;FCER2;MAP3K14;FAS;CD247;HES1;CD19;CD3E;CD3G;CR2;NCOR2;IFNA7;HLA-DQA2;IRF7;HLA-DRA;TRAF6;CD44;TYK2;MAPK10;IRF9;HLA-F;IKBKB;CD3D;IKBKE;SAP30L;BLNK;SYK;GADD45B;TRAF5;TNFAIP3
gsea,Cortisol synthesis and secretion,0.47396799386522087,1.6596283964782688,3.571429e-02,7.000007e-02,5.560000e-01,33/65,25.34%,CACNA1C;ADCY4;PLCB2;ADCY9;CACNA1H;ITPR2;CREB5;ADCY7;ITPR3;CACNA1G;ITPR1;ADCY5;AGT;ADCY6;PRKACA;KCNA4;GNA11;ADCY1;NR4A1;NR5A1;KCNK3;LDLR;PDE8B;PLCB3;AGTR1;PLCB4;ADCY2;CACNA1D;GNAQ;CREB1;CREB3L2;PDE8A;CYP21A2
gsea,Type II diabetes mellitus,0.4741022940243047,1.6593430551839226,1.417004e-02,6.966085e-02,5.560000e-01,23/46,23.45%,CACNA1C;PIK3CD;TNF;HK3;PIK3R1;IRS1;PRKCE;SOCS1;SOCS2;CACNA1G;SLC2A4;MAPK10;IKBKB;PRKCZ;SOCS3;PRKCD;INSR;PIK3R3;PIK3R2;KCNJ11;CACNA1D;MAFA;GCK
gsea,Non-small cell lung cancer,0.46189411774154615,1.6531554257548842,5.349794e-02,7.150537e-02,5.650000e-01,27/72,20.51%,HGF;PIK3CD;RASSF5;AKT3;PLCG2;STAT5A;PRKCB;JAK3;PIK3R1;CCND1;PLCG1;RXRA;RASSF1;PRKCA;PDPK1;FOXO3;EGFR;GADD45B;BRAF;TGFA;STK4;RXRG;STAT5B;CDKN1A;AKT1;PIK3R3;PIK3R2
gsea,Insulin resistance,0.40991795778243445,1.6521097449841,4.828974e-02,7.148007e-02,5.660000e-01,45/108,20.51%,PIK3CD;SLC27A1;AKT3;RPS6KA2;PRKCB;TNF;PIK3R1;CREB5;PPP1R3C;IRS1;FOXO1;GFPT2;PRKCE;PYGM;SLC27A3;PDPK1;NOS3;SLC2A4;MAPK10;IKBKB;PRKCZ;TBC1D4;ACACB;AGT;SOCS3;MLXIP;CD36;CPT1B;RPS6KA3;PRKCD;PTPN1;PTEN;RPS6KA1;OGT;PRKCQ;IL6;INSR;NFKBIA;NFKB1;OGA;PPP1R3B;PPP1R3E;AKT1;PIK3R3;PIK3R2
gsea,Glycerophospholipid metabolism,0.4379536065992084,1.6437453117320269,3.404255e-02,7.426056e-02,5.760000e-01,45/97,23.02%,PLA2G5;PLD4;LCAT;PLPP4;LPCAT2;PLB1;LPCAT1;PLA2G4C;PLA2G1B;PLPP1;PLA2G15;PLPP3;AGPAT4;GPD1L;CRLS1;JMJD7-PLA2G4B;MBOAT2;PNPLA6;AGPAT2;PGS1;DGKD;GPAM;PLA2G4F;PNPLA7;LPIN2;CHKB;LPIN3;PCYT1B;CHAT;PLA2G6;DGKQ;GPD1;DGKH;PLD3;PLA1A;PLD2;PLA2G2D;ACHE;PLA2G4D;PHOSPHO1;PLAAT3;PLA2G4B;DGKZ;DGKI;PLA2G12B
gsea,Cell cycle,-0.5092281733997682,-1.641780404440099,6.805293e-02,2.068687e-01,6.270000e-01,43/124,9.15%,CDC25C;TTK;CDK1;CCNB2;CDC45;CCNB1;CCNA2;MAD2L1;BUB1;BUB1B;DBF4;PLK1;ORC6;ORC1;CDC6;MCM4;CDC20;ESPL1;CCNE1;CHEK2;CDC25A;CHEK1;PTTG1;CDK2;PKMYT1;E2F2;CDC7;CCNE2;E2F1;ORC5;MCM6;CCNB3;MCM2;SKP2;PCNA;HDAC2;MCM7;ANAPC10;BUB3;ORC3;RBL1;CDKN2A;ORC2
gsea,Insulin secretion,0.4555554811051656,1.6410913031469214,1.680672e-02,7.480891e-02,5.800000e-01,42/86,24.95%,CACNA1C;KCNMB1;ADCY4;KCNN3;ATP1A2;ATP1B2;PLCB2;KCNN4;ADCY9;PRKCB;CAMK2A;CREB5;ADCY7;FFAR1;ADCYAP1R1;KCNN2;ITPR3;PRKCA;ADCY5;RAPGEF4;VAMP2;ADCY6;ATP1A4;RYR2;PRKACA;GNA11;ADCY1;CAMK2D;GLP1R;PLCB3;CAMK2G;PLCB4;ADCY2;KCNJ11;CACNA1D;GNAQ;ATP1A1;KCNMA1;GCK;CCKAR;CREB1;CREB3L2
gsea,HIF-1 signaling pathway,0.40460512263192133,1.6366169358776879,6.138614e-02,7.598642e-02,5.850000e-01,43/109,20.51%,PIK3CD;TEK;ANGPT4;FLT1;AKT3;CYBB;PLCG2;PRKCB;PFKFB3;CAMK2A;ANGPT1;EGLN2;HK3;BCL2;PIK3R1;TLR4;VEGFA;PLCG1;PRKCA;IGF1;EDN1;NOS3;CREBBP;MKNK1;IL6R;EGFR;ENO2;SERPINE1;ANGPT2;ENO4;HMOX1;CAMK2D;IL6;INSR;CDKN1A;EP300;NFKB1;MKNK2;NOS2;CAMK2G;AKT1;PIK3R3;PIK3R2
gsea,Morphine addiction,0.4575418702150968,1.6360958990844918,2.164502e-02,7.574862e-02,5.880000e-01,38/91,18.81%,PDE1B;GNG7;ADCY4;GNG2;GABRD;GNG8;GABBR1;PDE2A;GRK5;PDE4A;ADCY9;KCNJ5;PRKCB;GABBR2;GNG11;GABRE;ADCY7;GNGT2;ADORA1;GRK3;PRKCA;GNAO1;GNAI2;PDE4C;ARRB1;ADCY5;GNB3;PDE1A;PDE7B;ADCY6;PDE3A;PRKACA;ADCY1;ARRB2;DRD1;GABRR2;PDE7A;PDE3B
gsea,Amyotrophic lateral sclerosis,-0.33364017078631825,-1.6307049046965258,8.383234e-02,2.072310e-01,6.430000e-01,143/348,24.25%,TUBAL3;GPX2;PFN2;NDUFA9;NRG4;NUP37;UQCRHL;PSMD14;NDUFB9;COX7A2;CYCS;MAP2K6;NDUFB5;NDC1;NUP35;ATP5MC1;COX7B;UQCRFS1;COX6A1;NDUFS1;ATP5MC3;ATP5PO;RAE1;NUP107;DDIT3;NUP88;SEM1;COX5A;NUP155;PSMA4;CYC1;UQCRQ;TBK1;CHCHD10;NDUFB4;TUBB4A;UQCR11;COX7B2;COX7A2L;HAP1;COX5B;PSMA5;NEFM;NDUFB3;ATP5F1C;NDUFB1;COX6B1;TUBA1C;GRIN2B;NDUFB8;GRIA2;DNAH14;PFN4;NDUFA10;NUP43;TOMM40;SDHA;NDUFAB1;ATP5PF;PSMC1;NDUFA6;ANG;NDUFC1;VAPB;NUP205;PSMA1;VDAC1;NDUFB6;TUBA1B;NXT2;CASP9;NEFL;UQCRH;SDHC;ATP5MC2;PSMD1;NDUFA3;PSMD11;ATP5F1B;PSMD7;NDUFB2;EIF2S1;SDHB;MAPK12;UQCRB;NUP54;TOMM40L;NDUFS3;PSMB5;SOD1;NDUFS2;UQCRC2;PSMB6;PSMC6;PSMB3;PSMC4;PSMD9;NDUFA5;ATP5PB;NOS1;UQCR10;COX8A;BID;PPP3R1;NDUFA12;COX6C;BECN2;PSMC2;ATP5PD;PSMB1;PSMD4;PSMD2;RB1CC1;EIF2AK3;PSMB4;NDUFA2;CHMP2B;TUBA8;NDUFS6;NDUFA1;COX4I1;PSMA7;NUP50;ALYREF;PSMD8;SDHD;SQSTM1;SEH1L;ATP5F1E;NDUFS8;NDUFB11;PSMD12;UQCRC1;NDUFA8;NXT1;NUP153;MCU;DCTN2;NCBP1;PSMA3;PSMD3;CASP3;NEFH
gsea,Linoleic acid metabolism,0.5554511259791453,1.6306609623683026,2.811245e-02,7.763021e-02,5.940000e-01,14/29,23.02%,PLA2G5;PLB1;PLA2G4C;PLA2G1B;CYP1A2;JMJD7-PLA2G4B;PLA2G4F;PLA2G6;PLA2G2D;ALOX15;PLA2G4D;PLAAT3;PLA2G4B;PLA2G12B
gsea,Carbohydrate digestion and absorption,0.4686556561753904,1.6211922800855292,2.186879e-02,8.130334e-02,6.070000e-01,19/47,22.89%,ATP1A2;ATP1B2;PLCB2;PIK3CD;AMY2B;AKT3;PRKCB;HK3;PIK3R1;LCT;ATP1A4;AMY1B;PLCB3;AKT1;PIK3R3;PIK3R2;PLCB4;CACNA1D;ATP1A1
gsea,Fanconi anemia pathway,-0.5514703806646429,-1.6185704404408867,6.704981e-02,2.093108e-01,6.560000e-01,23/54,12.18%,UBE2T;RAD51;FANCI;BLM;FANCD2;FAAP24;EME1;FANCB;RMI1;BRCA1;RMI2;FANCA;RPA3;BRCA2;CENPS;BRIP1;FANCG;FANCL;FANCC;RAD51C;CENPX;FANCM;PALB2
gsea,Antigen processing and presentation,0.5228508287964164,1.6179458563280185,1.083172e-01,8.240172e-02,6.120000e-01,18/70,10.86%,CIITA;HLA-DQB1;HLA-DQA1;HLA-DOA;CD4;HLA-DPB1;HLA-DRB5;HLA-DPA1;HLA-DMB;TNF;HLA-DMA;HLA-DRB1;HLA-DOB;IFI30;CD74;HLA-DQA2;HLA-DRA;HLA-F
gsea,Protein export,-0.5073454931411711,-1.6074732495697437,7.100592e-02,2.102752e-01,6.650000e-01,15/23,39.44%,IMMP1L;SRPRB;IMMP2L;SEC61G;SRP72;SRP9;SEC61A2;SPCS1;SEC11A;SRP14;SPCS2;SEC61B;SRP54;SEC62;SRP19
gsea,Central carbon metabolism in cancer,0.41978010639472874,1.6045700053964846,4.166667e-02,8.744177e-02,6.320000e-01,13/69,6.10%,PDGFRB;NTRK3;PDGFRA;PIK3CD;FLT3;AKT3;NTRK1;FGFR1;FGFR2;HK3;FGFR3;PIK3R1;GLS
gsea,RNA transport,-0.36324054232727737,-1.589559798076068,6.818182e-02,2.203980e-01,6.890000e-01,76/183,28.80%,THOC3;MAGOHB;NUP37;RPP25;SNUPN;EIF4EBP1;XPOT;NDC1;NUP35;TACC3;RAE1;POP1;NUP107;RPP40;RNU6-9;NUP88;NUP155;NMD3;GEMIN6;EIF4E;POP7;SMN1;RAN;RPP38;POP4;STRAP;NUP43;PRMT5;GEMIN2;NUP205;NXT2;RPP30;POP5;PYM1;SENP2;RPP25L;EIF3J;PAIP1;EIF2S1;GEMIN7;NUP54;XPO1;EIF2S2;CLNS1A;RNU6-1;TGS1;RNU2-1;FXR1;NUP50;RNVU1-7;EIF2S3;ALYREF;RNU5A-1;EIF5B;EIF4A3;SEH1L;SNORD3A;NXT1;SUMO1;NUP153;EIF1AY;NCBP1;EIF3I;KPNB1;MAGOH;SAP18;EIF2B1;NUP85;RNVU1-1;RNU1-2;EIF2B5;AAAS;EIF3E;NUP42;EIF3H;RBM8A
gsea,Small cell lung cancer,0.45353222060299775,1.5888882375302942,7.172131e-02,9.368316e-02,6.440000e-01,40/92,20.71%,LAMA2;LAMA4;COL4A2;TRAF1;COL4A3;PIK3CD;COL4A4;COL4A1;AKT3;FN1;LAMB1;LAMC3;BCL2;PIK3R1;CCND1;LAMB2;ITGA3;RXRA;BIRC7;ITGA2;CDKN2B;TRAF6;IKBKB;GADD45B;TRAF5;PTGS2;RXRG;ITGAV;PTEN;TRAF3;LAMB3;CDKN1A;NFKBIA;LAMC1;NFKB1;NOS2;AKT1;PIK3R3;PIK3R2;ZBTB17
gsea,Huntington disease,-0.3237857449591382,-1.586698539631866,9.902913e-02,2.136354e-01,6.910000e-01,103/290,18.09%,TUBAL3;GPX2;NDUFA9;UQCRHL;PPARGC1A;PSMD14;CREB3L4;NDUFB9;COX7A2;CYCS;NDUFB5;ATP5MC1;COX7B;UQCRFS1;COX6A1;NDUFS1;ATP5MC3;ATP5PO;TBPL1;SEM1;COX5A;POLR2I;PSMA4;CYC1;HDAC2;UQCRQ;NDUFB4;TUBB4A;UQCR11;COX7B2;COX7A2L;VDAC2;HAP1;COX5B;PSMA5;NDUFB3;ATP5F1C;VDAC3;NDUFB1;COX6B1;TUBA1C;GRIN2B;POLR2H;NDUFB8;GRIA2;DNAH14;NDUFA10;SDHA;NDUFAB1;PPIF;ATP5PF;PSMC1;NDUFA6;POLR2K;NDUFC1;PSMA1;VDAC1;NDUFB6;TUBA1B;UCP1;CASP9;UQCRH;SDHC;TFAM;ATP5MC2;PSMD1;NDUFA3;PSMD11;SLC25A31;ATP5F1B;PSMD7;NDUFB2;SDHB;PLCB1;POLR2D;UQCRB;NDUFS3;PSMB5;POLR2J;SOD1;NDUFS2;UQCRC2;PSMB6;PSMC6;PSMB3;PSMC4;PSMD9;NDUFA5;ATP5PB;UQCR10;COX8A;NDUFA12;COX6C;BECN2;PSMC2;ATP5PD;PSMB1;SLC25A5;PSMD4;PSMD2;RB1CC1;PSMB4;NDUFA2
gsea,Human immunodeficiency virus 1 infection,0.37717042138669304,1.575290712429077,9.775967e-02,9.925817e-02,6.620000e-01,54/211,14.05%,NFATC1;GNG7;GNG2;NFATC2;TLR2;GNG8;CD4;PIK3CD;AKT3;PLCG2;STING1;PRKCB;TNF;ITPR2;BCL2;PTK2B;MAPK11;JUN;PIK3R1;GNG11;SAMHD1;TLR4;CCR5;PLCG1;FAS;CD247;GNGT2;CD3E;TNFRSF1B;CD3G;AP1M1;ITPR3;IFNA7;PRKCA;AP1S2;GNAO1;RAC2;FOS;TRAF6;BST2;GNAI2;MAPK10;ITPR1;HLA-F;IKBKB;CD3D;PPP3CC;GNB3;NFATC4;ATM;CXCR4;TRAF5;LIMK1;APOBEC3H
gsea,Circadian rhythm,0.47939945759137637,1.5704146052224186,6.990291e-02,1.012082e-01,6.700000e-01,6/30,4.93%,PER3;BHLHE41;CRY2;NR1D1;RORA;BHLHE40
gsea,Spliceosome,-0.35066243952526915,-1.5676624193044884,1.134216e-01,2.252914e-01,7.130000e-01,81/147,39.86%,THOC3;MAGOHB;SNRPA1;SNRPG;LSM5;RNU6-9;SNRPD1;SNRPF;PRPF18;PHF5A;BUD31;PRPF40B;SNRPD2;LSM4;LSM2;PPIH;SNRNP27;USP39;SNRPE;PPIL1;SNRPB;SRSF9;RNU6-1;SF3B6;LSM3;TRA2B;RNU2-1;CDC40;U2SURP;SMNDC1;RNVU1-7;ALYREF;RNU5A-1;HSPA2;EIF4A3;SNRPC;PRPF4;HNRNPC;PRPF40A;DDX23;NCBP1;CWC15;RBMXL3;BCAS2;PLRG1;MAGOH;RNVU1-1;PCBP1;RNU1-2;PUF60;DHX15;SNRNP40;SF3B5;RBM8A;WBP11;HSPA1B;RNU4-2;SRSF7;RBM17;SNRPA;SNRPB2;RNU4-1;EFTUD2;SF3B4;RNU1-4;SRSF3;CDC5L;TCERG1;LSM8;NCBP2;RBMX;PQBP1;RNVU1-18;LSM7;RBMXL1;SF3A3;SNU13;SRSF1;AQR;HSPA8;PRPF19
gsea,RNA polymerase,-0.48618453198929834,-1.5657772400682064,9.732824e-02,2.179278e-01,7.160000e-01,12/31,19.67%,POLR2I;POLR3G;POLR2H;POLR3K;POLR1H;POLR1C;POLR2K;POLR2D;POLR2J;POLR3C;POLR2F;POLR1D
gsea,Neutrophil extracellular trap formation,0.4041868914838738,1.562138796677911,5.600000e-02,1.045140e-01,6.820000e-01,42/180,9.52%,VWF;ITGB3;ITGAM;TLR7;TLR2;SELP;CTSG;SELPLG;ITGB2;PLCB2;PIK3CD;FCGR2A;ITGAL;AKT3;NCF4;SIGLEC9;CYBB;FPR3;PLCG2;NCF1;PRKCB;CASP1;NCF2;MAPK11;FPR1;PIK3R1;CLEC7A;ELANE;AGER;CR1;TLR4;HDAC7;PLCG1;C3;TLR8;GP1BA;HDAC5;FCGR3A;C5AR1;PRKCA;RAC2;FCGR1A
gsea,Pentose phosphate pathway,-0.4698485735411626,-1.5555570089382555,6.800000e-02,2.200420e-01,7.280000e-01,11/30,9.44%,ALDOA;PGD;G6PD;RPEL1;PRPS1L1;PGM2;DERA;RPE;PFKP;GPI;TALDO1
gsea,Base excision repair,-0.5067092087984204,-1.5546861556841844,1.113244e-01,2.125034e-01,7.300000e-01,13/33,14.89%,NEIL3;POLE2;SMUG1;PCNA;TDG;FEN1;UNG;POLB;LIG1;POLD3;POLE;POLE4;POLD2
gsea,GABAergic synapse,0.42041070829858923,1.553863767935392,4.301075e-02,1.079274e-01,6.900000e-01,25/89,12.87%,CACNA1C;SLC6A1;GNG7;ADCY4;GNG2;GABRD;GNG8;GABBR1;SLC38A5;PLCL1;ADCY9;PRKCB;GABBR2;GNG11;GABRE;ADCY7;GLS;GNGT2;PRKCA;GNAO1;ABAT;GNAI2;ADCY5;GNB3;ADCY6
gsea,Pancreatic cancer,0.4359586253888297,1.5521076710316282,1.051546e-01,1.081630e-01,6.910000e-01,28/76,20.51%,TGFB3;ARHGEF6;TGFB2;PIK3CD;AKT3;RALGDS;TGFB1;TGFBR2;PIK3R1;CCND1;VEGFA;SMAD4;RAC2;MAPK10;IKBKB;SMAD2;EGFR;GADD45B;BRAF;TGFA;JAK1;CDKN1A;TGFBR1;NFKB1;PLD2;AKT1;PIK3R3;PIK3R2
gsea,Pancreatic secretion,0.42820628362532986,1.548020753665555,3.893443e-02,1.095687e-01,6.940000e-01,39/102,23.02%,PLA2G5;ADCY4;ATP1A2;SCT;ATP1B2;SCTR;PLCB2;CPA3;AMY2B;ADCY9;PRKCB;ITPR2;PLA2G1B;KCNQ1;ADCY7;SLC4A4;ITPR3;ATP2B4;PRKCA;ITPR1;ADCY5;ADCY6;ATP1A4;RYR2;AMY1B;TRPC1;ADCY1;SLC9A1;CPB2;TPCN2;PLA2G2D;PLCB3;PLCB4;ADCY2;GNAQ;ATP1A1;RAP1A;KCNMA1;PLA2G12B
gsea,Insulin signaling pathway,0.36799881354171604,1.5456883846785026,8.384458e-02,1.100269e-01,6.970000e-01,49/137,24.13%,SHC3;SORBS1;PIK3CD;FBP1;AKT3;HK3;PIK3R1;PPP1R3C;IRS1;FOXO1;SHC2;CBL;SOCS1;PYGM;SOCS2;TSC2;PRKAR2B;INPP5A;PDPK1;SLC2A4;MKNK1;MAPK10;IKBKB;PRKCZ;RAPGEF1;ACACB;SOCS3;TSC1;BRAF;PRKACA;PTPN1;SH2B2;TRIP10;INSR;PDE3B;MKNK2;PPP1R3B;PPP1R3E;PHKG1;AKT1;PHKA2;PIK3R3;PIK3R2;SHC4;EXOC7;GCK;FBP2;CBLB;PRKAG3
gsea,FoxO signaling pathway,0.3907948157357365,1.533786422736331,7.201646e-02,1.158891e-01,7.060000e-01,50/130,20.64%,TGFB3;CCND2;TGFB2;AGAP2;PIK3CD;KLF2;IL7R;S1PR1;AKT3;PLK3;TGFB1;TGFBR2;S1PR4;MAPK11;PIK3R1;CCND1;IRS1;FOXO1;STK11;CDKN2B;SMAD4;IGF1;PDPK1;PLK2;CREBBP;SLC2A4;FOXO4;MAPK10;FOXO3;IKBKB;EGFR;FBXO25;ATM;GADD45B;BRAF;STK4;PTEN;HOMER3;TNFSF10;BCL6;RBL2;IL6;INSR;CDKN1A;TGFBR1;EP300;AKT1;PIK3R3;PIK3R2;FOXO6
gsea,ABC transporters,0.4610795690637364,1.524703344789564,6.972112e-02,1.200573e-01,7.180000e-01,18/45,15.78%,ABCA6;ABCA3;ABCA9;ABCA2;ABCA8;ABCC6;ABCC9;ABCA1;ABCA10;ABCA4;ABCB1;ABCG4;ABCD2;ABCC10;ABCC3;ABCA7;ABCD4;ABCG1
gsea,Primary bile acid biosynthesis,0.5278303208197974,1.5135996240640706,5.847953e-02,1.252343e-01,7.270000e-01,6/17,5.16%,CYP7B1;ACOX2;CH25H;CYP46A1;CYP27A1;BAAT
gsea,Arachidonic acid metabolism,0.45362353819883705,1.5135909428468945,5.776892e-02,1.245145e-01,7.270000e-01,30/61,21.59%,PLA2G5;GGT5;LTC4S;HPGDS;CYP2U1;PTGDS;ALOX5;PTGS1;PLB1;PTGIS;PLA2G4C;PLA2G1B;ALOX15B;JMJD7-PLA2G4B;TBXAS1;PLA2G4F;GPX5;PTGS2;PRXL2B;PLA2G6;GPX3;ALOX12;LTA4H;EPHX2;PLA2G2D;ALOX15;PLA2G4D;PLAAT3;GPX7;PLA2G4B
gsea,Thyroid cancer,0.42770860818428463,1.510626014510423,9.745763e-02,1.251991e-01,7.270000e-01,11/37,20.00%,LEF1;NTRK1;CCND1;TCF7L1;RXRA;GADD45B;BRAF;RXRG;CTNNB1;CDKN1A;TCF7
gsea,Bladder cancer,0.44366999026055826,1.5090686985292465,9.090909e-02,1.253433e-01,7.280000e-01,16/41,20.74%,MMP2;THBS1;MMP9;DAPK2;FGFR3;CCND1;VEGFA;HBEGF;RASSF1;DAPK3;EGFR;BRAF;DAPK1;CDKN1A;MMP1;TYMP
gsea,Cysteine and methionine metabolism,-0.4008116749380937,-1.5070495654708183,7.630522e-02,2.546147e-01,7.810000e-01,24/49,24.69%,GCLC;GCLM;CBS;MAT1A;PSAT1;TAT;GOT1;PHGDH;GSS;AHCY;MDH1;SMS;LDHB;DNMT3B;ENOPH1;CTH;GOT2;SDS;SDSL;AMD1;MDH2;GOT1L1;LDHAL6B;ADI1
gsea,Glycosaminoglycan degradation,0.5140815010150681,1.504611255164866,1.016598e-01,1.272569e-01,7.370000e-01,7/19,18.22%,HPSE2;ARSB;IDUA;IDS;SGSH;HGSNAT;HYAL2
gsea,Chemical carcinogenesis,0.32998000749909007,1.4979380749099265,5.241090e-02,1.302970e-01,7.430000e-01,64/227,17.98%,CACNA1C;GSTM5;DLL4;PGR;ADCY4;HPGDS;VDR;PIK3CD;ADRB2;FGF7;AKT3;CYP1B1;RPS6KA2;ADCY9;STAT5A;PRKCB;ADRB3;FGF10;FGF18;BCL2;JUN;PIK3R1;CCND1;AR;VEGFA;CREB5;JAK2;ADCY7;RXRA;JAG1;CYP1A2;HSD11B1;NOTCH2;PRKCA;AHR;FOS;FGF16;FGF9;GSTM2;GNAI2;ESR1;ARRB1;ADCY5;IKBKE;GSTT2B;EGFR;ADRB1;ADCY6;PTGS2;PAQR8;PRKACA;DLL1;FGF2;RXRG;EPHX3;ADCY1;RPS6KA3;ESR2;RPS6KA1;ARRB2;BCL6;STAT5B;FGF22;PAQR7
gsea,Cocaine addiction,0.4027782879264771,1.4929271354659728,7.127883e-02,1.322474e-01,7.480000e-01,18/49,19.33%,DLG4;GPSM1;JUN;SLC18A2;MAOB;CREB5;SLC6A3;GNAI2;ADCY5;SLC18A1;PRKACA;FOSB;GRIN3B;DRD1;PPP1R1B;GRIN2A;NFKB1;GRM2
gsea,Thyroid hormone synthesis,0.39128708005903673,1.4728588186836282,7.302231e-02,1.432417e-01,7.700000e-01,30/75,25.50%,ADCY4;ATP1A2;ATP1B2;PLCB2;ADCY9;PRKCB;ITPR2;TSHB;CREB5;ADCY7;ITPR3;PRKCA;ITPR1;GPX5;ADCY5;ADCY6;ATP1A4;DUOX1;PRKACA;ADCY1;GPX3;PLCB3;GPX7;PLCB4;ADCY2;GNAQ;ATP1A1;CREB1;CREB3L2;SERPINA7
gsea,Ovarian steroidogenesis,0.434793571609608,1.4706425071640696,5.031447e-02,1.438086e-01,7.740000e-01,24/51,22.44%,ADCY4;ALOX5;CYP1B1;ADCY9;PLA2G4C;ADCY7;JMJD7-PLA2G4B;IGF1;ACOT1;BMP15;PLA2G4F;ADCY5;LHB;ADCY6;PTGS2;PRKACA;ADCY1;INSR;LDLR;BMP6;PLA2G4D;PLA2G4B;ADCY2;CYP1A1
gsea,Non-alcoholic fatty liver disease,-0.3064488201498331,-1.4696389680903605,9.904762e-02,2.895309e-01,8.180000e-01,67/149,22.69%,NDUFA9;UQCRHL;NDUFB9;COX7A2;CYCS;NDUFB5;COX7B;UQCRFS1;COX6A1;NDUFS1;DDIT3;COX5A;PRKAA2;CYC1;UQCRQ;NDUFB4;UQCR11;COX7B2;COX7A2L;COX5B;NDUFB3;NDUFB1;COX6B1;NDUFB8;NDUFA10;PRKAG1;SDHA;NDUFAB1;NDUFA6;NDUFC1;LEP;NDUFB6;ADIPOR2;UQCRH;SDHC;NDUFA3;IRS2;NDUFB2;EIF2S1;SDHB;MAPK12;UQCRB;NDUFS3;NDUFS2;UQCRC2;ADIPOQ;NDUFA5;UQCR10;COX8A;BID;NDUFA12;COX6C;INS;MLXIPL;EIF2AK3;NDUFA2;PPARA;NDUFS6;NDUFA1;COX4I1;PKLR;SDHD;NDUFS8;NDUFB11;UQCRC1;NDUFA8;MLX
gsea,Thermogenesis,-0.30929006791325747,-1.448760905188972,1.315280e-01,3.052587e-01,8.310000e-01,91/217,22.55%,NDUFA9;COA6;UQCRHL;PPARGC1A;NDUFAF4;CREB3L4;NDUFB9;ATP5MF;COX7A2;ACTL6B;NDUFB5;COX17;ATP5MC1;ACTL6A;COX7B;UQCRFS1;COX6A1;ADCY10;NDUFS1;ATP5ME;ATP5MC3;ATP5PO;COX5A;PRKAA2;CYC1;UQCRQ;NDUFAF5;NDUFB4;UQCR11;COX7B2;COX7A2L;ACSL3;COX5B;NDUFB3;COA4;ATP5F1C;NDUFB1;COX6B1;COA1;NDUFB8;NDUFA10;PRKAG1;COX10;SDHA;NDUFAB1;ATP5PF;COA7;NDUFA6;NDUFC1;ATP5MG;COX18;NDUFAF2;COX15;NDUFB6;UCP1;UQCRH;SDHC;ATP5MC2;NDUFA3;ATP5F1B;NDUFB2;SDHB;MAPK12;UQCRB;NDUFS3;NDUFS2;UQCRC2;NDUFA5;ATP5PB;UQCR10;COX8A;NDUFA12;COX6C;ATP5PD;DPF1;COA3;NDUFA2;COA5;NDUFS6;NDUFA1;NRAS;COX4I1;RHEB;COX14;SDHD;ATP5F1E;NDUFS8;RPS6KA6;NDUFB11;UQCRC1;NDUFA8
gsea,Ether lipid metabolism,0.43914889499202575,1.443290480005696,9.166667e-02,1.599629e-01,8.000000e-01,21/48,21.59%,PLA2G5;PLD4;ENPP2;LPCAT2;PLB1;LPCAT1;PLA2G4C;PLA2G1B;PLPP1;PLPP3;JMJD7-PLA2G4B;PLA2G4F;ENPP6;TMEM86B;PLA2G6;PLD3;PLD2;PLA2G2D;PLA2G4D;PLAAT3;PLA2G4B
gsea,Synaptic vesicle cycle,0.3601672564668537,1.4394051730113613,9.311741e-02,1.613558e-01,8.050000e-01,21/77,17.41%,SLC6A1;STXBP1;SLC1A7;DNM3;SLC18A2;SLC1A3;SLC1A1;SLC6A3;STX2;SLC6A4;ATP6V0C;SLC6A9;AP2A2;VAMP2;ATP6V1B2;SLC18A1;SLC6A12;SLC6A7;UNC13B;ATP6V0A1;ATP6V0D2
gsea,Mineral absorption,0.3980771474172193,1.4364297849241707,9.072581e-02,1.625917e-01,8.080000e-01,16/60,18.22%,HEPH;ATP1A2;CYBRD1;ATP1B2;VDR;SLC34A2;SLC8A1;ATP2B4;SLC8A3;MT1E;ATP1A4;SLC40A1;SLC26A9;HMOX1;TRPV6;MT1M
gsea,Vasopressin-regulated water reabsorption,0.3823505238409208,1.4226775516352566,1.541667e-01,1.704504e-01,8.160000e-01,18/44,27.85%,ADCY9;DYNC2H1;AQP3;CREB5;AQP4;ARHGDIB;AVPR2;VAMP2;ADCY6;PRKACA;DYNC1H1;STX4;DYNC1LI2;CREB1;CREB3L2;RAB11B;ARHGDIA;DYNLL2
gsea,Autophagy,0.3571135768958205,1.4172692393661097,1.793814e-01,1.726650e-01,8.220000e-01,36/137,20.51%,RAB7B;PIK3CD;MRAS;AKT3;MTMR3;ATG16L2;DAPK2;BCL2;PIK3R1;IRS1;STK11;ERN1;PIK3C3;TSC2;DAPK3;PDPK1;TRAF6;CFLAR;ATG2B;ULK2;MAPK10;CTSD;ITPR1;TSC1;ZFYVE1;PRKACA;PRKCD;PTEN;ATG14;PRKCQ;DAPK1;ATG2A;RRAS;AKT1;PIK3R3;PIK3R2
gsea,Diabetic cardiomyopathy,0.2912510305778432,1.4123273373681833,1.428571e-01,1.750284e-01,8.270000e-01,39/188,11.97%,TGFB3;COX7A1;MMP2;TGFB2;COL1A1;PLN;PLCB2;COL1A2;MMP9;PIK3CD;COX4I2;AKT3;COL3A1;ACE;NCF4;TGFB1;CYBB;TGFBR2;NCF1;PRKCB;CAMK2A;CMA1;NCF2;MAPK11;PIK3R1;AGER;IRS1;GFPT2;PRKCA;RAC2;NOS3;SLC2A4;MAPK10;CTSD;PRKCZ;TBC1D4;SMAD2;PDK2;AGT
gsea,Glutathione metabolism,-0.4029611249322024,-1.4109569618805937,1.460674e-01,3.449399e-01,8.640000e-01,21/56,12.78%,RRM2;GCLC;GPX2;CHAC2;GSR;GCLM;PGD;IDH1;G6PD;CHAC1;GSTO2;GSS;MGST1;TXNDC12;SMS;GSTM1;GSTA1;RRM1;GGCT;MGST3;MGST2
gsea,Adipocytokine signaling pathway,0.35737847479074186,1.4072168184543332,1.149897e-01,1.773258e-01,8.290000e-01,27/69,22.08%,AKT3;TNF;ACSL5;JAK2;AGRP;IRS1;RXRA;STK11;TNFRSF1B;SLC2A4;MAPK10;ACSBG1;IKBKB;ACACB;SOCS3;CD36;RXRG;CPT1B;PRKCQ;NFKBIE;NFKBIA;ACSL6;NFKB1;LEPR;AKT1;TRADD;CPT1C
gsea,RIG-I-like receptor signaling pathway,0.3618179030698852,1.3983061547259437,1.196755e-01,1.824037e-01,8.380000e-01,31/69,30.30%,STING1;TNF;MAPK11;MAP3K1;RNF125;CYLD;IFNA7;IRF7;TRAF6;CASP10;MAPK10;IKBKB;DHX58;TBKBP1;IKBKE;IL12B;NLRX1;TRAF3;NFKBIA;NFKB1;TRADD;IL12A;OTUD5;IFNA5;IKBKG;RIPK1;RELA;CXCL8;IFNW1;IRF3;MAPK14
gsea,Fatty acid elongation,-0.4321897142494354,-1.3952680794261865,1.631879e-01,3.540837e-01,8.760000e-01,11/27,21.42%,ELOVL4;ELOVL6;ELOVL7;ACOT4;HACD3;HACD1;HACD2;PPT2;HSD17B12;ELOVL3;ELOVL2
gsea,Proximal tubule bicarbonate reclamation,0.4494783445974524,1.3912240036092318,1.224900e-01,1.861666e-01,8.440000e-01,5/23,6.10%,ATP1A2;ATP1B2;AQP1;SLC4A4;GLS
gsea,PPAR signaling pathway,0.36939633194620947,1.3776019415584135,1.057884e-01,1.940252e-01,8.530000e-01,22/74,15.47%,SORBS1;OLR1;SLC27A1;ACOX2;LPL;ILK;FABP3;CYP27A1;ACSL5;SCD5;RXRA;FABP4;PDPK1;AQP7;ACSBG1;PPARD;CYP7A1;ME3;CD36;ACAA1;RXRG;CPT1B
gsea,Systemic lupus erythematosus,0.3939899299894841,1.3757993485414832,1.324376e-01,1.943351e-01,8.550000e-01,33/124,12.21%,HLA-DQB1;HLA-DQA1;CTSG;HLA-DOA;C7;CD40LG;C4A;FCGR2A;HLA-DPB1;C4B;CD80;HLA-DRB5;CD28;HLA-DPA1;C6;HLA-DMB;TNF;C1R;CD86;ELANE;HLA-DMA;HLA-DRB1;CD40;HLA-DOB;C3;C1S;FCGR3A;HLA-DQA2;HLA-DRA;FCGR1A;C1QA;C1QC;C1QB
gsea,Prion disease,-0.27287243057716043,-1.3688635373518474,1.612284e-01,3.788442e-01,9.040000e-01,93/258,18.09%,TUBAL3;NDUFA9;UQCRHL;PSMD14;CREB3L4;NDUFB9;COX7A2;CYCS;C9;NDUFB5;ATP5MC1;COX7B;UQCRFS1;COX6A1;NDUFS1;ATP5MC3;ATP5PO;DDIT3;SEM1;COX5A;PSMA4;CYC1;UQCRQ;NDUFB4;TUBB4A;UQCR11;COX7B2;COX7A2L;VDAC2;COX5B;PSMA5;NDUFB3;ATP5F1C;VDAC3;NDUFB1;COX6B1;TUBA1C;GRIN2B;NDUFB8;NDUFA10;SDHA;NDUFAB1;PPIF;ATP5PF;PSMC1;NDUFA6;NDUFC1;PSMA1;VDAC1;NDUFB6;TUBA1B;CASP9;UQCRH;SDHC;CSNK2B;ATP5MC2;PSMD1;NDUFA3;PSMD11;SLC25A31;ATP5F1B;PSMD7;NDUFB2;EIF2S1;SDHB;MAPK12;UQCRB;NDUFS3;PSMB5;SOD1;NDUFS2;UQCRC2;PSMB6;PSMC6;PSMB3;PSMC4;PSMD9;NDUFA5;ATP5PB;UQCR10;COX8A;PPP3R1;NDUFA12;COX6C;PSMC2;ATP5PD;PSMB1;SLC25A5;PSMD4;PSMD2;EIF2AK3;PSMB4;NDUFA2
gsea,Oocyte meiosis,-0.331034070336945,-1.3667428413115548,1.509804e-01,3.703668e-01,9.050000e-01,18/127,3.26%,CDC25C;CDK1;CCNB2;SGO1;CCNB1;AURKA;MAD2L1;BUB1;PLK1;FBXO5;CDC20;ESPL1;CCNE1;PTTG1;CDK2;PKMYT1;CCNE2;FBXO43
gsea,Cardiac muscle contraction,0.3343304870008024,1.3527907541958801,1.373737e-01,2.091715e-01,8.730000e-01,22/83,14.10%,CACNA1C;COX7A1;CASQ2;ATP1A2;ATP1B2;CACNB1;COX4I2;CACNA2D2;SLC8A1;MYL4;MYL3;CACNA2D4;TPM1;TPM2;CACNB3;SLC9A6;TNNC1;SLC8A3;ACTC1;ATP1A4;CACNA2D3;RYR2
gsea,Phenylalanine metabolism,-0.5014784767954948,-1.3518181834298566,1.431452e-01,3.798316e-01,9.140000e-01,7/17,6.70%,PAH;ALDH3B2;HPD;TAT;GOT1;DDC;ALDH3A1
gsea,Mucin type O-glycan biosynthesis,0.43403766467914534,1.3482424270083626,1.498973e-01,2.113882e-01,8.760000e-01,11/36,15.73%,ST3GAL2;GALNT10;GALNT18;GALNT15;GALNT17;GALNT16;ST6GALNAC4;GALNT5;ST3GAL1;GALNT11;GCNT4
gsea,Necroptosis,0.2930181040247919,1.3361894556943772,1.614786e-01,2.191374e-01,8.930000e-01,43/155,21.59%,NLRP3;CYBB;IFNAR2;STAT5A;TNF;CAMK2A;JAK3;CASP1;BCL2;PLA2G4C;TLR4;ZBP1;CYLD;JAK2;FAS;IL1B;PYGM;IFNA7;JMJD7-PLA2G4B;SMPD1;CFLAR;CHMP4A;TYK2;MAPK10;IRF9;RIPK3;PLA2G4F;IL33;TRAF5;TNFAIP3;JAK1;CHMP6;TNFSF10;CAMK2D;STAT4;STAT5B;TLR3;ALOX15;CAMK2G;PLA2G4D;TNFRSF10B;TRADD;PLA2G4B
gsea,Vibrio cholerae infection,0.31754700808870845,1.3353679209646572,2.000000e-01,2.186700e-01,8.940000e-01,12/50,20.16%,ADCY9;PLCG2;KCNQ1;PLCG1;PRKCA;ATP6V0C;ATP6V1B2;PRKACA;ATP6V0A1;ATP6V0D2;TCIRG1;TJP1
gsea,Purine metabolism,0.3133238993885083,1.329166671947275,1.352459e-01,2.221151e-01,8.980000e-01,42/127,21.93%,GUCY1A1;PDE1B;ADCY4;ENTPD1;AMPD1;NPR2;GUCY1B1;GUCY1A2;NPR1;PDE2A;PDE5A;PDE4A;ADCY9;AK1;NT5C1A;ADA2;ENTPD3;ADCY7;NT5E;AMPD3;PDE4C;PDE6H;ADCY5;PDE1A;PDE7B;PDE6G;ADCY6;PDE3A;PDE6C;AMPD2;ADCY1;PDE7A;PDE9A;PDE3B;AK8;NME3;PDE8B;PDE6B;GUCY2F;PDE4B;GMPR;ADCY2
gsea,Selenocompound metabolism,-0.43304936732608434,-1.3179047785900293,2.003854e-01,4.162264e-01,9.330000e-01,7/17,16.56%,TXNRD1;MARS2;SEPHS2;MARS1;SEPHS1;PSTK;CTH
gsea,Pyrimidine metabolism,-0.36685751492930546,-1.312954660466486,1.873840e-01,4.119684e-01,9.360000e-01,20/54,16.98%,RRM2;NME1;TYMS;UCK2;DTYMK;TK1;UMPS;ENTPD8;DCTPP1;CTPS1;NT5C3A;DCK;DUT;NUDT2;RRM1;NT5C2;PNP;NT5C1B;CTPS2;NT5C3B
gsea,Longevity regulating pathway,0.3360232270925644,1.306911307284372,2.103093e-01,2.371738e-01,9.200000e-01,30/101,20.51%,ADCY4;FOXA2;PIK3CD;AKT3;ADCY9;CRYAB;PIK3R1;CREB5;ADCY7;IRS1;FOXO1;STK11;TSC2;IGF1;SESN1;CAMK4;SESN3;FOXO3;ADCY5;KL;ADCY6;TSC1;PRKACA;ADCY1;INSR;NFKB1;AKT1;EHMT1;PIK3R3;PIK3R2
gsea,Glycolysis / Gluconeogenesis,-0.3269150437521815,-1.2931174039043707,1.968504e-01,4.283448e-01,9.470000e-01,17/66,13.10%,ALDH3B2;ALDOA;PGK2;PGM2;HK2;PCK1;ADH4;G6PC1;PFKP;GPI;ALDH3A1;MINPP1;DLD;PGAM4;LDHB;ADH6;DLAT
gsea,Galactose metabolism,-0.40032357958069253,-1.2890032184599913,1.932939e-01,4.232819e-01,9.480000e-01,11/31,17.89%,AKR1B10;GLA;PGM2;HK2;G6PC1;MGAM2;PFKP;SI;GALE;MGAM;PFKM
gsea,Retrograde endocannabinoid signaling,0.29166377636123914,1.276952870143396,1.575630e-01,2.578490e-01,9.370000e-01,33/139,16.15%,CACNA1C;GNG7;ADCY4;GNG2;GABRD;GNG8;PLCB2;MGLL;ADCY9;KCNJ5;PRKCB;ITPR2;MAPK11;GNG11;GABRE;ADCY7;GNGT2;ITPR3;GRIA1;PRKCA;GNAO1;FAAH;GNAI2;MAPK10;ITPR1;ADCY5;GNB3;ADCY6;PTGS2;PRKACA;GRIA3;DAGLB;ADCY1
gsea,Ferroptosis,-0.3740974323595178,-1.2746169462345174,2.411067e-01,4.317613e-01,9.520000e-01,11/41,7.35%,SLC7A11;GCLC;GCLM;TF;TFRC;CP;VDAC2;GSS;ACSL3;ATG5;VDAC3
gsea,Pyruvate metabolism,-0.35560785968228065,-1.2744664971900397,2.359768e-01,4.212616e-01,9.520000e-01,14/47,16.69%,ME1;ACAT2;PCK1;ADH4;ACYP1;MDH1;DLD;LDHB;ACOT12;ACYP2;ADH6;DLAT;FH;ADH1C
gsea,Cholesterol metabolism,0.3740950741354197,1.257503259158791,2.242424e-01,2.714107e-01,9.490000e-01,19/50,22.23%,LRP1;OSBPL5;LCAT;CETP;LPL;NPC2;CYP27A1;ABCA1;APOH;MYLIP;CYP7A1;CD36;LIPG;LDLRAP1;LIPA;LDLR;SORT1;ANGPTL4;NPC1
gsea,Glycosphingolipid biosynthesis,0.34434381603226905,1.241897897665071,1.979167e-01,2.823223e-01,9.550000e-01,12/45,14.12%,FUT7;ST3GAL2;ST3GAL5;ST6GALNAC5;ST3GAL6;GBGT1;ST8SIA1;ST6GALNAC6;ABO;FUT1;ST6GALNAC4;ST3GAL1
gsea,Butanoate metabolism,-0.4110270055116535,-1.231215154970127,2.445328e-01,4.699130e-01,9.720000e-01,8/28,6.77%,BDH1;ACAT2;AACS;L2HGDH;ACSM4;GAD1;GAD2;HMGCS1
gsea,Porphyrin and chlorophyll metabolism,-0.37198893325931276,-1.2310397152266686,2.476008e-01,4.589582e-01,9.720000e-01,12/41,11.73%,UGT1A7;UGT1A4;UGT1A1;CP;HMBS;UGT2A1;UGT1A10;BLVRB;COX10;HCCS;UGT1A6;COX15
gsea,Amino sugar and nucleotide sugar metabolism,-0.35923320596008274,-1.2285626770454257,2.709163e-01,4.518783e-01,9.720000e-01,18/48,16.29%,GNPNAT1;UGDH;GMDS;PGM3;PGM2;HK2;CMAS;PMM2;GPI;CYB5R2;CYB5R4;NANS;GFPT1;UAP1;GALE;GNE;NANP;FPGT
gsea,Hepatitis C,0.2902550668043687,1.218882867599047,2.442589e-01,2.999491e-01,9.600000e-01,61/155,27.89%,CLDN9;PIK3CD;AKT3;IFNAR2;TNF;PIK3R1;CCND1;RXRA;FAS;CD81;IFNA7;PPP2R2B;IRF7;CLDN5;TRAF6;CFLAR;TYK2;IRF9;IKBKB;CLDN11;IKBKE;CLDN16;EGFR;CLDN2;SOCS3;RSAD2;MX2;BRAF;JAK1;RNASEL;CLDN23;CTNNB1;IFIT1;TRAF3;CLDN18;CDKN1A;TLR3;NFKBIA;LDLR;NFKB1;AKT1;PIK3R3;PIK3R2;TRADD;STAT2;OAS2;CLDN15;FASLG;MX1;RB1;PPP2CB;OCLN;IFNA5;IFNAR1;YWHAH;IKBKG;STAT3;RIPK1;CLDN1;SOS2;RELA
gsea,Pantothenate and CoA biosynthesis,0.37860256045188506,1.2090451965181817,2.424242e-01,3.063133e-01,9.620000e-01,10/20,28.26%,DPYD;BCAT1;ALDH2;GADL1;DPYS;ALDH1B1;VNN2;PANK2;BCAT2;UPB1
gsea,Retinol metabolism,-0.3625976399825817,-1.2062418877763943,2.490272e-01,4.708631e-01,9.760000e-01,24/66,20.80%,RDH10;UGT1A7;CYP2B6;UGT1A4;UGT1A1;RDH12;ADH4;CYP2A7;CYP3A5;CYP2C18;RDH11;UGT2A1;UGT1A10;RPE65;RDH8;UGT1A6;ADH6;RDH16;ADH1C;ALDH1A1;DHRS9;UGT2B28;UGT2A2;PNPLA4
gsea,Nicotine addiction,-0.38514347863567994,-1.197160996605799,2.337165e-01,4.723254e-01,9.780000e-01,13/40,10.82%,GABRR1;GABRA1;GABRA2;GABRA3;GABRQ;CHRNB2;CHRNA7;CACNA1A;GRIN2B;GABRB1;GRIA2;GABRG2;CHRNA4
gsea,Pathways of neurodegeneration,0.22959522132641844,1.1942500502462219,2.848361e-01,3.174507e-01,9.680000e-01,83/460,15.17%,CACNA1C;COX7A1;FZD2;CSF1;HIP1;CASP12;WNT9A;PLCB2;DKK2;WNT2;FZD1;NOX4;COX4I2;AXIN2;CYBB;ATXN1;WNT10A;PRKCB;TNF;DLG4;CAMK2A;ITPR2;UBA7;BCL2;MAPK11;WNT5B;AGER;KLC1;FZD7;IFT57;DNAI2;PLCG1;WNT7B;FAS;WNT2B;IL1B;TNFRSF1B;PINK1;ITPR3;DNAH1;DNAH9;FZD4;WNT5A;ERN1;PIK3C3;SLC6A3;DNAH6;FZD8;GRIA1;DNAH10;PRKCA;WNT11;WNT6;DNAH5;LRRK2;ATG2B;DNAH2;ULK2;ATXN1L;MAPK10;ITPR1;TUBB6;TUBA1A;APC;GPX5;PPP3CC;DNALI1;DNAH11;RYR1;PSEN2;WNT9B;UBE2G2;WNT3A;ZFYVE1;BRAF;PTGS2;LRP6;RYR2;DNAI1;WNT7A;DNAH7;GRIA3;MAP2K7
gsea,p53 signaling pathway,-0.336619692812017,-1.192894858376874,2.917466e-01,4.675815e-01,9.790000e-01,14/73,5.04%,CDK1;RRM2;CCNB2;CCNB1;GTSE1;CCNE1;SERPINB5;CHEK2;CHEK1;CDK2;CYCS;CCNE2;PERP;AIFM2
gsea,Drug metabolism,-0.31555506642252257,-1.1927290520178337,2.485660e-01,4.578521e-01,9.790000e-01,28/103,12.85%,RRM2;NME1;ALDH3B2;UGT1A7;UCK2;CYP2B6;TK1;UMPS;UGT1A4;UGT1A1;GMPS;ADH4;CYP2A7;GSTO2;ALDH3A1;CYP3A5;MGST1;DUT;NAT2;UGT2A1;UGT1A10;UGT1A6;GSTM1;GSTA1;RRM1;MGST3;MGST2;ADH6
gsea,RNA degradation,-0.31200576204926767,-1.1836314435474777,3.300395e-01,4.602094e-01,9.820000e-01,25/76,23.51%,PNPT1;LSM5;HSPD1;EXOSC3;PFKP;HSPA9;LSM1;C1D;EXOSC2;EXOSC8;MPHOSPH6;LSM4;LSM2;EXOSC1;EXOSC5;TOB1;CNOT9;DIS3;DHX36;LSM3;PFKM;EXOSC4;CNOT2;EDC3;DIS3L
gsea,Taste transduction,0.3277975728499211,1.1828471371342553,2.489879e-01,3.259610e-01,9.700000e-01,21/85,18.55%,CACNA1C;PDE1B;ADCY4;SCNN1B;KCNK5;PLCB2;GABBR1;SCNN1G;GABBR2;P2RX2;HTR1F;ITPR3;GNB3;PDE1A;ADCY6;PRKACA;HTR3C;P2RX3;TAS1R1;P2RY1;TAS2R4
gsea,Steroid hormone biosynthesis,-0.35439207386305244,-1.1735484416509683,2.450980e-01,4.639822e-01,9.830000e-01,22/59,20.73%,AKR1C4;AKR1C2;AKR1C3;UGT1A7;AKR1C1;UGT1A4;UGT1A1;HSD17B1;CYP3A5;UGT2A1;UGT1A10;UGT1A6;CYP19A1;HSD17B2;CYP11B2;HSD3B1;CYP11B1;UGT2B28;UGT2A2;HSD17B12;HSD17B3;SRD5A3
gsea,Bile secretion,0.31324951746090934,1.1650950251498458,2.553606e-01,3.396324e-01,9.740000e-01,26/88,18.75%,ADCY4;ATP1A2;SCT;ATP1B2;SCTR;AQP1;ADCY9;BAAT;AQP8;ADCY7;SLC4A4;RXRA;KCNN2;AQP4;ABCB1;ADCY5;CYP7A1;ADCY6;ATP1A4;ABCC3;PRKACA;ADCY1;SLC4A5;SLC9A1;SLC10A2;LDLR
gsea,Propanoate metabolism,-0.37519376219141776,-1.1644549298468323,3.188119e-01,4.661913e-01,9.830000e-01,10/34,16.60%,ACAT2;PCCB;DLD;LDHB;MCEE;SUCLG1;HIBCH;BCKDHB;SUCLA2;EHHADH
gsea,Ascorbate and aldarate metabolism,-0.4120309227860586,-1.1607712073945557,3.039216e-01,4.616769e-01,9.840000e-01,7/28,10.34%,UGT1A7;UGDH;UGT1A4;UGT1A1;UGT2A1;UGT1A10;UGT1A6
gsea,Progesterone-mediated oocyte maturation,-0.3050606881188786,-1.1559767141756843,3.054475e-01,4.588926e-01,9.850000e-01,15/98,4.86%,CDC25C;CDK1;CCNB2;CCNB1;CCNA2;AURKA;MAD2L1;BUB1;PLK1;CDC25A;CDK2;PKMYT1;CCNB3;KIF22;GNAI1
gsea,Glycosylphosphatidylinositol (GPI)-anchor biosynthesis,-0.3958968775105173,-1.1552724407989174,3.333333e-01,4.512524e-01,9.850000e-01,7/25,16.90%,PIGF;PIGP;PIGC;PIGH;PIGX;PIGU;PIGO
gsea,Glucagon signaling pathway,0.2641889768171081,1.1457593430105544,2.941176e-01,3.550572e-01,9.800000e-01,36/105,25.80%,PLCB2;FBP1;AKT3;CAMK2A;ITPR2;CREB5;FOXO1;ITPR3;PYGM;CREBBP;ITPR1;PPP3CC;ACACB;PRKACA;CPT1B;CAMK2D;PDE3B;EP300;PPP3CA;PLCB3;CAMK2G;PHKG1;AKT1;PHKA2;PLCB4;ADCY2;CPT1C;PFKL;GNAQ;GCK;FBP2;PRKAG3;CREB1;CREB3L2;SIK2;SIRT1
gsea,"Alanine, aspartate and glutamate metabolism",-0.3373340165611224,-1.1387737014649897,2.885375e-01,4.640895e-01,9.860000e-01,17/36,23.43%,GLUD2;NIT2;PPAT;CPS1;GOT1;ASRGL1;GAD1;GAD2;GPT2;GFPT1;AGXT;GOT2;RIMKLB;GPT;RIMKLA;ASS1;GOT1L1
gsea,Glycerolipid metabolism,0.3056394111485946,1.102031496577172,3.098901e-01,3.943572e-01,9.860000e-01,19/61,19.23%,MGLL;PLPP4;LPL;PLPP1;PLPP3;AGPAT4;MBOAT2;AGPAT2;DGKD;GPAM;ALDH2;LPIN2;LPIN3;PNPLA2;LIPG;DGKQ;DGKH;ALDH1B1;LIPF
gsea,"Glycine, serine and threonine metabolism",-0.3328800483020388,-1.0943355396247036,3.490196e-01,5.115656e-01,9.890000e-01,14/38,18.01%,PSPH;CBS;PSAT1;PHGDH;SHMT1;GLDC;SHMT2;GATM;DLD;PGAM4;AGXT;CTH;SDS;SDSL
gsea,Metabolism of xenobiotics by cytochrome P450,-0.33254086847331543,-1.0807083921049718,3.750000e-01,5.192319e-01,9.890000e-01,23/72,12.85%,ALDH3B2;UGT1A7;AKR1C1;CYP2B6;UGT1A4;UGT1A1;CBR3;ADH4;CYP2A7;AKR7A3;GSTO2;ALDH3A1;CYP3A5;MGST1;UGT2A1;UGT1A10;CBR1;UGT1A6;GSTM1;GSTA1;MGST3;MGST2;ADH6
gsea,Alzheimer disease,-0.2161924032712525,-1.0798664405536311,3.542857e-01,5.112069e-01,9.890000e-01,125/354,21.43%,TUBAL3;NDUFA9;UQCRHL;PSMD14;NDUFB9;COX7A2;CYCS;BACE2;NDUFB5;ATP5MC1;COX7B;UQCRFS1;COX6A1;DKK1;CHRNA7;NDUFS1;ATP5MC3;ATP5PO;DDIT3;SEM1;COX5A;PSMA4;CYC1;PSENEN;UQCRQ;NDUFB4;TUBB4A;UQCR11;COX7B2;COX7A2L;FZD10;VDAC2;COX5B;PSMA5;NDUFB3;ATP5F1C;CHRM3;VDAC3;NDUFB1;COX6B1;TUBA1C;GRIN2B;IRS4;NDUFB8;CALML5;FRAT2;NDUFA10;SDHA;NDUFAB1;PPIF;ATP5PF;PSMC1;NDUFA6;NDUFC1;PSMA1;VDAC1;NDUFB6;TUBA1B;CASP9;UQCRH;SDHC;NAE1;CSNK2B;ATP5MC2;PSMD1;NDUFA3;IRS2;PSMD11;SLC25A31;CHRM5;ATP5F1B;PSMD7;NDUFB2;EIF2S1;SDHB;PLCB1;UQCRB;NDUFS3;PSMB5;NDUFS2;CHUK;UQCRC2;PSMB6;PSMC6;PSMB3;PSMC4;PSMD9;ADAM17;NDUFA5;ATP5PB;NOS1;UQCR10;COX8A;BID;PPP3R1;NDUFA12;COX6C;BECN2;PSMC2;ATP5PD;INS;PSMB1;SLC25A5;PSMD4;PSMD2;RB1CC1;EIF2AK3;PSMB4;NDUFA2;GAPDH;ATP2A1;IDE;TUBA8;NDUFS6;NDUFA1;HSD17B10;NRAS;COX4I1;PSMA7;GPR83;PSMD8;SDHD;CDK5;ATP5F1E;PPID
gsea,Spinocerebellar ataxia,0.2456469834043057,1.0694689497480958,3.719008e-01,4.234515e-01,9.920000e-01,41/143,22.76%,PLCB2;PIK3CD;KCNC3;AKT3;FGF14;ATXN1;PRKCB;RORA;ITPR2;PIK3R1;ITPR3;BEAN1;KCND3;ERN1;PIK3C3;CIC;GRIA1;PRKCA;ATG2B;ULK2;ATXN1L;MAPK10;ITPR1;RYR1;GRIA3;GRIN3B;ATG14;ATG2A;GRIN2A;PLCB3;AKT1;ATXN3;PIK3R3;PIK3R2;KAT5;VLDLR;PLCB4;PSMA2;MAP3K5;AMBRA1;GNAQ
gsea,Cellular senescence,0.2786362061340699,1.0689747437537285,3.995859e-01,4.219473e-01,9.920000e-01,50/156,20.61%,TGFB3;NFATC1;CCND2;NFATC2;TGFB2;PIK3CD;MRAS;RASSF5;AKT3;TGFB1;ETS1;TGFBR2;ITPR2;MAPK11;PIK3R1;CCND1;ZFP36L1;FOXO1;ITPR3;CDKN2B;TSC2;ITPR1;FOXO3;HLA-F;SMAD2;PPP3CC;NFATC4;ATM;TSC1;GADD45B;SERPINE1;ZFP36L2;HIPK1;NFATC3;PTEN;RBL2;IL6;HLA-E;CDKN1A;IGFBP3;TGFBR1;RRAS;PPP3CA;NFKB1;HIPK3;MAPKAPK2;AKT1;PIK3R3;PIK3R2;CCND3
gsea,Fatty acid biosynthesis,0.3517927434114039,1.0687929596143424,3.882114e-01,4.201733e-01,9.920000e-01,5/18,18.64%,ACSL5;ACSBG1;ACSF3;ACACB;ACSL6
gsea,Tyrosine metabolism,-0.3320847402643224,-1.067652092182801,3.718200e-01,5.173464e-01,9.910000e-01,13/36,16.85%,HGD;ALDH3B2;HPD;TAT;GOT1;DDC;ADH4;ALDH3A1;ADH6;GSTZ1;GOT2;ADH1C;MIF
gsea,beta-Alanine metabolism,0.33105333067800297,1.0639752176509594,3.904959e-01,4.229750e-01,9.920000e-01,9/30,18.22%,AOC3;DPYD;ABAT;ALDH2;CARNS1;CNDP2;GADL1;DPYS;ALDH1B1
gsea,AMPK signaling pathway,0.26215709847833885,1.0635703696045613,3.844581e-01,4.213787e-01,9.920000e-01,44/120,27.33%,PIK3CD;FBP1;AKT3;PFKFB3;PIK3R1;CCND1;CREB5;IRS1;SCD5;FOXO1;STK11;TSC2;PPP2R2B;IGF1;PDPK1;STRADA;SLC2A4;PPP2R5B;FOXO3;ADRA1A;ACACB;TSC1;CD36;CPT1B;INSR;PFKFB2;LEPR;AKT1;PIK3R3;PIK3R2;PPP2R3A;CPT1C;PFKL;FBP2;PRKAG3;CREB1;CREB3L2;CCNA1;PPP2CB;SIRT1;MLYCD;CFTR;SREBF1;RAB11B
gsea,Arginine and proline metabolism,-0.2960224279713785,-1.0423403482472695,3.891129e-01,5.405635e-01,9.920000e-01,15/50,16.77%,CKMT1B;CKMT1A;AGMAT;HOGA1;GOT1;PRODH2;ARG2;AOC1;GATM;SMS;PYCR3;ODC1;ALDH18A1;GOT2;NOS1
gsea,Viral carcinogenesis,0.23443771241220254,1.0399759543555736,4.156379e-01,4.423719e-01,9.930000e-01,53/198,21.39%,CCND2;EGR2;TRAF1;PIK3CD;CCR4;STAT5A;JAK3;CCR8;EGR3;JUN;PIK3R1;CCND1;CCR5;CREB5;KAT2B;HDAC7;C3;IL6ST;GSN;CDKN2B;HDAC5;IRF7;CREBBP;IRF9;HLA-F;CHD4;RASA2;SYK;TRAF5;HDAC11;ACTN1;PRKACA;JAK1;GTF2A1L;HDAC10;TRAF3;REL;ATP6V0D2;RBL2;STAT5B;SRF;HLA-E;CDKN1A;NFKBIA;EP300;NFKB1;MAPKAPK2;PIK3R3;PIK3R2;CCND3;TRADD;H2BC1;MAD1L1
gsea,Fructose and mannose metabolism,-0.33206418345398936,-1.0260281138927696,4.233010e-01,5.523453e-01,9.920000e-01,7/33,6.25%,SORD;AKR1B10;ALDOA;GMDS;HK2;PFKP;PMM2
gsea,Arginine biosynthesis,-0.33662962139917035,-1.0246421101855925,4.096154e-01,5.449632e-01,9.920000e-01,10/22,23.43%,GLUD2;CPS1;GOT1;ARG2;GPT2;GOT2;NOS1;GPT;ASS1;GOT1L1
gsea,Thiamine metabolism,-0.37530241603522463,-1.0242762565032861,4.288425e-01,5.365690e-01,9.920000e-01,4/15,6.45%,ALPI;NTPCR;AK4;ACP1
gsea,Tryptophan metabolism,0.28602680681807285,1.022086424784197,4.185567e-01,4.580456e-01,9.930000e-01,15/42,25.51%,CYP1B1;INMT;HAAO;MAOB;CYP1A2;IDO2;IL4I1;ALDH2;AANAT;ALDH1B1;AADAT;CYP1A1;AOX1;CAT;TDO2
gsea,Vitamin digestion and absorption,0.3413266827200307,1.0172421315532303,4.315789e-01,4.609117e-01,9.930000e-01,5/24,9.27%,PLB1;SLC19A3;CUBN;SLC19A1;BTD
gsea,Nitrogen metabolism,-0.3554731277381717,-1.0071772224030076,4.658635e-01,5.490290e-01,9.930000e-01,3/17,2.61%,GLUD2;CA8;CPS1
gsea,Other glycan degradation,0.3498215598225438,0.9990152619586933,4.758065e-01,4.774247e-01,9.930000e-01,4/17,14.98%,ENGASE;MAN2B1;HEXD;MAN2B2
gsea,SNARE interactions in vesicular transport,0.2712284069328808,0.9957462535750722,4.549020e-01,4.783360e-01,9.930000e-01,11/33,32.03%,VAMP1;STX11;STX2;VAMP2;STX6;STX4;STX17;BET1L;VAMP5;VAMP3;GOSR2
gsea,Basal transcription factors,-0.2844438425498946,-0.974847794013326,4.880478e-01,5.797253e-01,9.960000e-01,17/44,26.26%,GTF2A2;TBPL1;GTF2H5;GTF2E1;TAF2;GTF2E2;MNAT1;CDK7;TAF9;GTF2H2;GTF2H2C;TAF13;GTF2H3;TBP;GTF2F2;GTF2B;TAF5
gsea,Sphingolipid metabolism,0.27634936664515125,0.9672596625098459,4.936709e-01,5.051711e-01,9.950000e-01,14/48,23.35%,SPTLC3;PLPP1;SGPP2;PLPP3;SGMS2;SMPD1;ACER1;KDSR;ARSA;SPHK1;SGPP1;ASAH1;GALC;SPTLC2
gsea,Histidine metabolism,0.3402525581745114,0.9645559127599682,4.969697e-01,5.056267e-01,9.950000e-01,8/22,18.22%,HDC;ASPA;MAOB;ALDH2;CARNS1;HNMT;CNDP2;ALDH1B1
gsea,Lysine degradation,0.27518732877614693,0.9613966525144259,4.979339e-01,5.067874e-01,9.950000e-01,17/63,18.72%,PRDM6;PRDM16;SETDB2;EZH1;PRDM2;KMT2A;PHYKPL;AASS;ALDH2;KMT2C;MECOM;SETD1B;SETD2;ALDH1B1;KMT2D;KMT2E;DOT1L
gsea,Mitophagy,0.2507941259689422,0.9585708797156737,4.787234e-01,5.073562e-01,9.960000e-01,9/68,11.09%,TFEB;RAB7B;MRAS;JUN;MITF;PINK1;MAPK10;FOXO3;CITED2
gsea,Biosynthesis of unsaturated fatty acids,-0.3023172559563993,-0.9413857223528647,4.923664e-01,6.131599e-01,9.970000e-01,11/27,21.42%,ELOVL4;ELOVL6;ELOVL7;ACOT4;HACD3;HACD1;HACD2;SCD;HSD17B12;ELOVL3;ELOVL2
gsea,Cytosolic DNA-sensing pathway,0.24428956362281917,0.935648498774821,4.979839e-01,5.298521e-01,9.980000e-01,21/60,27.89%,STING1;CASP1;ZBP1;IL1B;IFNA7;IRF7;RIPK3;IKBKB;IKBKE;IL33;POLR3GL;IL6;NFKBIA;NFKB1;CCL4;AIM2;IFNA5;CCL5;IKBKG;RIPK1;RELA
gsea,Starch and sucrose metabolism,-0.27780959475076294,-0.9282675354077202,5.583658e-01,6.210538e-01,9.970000e-01,10/36,15.45%,PGM2;HK2;G6PC1;GYG1;MGAM2;GPI;GYS2;SI;MGAM;GYG2
gsea,Maturity onset diabetes of the young,-0.33493825305643266,-0.9173665907571071,5.454545e-01,6.249560e-01,9.970000e-01,12/26,20.87%,HNF4G;PDX1;PAX6;HNF4A;RFX6;IAPP;FOXA3;HNF1A;INS;PAX4;BHLHA15;PKLR
gsea,Fat digestion and absorption,0.27239716400911,0.8987259504038418,5.644172e-01,5.673550e-01,9.980000e-01,7/43,8.84%,PLA2G5;SLC27A1;PLA2G1B;PLPP1;ABCA1;PLPP3;AGPAT2
gsea,Fatty acid degradation,0.26305717207552826,0.8953771895082461,5.394191e-01,5.687124e-01,9.980000e-01,10/43,18.64%,CYP2U1;ADH1B;ACSL5;ACSBG1;ALDH2;ACAA1;CPT1B;ACADL;ALDH1B1;ACSL6
gsea,Alcoholism,-0.21031479847927786,-0.888328539217735,5.687500e-01,6.523044e-01,9.990000e-01,34/178,11.84%,GNGT1;GNG4;CREB3L4;H2BC9;H2AC20;H4C7;H3C8;H2AC8;H3C7;H2BC17;H3C2;H2BC11;DDC;H2AZ1;GNAI1;H2AC11;HDAC2;H3C3;H2BW1;H2AC14;H2AC16;GRIN2B;HAT1;CALML5;H2BC8;H3C11;H2BC7;H2AB1;GNG5;H4C1;H2BW2;H2AC17;H2AX;H4C4
gsea,Peroxisome,-0.23248836372908088,-0.8446927209895126,6.106870e-01,6.973660e-01,9.990000e-01,15/81,11.95%,PXMP2;PEX7;SLC27A2;IDH1;PEX5L;ECI2;NUDT19;ACSL3;PEX1;PHYH;PEX11A;NUDT12;PRDX1;PEX3;PEX2
gsea,Steroid biosynthesis,-0.29593150137275004,-0.8357547849709083,6.299213e-01,6.984341e-01,9.990000e-01,8/20,31.00%,EBP;SQLE;DHCR7;CYP51A1;LBR;MSMO1;CEL;HSD17B7
gsea,Phototransduction,-0.24543591179559207,-0.7998261900804295,7.358121e-01,7.331059e-01,9.990000e-01,7/28,20.16%,PDE6A;GNGT1;GRK7;CALML5;GNAT2;GNAT1;SAG
gsea,Protein processing in endoplasmic reticulum,0.16147485038192913,0.7630278812968776,6.232179e-01,7.167790e-01,9.990000e-01,21/169,16.77%,CASP12;DERL3;CRYAB;MAN1C1;BCL2;ERN1;SEC31B;MAPK10;PPP1R15A;MAN1A1;WFS1;TXNDC5;EDEM1;UBE2G2;YOD1;FBXO2;MAP2K7;TRAM1L1;RRBP1;SEL1L2;SYVN1
gsea,mRNA surveillance pathway,-0.1857832557781861,-0.7541162396227625,6.866538e-01,7.775796e-01,1.000000e+00,24/97,25.83%,PPP2R2C;MAGOHB;HBS1L;CPSF4L;MSI2;MSI1;CPSF3;PPP2R1B;FIP1L1;NXT2;PYM1;CSTF2;CPSF2;CSTF3;PPP1CC;ALYREF;CPSF4;EIF4A3;CSTF1;NXT1;NCBP1;RNGTT;MAGOH;SAP18
gsea,Collecting duct acid secretion,0.2203448136488939,0.7530996216133362,7.515030e-01,7.248783e-01,1.000000e+00,6/27,20.06%,ATP4B;ATP6V0C;ATP6V1B2;ATP6V0A1;ATP6V0D2;TCIRG1
gsea,Ubiquitin mediated proteolysis,0.18300339203254196,0.7475176453889032,6.589958e-01,7.282428e-01,1.000000e+00,24/140,17.70%,SMURF2;RHOBTB2;UBA7;MAP3K1;MGRN1;BIRC7;CBL;HERC1;SOCS1;AIRE;TRAF6;PML;WWP2;NEDD4L;RHOBTB1;UBE2E2;SOCS3;DET1;UBE2G2;FBXO2;SYVN1;UBE2QL1;ANAPC2;PIAS2
gsea,"Valine, leucine and isoleucine degradation",-0.23206671360373443,-0.7405717702027769,7.017208e-01,7.830959e-01,1.000000e+00,15/48,22.28%,ACAT2;PCCB;AACS;HMGCS1;DLD;MCEE;HIBCH;MCCC2;BCKDHB;EHHADH;ACADM;HIBADH;HSD17B10;HMGCS2;AUH
gsea,Various types of N-glycan biosynthesis,0.18654904404896722,0.7081558501823998,7.789474e-01,7.696499e-01,1.000000e+00,4/39,11.97%,MAN1C1;B4GALNT3;HEXD;MAN1A1
gsea,Olfactory transduction,-0.22948044884575824,-0.675223493523122,8.769531e-01,8.456654e-01,1.000000e+00,171/432,31.82%,OR1F1;OR10S1;OR7A5;OR51S1;OR4K3;OR11H12;OR8K5;OR6B3;OR51L1;OR5L1;OR9K2;OR6B2;OR51A4;OR2L8;OR4L1;OR10H2;OR8S1;OR2B6;OR52A1;CALML5;OR56B4;OR5D14;OR4B1;OR4K15;OR8J3;OR4F4;OR52R1;OR51F1;SLC8A2;OR8H1;OR14A16;OR5K3;OR5AL1;OR6Q1;OR4M2;OR51A2;OR10A7;OR5I1;OR6C2;OR2AT4;OR5AR1;OR10J4;OR2AG2;OR6X1;OR8H2;OR1J1;OR2V2;OR4C13;OR2Y1;OR4K2;OR1J2;OR4K14;GNAL;OR1J4;OR9Q2;OR2T33;OR2AJ1;OR9G1;OR5J2;OR4N2;OR5H1;OR2T8;OR6C70;OR5H14;OR5M1;OR2M3;OR9I1;OR2Z1;OR4K13;OR52E2;OR4K5;OR5D16;OR51A7;OR2B2;OR10C1;OR56A3;OR51G2;OR5L2;OR4C12;OR4F16;OR8I2;OR13C8;OR5H15;OR2A4;OR11H7;OR2M2;OR4C46;OR4F3;OR4F29;OR10R2;OR6J1;OR4K17;OR6K6;CNGA2;OR2F1;OR10A5;OR11G2;OR51V1;OR5B3;OR52B2;OR2G3;OR5M11;OR6F1;OR4A15;OR4S2;OR8K1;OR5H6;OR2J1;OR10H3;OR5D18;OR5H2;OR5F1;OR12D2;OR4F5;OR6C1;OR6V1;OR51M1;OR2D3;OR13C4;OR9A4;OR10Z1;OR52E5;OR51F2;OR8B2;OR5T2;OR10K1;OR10X1;OR4A5;OR8J1;OR6A2;OR5W2;OR10G8;OR52I2;OR2T29;OR2G6;OR6Y1;OR1N1;OR6C6;OR52I1;OR52E1;OR11L1;OR4C3;CALML4;OR1I1;OR1N2;OR52A5;OR8U1;OR10Q1;OR8D1;OR2T34;OR2M7;OR5M8;OR4X1;OR4F17;OR1C1;OR51D1;OR8B12;OR51Q1;OR6P1;OR52M1;OR1L6;OR52L1;PRKG2;OR4M1;OR2T1;OR10H5;OR4S1;OR10A4;OR10AC1;OR7G1;OR4D9
gsea,N-Glycan biosynthesis,-0.18040169108692208,-0.6744600574031427,7.638095e-01,8.351748e-01,1.000000e+00,7/50,10.66%,ALG14;ALG10;ALG8;ALG3;ALG6;MGAT4C;ALG11
gsea,Nicotinate and nicotinamide metabolism,-0.15638306527700266,-0.5460258752535777,9.749518e-01,9.408918e-01,1.000000e+00,11/34,26.75%,NAMPT;NUDT12;SIRT5;NT5C2;PNP;NT5C1B;NT5M;NT5C;QPRT;NADK2;NAPRT
gsea,Mannose type O-glycan biosynthesis,-0.16507149682480726,-0.4799013643140485,9.764706e-01,9.660372e-01,1.000000e+00,2/23,8.23%,RXYLT1;B3GALNT2
