Name,Term,ES,NES,NOM p-val,FDR q-val,FWER p-val,Tag %,Gene %,Lead_genes
gsea,AGE-RAGE signaling pathway in diabetic complications,0.6822333717753736,2.616539422949487,1.000000e-03,3.319502e-03,2.000000e-03,59/100,20.41%,TGFB2;COL4A3;NFATC1;COL4A4;NOX4;BCL2;AKT3;TGFB3;PRKCB;VCAM1;TNF;PLCB2;NOS3;AGER;PLCG2;MAPK10;AGT;IL1B;THBD;PRKCA;PIK3CD;COL4A2;MAPK11;SELE;PLCE1;ICAM1;MMP2;PLCD1;CYBB;JAK2;VEGFC;VEGFD;COL4A1;PRKCE;COL1A1;PIK3R1;COL1A2;AGTR1;STAT5A;EDN1;PLCB4;FOXO1;TGFBR2;TGFB1;IL6;F3;PRKCZ;COL3A1;PLCG1;EGR1;FN1;CCND1;PLCD4;JUN;VEGFA;SMAD4;PIK3R2;SMAD2;COL4A5
gsea,Proteoglycans in cancer,0.619089287766131,2.6155027993453124,1.000000e-03,1.659751e-03,2.000000e-03,96/203,21.77%,ITGB3;TGFB2;FZD2;HGF;WNT9A;HPSE2;WNT2;CAMK2A;AKT3;WNT10A;WNT5B;PRKCB;TNF;CAV3;WNT2B;TLR2;PPP1R12B;TLR4;SHH;ANK2;WNT11;FGFR1;MMP9;HSPG2;TWIST2;ITPR2;PLCG2;IGF1;KDR;ESR1;PTCH1;WNT6;WNT7B;WNT9B;ITPR1;FZD8;WNT5A;TIAM1;DCN;ITGA2;MRAS;FZD1;PRKCA;PIK3CD;FAS;MAPK11;ERBB4;FGF2;PLCE1;VAV1;TIMP3;FZD7;MMP2;PLAU;THBS1;GAB1;IL12B;HCLS1;IGF2;COL1A1;PIK3R1;FZD4;SDC2;EGFR;WNT3A;HSPB2;CBL;COL1A2;HBEGF;TGFB1;WNT7A;FLNA;TWIST1;PLCG1;GPC3;FN1;CCND1;GPC1;ANK3;LUM;CAV1;PDPK1;VEGFA;BRAF;ITPR3;FASLG;NANOGP8;ARHGEF12;PIK3R2;SMAD2;CAV2;PPP1R12C;ITGA5;ITGB5;MSN;ARHGEF1
gsea,Focal adhesion,0.6424753017443927,2.570692421927785,1.000000e-03,1.659751e-03,3.000000e-03,112/200,24.57%,TNN;ITGA8;COMP;SHC3;LAMA2;ITGB3;ITGA9;COL4A3;FLT4;HGF;PARVG;TNXB;ITGA11;COL4A4;MYLK;CHAD;BCL2;AKT3;PDGFRA;PDGFD;COL6A6;TLN2;THBS2;ITGA4;PGF;THBS4;ILK;PRKCB;ITGA7;LAMC3;ITGB7;COL6A5;CCND2;CAV3;LAMA4;PDGFA;PPP1R12B;ITGA10;TNC;TNR;ITGA1;IGF1;KDR;RASGRF1;PDGFRB;MAPK10;VWF;FLT1;COL6A3;SHC2;ITGA2;PRKCA;FYN;PIK3CD;COL4A2;COL9A2;ITGB6;PDGFC;VAV1;MYLK4;THBS1;THBS3;PDGFB;VEGFC;VEGFD;LAMB1;COL4A1;COL1A1;PIK3R1;EGFR;COL1A2;COL6A1;PARVA;COL6A2;MYL5;FLNA;SHC4;FN1;CCND1;MYL9;CAV1;ITGA3;PAK3;PDPK1;LAMB2;JUN;VEGFA;DOCK1;BRAF;PIK3R2;PIP5K1C;RELN;CAV2;PPP1R12C;COL4A5;ITGA2B;LAMA3;IBSP;ITGA5;ITGB5;VCL;FLNC;PARVB;RAC2;ROCK1;MYLK2;LAMA1;ITGB4;RAPGEF1;MYL7;PIK3R3;COL4A6
gsea,Ras signaling pathway,0.6142334502946432,2.487113468448334,1.000000e-03,3.319502e-03,5.000000e-03,104/232,18.29%,PLA2G5;RASGRP4;SHC3;RASGRF2;RASGRP2;GNG7;FLT4;HGF;RASGRP1;GNG8;FGF1;ANGPT4;FGF10;FGF18;AKT3;PDGFRA;PDGFD;RASAL3;NTRK1;TEK;FLT3;PGF;FGF7;NTF3;FGFR2;GNG2;PRKCB;NGFR;FLT3LG;ANGPT1;PDGFA;RASGRP3;FGFR3;PLA2G4C;FGF9;RALGDS;HTR7;FGFR1;ZAP70;PLA2G1B;LAT;GNGT2;PLCG2;IGF1;KDR;RASGRF1;PDGFRB;JMJD7-PLA2G4B;MAPK10;FLT1;TIAM1;SHC2;CSF1;RASAL2;MRAS;PRKCA;CSF1R;SYNGAP1;PIK3CD;RAPGEF5;RASA3;GNB3;FGF2;FGF16;PLCE1;RGL1;KSR1;PDGFC;ANGPT2;RASSF5;REL;PDGFB;GAB1;VEGFC;PLA2G12B;VEGFD;RASA4;IGF2;PLA2G4F;PIK3R1;PLA1A;GNG11;PLA2G6;GRIN2A;EGFR;NTRK2;KSR2;ETS1;NGF;FGF22;SHC4;PLCG1;PLA2G2A;TGFA;NTF4;PAK3;PLA2G2D;PLA2G4B;RASA4B;RIN1;ABL2;RASSF1;VEGFA;KITLG
gsea,Rap1 signaling pathway,0.6107203618561727,2.4680712566515495,1.000000e-03,3.651452e-03,8.000000e-03,92/210,16.05%,ITGB3;RASGRP2;ADCY4;FLT4;HGF;FGF1;ANGPT4;FGF10;FGF18;AKT3;PDGFRA;PDGFD;TLN2;TEK;ITGAM;PGF;FGF7;FGFR2;PRKCB;NGFR;ANGPT1;PDGFA;ITGAL;PLCB2;GNAO1;RASGRP3;FGFR3;FGF9;RALGDS;DOCK4;FGFR1;RAPGEF4;LAT;FPR1;ADCY7;LPAR4;IGF1;KDR;RAPGEF3;ADCY5;PDGFRB;PARD6G;ADCY9;ADCY1;FLT1;PRKD1;TIAM1;CSF1;MRAS;PRKCA;CSF1R;PIK3CD;RAPGEF5;MAPK11;RAPGEF2;ADORA2A;FGF2;LCP2;FGF16;PLCE1;MAGI3;PDGFC;ANGPT2;MAGI2;VAV1;ADCY2;EVL;LPAR3;ARAP3;ITGB2;RASSF5;FYB1;APBB1IP;THBS1;PDGFB;VEGFC;VEGFD;PIK3R1;GRIN2A;MAGI1;EGFR;P2RY1;NGF;RAPGEF6;PLCB4;FGF22;CNR1;F2RL3;CTNND1;PRKCZ;PLCG1;LPAR5
gsea,Relaxin signaling pathway,0.5911699648450748,2.4640686940478256,1.000000e-03,3.042877e-03,8.000000e-03,58/129,20.60%,SHC3;ADCY4;GNG7;COL4A3;COL4A4;GNG8;AKT3;MMP13;EDNRB;GNG2;CREB5;PLCB2;GNAO1;NOS3;MMP9;ADCY7;GNGT2;ADCY5;MAPK10;ADCY9;ADCY1;RXFP2;SHC2;PRKCA;RXFP1;PIK3CD;GNB3;COL4A2;MAPK11;NOS2;ACTA2;ADCY2;MMP2;VEGFC;VEGFD;COL4A1;COL1A1;PIK3R1;GNG11;EGFR;COL1A2;EDN1;PLCB4;TGFBR2;TGFB1;SHC4;PRKCZ;COL3A1;JUN;VEGFA;RLN3;ARRB1;PIK3R2;SMAD2;RXFP3;COL4A5;ADCY6;MMP1
gsea,Wnt signaling pathway,0.6071206687108723,2.4513449202963167,1.000000e-03,2.608180e-03,8.000000e-03,60/166,16.31%,PRICKLE1;PRICKLE2;ROR2;SOX17;ROR1;NKD1;RSPO1;LEF1;FZD2;NFATC1;WNT9A;DAAM2;NKD2;DKK2;WNT2;CAMK2A;SFRP4;AXIN2;WNT10A;RSPO2;WNT5B;NFATC2;NOTUM;PRKCB;CCND2;WNT2B;PLCB2;LGR5;LGR6;WNT11;TLE4;WIF1;MMP7;SFRP2;MAPK10;WNT6;WNT7B;WNT9B;FZD8;WNT5A;GPC4;TCF7L1;CCN4;FZD1;PRKCA;SFRP5;RNF43;FZD7;FZD4;WNT3A;RSPO4;TLE2;BAMBI;PLCB4;SERPINF1;WNT7A;ZNRF3;NFATC4;APC;CCND1
gsea,Breast cancer,0.588808068303197,2.4438665803630495,1.000000e-03,2.489627e-03,8.000000e-03,60/147,19.62%,HEY2;PGR;SHC3;LEF1;FZD2;NOTCH4;FLT4;WNT9A;FGF1;FGF10;WNT2;FGF18;AKT3;AXIN2;WNT10A;FGF7;WNT5B;NOTCH1;DLL4;WNT2B;HEYL;FGF9;WNT11;FGFR1;IGF1;ESR1;WNT6;WNT7B;WNT9B;FZD8;DLL1;WNT5A;HES5;TCF7L1;SHC2;FZD1;PIK3CD;FGF2;FGF16;FZD7;JAG2;JAG1;PIK3R1;FZD4;EGFR;WNT3A;WNT7A;ESR2;FGF22;SHC4;APC;CCND1;NOTCH2;JUN;BRAF;HES1;HEY1;LRP6;PIK3R2;NOTCH3
gsea,Neurotrophin signaling pathway,0.5516801877988711,2.442841049742834,1.000000e-03,2.213001e-03,8.000000e-03,63/119,32.17%,NTRK3;SHC3;BCL2;CAMK2A;AKT3;NTRK1;NTF3;NGFR;MATK;PLCG2;IRS1;CAMK4;MAPK10;SHC2;PIK3CD;SH2B3;MAP3K3;MAPK11;PSEN2;GAB1;RPS6KA2;PIK3R1;NTRK2;MAP3K1;NGF;SHC4;PLCG1;NTF4;PDPK1;JUN;TRAF6;TP73;BRAF;RPS6KA5;FASLG;PIK3R2;IKBKB;SH2B2;FOXO3;SH2B1;RAPGEF1;KIDINS220;ARHGDIB;PIK3R3;BDNF;IRAK2;MAP2K7;CAMK2D;ABL1;RPS6KA3;PRKCD;RPS6KA1;IRAK3;MAPK7;NFKBIE;MAP3K5;FRS2;NFKB1;AKT1;SORT1;CALML6;CAMK2G;NFKBIA
gsea,MAPK signaling pathway,0.5474731295676184,2.437980476636785,1.000000e-03,1.991701e-03,8.000000e-03,127/294,23.42%,CACNA1C;RASGRP4;RASGRF2;TGFB2;RASGRP2;NFATC1;FLT4;HGF;CACNA1H;CACNB1;MEF2C;RASGRP1;FGF1;ANGPT4;FGF10;FGF18;AKT3;PDGFRA;PDGFD;NTRK1;CACNA2D2;TEK;TGFB3;FLT3;PGF;FGF7;NTF3;FGFR2;PRKCB;NGFR;TNF;FLT3LG;MAP4K1;CACNA1G;ANGPT1;PDGFA;CACNA2D4;RASGRP3;FGFR3;PLA2G4C;FGF9;PTPN7;FGFR1;IGF1;KDR;RASGRF1;PDGFRB;JMJD7-PLA2G4B;MAPK10;IL1RAP;DUSP7;FLT1;IL1B;CACNA2D1;CSF1;MRAS;PRKCA;CSF1R;FAS;MAP3K3;MAPK11;RAPGEF2;ERBB4;FGF2;PTPN5;FGF16;PDGFC;ANGPT2;MAPK8IP1;MAPK8IP3;CACNA2D3;DUSP8;PDGFB;VEGFC;VEGFD;IGF2;MAP3K14;IL1R1;RPS6KA2;PLA2G4F;EGFR;NTRK2;DUSP2;MAP3K12;CACNG6;MAP3K1;NGF;TGFBR2;TGFB1;FGF22;CACNA1D;FLNA;MECOM;CACNB3;TGFA;NTF4;MAP3K6;PLA2G4B;JUN;TRAF6;VEGFA;KITLG;BRAF;DUSP6;RPS6KA5;ELK4;DUSP10;FASLG;ARRB1;NR4A1;CACNG4;MAPT;EPHA2;FGF20;KIT;NFATC3;IKBKB;MKNK1;NF1;RASA2;RASA1;FLNC;PLA2G4D;RAC2;CACNA1F;PPP3CC;MAP4K2
gsea,Human papillomavirus infection,0.5082147461810996,2.419335484737688,1.000000e-03,2.565070e-03,8.000000e-03,130/330,23.99%,TNN;HEY2;ITGA8;COMP;LAMA2;ITGB3;ITGA9;FZD2;COL4A3;NOTCH4;TNXB;WNT9A;ITGA11;DLG2;COL4A4;CHAD;WNT2;AKT3;COL6A6;THBS2;ITGA4;AXIN2;WNT10A;THBS4;IFNAR2;WNT5B;NOTCH1;CREB5;ITGA7;LAMC3;TNF;ITGB7;COL6A5;CCND2;WNT2B;LAMA4;HEYL;PTGER4;WNT11;PPP2R2B;MAML2;ITGA10;TNC;TNR;ITGA1;PDGFRB;MFNG;PARD6G;WNT6;WNT7B;VWF;ATP6V0C;WNT9B;FZD8;COL6A3;WNT5A;HES5;IFNA7;TCF7L1;ITGA2;FZD1;PIK3CD;IRF9;FAS;COL4A2;COL9A2;ITGB6;FZD7;PTGS2;JAG1;THBS1;THBS3;LAMB1;COL4A1;COL1A1;PIK3R1;FZD4;MAGI1;EGFR;WNT3A;COL1A2;ATP6V0D2;COL6A1;COL6A2;FOXO1;LFNG;WNT7A;MX2;PRKCZ;APC;FN1;CCND1;MAML3;ATM;NOTCH2;TLR3;ITGA3;LAMB2;TSC2;VEGFA;TSC1;HES1;FASLG;HEY1;PIK3R2;NOTCH3;CCNA1;CHD4;RELN;COL4A5;ITGA2B;LAMA3;IBSP;CREBBP;ITGA5;ITGB5;IKBKB;TCF7;HES2;PPP2R5B;PPP2R3A;WNT1;ATP6V1G2;IKBKE;HLA-F;HLA-G;TYK2;IFNA5;LAMA1;ITGB4
gsea,Hippo signaling pathway,0.5882249710436838,2.4191855573176997,1.000000e-03,2.351314e-03,8.000000e-03,61/163,16.75%,FAT4;BMP4;SMAD7;NKD1;TGFB2;DCHS1;LEF1;FZD2;WNT9A;DLG2;NKD2;FGF1;GDF5;WNT2;GLI2;WTIP;BMP2;TGFB3;AXIN2;WNT10A;SNAI2;WNT5B;GDF7;BMP8A;CCND2;WNT2B;DLG4;WNT11;PPP2R2B;FRMD6;AMOT;BMP5;PARD6G;WNT6;RASSF2;WNT7B;GDF6;WNT9B;FZD8;WNT5A;RASSF4;TCF7L1;FZD1;AJUBA;ITGB2;FZD7;CRB2;FZD4;WNT3A;BMP8B;TGFBR2;TGFB1;WNT7A;BMP6;BBC3;PRKCZ;APC;LATS2;CCND1;CCN2;LIMD1
gsea,Notch signaling pathway,0.632936261435667,2.4102768029508526,1.000000e-03,2.298117e-03,9.000000e-03,29/58,20.63%,HEY2;NOTCH4;PTCRA;NOTCH1;DLL4;HEYL;MAML2;TLE4;MFNG;DLL1;HES5;ATXN1;JAG2;PSEN2;DTX4;JAG1;DTX1;TLE2;KAT2B;LFNG;MAML3;NOTCH2;HES1;HEY1;TLE3;NCOR2;NOTCH3;ATXN1L;CREBBP
gsea,PI3K-Akt signaling pathway,0.5508419467680651,2.390747587059761,1.000000e-03,2.726734e-03,1.100000e-02,157/353,21.53%,TNN;ITGA8;COMP;LAMA2;ITGB3;ITGA9;PIK3R6;GNG7;COL4A3;FLT4;HGF;TNXB;ITGA11;COL4A4;GNG8;FGF1;CHAD;ANGPT4;FGF10;FGF18;BCL2;GHR;AKT3;PDGFRA;PDGFD;COL6A6;PIK3R5;NTRK1;TEK;PIK3CG;THBS2;FLT3;ITGA4;PGF;THBS4;IFNAR2;FGF7;NTF3;FGFR2;GNG2;CREB5;NGFR;ITGA7;LAMC3;ITGB7;COL6A5;FLT3LG;CCND2;LAMA4;ANGPT1;PDGFA;TLR2;FGFR3;TLR4;NOS3;FGF9;PPP2R2B;FGFR1;OSM;ITGA10;TNC;TNR;LPAR4;GNGT2;ITGA1;IGF1;KDR;IL7R;IRS1;PDGFRB;IL2;VWF;FLT1;CD19;COL6A3;IFNA7;CSF1;IL3RA;ITGA2;PRKCA;CSF1R;PIK3CD;GNB3;COL4A2;CSF3R;COL9A2;ITGB6;ERBB4;FGF2;FGF16;IL2RB;PDGFC;ANGPT2;MAGI2;LPAR3;IL4;JAK2;THBS1;THBS3;PDGFB;VEGFC;VEGFD;LAMB1;IL2RA;IGF2;JAK3;COL4A1;PHLPP2;COL1A1;PIK3R1;GNG11;MAGI1;EGFR;NTRK2;IL2RG;COL1A2;COL6A1;NGF;COL6A2;PIK3AP1;FGF22;IL6;STK11;TGFA;LPAR5;FN1;CCND1;NTF4;F2R;LPAR6;RXRA;ITGA3;EPOR;PDPK1;LAMB2;TSC2;VEGFA;KITLG;TSC1;FASLG;TCL1A;NR4A1;PIK3R2;CSF3;RELN;EPHA2;FGF20;COL4A5;ITGA2B;LAMA3;IBSP;KIT;IL6R;ITGA5;ITGB5;CHRM1;IKBKB
gsea,Leukocyte transendothelial migration,0.5869170889672248,2.369697293541436,1.000000e-03,2.987552e-03,1.400000e-02,67/112,28.65%,JAM3;JAM2;CLDN9;ITGAM;ITGA4;CXCL12;PRKCB;NCF1;VCAM1;ITGAL;RAPGEF4;MMP9;PLCG2;THY1;CLDN11;RAPGEF3;ITK;ESAM;CDH5;CLDN16;PRKCA;PIK3CD;MAPK11;CLDN2;VAV1;ICAM1;NCF4;ITGB2;MMP2;RASSF5;CYBB;RHOH;PIK3R1;NCF2;PTK2B;MYL5;CTNND1;CLDN5;PLCG1;PECAM1;CLDN18;MYL9;TXK;CLDN20;PIK3R2;CLDN14;MSN;VCL;CLDN24;RAC2;ROCK1;SIPA1;MYL7;PIK3R3;OCLN;GNAI2;CLDN23;CLDN15;ACTN1;CXCR4;VAV3;AFDN;VAV2;ARHGAP5;CLDN1;CLDN8;BCAR1
gsea,TGF-beta signaling pathway,0.5801551751416273,2.3407219518672604,1.000000e-03,3.630705e-03,1.900000e-02,47/94,23.41%,BMP4;SMAD7;TGFB2;SMAD6;FBN1;ID4;GDF5;LEFTY2;BMP2;TGFB3;INHBA;GDF7;BMP8A;NOG;RGMA;TNF;BMP5;GDF6;DCN;CDKN2B;GREM2;NODAL;THSD4;RGMB;FMOD;THBS1;SMURF2;LTBP1;SMAD9;INHBB;BMP8B;BAMBI;TGFBR2;TGFB1;BMP6;GREM1;NBL1;SMAD4;BMPR2;ID3;CHRD;SMAD2;CREBBP;BMP7;ID2;FST;ROCK1
gsea,Basal cell carcinoma,0.7114860394283818,2.3344816454222483,1.000000e-03,3.417134e-03,1.900000e-02,32/63,16.05%,BMP4;LEF1;GLI3;FZD2;WNT9A;WNT2;GLI2;BMP2;AXIN2;WNT10A;WNT5B;PTCH2;WNT2B;HHIP;GLI1;SHH;WNT11;PTCH1;WNT6;KIF7;WNT7B;WNT9B;FZD8;WNT5A;TCF7L1;FZD1;FZD7;FZD4;WNT3A;WNT7A;SUFU;APC
gsea,Thyroid hormone signaling pathway,0.541059993229491,2.31353703854246,1.000000e-03,4.333794e-03,2.700000e-02,43/121,20.63%,BMP4;ITGB3;ATP1B2;PLN;NOTCH4;ATP1A2;RCAN2;AKT3;NOTCH1;PRKCB;SLC16A2;PLCB2;PLCG2;DIO3;ESR1;SLCO1C1;DIO2;PRKCA;PIK3CD;ATP1A4;PLCE1;PLCD1;SLC16A10;PIK3R1;RXRG;MED17;KAT2B;PLCB4;FOXO1;THRA;PLCG1;CCND1;NOTCH2;RXRA;TBC1D4;PDPK1;PLCD4;TSC2;RCAN1;PIK3R2;NOTCH3;MED13L;CREBBP
gsea,Phospholipase D signaling pathway,0.5919294715202656,2.3094527982469604,1.000000e-03,4.280411e-03,2.800000e-02,71/147,19.92%,SHC3;PIK3R6;ADCY4;MS4A2;FCER1A;DNM3;AKT3;PDGFRA;PDGFD;PIK3R5;PIK3CG;CYTH4;PDGFA;PLCB2;PLA2G4C;RALGDS;GRM8;RAPGEF4;ADCY7;LPAR4;PLCG2;AGPAT4;RAPGEF3;ADCY5;PDGFRB;JMJD7-PLA2G4B;AVPR2;PTGFR;CYTH3;ADCY9;AGT;ADCY1;CXCR2;SHC2;MRAS;PRKCA;FYN;PIK3CD;GRM6;PDGFC;ADCY2;LPAR3;GRM2;PDGFB;GAB1;DGKH;PLA2G4F;PIK3R1;EGFR;AGTR1;DNM1;PLCB4;DGKI;CXCR1;PTK2B;SHC4;PLCG1;LPAR5;F2R;LPAR6;PLPP1;SPHK1;AVPR1B;PLA2G4B;TSC2;PLPP3;KITLG;TSC1;DGKD;PIK3R2;PIP5K1C
gsea,Vascular smooth muscle contraction,0.6308031105387889,2.290560892998927,1.000000e-03,4.813278e-03,3.000000e-02,68/133,20.53%,CACNA1C;PLA2G5;PRKG1;MYH11;KCNMB1;PTGIR;IRAG1;ADCY4;GUCY1A2;ACTG2;GUCY1A1;MYLK;NPR1;EDNRA;PRKCB;NPR2;PLCB2;PPP1R12B;PLA2G4C;PLA2G1B;ADCY7;ITPR2;CALCRL;ADCY5;JMJD7-PLA2G4B;GUCY1B1;ADCY9;AGT;ADCY1;ITPR1;ADRA1B;RAMP3;ADRA1A;PRKCA;EDN2;ADORA2A;PPP1R14A;ADRA1D;ACTA2;ADCY2;MYLK4;PLA2G12B;MYH10;PLA2G4F;PRKCE;PLA2G6;AGTR1;CALD1;RAMP2;NPPA;PRKCQ;EDN1;PLCB4;CACNA1D;KCNMA1;PLA2G2A;MYL9;PRKCH;PLA2G2D;AVPR1B;PLA2G4B;BRAF;ITPR3;ARHGEF12;EDN3;PLA2G3;PPP1R12C;ADCY6
gsea,cGMP-PKG signaling pathway,0.6013247793817595,2.284139492244401,1.000000e-03,4.979253e-03,3.200000e-02,63/167,14.99%,CACNA1C;PRKG1;KCNMB1;IRAG1;PIK3R6;ADCY4;GUCY1A2;ATP1B2;NFATC1;GUCY1A1;PLN;ATP1A2;TRPC6;MEF2C;MYLK;NPR1;PDE2A;SLC8A1;AKT3;PIK3R5;PIK3CG;ADRB2;EDNRA;EDNRB;NFATC2;ADRB3;CREB5;NPR2;PDE5A;PLCB2;MEF2B;NOS3;SLC8A3;ADRA2A;ADORA3;ADCY7;ITPR2;ADORA1;IRS1;ADCY5;GUCY1B1;ADCY9;ADCY1;PDE3A;ITPR1;ADRA1B;ADRA1A;ADRB1;ATP1A4;BORCS8-MEF2B;ADRA1D;ADCY2;MYLK4;KCNJ8;PRKCE;AGTR1;NPPA;BDKRB2;PLCB4;PDE3B;ADRA2C;CACNA1D;KCNMA1
gsea,Axon guidance,0.5916839820252426,2.2794181465493866,1.000000e-03,5.054696e-03,3.400000e-02,99/182,24.56%,UNC5C;SEMA5A;BOC;SLIT3;EPHA4;EPHA3;LRRC4C;SLIT2;SEMA3G;TRPC6;PLXNA4;PLXNA2;CAMK2A;ROBO2;UNC5B;EPHB6;SEMA6D;ILK;WNT5B;GDF7;PLXNC1;NFATC2;CXCL12;RGMA;ABLIM3;SEMA3D;SEMA6B;SHH;SEMA7A;UNC5A;SEMA5B;ROBO3;SEMA6C;PLCG2;PLXNB3;PTCH1;PARD6G;DCC;EFNB2;SEMA3B;TRPC4;WNT5A;SEMA6A;LRRC4;DPYSL2;EFNB3;NTNG2;EPHB2;PRKCA;FYN;NTN1;PIK3CD;SEMA3C;SRGAP3;TRPC1;ABLIM2;SRGAP2;RGS3;ROBO1;PIK3R1;SLIT1;SSH1;MYL5;NRP1;PRKCZ;EPHB3;PLCG1;NFATC4;MYL9;PAK3;LRIG2;L1CAM;EFNB1;PDPK1;RND1;PLXNB1;NTN3;PLXNA3;SEMA4D;BMPR2;ARHGEF12;PIK3R2;NTNG1;FES;EPHA2;SEMA4C;PLXNA1;NFATC3;BMP7;RASA1;RAC2;NTN4;PPP3CC;SSH2;ROCK1;SEMA4A;EPHA5;PIK3R3;SEMA3F
gsea,Hepatocellular carcinoma,0.49811956023693305,2.275253539977265,1.000000e-03,5.051416e-03,3.500000e-02,48/167,16.31%,GSTM5;SHC3;TGFB2;LEF1;FZD2;HGF;WNT9A;WNT2;AKT3;TGFB3;AXIN2;WNT10A;WNT5B;PRKCB;WNT2B;WNT11;PLCG2;WNT6;WNT7B;WNT9B;GSTT2B;FZD8;GSTM2;WNT5A;TCF7L1;SHC2;FZD1;PRKCA;PIK3CD;SMARCE1;FZD7;GAB1;SMARCA2;IGF2;PIK3R1;FZD4;EGFR;WNT3A;TGFBR2;SMARCA4;TGFB1;WNT7A;DPF3;SHC4;PLCG1;TGFA;APC;CCND1
gsea,Gastric cancer,0.5328725285658952,2.2723512570209983,1.000000e-03,4.979253e-03,3.500000e-02,56/149,20.22%,SHC3;TGFB2;LEF1;FZD2;HGF;WNT9A;FGF1;FGF10;WNT2;FGF18;BCL2;AKT3;TGFB3;AXIN2;WNT10A;FGF7;WNT5B;FGFR2;WNT2B;FGF9;SHH;WNT11;ABCB1;WNT6;WNT7B;WNT9B;FZD8;WNT5A;TCF7L1;SHC2;CDKN2B;FZD1;PIK3CD;FGF2;FGF16;FZD7;GAB1;PIK3R1;FZD4;RXRG;EGFR;WNT3A;TGFBR2;TGFB1;WNT7A;FGF22;SHC4;APC;CCND1;RXRA;BRAF;SMAD4;LRP6;PIK3R2;SMAD2;FGF20
gsea,"Parathyroid hormone synthesis, secretion and action",0.5598917459210154,2.2691153584107413,1.000000e-03,4.979253e-03,3.500000e-02,67/105,32.57%,PTH1R;ADCY4;MMP16;MMP24;MEF2C;BCL2;MMP13;CREB5;PRKCB;RUNX2;PLCB2;FGFR1;ADCY7;ITPR2;MMP25;ADCY5;ADCY9;ADCY1;ITPR1;KL;PRKCA;VDR;PDE4C;ADCY2;GATA3;PDE4A;SLC34A2;RXRG;EGFR;HBEGF;PLCB4;MAFB;BGLAP;EGR1;MMP17;AKAP13;RXRA;SOST;BRAF;ITPR3;ARRB1;LRP6;ADCY6;PDE4B;ARHGEF1;GCM1;CYP27B1;MMP14;FOS;MEF2A;GNAI2;ADCY8;GNA11;PRKACA;SLC34A3;GNA12;CREB3L1;MMP15;ARRB2;PLD2;TRPV5;PLCB3;CDKN1A;JUND;PTHLH;MEF2D;CREB1
gsea,Regulation of actin cytoskeleton,0.5022930740814567,2.2674234722687823,1.000000e-03,4.915417e-03,3.600000e-02,90/217,24.85%,ITGA8;MYH11;ITGB3;ITGA9;ITGA11;MYLK;FGF1;FGF10;FGF18;PDGFRA;PDGFD;ITGAM;ITGA4;FGF7;FGD3;FGFR2;CXCL12;ITGA7;ITGB7;PDGFA;ITGAL;NCKAP1L;PPP1R12B;FGFR3;ARHGEF6;FGF9;FGFR1;ITGA10;LPAR4;ITGA1;PDGFRB;TIAM1;ITGAX;ITGA2;MRAS;PIK3CD;CYFIP2;ITGB6;FGF2;FGF16;PDGFC;VAV1;ITGB2;BAIAP2;MYLK4;PDGFB;MYH10;PIK3R1;EGFR;BDKRB2;SSH1;FGF22;MYL5;APC;LPAR5;FN1;SCIN;MYL9;IQGAP2;F2R;ITGA3;PAK3;DIAPH2;SPATA13;DOCK1;BRAF;ARHGEF12;PIK3R2;PIP5K1C;FGF20;PPP1R12C;ITGA2B;ITGA5;ITGB5;CHRM1;MSN;GSN;ARHGEF1;VCL;CHRM4;CHRM2;ITGAD;RAC2;SSH2;ROCK1;MYLK2;ITGB4;MYL7;PIK3R3;MYH9
gsea,VEGF signaling pathway,0.5761120221817262,2.254590297412206,1.000000e-03,5.225142e-03,3.800000e-02,25/59,24.56%,AKT3;NFATC2;PRKCB;PLA2G4C;NOS3;PLCG2;KDR;JMJD7-PLA2G4B;SHC2;PRKCA;PIK3CD;MAPK11;PTGS2;PLA2G4F;PIK3R1;PLCG1;SPHK1;PLA2G4B;VEGFA;PIK3R2;PLA2G4D;RAC2;PPP3CC;MAPKAPK3;PIK3R3
gsea,Melanoma,0.5554641926422403,2.248732581789656,1.000000e-03,5.572021e-03,4.000000e-02,21/72,12.80%,HGF;FGF1;FGF10;FGF18;AKT3;PDGFRA;PDGFD;FGF7;PDGFA;FGF9;FGFR1;IGF1;PDGFRB;MITF;PIK3CD;FGF2;FGF16;PDGFC;PDGFB;PIK3R1;EGFR
gsea,Fc epsilon RI signaling pathway,0.6092679440834439,2.246264823526072,1.000000e-03,5.666047e-03,4.000000e-02,24/67,12.41%,MS4A2;FCER1A;AKT3;CSF2;BTK;TNF;PLA2G4C;LAT;PLCG2;JMJD7-PLA2G4B;INPP5D;MAPK10;PRKCA;FYN;PIK3CD;MAPK11;IL13;ALOX5;LCP2;VAV1;ALOX5AP;IL4;PLA2G4F;PIK3R1
gsea,Melanogenesis,0.5923807266523128,2.240272244452434,1.000000e-03,5.698479e-03,4.000000e-02,35/101,14.23%,ADCY4;LEF1;FZD2;WNT9A;WNT2;CAMK2A;WNT10A;EDNRB;WNT5B;PRKCB;WNT2B;PLCB2;GNAO1;WNT11;ADCY7;ADCY5;WNT6;ADCY9;MITF;ADCY1;WNT7B;WNT9B;FZD8;WNT5A;TCF7L1;FZD1;PRKCA;ADCY2;TYRP1;FZD7;FZD4;WNT3A;EDN1;PLCB4;WNT7A
gsea,Choline metabolism in cancer,0.5127964767407098,2.2327430201982583,1.000000e-03,5.782358e-03,4.000000e-02,37/98,19.92%,AKT3;PDGFRA;PDGFD;PRKCB;PDGFA;PLA2G4C;RALGDS;SLC22A3;PDGFRB;JMJD7-PLA2G4B;MAPK10;PCYT1B;PRKCA;PIK3CD;WAS;SLC22A4;PDGFC;CHKB;PDGFB;DGKH;PLA2G4F;PIK3R1;EGFR;WASF3;DGKI;PLCG1;PLPP1;SLC44A4;PLA2G4B;PDPK1;TSC2;JUN;PLPP3;TSC1;DGKD;PIK3R2;PIP5K1C
gsea,Acute myeloid leukemia,0.5691154738822878,2.2287219194937014,1.000000e-03,5.912863e-03,4.400000e-02,33/67,25.10%,LEF1;RUNX1T1;AKT3;CSF2;FLT3;ITGAM;CEBPA;ZBTB16;TCF7L1;CSF1R;FCGR1A;PIK3CD;SPI1;PIK3R1;RARA;RUNX1;STAT5A;CEBPE;CCND1;PIM2;BRAF;DUSP6;PIK3R2;CCNA1;KIT;IKBKB;TCF7;PML;IL3;BCL2A1;PIK3R3;PPARD;CD14
gsea,Th17 cell differentiation,0.6454283491886844,2.224675057869888,1.972387e-03,5.985163e-03,4.500000e-02,61/105,21.93%,IL21R;NFATC1;IRF4;IL12RB1;RORA;NFATC2;FOXP3;ZAP70;HLA-DOB;LAT;CD3G;IL2;MAPK10;TBX21;IL1RAP;HLA-DOA;CD247;HLA-DQA1;HLA-DQB1;IL1B;MAPK11;HLA-DQA2;IL2RB;IL27RA;IL4;GATA3;JAK2;HLA-DMB;CD4;IL17D;IL2RA;JAK3;IL1R1;RARA;RUNX1;RXRG;HLA-DPB1;IL2RG;PRKCQ;STAT5A;TGFBR2;TGFB1;CD3E;IL6;HLA-DPA1;PLCG1;HLA-DRB5;RXRA;HLA-DMA;JUN;CD3D;SMAD4;IL6ST;IL17A;SMAD2;LCK;HLA-DRB1;IL6R;NFATC3;IKBKB;AHR
gsea,Toxoplasmosis,0.6031069913151638,2.2219844248736136,2.012072e-03,5.809129e-03,4.500000e-02,45/110,18.12%,LAMA2;TGFB2;CIITA;PIK3R6;BCL2;AKT3;PIK3R5;CD40LG;TGFB3;PIK3CG;LAMC3;TNF;LAMA4;BIRC7;TLR2;GNAO1;TLR4;HLA-DOB;IL10RA;CCR5;MAPK10;HLA-DOA;IL10RB;HLA-DQA1;HLA-DQB1;MAPK11;NOS2;ALOX5;HLA-DQA2;JAK2;HLA-DMB;IRGM;IL12B;LAMB1;HLA-DPB1;SOCS1;TGFB1;HLA-DPA1;HLA-DRB5;CD40;HLA-DMA;PDPK1;LAMB2;IL12A;TRAF6
gsea,Bacterial invasion of epithelial cells,0.5109965696481266,2.2200902219359375,1.000000e-03,5.737996e-03,4.500000e-02,28/77,26.18%,SHC3;DNM3;ILK;CAV3;ARHGEF26;SEPTIN1;SHC2;PIK3CD;ELMO1;GAB1;HCLS1;PIK3R1;CBL;DNM1;SHC4;FN1;CAV1;DOCK1;ARHGAP10;SEPTIN11;PIK3R2;CAV2;ITGA5;VCL;SEPTIN6;PIK3R3;SEPTIN8;ELMO2
gsea,Fluid shear stress and atherosclerosis,0.4762109274022746,2.21999657553479,1.000000e-03,5.578608e-03,4.500000e-02,67/137,31.14%,GSTM5;BMP4;ITGB3;MEF2C;BCL2;AKT3;NCF1;VCAM1;TNF;CAV3;PDGFA;NOS3;MMP9;PLAT;KDR;MAPK10;GSTT2B;IL1B;GSTM2;CDH5;THBD;PIK3CD;MAPK11;SELE;KLF2;ICAM1;MMP2;PDGFB;IL1R1;PIK3R1;SDC2;EDN1;NCF2;PRKCZ;PECAM1;GPC1;CAV1;JUN;VEGFA;BMPR2;PIK3R2;ARHGEF2;CAV2;ITGA2B;GSTA5;CCL2;IKBKB;GSTT2;RAC2;PIK3R3;FOS;MEF2A;TRPV4;ACVR2B;MAP2K7;ITGAV;ACVR2A;IKBKG;SDC1;MAPK7;ACVR1;CTNNB1;NPPC;HMOX1;MAP3K5;NFKB1;AKT1
gsea,Platelet activation,0.616727900576086,2.2162044168822925,1.000000e-03,5.607267e-03,4.500000e-02,54/123,15.74%,PRKG1;PTGIR;P2RX1;ITGB3;RASGRP2;PIK3R6;TBXA2R;ADCY4;GUCY1A2;P2RY12;GUCY1A1;RASGRP1;MYLK;AKT3;PIK3R5;TLN2;BTK;PIK3CG;PTGS1;PLCB2;PLA2G4C;NOS3;GP5;ADCY7;ITPR2;PLCG2;ADCY5;JMJD7-PLA2G4B;GUCY1B1;ADCY9;ADCY1;VWF;GP1BA;ITPR1;ITGA2;FYN;PIK3CD;MAPK11;LCP2;ADCY2;FCGR2A;FERMT3;MYLK4;APBB1IP;PLA2G4F;COL1A1;PIK3R1;COL1A2;P2RY1;PLCB4;TBXAS1;F2RL3;PRKCZ;COL3A1
gsea,Calcium signaling pathway,0.612743777996283,2.2143786000950807,1.000000e-03,5.503385e-03,4.500000e-02,110/239,14.78%,CACNA1C;NTRK3;PDE1B;P2RX1;CASQ2;TBXA2R;ADCY4;PLN;FLT4;HGF;CAMK1G;CACNA1H;MYLK;FGF1;FGF10;SLC8A1;FGF18;CAMK2A;PDGFRA;PDGFD;CYSLTR1;NTRK1;CAMK1D;ADRB2;CASQ1;DRD5;CYSLTR2;EDNRA;EDNRB;FGF7;PTGER3;FGFR2;P2RX7;ADRB3;PRKCB;CAMK1;HTR2A;PTGER1;CACNA1G;PDGFA;PLCB2;FGFR3;NOS3;FGF9;HTR7;P2RX2;FGFR1;SLC8A3;ADCY7;ITPR2;PLCG2;KDR;RYR2;PDGFRB;CAMK4;HTR6;PTGFR;ADCY9;ADCY1;HTR4;FLT1;TNNC1;HRH2;ITPR1;ADRA1B;PDE1A;GDNF;ADRA1A;PRKCA;ADRB1;NOS2;ADORA2A;ERBB4;FGF2;FGF16;PLCE1;HRC;OXTR;PDGFC;ADRA1D;ADCY2;PLCD1;RYR1;MYLK4;TNNC2;DRD1;PDGFB;VEGFC;GNA14;VEGFD;MCOLN2;HRH1;MST1;PTAFR;GRIN2A;EGFR;NTRK2;AGTR1;ITPKB;P2RX3;NGF;BDKRB2;PLCB4;PHKG1;ITPKA;ORAI2;LTB4R2;FGF22;CACNA1D;PTK2B
gsea,Glioma,0.5334791158895447,2.212034842768494,1.000000e-03,5.489946e-03,4.500000e-02,23/75,16.31%,SHC3;CAMK1G;CAMK2A;AKT3;PDGFRA;CAMK1D;PRKCB;CAMK1;PDGFA;PLCG2;IGF1;PDGFRB;CAMK4;SHC2;PRKCA;PIK3CD;PDGFB;PIK3R1;EGFR;SHC4;PLCG1;TGFA;CCND1
gsea,C-type lectin receptor signaling pathway,0.591187823765601,2.207438294999279,1.000000e-03,5.726141e-03,4.700000e-02,49/104,23.42%,NLRP3;NFATC1;CARD9;CCL22;AKT3;EGR2;CCL17;NFATC2;EGR3;TNF;CD209;ITPR2;PLCG2;IL2;MAPK10;LSP1;CLEC7A;CLEC4M;ITPR1;IL1B;MRAS;CLEC1B;PIK3CD;IRF9;MAPK11;KSR1;PTGS2;MALT1;IL12B;IL17D;MAP3K14;PLK3;PIK3R1;CASP1;CYLD;IL6;NFATC4;CLEC4D;JUN;IL12A;ITPR3;ARHGEF12;PIK3R2;NFATC3;IKBKB;IL10;IKBKE;PPP3CC;SYK
gsea,Fc gamma R-mediated phagocytosis,0.523107337328713,2.1927233352946915,4.008016e-03,6.477077e-03,5.200000e-02,44/96,27.77%,AKT3;PRKCB;NCF1;PLA2G4C;FCGR2B;LAT;PLCG2;JMJD7-PLA2G4B;INPP5D;PTPRC;PRKCA;FCGR1A;PIK3CD;WAS;HCK;VAV1;FCGR2A;PLA2G4F;PRKCE;PIK3R1;PLA2G6;WASF3;PLCG1;SCIN;PLPP1;SPHK1;PLA2G4B;ASAP3;PLPP3;DOCK1;PIK3R2;PIP5K1C;GSN;FCGR3A;PLA2G4D;RAC2;AMPH;SYK;FCGR3B;PIK3R3;LIMK1;VAV3;MYO10;VAV2
gsea,Cell adhesion molecules,0.6722614017549403,2.190539124580953,1.000000e-03,6.362379e-03,5.200000e-02,85/145,17.61%,ITGA8;LRRC4C;ITGA9;JAM3;JAM2;SPN;NRXN2;CLDN9;NEGR1;CADM1;CD22;SELP;CD40LG;ICAM3;CD80;ITGAM;ITGA4;CNTNAP1;CD28;NECTIN3;NCAM2;VCAM1;ITGB7;CADM3;SIGLEC1;CDH15;CD34;ITGAL;LRRC4B;NRXN3;HLA-DOB;CLDN11;CD6;CD226;HLA-DOA;VCAN;ESAM;CD274;HLA-DQA1;HLA-DQB1;ICOS;CDH5;MAG;CLDN16;LRRC4;PTPRC;TIGIT;PDCD1LG2;CDH4;NTNG2;NFASC;CTLA4;HLA-DQA2;SELE;CLDN2;ICAM1;SELPLG;NRCAM;PTPRM;ITGB2;NLGN3;CD86;NLGN2;HLA-DMB;ICAM2;CD4;PDCD1;SDC2;HLA-DPB1;CDH2;NLGN4X;SELL;VSIR;HLA-DPA1;CLDN5;HLA-DRB5;PECAM1;CLDN18;CD40;NECTIN1;CD2;CDH3;CLDN20;L1CAM;HLA-DMA
gsea,ECM-receptor interaction,0.660656328160621,2.184878683330478,1.000000e-03,6.561806e-03,5.500000e-02,46/87,13.97%,TNN;ITGA8;COMP;LAMA2;ITGB3;ITGA9;COL4A3;TNXB;ITGA11;COL4A4;CHAD;COL6A6;THBS2;ITGA4;THBS4;ITGA7;LAMC3;ITGB7;COL6A5;LAMA4;FREM1;GP5;ITGA10;HSPG2;TNC;TNR;ITGA1;VWF;GP1BA;COL6A3;ITGA2;COL4A2;COL9A2;ITGB6;THBS1;FREM2;THBS3;LAMB1;COL4A1;COL1A1;COL1A2;NPNT;CD36;COL6A1;COL6A2;FRAS1
gsea,Apelin signaling pathway,0.5444764651914509,2.1822104664340296,1.000000e-03,6.563561e-03,5.500000e-02,56/137,19.86%,PIK3R6;ADCY4;APLNR;GNG7;MEF2C;MYLK;GNG8;SLC8A1;AKT3;PIK3R5;PIK3CG;MYL4;MYL3;GNG2;PLCB2;MEF2B;NOS3;SLC8A3;ADCY7;PLAT;GNGT2;ITPR2;ADCY5;RYR2;CAMK4;APLN;ADCY9;ADCY1;ITPR1;MRAS;GNB3;NOS2;BORCS8-MEF2B;KLF2;ACTA2;ADCY2;RYR1;JAG1;MYLK4;PRKCE;GNG11;AGTR1;PLCB4;PDE3B;PIK3C3;EGR1;RYR3;CCND1;CCN2;SPHK1;ITPR3;PRKAG3;SMAD4;HDAC5;NOTCH3;SMAD2
gsea,Hedgehog signaling pathway,0.6725484375274804,2.1743013105836626,1.000000e-03,6.897188e-03,6.000000e-02,25/56,18.12%,BOC;DHH;GLI3;SCUBE2;GAS1;BCL2;GLI2;PTCH2;EVC;CCND2;HHIP;GPR161;GLI1;SHH;PTCH1;KIF7;CDON;EVC2;HHATL;SMURF2;GRK3;SUFU;CCND1;MEGF8;MGRN1
gsea,Oxytocin signaling pathway,0.5655695386660518,2.169642263578191,1.000000e-03,6.891575e-03,6.100000e-02,68/154,20.53%,CACNA1C;PIK3R6;ADCY4;GUCY1A2;NFATC1;GUCY1A1;CAMK1G;CACNB1;MEF2C;MYLK;NPR1;CAMK2A;PIK3R5;CACNA2D2;CAMK1D;PIK3CG;KCNJ5;NFATC2;PRKCB;CAMK1;NPR2;CACNA2D4;PLCB2;GNAO1;PPP1R12B;PLA2G4C;NOS3;ADCY7;ITPR2;ADCY5;RYR2;JMJD7-PLA2G4B;CAMK4;GUCY1B1;ADCY9;ADCY1;KCNJ12;ITPR1;CACNA2D1;KCNJ2;PRKCA;OXTR;ADCY2;CACNA2D3;PTGS2;RYR1;MYLK4;PLA2G4F;EGFR;OXT;CACNG6;NPPA;PLCB4;CACNA1D;NFATC4;CACNB3;RYR3;CCND1;MYL9;PLA2G4B;JUN;ITPR3;PRKAG3;RCAN1;TRPM2;CACNG4;PPP1R12C;ADCY6
gsea,Protein digestion and absorption,0.6251536106057165,2.1672139466346874,1.000000e-03,6.850887e-03,6.200000e-02,52/103,15.74%,COL13A1;COL14A1;COL8A2;COL5A3;ATP1B2;COL4A3;COL16A1;COL10A1;COL23A1;COL24A1;ATP1A2;COL4A4;ELN;DPP4;COL12A1;SLC8A1;COL6A6;COL27A1;COL21A1;COL15A1;CPA3;COL8A1;XPNPEP2;COL6A5;KCNN4;KCNK5;SLC8A3;KCNQ1;COL18A1;COL5A1;COL11A1;SLC1A1;COL6A3;COL4A2;COL17A1;ATP1A4;COL9A2;COL5A2;COL28A1;COL4A1;COL1A1;COL11A2;COL19A1;COL7A1;SLC16A10;COL1A2;COL6A1;COL6A2;CPB2;SLC36A1;SLC7A8;COL3A1
gsea,Dilated cardiomyopathy,0.6661267011192507,2.1618959124465733,1.000000e-03,6.984786e-03,6.500000e-02,42/95,9.96%,SGCD;CACNA1C;ITGA8;LAMA2;ITGB3;TGFB2;ITGA9;ADCY4;SGCA;PLN;ITGA11;CACNB1;SLC8A1;CACNA2D2;SGCG;TGFB3;DES;ITGA4;MYL3;ITGA7;TNF;ITGB7;CACNA2D4;SLC8A3;ITGA10;ADCY7;ITGA1;IGF1;ADCY5;RYR2;ACTC1;ADCY9;AGT;ADCY1;TNNC1;CACNA2D1;DMD;ITGA2;ADRB1;ITGB6;ADCY2;CACNA2D3
gsea,TNF signaling pathway,0.5464859290389893,2.1560364355588932,4.040404e-03,7.248709e-03,6.700000e-02,72/112,34.12%,CX3CL1;AKT3;CSF2;CXCL1;LTA;CREB5;VCAM1;TNF;MMP9;MAPK10;IL1B;TRAF1;CXCL3;CSF1;PIK3CD;FAS;MAPK11;NOD2;SELE;LIF;ICAM1;PTGS2;JAG1;DAB2IP;IL18R1;CXCL2;VEGFC;VEGFD;MAP3K14;PIK3R1;EDN1;IL6;RIPK3;JUN;CXCL6;TRAF5;RPS6KA5;PIK3R2;TNFRSF1B;CASP10;CCL2;IKBKB;MMP3;CFLAR;CCL20;PIK3R3;MMP14;JUNB;FOS;IL15;TNFAIP3;MAP2K7;TRAF3;SOCS3;IKBKG;CREB3L1;RPS6KA4;MLKL;MAP3K5;NFKB1;AKT1;CXCL5;MAP3K8;TAB1;NFKBIA;CREB1;TRADD;BCL3;IRF1;CCL5;TAB3;CREB3L2
gsea,Prolactin signaling pathway,0.49706858214591726,2.15511048526541,2.032520e-03,7.170124e-03,6.700000e-02,29/70,27.92%,SHC3;AKT3;CCND2;CISH;ESR1;MAPK10;SOCS2;SHC2;PIK3CD;MAPK11;JAK2;PIK3R1;LHB;STAT5A;SOCS1;ESR2;SHC4;CCND1;TNFRSF11A;PIK3R2;LHCGR;FOXO3;GCK;CYP17A1;PIK3R3;FOS;SOCS5;SOCS7;SOCS3
gsea,Tuberculosis,0.5294706984694761,2.1550320741210025,4.048583e-03,7.029534e-03,6.700000e-02,75/177,24.34%,TGFB2;CIITA;CARD9;FCGR2C;BCL2;CAMK2A;AKT3;TGFB3;ITGAM;MRC1;TNF;CD209;CR1;TLR2;TLR4;FCGR2B;HLA-DOB;IL10RA;MAPK10;HLA-DOA;LSP1;IL10RB;CLEC7A;CLEC4M;MRC2;ATP6V0C;HLA-DQA1;HLA-DQB1;IL1B;IFNA7;ITGAX;FCGR1A;MAPK11;VDR;NOS2;HLA-DQA2;NOD2;KSR1;ITGB2;FCGR2A;JAK2;MALT1;HLA-DMB;IL12B;PLK3;HLA-DPB1;ATP6V0D2;TGFB1;CORO1A;PIK3C3;IL6;HLA-DPA1;CAMP;HLA-DRB5;SPHK1;HLA-DMA;TLR1;IL12A;TRAF6;PLA2R1;C3;ARHGEF12;RFXAP;CASP10;HLA-DRB1;CREBBP;FCGR3A;IL10;PPP3CC;SYK;EEA1;IFNA5;CYP27B1;FCGR3B;CD74
gsea,Kaposi sarcoma-associated herpesvirus infection,0.4622413764892963,2.1520154328049794,4.040404e-03,7.022024e-03,6.900000e-02,69/193,23.63%,PIK3R6;LEF1;GNG7;NFATC1;GNG8;AKT3;CSF2;CXCL1;PIK3R5;PIK3CG;IFNAR2;CCR4;NFATC2;GNG2;CCR8;CD200R1;GNGT2;ITPR2;PLCG2;CCR5;MAPK10;ITPR1;IFNA7;TCF7L1;CXCL3;PIK3CD;IRF9;FAS;GNB3;MAPK11;HCK;FGF2;ANGPT2;PREX1;ICAM1;PTGS2;JAK2;CD86;CXCL2;PDGFB;PIK3R1;GNG11;CLEC2B;CCR1;PIK3C3;IL6;PLCG1;NFATC4;CCND1;TLR3;JUN;VEGFA;ITPR3;C3;RCAN1;IL6ST;PIK3R2;CREBBP;NFATC3;IKBKB;IRF7;TCF7;IKBKE;HLA-F;PPP3CC;HLA-G;SYK;TYK2;IFNA5
gsea,Amoebiasis,0.6044581530482931,2.144271566829886,1.000000e-03,7.359273e-03,7.300000e-02,45/101,16.06%,LAMA2;CD1E;TGFB2;CD1A;CD1C;COL4A3;CTSG;COL4A4;RAB7B;CD1B;CSF2;CD1D;CXCL1;TGFB3;ITGAM;PRKCB;LAMC3;TNF;LAMA4;TLR2;PLCB2;TLR4;ADCY1;IL1B;C8B;CXCL3;PRKCA;PIK3CD;COL4A2;NOS2;ITGB2;CXCL2;GNA14;IL12B;LAMB1;COL4A1;IL1R1;COL1A1;PIK3R1;COL1A2;PLCB4;TGFB1;IL6;COL3A1;FN1
gsea,Adrenergic signaling in cardiomyocytes,0.5749631565135078,2.1413016542959014,1.000000e-03,7.468880e-03,7.300000e-02,47/149,9.96%,CACNA1C;SCN4B;PIK3R6;ADCY4;ATP1B2;SCN7A;PLN;ATP1A2;CACNB1;SLC8A1;BCL2;CAMK2A;AKT3;PIK3R5;CACNA2D2;PIK3CG;ADRB2;MYL4;MYL3;CREB5;CACNA2D4;PLCB2;PPP2R2B;SCN1B;SLC8A3;KCNQ1;RAPGEF4;ADCY7;RAPGEF3;ADCY5;RYR2;ACTC1;ADCY9;KCNE1;AGT;ADCY1;TNNC1;ADRA1B;CACNA2D1;ADRA1A;PRKCA;ADRB1;MAPK11;ATP1A4;ADRA1D;ADCY2;CACNA2D3
gsea,Th1 and Th2 cell differentiation,0.6348399870535445,2.136286669574043,1.000000e-03,7.846096e-03,7.400000e-02,54/90,21.53%,NFATC1;IL12RB1;NFATC2;NOTCH1;DLL4;ZAP70;HLA-DOB;MAML2;LAT;CD3G;IL2;MAPK10;TBX21;HLA-DOA;RUNX3;CD247;HLA-DQA1;HLA-DQB1;DLL1;MAF;MAPK11;IL13;HLA-DQA2;IL2RB;IL4;JAG2;GATA3;JAG1;JAK2;HLA-DMB;CD4;IL12B;IL2RA;JAK3;HLA-DPB1;IL2RG;PRKCQ;STAT5A;STAT4;CD3E;HLA-DPA1;PLCG1;HLA-DRB5;MAML3;NOTCH2;HLA-DMA;JUN;IL12A;CD3D;NOTCH3;LCK;HLA-DRB1;NFATC3;IKBKB
gsea,Salmonella infection,0.3998167201383419,2.1276077514484224,1.181102e-02,8.269117e-03,7.900000e-02,95/248,32.78%,LEF1;NLRP3;RAB7B;BCL2;AKT3;PIK3CG;DYNC2H1;RHOJ;NLRC4;TNF;CYTH4;TLR2;NCKAP1L;TLR4;NOD1;TLR5;ARHGEF26;NAIP;CYTH3;MAPK10;KLC1;IL1B;TCF7L1;PTPRC;PIK3CD;MAPK11;CYFIP2;ELMO1;AHNAK2;AHNAK;RHOH;WASF3;CASP1;PODXL;FYCO1;RAB9B;FHOD1;MYL5;FLNA;PIK3C3;KIF5A;IL6;MYL9;PLEKHM1;RIPK3;SNX18;PAK3;CASP5;DYNLRB2;JUN;TRAF6;PIK3C2B;TUBA3D;IKBKB;SNX33;TCF7;FLNC;TUBB6;CYTH1;MYL7;TUBA1A;FOS;PLEKHM2;CD14;TUBB1;ELMO2;MAP2K7;CXCL8;GCC2;TUBB3;PFN3;IKBKG;RILP;TUBB2B;FLNB;TNFSF10;DYNC1H1;MLKL;CTNNB1;MYL2;MYD88;NFKB1;DYNC1LI2;AKT1;ARPC1B;TUBB2A;TNFRSF10B;RHOG;RRAS;TAB1;NFKBIA;TCF7L2;TRADD;DNM2;EXOC7
gsea,mTOR signaling pathway,0.4438792764529483,2.117609221890698,2.028398e-03,8.939361e-03,8.100000e-02,58/154,29.20%,FZD2;WNT9A;RNF152;WNT2;AKT3;WNT10A;WNT5B;PRKCB;TNF;WNT2B;WNT11;IGF1;STRADA;IRS1;WNT6;WNT7B;WNT9B;FZD8;WNT5A;FZD1;PRKCA;PIK3CD;FZD7;RPS6KA2;FNIP2;PIK3R1;FZD4;WNT3A;WNT7A;ULK2;STK11;PDPK1;TSC2;BRAF;TSC1;LRP6;PIK3R2;CASTOR1;LPIN3;IKBKB;GRB10;WNT1;ATP6V1G2;FLCN;LPIN2;PIK3R3;TELO2;DEPDC5;WNT10B;INSR;EIF4E1B;WDR24;ATP6V1B2;RPS6KA3;PTEN;DEPTOR;WNT4;RPS6KA1
gsea,Shigellosis,0.38844277566872615,2.1134017711223505,4.081633e-03,9.042782e-03,8.200000e-02,74/244,25.32%,NLRP3;BCL2;AKT3;CSF2;TLN2;ILK;NLRC4;TNF;CYTH4;PLCB2;TLR4;NOD1;HK3;TLR5;ITPR2;PLCG2;NAIP;CYTH3;MAPK10;ITPR1;IL1B;PIK3CD;MAPK11;PLCE1;ELMO1;PLCD1;MALT1;HCLS1;IL1R1;PRKCE;PIK3R1;EGFR;FOXO6;CASP1;PRKCQ;STING1;PLCB4;FOXO1;MYL5;PIK3C3;PLCG1;ATM;MYL9;PLCD4;JUN;TRAF6;DOCK1;ITPR3;C3;TRAF5;RPS6KA5;SEPTIN11;PIK3R2;RNF31;ARHGEF2;U2AF1;FOXO4;ITGA5;IKBKB;FNBP1;TECPR1;FOXO3;VCL;UBE2V1;ROCK1;U2AF1L4;CD44;CYTH1;SEPTIN6;MYL7;PIK3R3;TLN1;CD14;SEPTIN8
gsea,Leishmaniasis,0.6757673120956162,2.104020163663221,4.123711e-03,9.649061e-03,8.900000e-02,39/74,18.49%,TGFB2;FCGR2C;TGFB3;ITGAM;ITGA4;PRKCB;NCF1;TNF;CR1;TLR2;TLR4;HLA-DOB;HLA-DOA;HLA-DQA1;HLA-DQB1;IL1B;FCGR1A;MAPK11;NOS2;HLA-DQA2;NCF4;ITGB2;IL4;FCGR2A;PTGS2;CYBB;JAK2;HLA-DMB;IL12B;HLA-DPB1;NCF2;TGFB1;HLA-DPA1;HLA-DRB5;HLA-DMA;JUN;IL12A;TRAF6;C3
gsea,Rheumatoid arthritis,0.6377779660814755,2.103530195245989,4.065041e-03,9.571231e-03,9.100000e-02,51/89,21.59%,TGFB2;CSF2;CXCL1;TEK;TGFB3;CD80;CD28;CXCL12;TNF;ANGPT1;TLR2;ITGAL;TLR4;HLA-DOB;CTSK;LTB;HLA-DOA;FLT1;ATP6V0C;HLA-DQA1;HLA-DQB1;IL1B;CXCL3;CSF1;CTLA4;HLA-DQA2;ICAM1;ITGB2;CD86;CXCL2;HLA-DMB;HLA-DPB1;ATP6V0D2;TGFB1;TNFSF13B;IL6;HLA-DPA1;HLA-DRB5;TNFSF13;IL11;HLA-DMA;JUN;VEGFA;CXCL6;TNFRSF11A;IL17A;HLA-DRB1;MMP1;CCL3;CCL2;MMP3
gsea,Viral myocarditis,0.650492815454059,2.0993386351494365,2.083333e-03,9.795252e-03,9.400000e-02,34/57,24.47%,SGCD;LAMA2;SGCA;CD40LG;SGCG;CD80;CD28;ITGAL;HLA-DOB;HLA-DOA;HLA-DQA1;HLA-DQB1;DMD;FYN;HLA-DQA2;ICAM1;ITGB2;CD86;HLA-DMB;HLA-DPB1;PRF1;HLA-DPA1;HLA-DRB5;CCND1;CD40;CAV1;HLA-DMA;ABL2;HLA-DRB1;RAC2;HLA-F;HLA-G;LAMA1;SGCB
gsea,Hypertrophic cardiomyopathy,0.6298215299560944,2.092913109236729,1.000000e-03,1.027975e-02,9.800000e-02,43/90,15.79%,SGCD;CACNA1C;ITGA8;LAMA2;ITGB3;TGFB2;ITGA9;SGCA;ITGA11;CACNB1;SLC8A1;CACNA2D2;SGCG;TGFB3;DES;ITGA4;MYL3;ITGA7;TNF;ITGB7;CACNA2D4;SLC8A3;ITGA10;ITGA1;IGF1;RYR2;ACTC1;AGT;TNNC1;ACE;CACNA2D1;DMD;ITGA2;ITGB6;CACNA2D3;CACNG6;EDN1;TGFB1;CACNA1D;TPM1;MYBPC3;IL6;CACNB3
gsea,Yersinia infection,0.51039540645842,2.092479901188808,6.276151e-03,1.016927e-02,9.800000e-02,68/136,32.17%,NLRP3;NFATC1;AKT3;ITGA4;NFATC2;NLRC4;TNF;TLR4;ZAP70;LAT;IL2;MAPK10;IL1B;PIK3CD;WAS;MAPK11;LCP2;ELMO1;VAV1;MEFV;FCGR2A;BAIAP2;FYB1;CD4;RPS6KA2;PIK3R1;WIPF1;GIT2;CASP1;PTK2B;IL6;PLCG1;FN1;JUN;TRAF6;DOCK1;ARHGEF12;PIK3R2;LCK;PIP5K1C;CCL2;ITGA5;NFATC3;IKBKB;ARHGEF1;IL10;RAC2;ROCK1;PIK3R3;FOS;ELMO2;MAP2K7;LIMK1;VAV3;CXCL8;VAV2;RPS6KA3;BCAR1;IKBKG;RPS6KA1;ARHGEF7;MYD88;NFKB1;AKT1;ARPC1B;RHOG;TAB1;NFKBIA
gsea,Phagosome,0.5271565537291366,2.091576532352621,6.147541e-03,1.008817e-02,9.800000e-02,75/149,28.99%,COMP;ITGB3;COLEC12;FCGR2C;RAB7B;THBS2;ITGAM;DYNC2H1;THBS4;NCF1;MRC1;CD209;TLR2;OLR1;MARCO;TLR4;FCGR2B;HLA-DOB;HLA-DOA;CLEC7A;CLEC4M;MRC2;ATP6V0C;HLA-DQA1;HLA-DQB1;ITGA2;FCGR1A;HLA-DQA2;MSR1;NCF4;ITGB2;FCGR2A;SFTPD;CYBB;THBS1;THBS3;HLA-DMB;SFTPA1;HLA-DPB1;ATP6V0D2;CD36;NCF2;CORO1A;PIK3C3;HLA-DPA1;HLA-DRB5;SFTPA2;C1R;HLA-DMA;TUBA3D;PLA2R1;C3;FCAR;HLA-DRB1;ITGA5;ITGB5;FCGR3A;TUBB6;ATP6V1G2;HLA-F;HLA-G;EEA1;FCGR3B;TUBA1A;CD14;TUBB1;HLA-DRA;MBL2;ATP6V1B2;PIKFYVE;ATP6V0A1;ITGAV;TUBB3;RILP;TUBB2B
gsea,Apoptosis,0.430797578815518,2.0891057925230587,1.562500e-02,1.003511e-02,9.900000e-02,49/142,25.00%,SEPTIN4;CASP12;PTPN13;BCL2;AKT3;NTRK1;CSF2RB;NGFR;TNF;BIRC7;CTSK;ITPR2;MAPK10;ITPR1;TRAF1;IL3RA;PIK3CD;FAS;DAB2IP;MAP3K14;PIK3R1;CTSW;CTSO;NGF;BOK;PRF1;CTSH;BBC3;ATM;ERN1;PDPK1;JUN;TUBA3D;ITPR3;FASLG;PIK3R2;CASP10;IKBKB;CFLAR;PARP3;IL3;DFFB;BCL2A1;PIK3R3;SPTAN1;TUBA1A;PIDD1;CTSF;FOS
gsea,Endocrine and other factor-regulated calcium reabsorption,0.6069286711875195,2.0751637997891055,1.988072e-03,1.076323e-02,1.050000e-01,17/53,13.79%,PTH1R;ATP1B2;ATP1A2;DNM3;SLC8A1;PRKCB;PLCB2;SLC8A3;ESR1;ADCY9;KL;PRKCA;VDR;ATP1A4;DNM1;BDKRB2;PLCB4
gsea,Prostate cancer,0.49221280823659697,2.075127146806268,1.247401e-02,1.060259e-02,1.050000e-01,36/97,21.81%,LEF1;ERG;BCL2;AKT3;PDGFRA;PDGFD;AR;ZEB1;TMPRSS2;FGFR2;CREB5;PDGFA;FGFR1;MMP9;PLAT;IGF1;PDGFRB;TCF7L1;PIK3CD;PDGFC;PLAU;PDGFB;PIK3R1;EGFR;FOXO1;SRD5A2;ETV5;TGFA;CCND1;PDPK1;BRAF;PIK3R2;CREBBP;IKBKB;MMP3;TCF7
gsea,Renin secretion,0.6428308491638026,2.0717876230795405,1.000000e-03,1.071516e-02,1.070000e-01,33/69,14.99%,CACNA1C;PDE1B;GUCY1A2;GUCY1A1;NPR1;ADRB2;EDNRA;ADRB3;PTGER4;PLCB2;ADCYAP1R1;PTGER2;ITPR2;ADORA1;ADCY5;GUCY1B1;AGT;PDE3A;ACE;ITPR1;PDE1A;KCNJ2;ADRB1;EDN2;AQP1;AGTR1;NPPA;REN;EDN1;PLCB4;PDE3B;CACNA1D;KCNMA1
gsea,Transcriptional misregulation in cancer,0.47150867770125876,2.0691560184276474,2.004008e-03,1.070419e-02,1.090000e-01,68/189,18.73%,RUNX1T1;ERG;MEIS1;MEF2C;LYL1;ETV1;CSF2;ELANE;NTRK1;ZEB1;FLT3;ITGAM;PTCRA;TMPRSS2;FLI1;NGFR;ITGB7;CCND2;CEBPA;PAX7;PDGFA;RUNX2;MMP9;PLAT;IGF1;LMO2;HPGD;MITF;FLT1;ZBTB16;MAF;TRAF1;SIX1;BAIAP3;CSF1R;FCGR1A;PAX5;BCL11B;IL2RB;CDK14;NUPR1;SPI1;GRIA3;CD86;PLAU;REL;BMP2K;SLC45A3;RARA;RUNX1;RXRG;KMT2A;WT1;CEBPE;FOXO1;TGFBR2;HHEX;ETV5;NFKBIZ;IL6;TSPAN7;ATM;CD40;RXRA;NR4A3;PBX3;DUSP6;ELK4
gsea,Regulation of lipolysis in adipocytes,0.6273779781269083,2.068988371207645,1.000000e-03,1.055127e-02,1.090000e-01,25/55,14.30%,PRKG1;ADCY4;NPR1;AKT3;ADRB2;PTGER3;ADRB3;PTGS1;TSHB;ADCY7;ADORA1;IRS1;ADCY5;ADCY9;ADCY1;AQP7;FABP4;ADRB1;PIK3CD;ADCY2;PTGS2;MGLL;PIK3R1;NPPA;PDE3B
gsea,Central carbon metabolism in cancer,0.47976578921111135,2.058571465002987,2.000000e-03,1.136111e-02,1.200000e-01,16/69,13.70%,NTRK3;AKT3;PDGFRA;NTRK1;FLT3;FGFR2;FGFR3;FGFR1;HK3;PDGFRB;PIK3CD;TIGAR;PIK3R1;EGFR;GLS;SCO2
gsea,GnRH secretion,0.5988917387352531,2.057600238424933,1.000000e-03,1.120332e-02,1.200000e-01,30/64,20.17%,CACNA1C;KCNN3;CACNA1H;GABBR1;AKT3;KCNJ5;GABBR2;GPER1;PRKCB;KCNN2;CACNA1G;KCNN4;PLCB2;ITPR2;ITPR1;TRPC4;GNRH1;PRKCA;PIK3CD;TRPC1;PIK3R1;LHB;PLCB4;ESR2;CACNA1D;KCNJ11;ITPR3;ARRB1;PIK3R2;HCN2
gsea,ErbB signaling pathway,0.4747995776249272,2.054770013238767,4.008016e-03,1.123174e-02,1.210000e-01,25/85,19.62%,SHC3;CAMK2A;AKT3;PRKCB;PLCG2;MAPK10;SHC2;PRKCA;PIK3CD;ERBB4;GAB1;NRG1;PIK3R1;EGFR;CBL;HBEGF;STAT5A;SHC4;PLCG1;TGFA;PAK3;ABL2;JUN;BRAF;PIK3R2
gsea,Human cytomegalovirus infection,0.4430336677663624,2.0524162299874744,4.115226e-03,1.125939e-02,1.240000e-01,74/223,23.86%,ITGB3;ADCY4;GNG7;NFATC1;GNG8;CX3CL1;AKT3;PDGFRA;PTGER3;NFATC2;GNG2;CXCL12;CREB5;PRKCB;PTGER1;TNF;PTGER4;PLCB2;GNAO1;ADCY7;PTGER2;GNGT2;ITPR2;ADCY5;IL10RA;CCR5;ADCY9;ADCY1;IL10RB;CXCR2;ITPR1;IL1B;IFNA7;PRKCA;PIK3CD;FAS;GNB3;MAPK11;ADCY2;PTGS2;IL1R1;PIK3R1;GNG11;EGFR;STING1;PLCB4;CCR1;PTK2B;IL6;NFATC4;CCND1;AKAP13;TSC2;VEGFA;ITPR3;TRAF5;TSC1;FASLG;ARHGEF12;PIK3R2;ADCY6;CCL3;CCL2;IL6R;NFATC3;IKBKB;ARHGEF1;RAC2;HLA-F;PPP3CC;HLA-G;ROCK1;IFNA5;CCL4
gsea,"Growth hormone synthesis, secretion and action",0.4914967082399032,2.05192860255653,3.929273e-03,1.113140e-02,1.240000e-01,36/119,15.76%,CACNA1C;SHC3;ADCY4;GHRL;GHR;AKT3;CREB5;PRKCB;SSTR3;PLCB2;IGFALS;ADCY7;ITPR2;PLCG2;IGF1;IRS1;ADCY5;MAPK10;ADCY9;ADCY1;SOCS2;ITPR1;SHC2;PRKCA;PIK3CD;MAPK11;ADCY2;JAK2;PIK3R1;MAP3K1;STAT5A;SOCS1;PLCB4;CACNA1D;SHC4;PLCG1
gsea,GnRH signaling pathway,0.523428245475611,2.051890154867324,1.988072e-03,1.098493e-02,1.240000e-01,32/93,18.45%,CACNA1C;ADCY4;CAMK2A;PRKCB;PLCB2;PLA2G4C;ADCY7;ITPR2;ADCY5;JMJD7-PLA2G4B;MAPK10;ADCY9;ADCY1;ITPR1;GNRH1;PRKCA;MAP3K3;MAPK11;ADCY2;MMP2;PLA2G4F;EGFR;LHB;HBEGF;MAP3K1;PLCB4;CACNA1D;PTK2B;EGR1;PLA2G4B;JUN;ITPR3
gsea,Signaling pathways regulating pluripotency of stem cells,0.49939402841564,2.0510005109969454,2.016129e-03,1.088538e-02,1.240000e-01,41/142,12.82%,BMP4;FZD2;WNT9A;MEIS1;ID4;TBX3;WNT2;AKT3;LEFTY2;INHBA;AXIN2;WNT10A;WNT5B;FGFR2;WNT2B;HOXD1;FGFR3;WNT11;FGFR1;IGF1;WNT6;ZFHX3;WNT7B;WNT9B;FZD8;WNT5A;FZD1;PIK3CD;NODAL;MAPK11;FGF2;LIF;FZD7;JAK2;POU5F1;JAK3;SMAD9;INHBB;PIK3R1;FZD4;WNT3A
gsea,Pertussis,0.5602764641798779,2.0477034335079303,4.024145e-03,1.085222e-02,1.250000e-01,38/76,27.44%,NLRP3;C4A;C4B;ITGAM;TNF;TLR4;NOD1;IRF8;MAPK10;IL1B;MAPK11;NOS2;C4BPA;ITGB2;IL12B;SFTPA1;CASP1;IL6;SFTPA2;C1R;SERPING1;JUN;IL12A;TRAF6;CXCL6;C3;TICAM2;C2;ITGA5;C1S;IL10;FOS;CD14;GNAI2;C1QA;C1QC;C1QB;CXCL8
gsea,Epithelial cell signaling in Helicobacter pylori infection,0.4756806126906379,2.046739298588485,3.802281e-03,1.081990e-02,1.280000e-01,17/70,15.76%,JAM3;JAM2;CXCL1;NOD1;PLCG2;MAPK10;CXCR2;ATP6V0C;CXCL3;MAPK11;CXCL2;MAP3K14;EGFR;HBEGF;ATP6V0D2;CXCR1;PLCG1
gsea,Tight junction,0.41739355582978227,2.041187337462386,9.940358e-03,1.126556e-02,1.380000e-01,71/166,30.75%,MYH11;CD1E;CD1A;JAM3;CD1C;JAM2;CLDN9;DLG2;CD1B;CD1D;CGNL1;PPP2R2B;CLDN11;MPDZ;AMOT;MAPK10;PARD6G;SYNPO;TIAM1;CLDN16;WAS;RAPGEF2;CLDN2;HCLS1;MYH10;PRKCE;RUNX1;MAGI1;MAP3K1;RAPGEF6;MICALL2;AMOTL2;CACNA1D;AMOTL1;PRKCZ;CLDN5;STK11;CCND1;CLDN18;MYL9;CLDN20;JUN;TUBA3D;PRKAG3;NEDD4L;ARHGEF2;CLDN14;MSN;ARHGEF18;CLDN24;ROCK1;TUBA1A;MYH9;ARHGAP17;OCLN;CLDN23;CLDN15;MAP2K7;ACTN1;CFTR;PRKACA;AFDN;CLDN1;CLDN8;CLDN19;TJP1;LLGL1;MYL2;TJAP1;RAB8B;MAP3K5
gsea,Endocytosis,0.4098086407224861,2.0391804633228143,1.859504e-02,1.129041e-02,1.430000e-01,78/252,24.49%,IQSEC3;DNM3;AGAP2;PDGFRA;FGFR2;ACAP1;CYTH4;CAV3;PIP5KL1;FGFR3;GRK5;CYTH3;CCR5;PARD6G;CXCR2;CHMP4A;FOLR2;MVB12B;PSD;IL2RB;ARAP3;RAB11FIP3;FOLR3;DAB2;SMURF2;IL2RA;PSD2;AGAP4;FOLR1;EGFR;WIPF1;CBL;GIT2;IL2RG;ARAP2;DNM1;TGFBR2;EHD3;CXCR1;GRK3;EHD2;IQSEC1;KIF5A;PRKCZ;AGAP9;AGAP5;EHD1;RAB11FIP4;ACAP3;CAV1;AGAP6;ASAP3;SH3GL3;TRAF6;RBSN;RAB11FIP2;NEDD4L;ARRB1;AGAP3;SMAD2;PIP5K1C;ARAP1;PSD3;CAV2;EPN2;IZUMO1R;RAB11FIP5;PML;RAB31;AMPH;HLA-F;HLA-G;EEA1;CYTH1;RAB11FIP1;GRK1;SNX32;AP2A2
gsea,Osteoclast differentiation,0.6133453401106647,2.0387584979388524,6.160164e-03,1.121344e-02,1.440000e-01,70/126,25.16%,ITGB3;TGFB2;NFATC1;FCGR2C;AKT3;BTK;IFNAR2;LILRB5;NFATC2;NCF1;TNF;LILRA1;LILRA6;OSCAR;LILRB1;LILRA4;FCGR2B;CTSK;PLCG2;CAMK4;MAPK10;LILRB3;LILRB2;MITF;IL1B;CSF1;CSF1R;FCGR1A;FYN;PIK3CD;IRF9;MAPK11;SIRPB1;LCP2;NCF4;SPI1;FCGR2A;MAP3K14;IL1R1;LILRB4;PIK3R1;TNFRSF11B;SOCS1;BLNK;TGFBR2;NCF2;TGFB1;SIRPA;TREM2;CYLD;SIRPG;LILRA2;FOSB;JUN;TRAF6;TNFRSF11A;PIK3R2;LCK;IKBKB;FCGR3A;PPP3CC;SYK;TYK2;LILRA5;FCGR3B;PIK3R3;TYROBP;JUNB;FOS;ACP5
gsea,Coronavirus disease,0.41621125325559216,2.0337018580214568,8.032129e-03,1.155827e-02,1.520000e-01,68/228,23.65%,NLRP3;TLR7;C4A;CSF2;SELP;C4B;F13A1;TMPRSS2;IFNAR2;C6;PRKCB;TNF;C7;TLR2;TLR4;MASP2;TLR8;PLCG2;IL2;MAPK10;C3AR1;VWF;ACE;IL1B;C8B;IFNA7;PRKCA;PIK3CD;IRF9;MAPK11;FCGR2A;CYBB;IL12B;PIK3R1;MASP1;EGFR;AGTR1;HBEGF;RPL36A;CASP1;STING1;MX2;NRP1;IL6;PLCG1;C1R;TLR3;C5AR1;CFD;JUN;IL12A;TRAF6;C3;IL6ST;PIK3R2;CSF3;C2;MMP1;CCL2;IL6R;IKBKB;MMP3;C1S;IKBKE;SYK;TYK2;IFNA5;CFB
gsea,Colorectal cancer,0.464529606407933,2.03198886051309,1.048218e-02,1.165778e-02,1.550000e-01,24/86,19.86%,TGFB2;LEF1;BCL2;AKT3;TGFB3;AXIN2;RALGDS;MAPK10;DCC;TCF7L1;PIK3CD;PIK3R1;EGFR;TGFBR2;TGFB1;BBC3;TGFA;APC;CCND1;JUN;BRAF;SMAD4;PIK3R2;SMAD2
gsea,Pathogenic Escherichia coli infection,0.39754508806528893,2.0307086399644554,1.200000e-02,1.163778e-02,1.560000e-01,84/193,32.77%,MYH11;MYO1G;NLRP3;CLDN9;TNF;CYTH4;NCKAP1L;TLR4;MYO1F;TLR5;LPAR4;CLDN11;NAIP;CYTH3;MAPK10;IL1B;CLDN16;FYN;FAS;MAPK11;CYFIP2;CLDN2;FCGR2A;BAIAP2;HCLS1;IL1R1;MYH10;MYO1H;WASF3;WIPF1;CASP1;MYO5A;IL6;CLDN5;LPAR5;CLDN18;F2R;PAK3;CLDN20;JUN;TRAF6;TUBA3D;FASLG;ARHGEF12;ARHGEF2;CLDN14;IKBKB;ARHGEF1;CLDN24;TUBB6;ROCK1;CYTH1;TUBA1A;MYH9;OCLN;FOS;CLDN23;TUBB1;CLDN15;MYO10;CXCL8;ABL1;GNA12;CLDN1;CLDN8;TUBB3;IKBKG;TUBB2B;TNFSF10;CLDN19;TJP1;MYD88;NFKB1;MYH14;ARPC1B;TUBB2A;TNFRSF10B;PTPN6;TAB1;NFKBIA;CLDN3;MYO1B;TRADD;NCK2
gsea,Lipid and atherosclerosis,0.4414793111029523,2.028375025076273,4.048583e-03,1.171475e-02,1.590000e-01,99/213,32.33%,NLRP3;NFATC1;BCL2;CAMK2A;AKT3;SELP;CXCL1;CD40LG;POU2F2;NFATC2;NCF1;VCAM1;TNF;TLR2;PLCB2;OLR1;TLR4;NOS3;MMP9;AGER;MAPK10;ITPR1;IL1B;IFNA7;CXCL3;PRKCA;PIK3CD;FAS;MAPK11;SELE;VAV1;ICAM1;NCF4;ABCA1;CYBB;JAK2;CXCL2;MIB2;IL12B;PIK3R1;RXRG;CASP1;CD36;PLCB4;NCF2;VLDLR;IL6;PLCG1;CD40;RXRA;POU2F3;ERN1;PDPK1;JUN;IL12A;TRAF6;FASLG;TICAM2;PIK3R2;MMP1;CCL3;CCL2;NFATC3;IKBKB;MMP3;IRF7;ARHGEF1;IKBKE;PPP3CC;IFNA5;ABCG1;PIK3R3;FOS;CD14;CYP1A1;HSPA6;MAP2K7;VAV3;CAMK2D;TRAF3;CXCL8;VAV2;LDLR;IKBKG;TNFSF10;APOA4;PPP3CA;IFNA21;MYD88;MAP3K5;NFKB1;AKT1;CALML6;PLCB3;TNFRSF10B;CAMK2G;TAB1;NFKBIA;CCL3L3
gsea,Hematopoietic cell lineage,0.691971007717018,2.027054182899801,4.073320e-03,1.165641e-02,1.590000e-01,69/95,21.38%,CD1E;ITGB3;CD1A;CD1C;CD22;CD33;CD1B;CSF2;CD1D;FLT3;ITGAM;ITGA4;IL5RA;TNF;FLT3LG;CD5;CR1;CD34;HLA-DOB;GP5;IL9R;CD37;ITGA1;FCER2;IL7R;CD3G;MS4A1;HLA-DOA;GP1BA;CD19;HLA-DQA1;HLA-DQB1;IL11RA;IL1B;CSF1;IL3RA;ITGA2;CR2;CSF1R;FCGR1A;CSF3R;HLA-DQA2;ANPEP;IL4;HLA-DMB;CD4;IL2RA;CSF2RA;IL1R1;HLA-DPB1;CD36;CD3E;IL6;HLA-DPA1;HLA-DRB5;CD2;ITGA3;IL11;EPOR;HLA-DMA;KITLG;CD3D;MME;CSF3;HLA-DRB1;ITGA2B;KIT;IL6R;ITGA5
gsea,Glycosaminoglycan biosynthesis,0.5770916931487047,2.0256853866392985,4.032258e-03,1.161826e-02,1.600000e-01,25/53,22.71%,XYLT1;EXTL1;CHST1;CHST3;CHSY3;NDST2;HS3ST2;HS3ST3A1;DSE;ST3GAL2;CHST2;CHST7;HS3ST3B1;HS6ST2;HS3ST5;UST;NDST1;HS3ST1;CHSY1;EXTL3;CSGALNACT2;CHST6;CHST15;CHST12;ST3GAL1
gsea,Cushing syndrome,0.4948948129799479,2.0211074973232854,1.980198e-03,1.186069e-02,1.680000e-01,51/155,18.45%,CACNA1C;ADCY4;LEF1;FZD2;WNT9A;CACNA1H;WNT2;CAMK2A;AXIN2;WNT10A;WNT5B;CREB5;CACNA1G;WNT2B;PLCB2;WNT11;ADCY7;ITPR2;ADCY5;WNT6;ADCY9;AGT;ADCY1;WNT7B;WNT9B;ITPR1;FZD8;WNT5A;KCNA4;TCF7L1;CDKN2B;FZD1;ADCY2;FZD7;ARMC5;FZD4;KMT2A;EGFR;WNT3A;AGTR1;KCNK3;PLCB4;WNT7A;CACNA1D;CYP21A2;APC;CCND1;PDE8B;NR5A1;BRAF;ITPR3
gsea,Cytokine-cytokine receptor interaction,0.595429367392326,2.0172276291493625,2.032520e-03,1.207930e-02,1.740000e-01,160/291,19.90%,BMP4;TGFB2;CX3CR1;IL21R;IL16;IL34;CCL22;GDF10;GDF5;CX3CL1;GHR;XCR1;CSF2;CXCL1;TNFRSF13B;CCR2;CD40LG;BMP2;TGFB3;CCL17;INHBA;IL12RB1;IL5RA;IFNAR2;CCL14;CSF2RB;CCR4;GDF7;LTA;BMP8A;CCR7;CXCL12;CCR6;NGFR;TNF;TNFRSF4;CXCL14;CCR8;CCL16;CCL13;TNFRSF19;TNFSF8;CNTFR;TNFSF14;TNFRSF10C;RELT;CD27;CXCR3;IL9R;BMP3;OSM;CXCR5;CCL23;EDA2R;EBI3;LTB;GDF2;IL7R;TNFRSF8;IL2;IL10RA;CCR5;BMP5;IL1RAP;IL10RB;IL1RL1;CXCR2;GDF6;IL11RA;IL1B;ACVRL1;IFNA7;CXCL3;CSF1;IL3RA;EDA;GDF11;GDF3;CSF1R;FAS;NODAL;IL24;CSF3R;CRLF2;IL13;IL37;TNFRSF13C;LIF;IL2RB;TNFRSF17;IL27RA;TNFRSF18;IL4;BMP15;IL17RE;TNFRSF25;PPBP;IL18R1;CXCL2;CD4;IL12B;IL17D;TNFRSF9;IL2RA;CCL19;CSF2RA;IL1R1;INHBB;IL27;IL13RA2;TNFRSF11B;TNFSF12;ACKR4;LEPR;IL2RG;BMP8B;NGF;TGFBR2;TGFB1;CXCR1;BMP6;CCR1;TNFSF13B;MPL;ACKR3;LIFR;IL6;TSLP;TNFSF13;CTF1;IL17RA;CCL11;CD40;IL32;BMP10;IL33;IL11;EPOR;TNFSF4;CD70;IL12A;IL18RAP;CXCR6;CXCL6;CCR9;IFNLR1;CLCF1;FASLG;CCR10;IL6ST;TNFRSF11A;CNTF;BMPR2;IL17A;IL1RL2;CXCL17;TNFRSF1B;PF4V1;TNFRSF14;CSF3
gsea,Chemokine signaling pathway,0.5802388973783211,2.01692145896436,6.097561e-03,1.194656e-02,1.740000e-01,85/189,21.85%,SHC3;RASGRP2;PIK3R6;CX3CR1;ADCY4;GNG7;GNG8;CCL22;CX3CL1;DOCK2;XCR1;AKT3;CXCL1;PIK3R5;CCR2;PIK3CG;CCL17;CCL14;CCR4;GNG2;CCR7;CXCL12;PRKCB;NCF1;CCR6;CXCL14;CCR8;CCL16;CCL13;PLCB2;CXCR3;GRK5;CXCR5;ADCY7;CCL23;GNGT2;PLCG2;ADCY5;CCR5;ADCY9;ITK;ADCY1;CXCR2;FGR;TIAM1;CXCL3;SHC2;PIK3CD;WAS;GNB3;HCK;ELMO1;VAV1;PREX1;ADCY2;JAK2;PPBP;CXCL2;CCL19;JAK3;PIK3R1;GNG11;PLCB4;CXCR1;GRK3;CCR1;PTK2B;SHC4;PRKCZ;PLCG1;CCL11;CXCR6;CXCL6;BRAF;CCR9;CCR10;ARRB1;PIK3R2;PF4V1;ADCY6;CCL3;CCL2;IKBKB;CCL1;FOXO3
gsea,cAMP signaling pathway,0.5086956454838935,2.0117944343120073,1.000000e-03,1.230381e-02,1.760000e-01,95/216,23.41%,CACNA1C;ADCY4;GLI3;ATP1B2;NFATC1;PLN;GHRL;ATP1A2;NPR1;GABBR1;CAMK2A;AKT3;ADRB2;DRD5;EDNRA;GABBR2;PTGER3;VIP;CREB5;HHIP;FXYD1;TSHB;GLI1;HTR1F;ADCYAP1R1;RAPGEF4;ADCY7;PTGER2;ADORA1;RAPGEF3;GIPR;ADCY5;RYR2;CAMK4;HTR6;PTCH1;MAPK10;ADCY9;ADCY1;HTR4;CNGA4;PDE3A;TIAM1;ADRB1;PIK3CD;EDN2;ATP1A4;ADORA2A;SUCNR1;GRIA1;PLCE1;OXTR;PDE4C;VAV1;ADCY2;ARAP3;GRIA3;PDE4A;DRD1;PPP1R1B;PIK3R1;GRIN2A;CNGA3;LHB;OXT;NPPA;EDN1;GRIN3B;PDE3B;CACNA1D;GLP1R;MYL9;F2R;JUN;BRAF;SSTR2;GHSR;PIK3R2;LHCGR;EDN3;HCN4;HCN2;ATP2B4;ADCY6;ATP2B2;CREBBP;PDE4B;CHRM1;GRIN2C;CHRM2;RAC2;ADCYAP1;CACNA1F;TSHR;ROCK1
gsea,B cell receptor signaling pathway,0.6344212427896164,2.01156773496419,8.016032e-03,1.218935e-02,1.760000e-01,44/79,25.00%,NFATC1;CD22;AKT3;BTK;LILRB5;NFATC2;PRKCB;LILRA1;LILRA6;RASGRP3;LILRB1;LILRA4;CD79B;FCGR2B;PLCG2;INPP5D;LILRB3;LILRB2;CD19;CR2;PIK3CD;CD79A;VAV1;MALT1;DAPP1;LILRB4;PIK3R1;BLNK;PIK3AP1;CARD11;LILRA2;JUN;PIK3R2;NFATC3;IKBKB;CD72;RAC2;PPP3CC;CD81;SYK;LILRA5;IFITM1;PIK3R3;FOS
gsea,Diabetic cardiomyopathy,0.35380711405469295,2.0114583982057432,7.827789e-03,1.205968e-02,1.760000e-01,38/188,14.15%,TGFB2;PLN;CAMK2A;AKT3;TGFB3;PRKCB;NCF1;CMA1;PLCB2;NOS3;MMP9;AGER;IRS1;RYR2;MAPK10;GFPT2;AGT;COX7A1;ACE;COX4I2;PRKCA;SLC2A4;PIK3CD;MAPK11;NCF4;MMP2;CYBB;COL1A1;PIK3R1;COL1A2;AGTR1;CD36;REN;PLCB4;CPT1B;TGFBR2;NCF2;TGFB1
gsea,Adherens junction,0.5140822612212795,2.009864525636946,1.054852e-02,1.217733e-02,1.770000e-01,37/71,32.68%,LEF1;SORBS1;SNAI2;NECTIN3;PTPRB;FGFR1;TCF7L1;FYN;WAS;PTPRM;BAIAP2;SNAI1;EGFR;WASF3;TGFBR2;CTNND1;NECTIN1;SMAD4;CREBBP;TCF7;VCL;RAC2;FER;INSR;ACTN1;AFDN;NECTIN4;TGFBR1;EP300;CTNNB1;PTPN1;TJP1;PTPRJ;PTPN6;TCF7L2;ERBB2;LMO7
gsea,Arrhythmogenic right ventricular cardiomyopathy,0.6255927711942256,1.9990774018723247,1.000000e-03,1.289765e-02,1.800000e-01,29/77,9.96%,SGCD;CACNA1C;ITGA8;LAMA2;ITGB3;ITGA9;LEF1;SGCA;ITGA11;CACNB1;SLC8A1;CACNA2D2;SGCG;DES;ITGA4;ACTN2;ITGA7;ITGB7;CACNA2D4;SLC8A3;ITGA10;ITGA1;RYR2;CACNA2D1;TCF7L1;DMD;ITGA2;ITGB6;CACNA2D3
gsea,T cell receptor signaling pathway,0.5752818645851615,1.9975062613082435,1.041667e-02,1.286735e-02,1.820000e-01,42/104,21.53%,NFATC1;RASGRP1;AKT3;CSF2;CD40LG;GRAP2;CD28;NFATC2;TNF;ZAP70;LAT;CD3G;IL2;MAPK10;ITK;CD247;ICOS;PTPRC;FYN;PIK3CD;MAPK11;CTLA4;LCP2;VAV1;IL4;MALT1;CD4;PDCD1;MAP3K14;PIK3R1;PRKCQ;CD3E;CARD11;PLCG1;PAK3;PDPK1;JUN;CD3D;PIK3R2;LCK;NFATC3;IKBKB
gsea,Inositol phosphate metabolism,0.503690648236593,1.9925654156678327,7.889546e-03,1.314252e-02,1.850000e-01,25/73,19.92%,PIK3CG;MTMR3;PIP5KL1;PLCB2;PLCH2;PLCG2;INPP5D;PLCH1;PIK3CD;PLCE1;INPP5J;SYNJ1;PLCD1;INPP5B;INPP5E;ITPKB;PLCB4;ITPKA;INPP4A;PIK3C3;PLCG1;PLCD4;PIK3C2B;INPP5A;PIP5K1C
gsea,Salivary secretion,0.5686052072587127,1.9903713093904705,1.000000e-03,1.317742e-02,1.860000e-01,42/93,20.60%,PRKG1;ADCY4;GUCY1A2;ATP1B2;GUCY1A1;ATP1A2;AMY2B;CST5;ADRB2;ADRB3;PRKCB;KCNN4;PLCB2;CST2;ADCY7;ITPR2;ADCY5;GUCY1B1;ADCY9;ADCY1;ITPR1;ADRA1B;ADRA1A;AQP5;PRKCA;ADRB1;ATP1A4;ADRA1D;ADCY2;DMBT1;AMY1B;PLCB4;KCNMA1;CAMP;RYR3;TRPV6;ITPR3;CST1;ATP2B4;ADCY6;AMY2A;ATP2B2
gsea,Sphingolipid signaling pathway,0.4474862139968479,1.9839457184568818,1.419878e-02,1.370954e-02,1.910000e-01,31/119,17.76%,MS4A2;FCER1A;BCL2;AKT3;SPTLC3;PRKCB;TNF;PLCB2;NOS3;PPP2R2B;ADORA3;S1PR3;ADORA1;MAPK10;S1PR4;ACER1;PRKCA;FYN;S1PR2;PIK3CD;MAPK11;S1PR1;PRKCE;PIK3R1;BDKRB2;PLCB4;SGPP2;PRKCZ;SGMS2;SPHK1;PDPK1
gsea,Malaria,0.7113859258305381,1.9833568561045305,2.053388e-03,1.360667e-02,1.920000e-01,31/50,16.57%,COMP;TGFB2;HGF;SELP;CD40LG;TGFB3;THBS2;THBS4;VCAM1;TNF;CR1;TLR2;ITGAL;TLR4;ACKR1;IL1B;LRP1;SELE;ICAM1;GYPC;ITGB2;KLRB1;THBS1;THBS3;SDC2;CD36;TGFB1;IL6;KLRK1;PECAM1;CD40
gsea,Endometrial cancer,0.48210292478501454,1.9827129886851655,8.163265e-03,1.353836e-02,1.920000e-01,32/58,37.38%,LEF1;AKT3;AXIN2;ILK;TCF7L1;PIK3CD;PIK3R1;EGFR;APC;CCND1;PDPK1;BRAF;PIK3R2;TCF7;FOXO3;PIK3R3;GADD45B;PTEN;CTNNB1;AXIN1;AKT1;APC2;CDKN1A;TCF7L2;ERBB2;POLK;GADD45G;SOS2;RAF1;GADD45A;CTNNA3;TP53
gsea,JAK-STAT signaling pathway,0.506820511104257,1.967452554189777,2.061856e-03,1.492165e-02,2.030000e-01,68/162,19.90%,IL21R;BCL2;GHR;AKT3;CSF2;PDGFRA;FHL1;IL12RB1;IL5RA;IFNAR2;CSF2RB;CCND2;CISH;PDGFA;CNTFR;IL9R;OSM;IL22RA2;IL7R;PDGFRB;IL2;IL10RA;IL10RB;SOCS2;IL11RA;IFNA7;IL3RA;PIK3CD;IRF9;IL24;CSF3R;CRLF2;IL13;LIF;IL2RB;IL27RA;IL4;JAK2;PDGFB;IL12B;IL17D;IL2RA;JAK3;CSF2RA;PIK3R1;IL13RA2;LEPR;EGFR;IL2RG;STAT5A;SOCS1;STAT4;MPL;LIFR;IL6;TSLP;AOX1;CTF1;CCND1;IL11;EPOR;IL12A;PIAS2;IFNLR1;IL6ST;CNTF;PIK3R2;CSF3
gsea,Estrogen signaling pathway,0.4767769978682304,1.9546826877166978,1.000000e-03,1.607086e-02,2.100000e-01,38/137,16.03%,PGR;SHC3;ADCY4;GABBR1;BCL2;AKT3;KCNJ5;GABBR2;GPER1;CREB5;PLCB2;GNAO1;NOS3;MMP9;ADCY7;ITPR2;ESR1;ADCY5;ADCY9;ADCY1;KRT27;ITPR1;KRT32;SHC2;PIK3CD;ADCY2;MMP2;KRT14;PIK3R1;RARA;EGFR;HBEGF;KRT40;PLCB4;ESR2;SHC4;KRT39;TGFA
gsea,Glycerophospholipid metabolism,0.4812173392884889,1.9541162601891742,7.874016e-03,1.596522e-02,2.100000e-01,42/97,24.20%,PLA2G5;PLD4;LCAT;PLB1;PLPP4;PLA2G4C;PLA2G1B;CRLS1;AGPAT4;JMJD7-PLA2G4B;PNPLA7;PCYT1B;LPCAT2;CHAT;CHKB;DGKH;PLA2G12B;PLA2G4F;PLA1A;PLA2G6;ACHE;PHOSPHO1;GPAM;DGKI;MBOAT2;PLA2G2A;PLA2G15;GPD1;LPCAT1;PLPP1;PLA2G2D;PLA2G4B;GPD1L;PLPP3;DGKD;PLA2G3;PGS1;LPIN3;PNPLA6;PLA2G4D;AGPAT2;LPIN2
gsea,Aldosterone-regulated sodium reabsorption,0.5774190448831996,1.9533072511956922,7.812500e-03,1.589290e-02,2.100000e-01,11/36,8.75%,ATP1B2;ATP1A2;SCNN1B;SCNN1G;NR3C2;PRKCB;IGF1;IRS1;PRKCA;PIK3CD;ATP1A4
gsea,Aldosterone synthesis and secretion,0.5651651846519058,1.9524894417434824,1.000000e-03,1.580641e-02,2.110000e-01,34/98,14.75%,CACNA1C;ADCY4;ATP1B2;CAMK1G;ATP1A2;CACNA1H;NPR1;PDE2A;CAMK2A;CAMK1D;KCNJ5;CREB5;PRKCB;CAMK1;CACNA1G;PLCB2;ADCY7;ITPR2;ADCY5;CAMK4;ADCY9;AGT;ADCY1;ITPR1;PRKD1;PRKCA;ATP1A4;ADCY2;PRKCE;AGTR1;NPPA;KCNK3;PLCB4;CACNA1D
gsea,Lysosome,0.4161682454327371,1.9518793921680757,3.088803e-02,1.582911e-02,2.130000e-01,64/127,35.39%,CTSG;NAPSA;CTSE;CLN3;DNASE2B;CTSK;ATP6V0C;ABCA2;SLC11A1;IDS;CTSW;CTSO;ATP6V0D2;ARSB;CTSH;IDUA;AP1S2;CLN5;PLA2G15;ARSG;LAMP3;AP1M1;NPC2;AP4B1;LAPTM5;SMPD1;AP4S1;MAN2B1;SGSH;CTSF;ACP5;GNPTAB;CTSD;GGA2;HGSNAT;AP3S2;NAGPA;ATP6V0A1;ARSA;LIPA;AP1G2;IGF2R;GGA1;HYAL2;GGA3;CTSZ;GAA;NPC1;SORT1;GALC;TCIRG1;MCOLN1;TPP1;AP3M2;ASAH1;SLC11A2;CTNS;CTSS;AP1B1;LGMN;NAGA;FUCA1;ENTPD4;CTSC
gsea,Inflammatory bowel disease,0.6931314470407025,1.9467486732216799,2.049180e-03,1.626251e-02,2.210000e-01,41/63,20.46%,TGFB2;IL21R;NFATC1;TGFB3;IL12RB1;RORA;FOXP3;TNF;TLR2;TLR4;TLR5;HLA-DOB;IL2;TBX21;HLA-DOA;HLA-DQA1;HLA-DQB1;IL1B;MAF;IL13;HLA-DQA2;NOD2;IL4;GATA3;IL18R1;HLA-DMB;IL12B;HLA-DPB1;IL2RG;TGFB1;STAT4;IL6;HLA-DPA1;HLA-DRB5;HLA-DMA;JUN;IL12A;IL18RAP;IL17A;SMAD2;HLA-DRB1
gsea,Renal cell carcinoma,0.44847426908018473,1.9369970461930377,1.434426e-02,1.726141e-02,2.330000e-01,22/69,25.73%,TGFB2;HGF;AKT3;TGFB3;EGLN2;PIK3CD;PDGFB;GAB1;PIK3R1;ETS1;TGFB1;TGFA;PAK3;JUN;VEGFA;BRAF;PIK3R2;CREBBP;FLCN;RAPGEF1;PIK3R3;EPAS1
gsea,Asthma,0.7321960293220404,1.9368752933463194,2.049180e-03,1.710590e-02,2.330000e-01,26/28,26.09%,MS4A2;FCER1A;CD40LG;TNF;EPX;HLA-DOB;HLA-DOA;HLA-DQA1;HLA-DQB1;IL13;HLA-DQA2;PRG2;IL4;HLA-DMB;HLA-DPB1;HLA-DPA1;HLA-DRB5;CCL11;CD40;HLA-DMA;HLA-DRB1;IL10;IL3;HLA-DRA;FCER1G;RNASE3
gsea,NF-kappa B signaling pathway,0.5584954563421464,1.9322783705450057,1.224490e-02,1.739775e-02,2.370000e-01,57/101,28.05%,BCL2;CXCL1;CD40LG;BTK;LTA;CXCL12;PRKCB;VCAM1;TNF;CCL13;TNFSF14;TLR4;ZAP70;LAT;EDA2R;PLCG2;LTB;IL1B;TRAF1;CXCL3;EDA;TNFRSF13C;ICAM1;PTGS2;PLAU;MALT1;CXCL2;CCL19;MAP3K14;IL1R1;PRKCQ;BLNK;CARD10;TNFSF13B;CYLD;CARD11;PLCG1;ATM;CD40;TRAF6;TRAF5;TICAM2;TNFRSF11A;LCK;IKBKB;CFLAR;SYK;BCL2A1;CCL4;PIDD1;CD14;TNFAIP3;ERC1;TRAF3;CXCL8;CCL21;GADD45B
gsea,Dopaminergic synapse,0.46702244605205423,1.9283577393889764,1.000000e-03,1.761099e-02,2.400000e-01,36/131,15.03%,CACNA1C;GNG7;GNG8;CAMK2A;AKT3;DRD5;KCNJ5;SLC18A2;GNG2;CREB5;PRKCB;PLCB2;GNAO1;PPP2R2B;GNGT2;ITPR2;ADCY5;MAOB;MAPK10;SLC6A3;SLC18A1;DRD4;ITPR1;PRKCA;GNB3;MAPK11;SCN1A;GRIA1;GRIA3;DRD1;PPP1R1B;GNG11;GRIN2A;PLCB4;CACNA1D;KIF5A
gsea,Inflammatory mediator regulation of TRP channels,0.5342280461452725,1.9255419566538263,1.000000e-03,1.774769e-02,2.440000e-01,47/98,20.62%,ADCY4;CAMK2A;NTRK1;PRKCB;HTR2A;PTGER4;PLCB2;PLA2G4C;ADCY7;PTGER2;ITPR2;PLCG2;IGF1;ADCY5;JMJD7-PLA2G4B;MAPK10;IL1RAP;ADCY9;ADCY1;P2RY2;ITPR1;IL1B;PRKCA;PIK3CD;MAPK11;TRPV2;ADCY2;IL1R1;HRH1;PLA2G4F;PRKCE;PIK3R1;PLA2G6;PRKCQ;NGF;BDKRB2;PLCB4;ALOX12;ASIC4;PLCG1;HTR2B;PRKCH;PLA2G4B;ITPR3;PIK3R2;ADCY6;ASIC3
gsea,NOD-like receptor signaling pathway,0.4496472570213079,1.921080870294509,1.226994e-02,1.825726e-02,2.530000e-01,59/178,23.63%,NLRP1;CASP12;NLRP3;CARD9;BCL2;CXCL1;IFNAR2;PSTPIP1;P2RX7;NLRC4;TNF;NLRP12;PLCB2;TLR4;NOD1;ITPR2;NAIP;ANTXR1;MAPK10;ITPR1;IL1B;IFNA7;CXCL3;IRF9;MAPK11;TRPV2;NOD2;CARD8;MEFV;CYBB;NLRP7;ANTXR2;CXCL2;CASP1;STING1;PLCB4;IL6;CAMP;CARD16;RIPK3;AIM2;CASP5;NLRP6;JUN;TRAF6;ITPR3;TRAF5;GBP5;TRPM2;RNF31;DEFA1;CCL2;IKBKB;IRF7;GBP4;IKBKE;TYK2;RNASEL;IFNA5
gsea,Legionellosis,0.5556782013000556,1.9202184151676756,1.014199e-02,1.818572e-02,2.530000e-01,19/57,18.49%,CXCL1;ITGAM;NLRC4;TNF;CR1;TLR2;TLR4;TLR5;NAIP;IL1B;CXCL3;CLK4;ITGB2;CXCL2;IL12B;CASP1;IL6;IL12A;C3
gsea,Chagas disease,0.5171624257797556,1.9158854718580631,1.237113e-02,1.864028e-02,2.550000e-01,51/101,27.44%,TGFB2;AKT3;TGFB3;TNF;TLR2;PLCB2;GNAO1;TLR4;PPP2R2B;CD3G;IL2;MAPK10;ADCY1;ACE;CD247;IL1B;PIK3CD;FAS;MAPK11;NOS2;GNA14;IL12B;PIK3R1;BDKRB2;PLCB4;TGFBR2;TGFB1;CD3E;IL6;JUN;IL12A;TRAF6;C3;CD3D;FASLG;PIK3R2;SMAD2;CCL3;CCL2;IKBKB;CFLAR;IL10;PIK3R3;FOS;GNAI2;SERPINE1;C1QA;C1QC;GNA11;C1QB;CXCL8
gsea,PD-L1 expression and PD-1 checkpoint pathway in cancer,0.5150177971536712,1.9128067470858117,1.026694e-02,1.883395e-02,2.570000e-01,45/89,32.17%,NFATC1;RASGRP1;AKT3;CD28;NFATC2;TLR2;TLR4;ZAP70;LAT;CD3G;CD274;CD247;PIK3CD;MAP3K3;MAPK11;JAK2;CD4;PDCD1;PIK3R1;EGFR;PRKCQ;CD3E;PLCG1;JUN;TRAF6;CD3D;TICAM2;PIK3R2;LCK;NFATC3;IKBKB;PPP3CC;PIK3R3;FOS;JAK1;PTEN;BATF3;IKBKG;NFKBIE;PPP3CA;MYD88;NFKB1;AKT1;PTPN6;NFKBIA
gsea,Intestinal immune network for IgA production,0.7108838790678917,1.9036118528547512,7.905138e-03,1.988912e-02,2.730000e-01,35/45,21.09%,TNFRSF13B;CD40LG;CD80;ITGA4;CD28;CXCL12;ITGB7;HLA-DOB;IL2;HLA-DOA;HLA-DQA1;HLA-DQB1;ICOS;HLA-DQA2;TNFRSF13C;TNFRSF17;IL4;CD86;PIGR;HLA-DMB;MAP3K14;HLA-DPB1;TGFB1;TNFSF13B;IL6;HLA-DPA1;HLA-DRB5;TNFSF13;CD40;HLA-DMA;CCR9;ICOSLG;CCR10;HLA-DRB1;MADCAM1
gsea,Ribosome,-0.47559096299889886,-1.8940854420728117,4.313725e-02,4.813650e-01,2.870000e-01,110/137,46.05%,RPL3L;RPL10L;MRPL22;MRPL13;MRPS18C;MRPS11;MRPL2;MRPL12;RNA5S17;RPS10-NUDT3;MRPS12;MRPS15;RPL22L1;MRPL21;MRPL30;MRPL15;RSL24D1;RPS4Y1;MRPL11;MRPL35;MRPL3;MRPL19;MRPL1;RPS26;MRPS9;RPL26L1;MRPL24;RPS15A;MRPL36;MRPL27;RPL26;MRPS16;MRPS18A;RPS7;MRPS10;MRPS7;MRPL9;MRPS17;MRPL18;MRPL17;RPS29;MRPL32;MRPL10;MRPL34;RPL35A;RPS16;MRPL33;RPS17;RNA5S9;RPL39;MRPS5;RPL9;RPL41;RPS3A;RNA5-8SN2;RPS21;RPL38;RPL24;RPLP0;MRPS14;RPL30;MRPS21;RPL27;RPS27A;MRPL16;RPL7;RPL23A;RPS19;RPS5;RPL4;RPL37A;RPS27L;RPL31;RPS3;RPS14;RPS12;RPL37;RPSA;RPS20;RPS18;RPL21;RPL8;RPL18A;MRPL23;RPL35;RPL27A;RPL6;MRPS2;RPS27;RPS8;RPL18;RPL14;RPS4Y2;RPL5;RNA5-8SN1;RPL19;RPS11;RPLP1;RPS6;FAU;RPS13;RPS24;RPL32;RPL29;RPL23;RPL7A;RPL36AL;RPL13A;RPS15;RPS25
gsea,Circadian entrainment,0.5504790751508172,1.8938664563880205,1.000000e-03,2.107884e-02,2.870000e-01,33/97,12.64%,CACNA1C;PRKG1;ADCY4;GUCY1A2;GNG7;GUCY1A1;CACNA1H;GNG8;PER3;CAMK2A;KCNJ5;GNG2;PRKCB;CACNA1G;PLCB2;GNAO1;ADCYAP1R1;ADCY7;GNGT2;ADCY5;RYR2;GUCY1B1;ADCY9;ADCY1;ITPR1;PRKCA;GNB3;GRIA1;ADCY2;GRIA3;RYR1;GNG11;GRIN2A
gsea,Human T-cell leukemia virus 1 infection,0.41992434437350545,1.8897466952092228,3.319502e-02,2.167278e-02,2.930000e-01,77/217,20.63%,TGFB2;ADCY4;NFATC1;AKT3;CSF2;EGR2;TLN2;TGFB3;MSX1;NFATC2;LTA;CREB5;TNF;CCND2;ITGAL;HLA-DOB;ADCY7;MMP7;CD3G;ADCY5;IL2;MAPK10;HLA-DOA;ADCY9;ADCY1;HLA-DQA1;HLA-DQB1;CRTC1;CDKN2B;PIK3CD;MAP3K3;HLA-DQA2;TNFRSF13C;IL2RB;ICAM1;ADCY2;ITGB2;SPI1;HLA-DMB;CD4;IL2RA;JAK3;MAP3K14;IL1R1;PIK3R1;HLA-DPB1;IL2RG;ETS1;MAP3K1;KAT2B;GPS2;STAT5A;MAD1L1;TGFBR2;TGFB1;CD3E;NRP1;IL6;HLA-DPA1;NFATC4;HLA-DRB5;EGR1;CCND1;ATM;CD40;HLA-DMA;JUN;CD3D;ELK4;SMAD4;PIK3R2;CCNA1;SMAD2;LCK;HLA-DRB1;ADCY6;CREBBP
gsea,Other types of O-glycan biosynthesis,0.47821764450053494,1.8807263326957757,1.593625e-02,2.274675e-02,3.020000e-01,9/47,9.58%,GXYLT2;ST6GAL2;GALNT17;GALNT15;GALNT16;MFNG;GALNT18;GALNT10;GALNT5
gsea,Cholinergic synapse,0.5140966425913968,1.8784227753090683,1.000000e-03,2.299362e-02,3.080000e-01,40/113,12.75%,CACNA1C;PIK3R6;ADCY4;GNG7;GNG8;BCL2;CAMK2A;AKT3;PIK3R5;PIK3CG;GNG2;CREB5;PRKCB;PLCB2;GNAO1;CHRNA6;KCNQ1;KCNQ5;ADCY7;GNGT2;ITPR2;ADCY5;CAMK4;ADCY9;ADCY1;KCNJ12;ITPR1;KCNQ3;KCNJ2;PRKCA;FYN;PIK3CD;GNB3;ADCY2;CHAT;JAK2;KCNQ4;PIK3R1;GNG11;ACHE
gsea,Measles,0.44271668525092783,1.8727121406790221,1.212121e-02,2.379869e-02,3.170000e-01,50/138,25.59%,TLR7;BCL2;AKT3;IFNAR2;CD28;SLAMF1;CCND2;CD209;TLR2;TLR4;FCGR2B;CD3G;IL2;MAPK10;CLEC4M;IL1B;IFNA7;PIK3CD;IRF9;FAS;IL2RB;IL12B;IL2RA;JAK3;PIK3R1;IL2RG;STAT5A;RAB9B;CD3E;MX2;BBC3;IL6;CCND1;JUN;IL12A;TRAF6;TP73;CD3D;FASLG;PIK3R2;IKBKB;MSN;IRF7;IKBKE;TYK2;IFNA5;PIK3R3;FOS;HSPA6;TNFAIP3
gsea,Influenza A,0.4337686025163782,1.8708197111192413,1.226994e-02,2.387386e-02,3.200000e-01,56/168,23.63%,CIITA;NLRP3;TLR7;TPSAB1;AKT3;TMPRSS2;IFNAR2;PRKCB;TNF;TPSD1;NXF5;TLR4;TPSB2;HLA-DOB;HLA-DOA;HLA-DQA1;HLA-DQB1;IL1B;IFNA7;PRKCA;PIK3CD;IRF9;FAS;HLA-DQA2;ICAM1;JAK2;HLA-DMB;IL12B;PIK3R1;HLA-DPB1;CASP1;RSAD2;MX2;IL6;HLA-DPA1;HLA-DRB5;IL33;TLR3;HLA-DMA;IL12A;NXF3;FASLG;PIK3R2;PABPN1;HLA-DRB1;CREBBP;CCL2;IKBKB;IRF7;PML;KPNA5;NXF1;IKBKE;TYK2;RNASEL;IFNA5
gsea,MicroRNAs in cancer,0.41808398922270384,1.8637784759818086,2.070393e-03,2.493578e-02,3.320000e-01,85/251,22.41%,TNN;ZFPM2;ITGB3;TGFB2;ZEB2;MMP16;NOTCH4;TNXB;RECK;BCL2;PDGFRA;MIR221;ZEB1;MIR126;MIR145;NOTCH1;PRKCB;CCND2;PDGFA;FGFR3;MIR135B;MIR27B;MIR23B;MMP9;TNC;TNR;PLCG2;FOXP1;IRS1;PDGFRB;ABCB1;MIR342;MIR200B;PRKCA;PIK3CD;MIR200A;MIR331;CYP1B1;TP63;MIR125B1;TIMP3;PTGS2;MIR181C;PLAU;THBS1;PDGFB;MIR23C;SLC45A3;BMF;PRKCE;PIK3R1;TRIM71;EGFR;WNT3A;GLS;MIR222;SOCS1;TPM1;SHC4;PLCG1;APC;CCND1;ATM;NOTCH2;RASSF1;MIR181B2;VEGFA;RPS6KA5;MIR26B;MIR210;HDAC5;BMPR2;VIM;PIK3R2;NOTCH3;MIR449A;MIR141;MIR199A1;CREBBP;MIR133A2;ITGA5;IKBKB;MIR615;MIR181D;SPRY2
gsea,Non-small cell lung cancer,0.4468948118736405,1.8610029717235226,1.878914e-02,2.528833e-02,3.380000e-01,22/72,19.62%,HGF;AKT3;PRKCB;PLCG2;PRKCA;PIK3CD;RASSF5;JAK3;PIK3R1;RXRG;EGFR;STAT5A;KIF5A;PLCG1;TGFA;CCND1;RXRA;PDPK1;RET;RASSF1;BRAF;PIK3R2
gsea,Hepatitis B,0.39013963525379325,1.8581653087256642,2.439024e-02,2.555757e-02,3.450000e-01,47/161,21.68%,TGFB2;CASP12;NFATC1;BCL2;AKT3;EGR2;TGFB3;NFATC2;CREB5;PRKCB;EGR3;TNF;TLR2;TLR4;MMP9;HSPG2;MAPK10;IFNA7;PRKCA;PIK3CD;FAS;MAPK11;JAK2;JAK3;PIK3R1;MAP3K1;STAT5A;TGFBR2;TGFB1;STAT4;PTK2B;IL6;NFATC4;TLR3;JUN;TRAF6;BRAF;SMAD4;FASLG;TICAM2;PIK3R2;CCNA1;CASP10;CREBBP;NFATC3;IKBKB;IRF7
gsea,Chronic myeloid leukemia,0.43075150529698614,1.8528716224023243,3.885481e-02,2.627296e-02,3.500000e-01,33/76,32.91%,SHC3;TGFB2;AKT3;TGFB3;SHC2;PIK3CD;PIK3R1;RUNX1;CBL;STAT5A;TGFBR2;TGFB1;SHC4;MECOM;CCND1;BRAF;SMAD4;PIK3R2;IKBKB;PIK3R3;BCR;ABL1;GADD45B;IKBKG;TGFBR1;STAT5B;NFKB1;AKT1;CDKN1A;NFKBIA;RB1;POLK;GAB2
gsea,Gap junction,0.47660834268783225,1.8456148525962588,2.008032e-02,2.728375e-02,3.560000e-01,26/88,13.79%,PRKG1;ADCY4;GUCY1A2;GUCY1A1;PDGFRA;PDGFD;PRKCB;HTR2A;PDGFA;PLCB2;ADCY7;ITPR2;ADCY5;PDGFRB;GUCY1B1;ADCY9;ADCY1;ITPR1;PRKCA;ADRB1;PDGFC;ADCY2;DRD1;PDGFB;EGFR;PLCB4
gsea,Long-term depression,0.516420743300105,1.8413810341643329,8.064516e-03,2.786101e-02,3.620000e-01,21/60,18.45%,PRKG1;GUCY1A2;GUCY1A1;PRKCB;PLCB2;GNAO1;PLA2G4C;ITPR2;IGF1;JMJD7-PLA2G4B;GUCY1B1;ITPR1;PRKCA;GRIA1;GRIA3;RYR1;PLA2G4F;PLCB4;PLA2G4B;BRAF;ITPR3
gsea,Renin-angiotensin system,0.6411547574881552,1.8398263903503602,9.765625e-03,2.785113e-02,3.660000e-01,11/23,19.05%,CTSG;CPA3;CMA1;ENPEP;AGT;ACE;ANPEP;AGTR1;REN;LNPEP;MME
gsea,IL-17 signaling pathway,0.4858151993495303,1.8359718847946056,1.590457e-02,2.856519e-02,3.720000e-01,48/94,32.59%,CSF2;CXCL1;CCL17;MMP13;TNF;MMP9;MAPK10;IL1B;CXCL3;MAPK11;IL13;IL4;PTGS2;IL17RE;CXCL2;IL17D;IL6;IL17RA;MAPK15;FOSB;CCL11;JUN;TRAF6;CXCL6;TRAF5;IL17A;CSF3;MMP1;CCL2;IKBKB;MMP3;IKBKE;IL17C;CCL20;FOS;TNFAIP3;TRAF3;CXCL8;IL17F;IKBKG;MAPK7;USP25;NFKB1;IL17RC;CXCL5;JUND;NFKBIA;TRADD
gsea,Phosphatidylinositol signaling system,0.44373632608145475,1.8343658681429282,1.169591e-02,2.876076e-02,3.720000e-01,31/97,19.92%,MTMR3;PRKCB;PLCB2;ITPR2;PLCG2;INPP5D;ITPR1;PRKCA;PIK3CD;PLCE1;SYNJ1;PLCD1;INPP5B;DGKH;PIK3R1;INPP5E;ITPKB;PLCB4;ITPKA;INPP4A;DGKI;PIK3C3;PLCG1;IP6K3;PLCD4;PIK3C2B;ITPR3;INPP5A;DGKD;PIK3R2;PIP5K1C
gsea,Glutamatergic synapse,0.5124742114057153,1.824200899851524,1.000000e-03,3.052712e-02,3.870000e-01,42/114,14.75%,CACNA1C;ADCY4;SLC1A7;GNG7;GNG8;GNG2;PRKCB;GRIK4;SHANK1;DLG4;PLCB2;GNAO1;SHANK3;PLA2G4C;SLC1A3;GRM8;ADCY7;GNGT2;ITPR2;ADCY5;JMJD7-PLA2G4B;ADCY9;ADCY1;SLC1A1;ITPR1;PRKCA;GNB3;GRIA1;GRM6;TRPC1;ADCY2;GRIA3;GRM2;PLA2G4F;GNG11;GRIN2A;SHANK2;GLS;PLCB4;GRIN3B;GRK3;CACNA1D
gsea,Staphylococcus aureus infection,0.5492342730072272,1.8213775546118889,1.590457e-02,3.081523e-02,3.940000e-01,60/91,27.43%,FCGR2C;C4A;SELP;C4B;ITGAM;ITGAL;CFI;FCGR2B;MASP2;HLA-DOB;FPR1;HLA-DOA;C3AR1;KRT27;HLA-DQA1;HLA-DQB1;KRT32;FCGR1A;HLA-DQA2;ICAM1;SELPLG;ITGB2;FCGR2A;FPR3;KRT14;HLA-DMB;PTAFR;MASP1;HLA-DPB1;KRT40;HLA-DPA1;CAMP;KRT39;HLA-DRB5;C1R;HLA-DMA;C5AR1;CFD;C3;FCAR;CFH;FPR2;C2;HLA-DRB1;DEFA1;FCGR3A;C1S;IL10;CFB;FCGR3B;KRT15;C1QA;HLA-DRA;DEFB103A;KRT17;KRT37;C1QC;C1QB;MBL2;KRT24
gsea,Allograft rejection,0.7062724662699886,1.7994703537980876,1.014199e-02,3.548475e-02,4.180000e-01,27/35,23.34%,CD40LG;CD80;CD28;TNF;HLA-DOB;IL2;HLA-DOA;HLA-DQA1;HLA-DQB1;FAS;HLA-DQA2;IL4;CD86;HLA-DMB;IL12B;HLA-DPB1;PRF1;HLA-DPA1;HLA-DRB5;CD40;HLA-DMA;IL12A;FASLG;HLA-DRB1;IL10;HLA-F;HLA-G
gsea,Insulin signaling pathway,0.3568045902897271,1.796243540074677,2.343750e-02,3.596127e-02,4.210000e-01,54/137,32.29%,SHC3;SORBS1;AKT3;PYGM;HK3;IRS1;PPP1R3C;MAPK10;SOCS2;PRKAR2B;SHC2;SLC2A4;PIK3CD;ACACB;FBP1;PIK3R1;CBL;SOCS1;PHKG1;FOXO1;PDE3B;SHC4;PRKCZ;PPP1R3F;PDPK1;TSC2;BRAF;PPP1R3E;TSC1;PRKAG3;INPP5A;PIK3R2;IKBKB;SH2B2;MKNK1;GCK;FBP2;RAPGEF1;PIK3R3;INSR;LIPE;PHKA2;EIF4E1B;PRKACA;SOCS3;TRIP10;CBLB;PTPN1;PPP1R3B;HKDC1;AKT1;CALML6;PRKAR1B;MKNK2
gsea,Purine metabolism,0.402610016304168,1.786207485155147,5.791506e-03,3.807875e-02,4.370000e-01,32/127,14.33%,PDE1B;ADCY4;GUCY1A2;AMPD1;GUCY1A1;NPR1;PDE2A;NT5C1A;NPR2;PDE5A;ENTPD3;ADCY7;ADCY5;GUCY1B1;AK1;ADCY9;ENTPD1;ADCY1;PDE3A;PDE7B;PDE1A;NT5E;PDE4C;ADCY2;PDE6G;PDE6H;PDE4A;PDE6C;ADA2;AK8;PDE3B;PDE6B
gsea,Gastric acid secretion,0.5271879722263714,1.7813358087981062,1.980198e-03,3.895673e-02,4.440000e-01,22/76,10.80%,ADCY4;ATP1B2;ATP1A2;MYLK;CAMK2A;PRKCB;PLCB2;KCNJ15;ATP4B;KCNQ1;ADCY7;ITPR2;ADCY5;ADCY9;ADCY1;HRH2;ITPR1;KCNJ2;PRKCA;ATP1A4;ADCY2;MYLK4
gsea,Epstein-Barr virus infection,0.37398957670933175,1.7751714861371872,6.109980e-02,4.014008e-02,4.520000e-01,62/197,23.72%,BCL2;AKT3;BTK;IFNAR2;TNF;CCND2;ENTPD3;TLR2;ITGAL;HLA-DOB;PLCG2;FCER2;CD3G;MAPK10;HLA-DOA;RUNX3;ENTPD1;CD19;CD247;HLA-DQA1;HLA-DQB1;IFNA7;CR2;PIK3CD;IRF9;FAS;MAPK11;HLA-DQA2;ICAM1;HLA-DMB;JAK3;MAP3K14;PIK3R1;HLA-DPB1;BLNK;CD3E;IL6;HLA-DPA1;HLA-DRB5;CCND1;CD40;HLA-DMA;JUN;TRAF6;TRAF5;CD3D;HES1;NCOR2;VIM;PIK3R2;CCNA1;HLA-DRB1;IKBKB;IRF7;IKBKE;HLA-F;SAP30L;HLA-G;SYK;TYK2;IFNA5;CD44
gsea,HIF-1 signaling pathway,0.40203359228117985,1.7711464016168699,2.892562e-02,4.102624e-02,4.570000e-01,27/109,15.76%,ANGPT4;BCL2;CAMK2A;AKT3;TEK;EGLN2;PRKCB;ANGPT1;TLR4;NOS3;HK3;PLCG2;IGF1;FLT1;PRKCA;PIK3CD;NOS2;ANGPT2;CYBB;PIK3R1;EGFR;NPPA;ENO4;EDN1;PFKFB3;IL6;PLCG1
gsea,Viral protein interaction with cytokine and cytokine receptor,0.6387529143690962,1.7694467905135705,2.448980e-02,4.112236e-02,4.610000e-01,59/97,21.60%,CX3CR1;IL34;CCL22;CX3CL1;XCR1;CXCL1;CCR2;CCL17;CCL14;CCR4;LTA;CCR7;CXCL12;CCR6;TNF;CXCL14;CCR8;CCL16;CCL13;TNFSF14;TNFRSF10C;CXCR3;CXCR5;CCL23;IL2;IL10RA;CCR5;IL10RB;CXCR2;CXCL3;CSF1;CSF1R;IL24;IL37;IL2RB;PPBP;IL18R1;CXCL2;IL2RA;CCL19;ACKR4;IL2RG;CXCR1;CCR1;ACKR3;IL6;CCL11;IL18RAP;CXCL6;CCR9;CCR10;IL6ST;TNFRSF1B;PF4V1;TNFRSF14;CCL3;CCL2;IL6R;CCL1
gsea,Thyroid cancer,0.44307384295329566,1.7649793715898894,3.012048e-02,4.204703e-02,4.680000e-01,20/37,38.36%,LEF1;NTRK1;TCF7L1;RXRG;CCND1;RXRA;RET;BRAF;TCF7;GADD45B;CTNNB1;CDKN1A;TCF7L2;POLK;GADD45G;RXRB;GADD45A;TP53;TPR;CDH1
gsea,Primary immunodeficiency,0.6920264874470483,1.7613786163077476,2.016129e-02,4.276434e-02,4.730000e-01,22/37,19.87%,CIITA;TNFRSF13B;CD40LG;BTK;ZAP70;IL7R;AIRE;CD19;ICOS;IGLL1;PTPRC;CD79A;TNFRSF13C;CD4;JAK3;IL2RG;BLNK;CD3E;CD40;CD3D;RFXAP;LCK
gsea,Homologous recombination,-0.6145796390848371,-1.758951500801152,7.797271e-03,6.142843e-01,4.820000e-01,10/41,5.30%,RAD51;RAD54B;BLM;EME1;XRCC2;RAD54L;BRCA1;BRCA2;BRIP1;BARD1
gsea,Longevity regulating pathway,0.38635869285542396,1.7560839110961277,3.550296e-02,4.391519e-02,4.840000e-01,33/101,27.23%,ADCY4;FOXA2;AKT3;CREB5;CRYAB;ADCY7;IGF1;IRS1;ADCY5;CAMK4;ADCY9;ADCY1;KL;PIK3CD;ADCY2;PIK3R1;SESN3;FOXO1;STK11;TSC2;TSC1;PRKAG3;PIK3R2;SESN1;ADCY6;FOXO3;PIK3R3;INSR;HSPA6;EHMT1;EIF4E1B;ADCY8;PRKACA
gsea,Serotonergic synapse,0.483023856159177,1.75231497553277,5.825243e-03,4.470037e-02,4.920000e-01,40/112,15.34%,CACNA1C;GNG7;GNG8;KCNJ5;SLC18A2;GNG2;PRKCB;HTR2A;KCNN2;ALOX15B;PTGS1;HTR1F;PLCB2;GNAO1;PLA2G4C;HTR7;GNGT2;ITPR2;RAPGEF3;ADCY5;MAOB;JMJD7-PLA2G4B;HTR6;HTR4;SLC18A1;ITPR1;PRKCA;GNB3;ALOX5;TRPC1;PTGS2;CYP4X1;SLC6A4;PLA2G4F;GNG11;HTR3C;PLCB4;ALOX12;CACNA1D;ALOX15
gsea,Pathways of neurodegeneration,0.3088721338154989,1.7467875797090568,1.603206e-02,4.574408e-02,4.980000e-01,88/460,18.85%,CACNA1C;CASP12;FZD2;WNT9A;NOX4;DKK2;WNT2;BCL2;CAMK2A;AXIN2;WNT10A;WNT5B;PRKCB;TNF;WNT2B;DNAI2;DLG4;PLCB2;WNT11;AGER;DNAH1;ITPR2;DNAH2;DNAH5;RYR2;MAPK10;WNT6;SLC6A3;DNAH6;WNT7B;KLC1;COX7A1;DNAH9;WNT9B;HIP1;ITPR1;FZD8;LRRK2;IL1B;WNT5A;COX4I2;CSF1;DNAH10;FZD1;DNAH11;PRKCA;FAS;MAPK11;NOS2;DNALI1;GRIA1;ATXN1;FZD7;GRIA3;PTGS2;CYBB;RYR1;PSEN2;GPX5;DNAH7;FZD4;GRIN2A;WNT3A;PLCB4;WNT7A;DNAI1;PINK1;CACNA1D;PIK3C3;KIF5A;DNAH12;ULK2;IL6;UBA7;PLCG1;APC;RYR3;PSMA2;ATG2B;IFT57;ERN1;CDK5R1;TUBA3D;BRAF;ITPR3;PRKN;PSMA8;FASLG
gsea,Amphetamine addiction,0.46340188821134154,1.7330455242020666,1.992032e-02,4.909076e-02,5.120000e-01,20/69,16.35%,CACNA1C;CAMK2A;SLC18A2;CREB5;PRKCB;ADCY5;ARC;MAOB;CAMK4;SLC6A3;SLC18A1;PRKCA;GRIA1;GRIA3;DRD1;PPP1R1B;GRIN2A;GRIN3B;CACNA1D;FOSB
gsea,Mismatch repair,-0.622411597485454,-1.7329299350860345,5.928854e-03,4.838580e-01,5.150000e-01,15/23,30.34%,EXO1;RFC4;RFC3;RFC5;RPA3;MSH2;PCNA;RFC2;SSBP1;POLD3;MSH6;LIG1;PMS2;MSH3;POLD2
gsea,Autoimmune thyroid disease,0.5609132175113883,1.7286345341900802,1.562500e-02,4.996957e-02,5.240000e-01,29/50,23.63%,CD40LG;CD80;CD28;TSHB;HLA-DOB;IL2;HLA-DOA;HLA-DQA1;HLA-DQB1;IFNA7;FAS;CTLA4;HLA-DQA2;IL4;CD86;HLA-DMB;HLA-DPB1;PRF1;HLA-DPA1;HLA-DRB5;CD40;HLA-DMA;FASLG;HLA-DRB1;IL10;TSHR;HLA-F;HLA-G;IFNA5
gsea,Toll-like receptor signaling pathway,0.45482164795634633,1.725098462548499,3.469388e-02,5.073782e-02,5.300000e-01,52/102,32.33%,TLR7;AKT3;CD80;IFNAR2;TNF;TLR2;TLR4;TLR5;CTSK;TLR8;MAPK10;IL1B;IFNA7;PIK3CD;MAPK11;CD86;IL12B;PIK3R1;IL6;CD40;TLR3;JUN;TLR1;IL12A;TRAF6;TICAM2;PIK3R2;CCL3;IKBKB;IRF7;IKBKE;IFNA5;CCL4;IRF5;PIK3R3;FOS;CD14;MAP2K7;TRAF3;CXCL8;CXCL9;IKBKG;TOLLIP;IFNA21;MYD88;NFKB1;AKT1;CXCL11;MAP3K8;TAB1;NFKBIA;CCL3L3
gsea,DNA replication,-0.6340656339059015,-1.7232738787343624,2.424242e-02,3.849900e-01,5.240000e-01,21/36,24.61%,PRIM1;POLE2;DNA2;RNASEH2A;RFC4;RFC3;RFC5;MCM4;PRIM2;MCM2;RPA3;POLA2;MCM6;POLA1;FEN1;PCNA;RFC2;SSBP1;MCM7;POLE;POLD3
gsea,Ether lipid metabolism,0.5174247386155437,1.7188779745835316,2.182540e-02,5.230400e-02,5.380000e-01,19/48,18.18%,PLA2G5;PLD4;PLB1;PLA2G4C;PLA2G1B;JMJD7-PLA2G4B;ENPP2;ENPP6;LPCAT2;TMEM86B;PLA2G12B;PLA2G4F;PLA2G6;PLA2G2A;LPCAT1;PLPP1;PLA2G2D;PLA2G4B;PLPP3
gsea,Insulin resistance,0.36806237534229547,1.7170795436039377,4.373757e-02,5.254793e-02,5.420000e-01,30/108,19.62%,AKT3;CREB5;PRKCB;TNF;PYGM;NOS3;IRS1;PPP1R3C;MAPK10;GFPT2;AGT;SLC27A1;SLC2A4;PIK3CD;ACACB;RPS6KA2;PRKCE;PIK3R1;CD36;PRKCQ;CPT1B;FOXO1;IL6;PRKCZ;TBC1D4;PDPK1;SLC27A3;PPP1R3E;PRKAG3;PIK3R2
gsea,alpha-Linolenic acid metabolism,0.6338775267417481,1.7150899779838502,2.549020e-02,5.296115e-02,5.440000e-01,15/25,26.58%,PLA2G5;PLB1;PLA2G4C;PLA2G1B;JMJD7-PLA2G4B;PLA2G12B;PLA2G4F;PLA2G6;PLA2G2A;PLA2G2D;PLA2G4B;PLA2G3;PLA2G4D;ACAA1;PLA2G2C
gsea,Autophagy,0.35407148487834483,1.7074298475079472,6.924644e-02,5.482532e-02,5.570000e-01,51/137,35.89%,RAB7B;BCL2;AKT3;DAPK2;MTMR3;ATG16L2;IRS1;MAPK10;ITPR1;MRAS;PIK3CD;PIK3R1;PRKCQ;PIK3C3;ULK2;STK11;ATG2B;ERN1;PDPK1;TSC2;TRAF6;TSC1;PIK3R2;DAPK3;CFLAR;ZFYVE1;PIK3R3;CTSD;DAPK1;PRKACA;ATG2A;PTEN;DEPTOR;ATG14;PRKCD;RUBCN;AKT1;AMBRA1;STX17;RRAS;SMCR8;RAB33B;DDIT4;MTMR14;UVRAG;C9orf72;ATG9B;ATG9A;PPP2CB;RAF1;IGF1R
gsea,Small cell lung cancer,0.416873531754476,1.706330326322833,5.845511e-02,5.484626e-02,5.590000e-01,51/92,33.23%,LAMA2;COL4A3;COL4A4;BCL2;AKT3;LAMC3;LAMA4;BIRC7;TRAF1;ITGA2;CDKN2B;PIK3CD;COL4A2;NOS2;PTGS2;LAMB1;COL4A1;PIK3R1;RXRG;FN1;CCND1;RXRA;ITGA3;LAMB2;TRAF6;TRAF5;PIK3R2;COL4A5;ITGA2B;LAMA3;IKBKB;LAMA1;PIK3R3;COL4A6;TRAF3;GADD45B;ITGAV;PTEN;IKBKG;ZBTB17;LAMB3;NFKB1;LAMC1;AKT1;LAMC2;CDKN1A;NFKBIA;RB1;RARB;POLK;APAF1
gsea,Circadian rhythm,0.4626472633992408,1.7061294102477682,3.193613e-02,5.459207e-02,5.610000e-01,8/30,19.09%,PER3;RORA;BHLHE41;NR1D1;CRY2;RORB;PRKAG3;BHLHE40
gsea,Herpes simplex virus 1 infection,0.485161796827668,1.7022787765990517,2.910603e-02,5.553863e-02,5.680000e-01,239/492,31.63%,ZFP92;ITGB3;ZNF154;ZNF763;ZNF540;CARD9;BCL2;AKT3;ZNF671;POU2F2;IFNAR2;LTA;TNF;ZNF337;CFP;NXF5;ZFP28;TLR2;ZNF662;TNFSF14;ZNF425;ZNF577;ZNF853;ZNF439;ZNF132;HLA-DOB;ZNF333;ZNF441;ZNF778;ZNF471;ZNF667;ZIK1;ZNF597;HLA-DOA;ZNF442;ZNF175;ZNF354C;ZNF431;ZNF382;HLA-DQA1;HLA-DQB1;IL1B;ZNF418;IFNA7;PIK3CD;IRF9;FAS;ZNF563;ZNF682;ZNF454;ZNF677;HLA-DQA2;ZNF470;ZNF814;ZFP37;ZNF649;ZNF490;ZNF699;ZFP57;ZNF578;ZNF589;JAK2;PILRA;ZNF709;ZNF100;ZNF554;ZNF214;ZNF430;ZNF665;HLA-DMB;ZNF836;IL12B;ZNF737;ZNF135;ZNF846;ZNF25;ZNF284;PIK3R1;ZNF727;ZNF177;ZNF790;ZNF224;HLA-DPB1;ZNF555;ZNF805;ZNF585A;ZNF44;ZNF90;ZNF582;STING1;ZNF10;ZNF211;ZNF547;ZNF708;ZNF169;IL6;HLA-DPA1;ZNF583;ZNF486;HLA-DRB5;ZNF429;ZNF568;ZNF91;ZNF534;ZNF773;NECTIN1;ZNF546;ZNF570;ZNF275;TLR3;ZNF700;ZNF506;ZNF615;POU2F3;ZNF841;ZNF559;ZNF658;ZNF136;ZNF417;HLA-DMA;ZNF85;ZNF783;ZNF559-ZNF177;ZNF571;TSC2;IL12A;TRAF6;ZNF785;ZNF707;C3;TRAF5;ZNF141;TSC1;NXF3;ZNF433;FASLG;ZNF235;HCFC2;ZFP90;ZNF484;ZNF81;ZNF17;ZNF19;ZNF254;PIK3R2;TNFRSF14;ZNF610;ZNF208;ZNF250;ZNF160;ZNF799;ZNF20;ZNF8;HLA-DRB1;ZNF43;ZNF37A;CCL2;ZNF324B;ZNF549;ITGA5;ZNF354B;IKBKB;ZNF225;IRF7;ZNF596;PML;ZNF879;ZNF479;ZNF599;ZNF324;ZNF316;ZNF528;NXF1;ZNF793;IKBKE;HLA-F;HLA-G;ZNF112;SYK;ZNF529;TYK2;RNASEL;ZNF621;IFNA5;ZNF343;ZNF548;BST2;CD74;PIK3R3;ZNF347;ZNF443;ZNF585B;ZNF23;ZNF234;ZNF83;HLA-DRA;ZNF256;ZNF230;ZNF14;JAK1;ZNF729;TRAF3;ZNF133;ZNF248;ZNF205;ZNF331;ZNF587;SOCS3;ZNF791;ZNF334;ZNF584;ZNF436;ZNF101;IKBKG;ZNF253;ZNF99;ZNF440;ZNF550;ZNF641;ZNF419;ZNF34;ZNF514;ZNF26;ZNF792;IFNA21;MYD88;ZNF79;NFKB1;ZNF780A;ZNF829;ZNF566;AKT1;ZNF84;ZNF619;ZNF41;OAS2;ZNF517;ZNF736;ZNF611
gsea,Folate biosynthesis,-0.535510793561109,-1.6916203804492072,4.133858e-02,3.700664e-01,5.620000e-01,9/26,14.11%,PAH;GGH;ALPI;AKR1C3;AKR1B10;DHFR;PTS;TPH2;TH
gsea,Cortisol synthesis and secretion,0.4987697906610117,1.691607121323166,1.953125e-02,5.873848e-02,5.810000e-01,25/65,20.53%,CACNA1C;ADCY4;CACNA1H;CREB5;CACNA1G;PLCB2;ADCY7;ITPR2;ADCY5;ADCY9;AGT;ADCY1;ITPR1;KCNA4;ADCY2;AGTR1;KCNK3;PLCB4;CACNA1D;CYP21A2;PDE8B;NR5A1;ITPR3;NR4A1;ADCY6
gsea,Insulin secretion,0.48554708647512895,1.6847751225608136,1.945525e-02,6.051867e-02,5.910000e-01,23/86,9.91%,CACNA1C;KCNMB1;ADCY4;KCNN3;ATP1B2;ATP1A2;CAMK2A;CREB5;PRKCB;KCNN2;KCNN4;PLCB2;ADCYAP1R1;FFAR1;RAPGEF4;ADCY7;ADCY5;RYR2;ADCY9;ADCY1;PRKCA;ATP1A4;ADCY2
gsea,Alzheimer disease,0.29149347468291403,1.6768615661104371,3.960396e-02,6.290560e-02,6.010000e-01,67/354,19.94%,CACNA1C;CASP12;FZD2;WNT9A;NOX4;DKK2;WNT2;AKT3;AXIN2;WNT10A;LPL;WNT5B;TNF;WNT2B;PLCB2;WNT11;BACE1;AGER;ITPR2;IRS1;APBB1;MAPK10;WNT6;WNT7B;KLC1;COX7A1;WNT9B;ITPR1;FZD8;IL1B;WNT5A;COX4I2;CSF1;LRP1;FZD1;PIK3CD;FAS;NOS2;FZD7;PTGS2;CYBB;PSEN2;PIK3R1;FZD4;GRIN2A;WNT3A;PLCB4;WNT7A;CACNA1D;PIK3C3;KIF5A;ULK2;IL6;APC;RYR3;PSMA2;ATG2B;ERN1;CDK5R1;TUBA3D;BRAF;ITPR3;PSMA8;MME;LRP6;PIK3R2;MAPT
gsea,Bladder cancer,0.41879483192346617,1.6689664456361668,5.508475e-02,6.525280e-02,6.130000e-01,14/41,21.14%,DAPK2;FGFR3;MMP9;MMP2;THBS1;EGFR;HBEGF;CCND1;RASSF1;VEGFA;BRAF;RPS6KA5;MMP1;DAPK3
gsea,Human immunodeficiency virus 1 infection,0.3357255146447097,1.668568718083333,5.823293e-02,6.498485e-02,6.130000e-01,48/211,19.63%,GNG7;NFATC1;GNG8;BCL2;AKT3;NFATC2;GNG2;PRKCB;TNF;TLR2;GNAO1;TLR4;GNGT2;ITPR2;PLCG2;CD3G;CCR5;MAPK10;CD247;ITPR1;IFNA7;PRKCA;PIK3CD;FAS;GNB3;MAPK11;APOBEC3H;CD4;PIK3R1;GNG11;STING1;PTK2B;CD3E;AP1S2;PLCG1;NFATC4;SAMHD1;ATM;PAK3;AP1M1;JUN;TRAF6;ITPR3;TRAF5;CD3D;FASLG;PIK3R2;TNFRSF1B
gsea,Morphine addiction,0.49141156583953377,1.663701100862781,1.197605e-02,6.622811e-02,6.180000e-01,33/91,14.39%,PDE1B;GABRD;ADCY4;GNG7;GNG8;PDE2A;GABBR1;KCNJ5;GABBR2;GNG2;PRKCB;GABRE;GNAO1;GRK5;ADCY7;GNGT2;ADORA1;ADCY5;ADCY9;ADCY1;PDE3A;PDE7B;PDE1A;PRKCA;GNB3;PDE4C;ADCY2;PDE4A;DRD1;GNG11;GABRR2;PDE3B;GRK3
gsea,Carbohydrate digestion and absorption,0.4894749703603769,1.6587211721830988,2.004008e-02,6.745631e-02,6.260000e-01,14/47,14.75%,ATP1B2;ATP1A2;AMY2B;AKT3;PRKCB;PLCB2;HK3;PIK3CD;ATP1A4;LCT;PIK3R1;AMY1B;PLCB4;CACNA1D
gsea,Citrate cycle (TCA cycle),-0.5002687574919406,-1.651784005468345,2.964427e-02,3.827237e-01,6.270000e-01,21/30,42.26%,OGDHL;PCK1;IDH3A;SDHA;IDH1;DLD;MDH1;SUCLG1;DLAT;SDHC;SDHB;SUCLA2;FH;SDHD;MDH2;PDHA1;ACO2;IDH2;SUCLG2;PCK2;IDH3B
gsea,Pancreatic secretion,0.4698624516192527,1.6398658209630699,1.523810e-02,7.443883e-02,6.460000e-01,37/102,20.60%,PLA2G5;ADCY4;ATP1B2;ATP1A2;SCT;AMY2B;SCTR;CPA3;PRKCB;SLC4A4;PLCB2;KCNQ1;PLA2G1B;ADCY7;ITPR2;ADCY5;RYR2;ADCY9;ADCY1;ITPR1;PRKCA;ATP1A4;TRPC1;ADCY2;PLA2G12B;AMY1B;PLCB4;CPB2;KCNMA1;PLA2G2A;PLA2G2D;ITPR3;PLA2G3;ATP2B4;ADCY6;AMY2A;ATP2B2
gsea,Cardiac muscle contraction,0.4414752279942545,1.6339134568954683,2.739726e-02,7.648769e-02,6.560000e-01,20/83,9.96%,CACNA1C;CASQ2;ATP1B2;ATP1A2;CACNB1;SLC8A1;CACNA2D2;MYL4;MYL3;CACNA2D4;SLC8A3;RYR2;ACTC1;COX7A1;TNNC1;COX4I2;CACNA2D1;ATP1A4;HRC;CACNA2D3
gsea,African trypanosomiasis,0.5720461079731856,1.6324346835119754,3.877551e-02,7.661529e-02,6.580000e-01,17/36,18.85%,PRKCB;VCAM1;TNF;IDO2;LAMA4;PLCB2;IL1B;PRKCA;FAS;SELE;ICAM1;IL12B;NPPA;PLCB4;IL6;IL12A;FASLG
gsea,GABAergic synapse,0.4762089044427315,1.6321313946040386,2.231237e-02,7.631908e-02,6.590000e-01,27/89,13.55%,CACNA1C;SLC6A1;GABRD;ADCY4;GNG7;PLCL1;GNG8;GABBR1;GABBR2;GNG2;PRKCB;GABRE;GNAO1;SLC38A5;ADCY7;ABAT;GNGT2;ADCY5;ADCY9;ADCY1;PRKCA;GNB3;ADCY2;GNG11;GABRR2;SLC6A12;GLS
gsea,Thyroid hormone synthesis,0.4527251636917474,1.6258741250656967,2.500000e-02,7.832072e-02,6.750000e-01,17/75,10.95%,ADCY4;ATP1B2;ATP1A2;CREB5;PRKCB;TSHB;PLCB2;ADCY7;ITPR2;ADCY5;ADCY9;ADCY1;ITPR1;PRKCA;ATP1A4;ADCY2;GPX5
gsea,Type I diabetes mellitus,0.5849949906094053,1.6219668418629314,4.907975e-02,7.928951e-02,6.780000e-01,25/41,23.34%,CD80;CD28;LTA;TNF;HLA-DOB;IL2;HLA-DOA;HLA-DQA1;HLA-DQB1;IL1B;FAS;HLA-DQA2;CD86;HLA-DMB;IL12B;HLA-DPB1;PRF1;HLA-DPA1;HLA-DRB5;HLA-DMA;IL12A;FASLG;HLA-DRB1;HLA-F;HLA-G
gsea,Spinocerebellar ataxia,0.3290775677074693,1.61074438908936,5.500982e-02,8.329634e-02,6.890000e-01,33/143,20.22%,FGF14;AKT3;KCNC3;RORA;PRKCB;BEAN1;PLCB2;KCND3;ITPR2;MAPK10;ITPR1;PRKCA;PIK3CD;GRIA1;ATXN1;GRIA3;RYR1;PIK3R1;GRIN2A;PLCB4;GRIN3B;VLDLR;PIK3C3;ULK2;PSMA2;ATG2B;ERN1;ITPR3;PSMA8;PIK3R2;CIC;RELN;ATXN1L
gsea,Neuroactive ligand-receptor interaction,0.44163016291212404,1.610639428830541,8.080808e-03,8.286283e-02,6.890000e-01,133/338,18.49%,GRID1;PTH1R;PTGIR;GRP;P2RX1;GABRD;TBXA2R;APLNR;CTSG;GHRL;SCT;P2RY13;GABBR1;GHR;CYSLTR1;SCTR;P2RY8;P2RY14;ADRB2;DRD5;CYSLTR2;EDNRA;EDNRB;GABBR2;PTGER3;P2RX7;ADRB3;VIP;PTGDR;HTR2A;PTGER1;GABRE;GRIK4;CNR2;SSTR3;TSHB;PTGER4;HTR1F;CHRNA6;VIPR1;ADCYAP1R1;CHRNE;HTR7;P2RX2;ADRA2A;GRM8;ADORA3;FPR1;S1PR3;PTGER2;LPAR4;ADORA1;P2RY11;CALCRL;GIPR;HTR6;AVPR2;PTGFR;CHRNA2;APLN;C3AR1;AGT;S1PR4;HTR4;P2RY2;RXFP2;DRD4;HRH2;ADRA1B;GNRH1;ADRA1A;CHRNA1;P2RY10;ADRB1;RXFP1;S1PR2;EDN2;ADORA2A;P2RY6;GRIA1;S1PR1;OPRL1;GRM6;NPFFR1;OXTR;ADRA1D;HRH4;SSTR4;LPAR3;FPR3;GRIA3;GRM2;DRD1;CHRNB3;HRH1;PTAFR;GABRR2;LEPR;TAC4;GRIN2A;LHB;AGTR1;OXT;P2RY1;P2RX3;NMUR1;NPY4R2;EDN1;BDKRB2;MC5R;GRIN3B;LTB4R2;ADRA2C;UTS2R;CNR1;F2RL3;CHRNA10;THRA;HCRTR1;GLP1R;NPY4R;F2R;LPAR6;HTR2B;AVPR1B;GRIK2;GLP2R;C5AR1;LTB4R;MCHR1;RLN3;SSTR2;C3
gsea,Glycosphingolipid biosynthesis,0.4361521558945115,1.6067956822407399,3.073770e-02,8.412267e-02,6.920000e-01,11/45,11.31%,FUT7;ST3GAL5;ST8SIA1;ST6GALNAC5;ST3GAL6;ST3GAL2;ABO;GBGT1;ST6GALNAC6;B3GALT2;FUT1
gsea,Ribosome biogenesis in eukaryotes,-0.34325611927933103,-1.6067709531031518,6.990291e-02,4.121615e-01,6.880000e-01,48/84,37.01%,REXO5;RPP40;RPP25;POP1;EMG1;RNA5S17;NMD3;SNORD3A;RPP38;GTPBP4;POP7;POP4;CSNK2A3;WDR43;SNORD3C;CSNK2B;RAN;RPP30;WDR75;NXF2;UTP15;LSG1;POP5;NXT2;RPP25L;AK6;IMP3;XPO1;NOP10;UTP4;RIOK1;GNL3;RRP7A;UTP18;IMP4;MPHOSPH10;NHP2;NOP58;DKC1;NOP56;NOB1;NXT1;RNA5S9;CSNK2A1;UTP6;RBM28;RNA5-8SN2;WDR3
gsea,Cell cycle,-0.4777533564401228,-1.6058374297320321,9.523810e-02,3.621286e-01,6.880000e-01,29/124,7.66%,CDC25C;TTK;CDC45;BUB1;BUB1B;ORC6;MAD2L1;ORC1;CCNA2;CDC6;CCNE1;ESPL1;PLK1;CCNB2;CDC25A;CDK1;CHEK1;E2F2;PKMYT1;DBF4;CCNE2;SKP2;CCNB1;CCNB3;CDC20;CHEK2;CDC7;PTTG1;MCM4
gsea,Natural killer cell mediated cytotoxicity,0.4605065584852675,1.6047048036014233,7.692308e-02,8.441968e-02,6.960000e-01,54/124,26.07%,SHC3;NFATC1;CSF2;IFNAR2;NFATC2;PRKCB;TNF;ITGAL;ZAP70;LAT;PLCG2;CD247;NCR3;IFNA7;SHC2;PRKCA;FYN;PIK3CD;FAS;LCP2;VAV1;ICAM1;ITGB2;ICAM2;PIK3R1;CD48;HCST;SH2D1A;PRF1;PTK2B;SHC4;NCR2;KLRK1;PLCG1;BRAF;FASLG;ULBP3;PIK3R2;LCK;SH3BP2;FCGR3A;KIR2DL3;RAC2;PPP3CC;HLA-G;SYK;IFNA5;FCGR3B;MICB;PIK3R3;TYROBP;KIR2DS4;MICA;FCER1G
gsea,Long-term potentiation,0.40027898759848635,1.6045435994176254,3.488372e-02,8.399661e-02,6.960000e-01,30/67,31.87%,CACNA1C;CAMK2A;PRKCB;PLCB2;ITPR2;RAPGEF3;CAMK4;ADCY1;ITPR1;PRKCA;GRIA1;RPS6KA2;GRIN2A;PLCB4;BRAF;ITPR3;CREBBP;GRIN2C;PPP3CC;ADCY8;PRKACA;CAMK2D;RPS6KA3;EP300;RPS6KA1;PPP3CA;CALML6;PLCB3;GRM5;CAMK2G
gsea,Aminoacyl-tRNA biosynthesis,-0.4745805259400905,-1.594698905382569,4.646465e-02,3.414202e-01,7.050000e-01,20/44,32.21%,DARS2;SARS2;MARS2;GATB;GATC;PSTK;QRSL1;YARS2;FARSB;PARS2;MARS1;MTFMT;TARS1;GARS1;RARS2;TARS2;RARS1;IARS1;DARS1;NARS2
gsea,Oxidative phosphorylation,-0.3425282320510738,-1.5940506571775745,1.079430e-01,3.082300e-01,7.060000e-01,73/118,35.44%,UQCRHL;NDUFA9;COX7B2;ATP6V1E2;NDUFB9;ATP5MF;ATP4A;SDHA;NDUFB5;COX17;COX7A2;NDUFS1;ATP5MC1;ATP5ME;ATP5PO;COX6A1;UQCRFS1;COX7B;ATP5MC3;UQCR11;NDUFB8;COX5A;UQCRQ;COX10;COX7A2L;CYC1;ATP6V1C2;NDUFB4;NDUFA10;NDUFB1;NDUFB3;COX5B;ATP5F1C;COX15;ATP5MG;NDUFC1;COX6B1;NDUFAB1;ATP5PF;COX6B2;NDUFA6;NDUFB6;UQCRB;NDUFB2;SDHC;UQCRH;NDUFA3;NDUFA5;NDUFS3;NDUFS2;SDHB;ATP5MC2;UQCR10;COX6C;NDUFA12;UQCRC2;ATP5PD;ATP5PB;ATP5F1B;ATP6V1B1;PPA2;NDUFA2;COX8A;COX4I1;ATP6V0B;NDUFA1;ATP5F1E;SDHD;NDUFS6;UQCRC1;NDUFA8;NDUFS8;NDUFB11
gsea,Type II diabetes mellitus,0.4424544007719754,1.5892566352796795,2.316602e-02,9.034859e-02,7.200000e-01,21/46,25.36%,CACNA1C;TNF;CACNA1G;HK3;IRS1;MAPK10;SOCS2;SLC2A4;PIK3CD;PRKCE;PIK3R1;SOCS1;CACNA1D;PRKCZ;KCNJ11;PIK3R2;IKBKB;MAFA;GCK;PIK3R3;INSR
gsea,Terpenoid backbone biosynthesis,-0.48930136460325235,-1.5883002919077247,5.389222e-02,2.882442e-01,7.110000e-01,10/22,28.59%,IDI2;PDSS1;ACAT2;FDPS;HMGCS1;PDSS2;IDI1;NUS1;HMGCS2;HMGCR
gsea,Pentose and glucuronate interconversions,-0.5861601022681389,-1.5881855920478756,6.236559e-02,2.643088e-01,7.110000e-01,17/32,23.03%,UGT1A7;UGT1A4;AKR1B10;RPEL1;SORD;XYLB;UGT1A1;UGT2A1;UGT1A6;UGT1A10;UGDH;UGT2A2;UGT2B7;RPE;UGT2B28;UGT1A8;UGT2A3
gsea,Graft-versus-host disease,0.650697112172407,1.5794245795068003,7.127883e-02,9.393445e-02,7.280000e-01,24/38,23.34%,CD80;CD28;TNF;HLA-DOB;IL2;HLA-DOA;HLA-DQA1;HLA-DQB1;IL1B;FAS;HLA-DQA2;CD86;HLA-DMB;HLA-DPB1;PRF1;IL6;HLA-DPA1;HLA-DRB5;HLA-DMA;FASLG;HLA-DRB1;KIR2DL3;HLA-F;HLA-G
gsea,Linoleic acid metabolism,0.5844002230608223,1.5646758165476748,5.108055e-02,9.945525e-02,7.490000e-01,14/29,20.21%,PLA2G5;PLB1;PLA2G4C;CYP1A2;PLA2G1B;JMJD7-PLA2G4B;PLA2G12B;PLA2G4F;PLA2G6;ALOX15;PLA2G2A;PLA2G2D;PLA2G4B;PLA2G3
gsea,Adipocytokine signaling pathway,0.37139367351327457,1.553000284624274,6.262231e-02,1.044813e-01,7.580000e-01,21/69,19.63%,AKT3;TNF;AGRP;IRS1;MAPK10;SLC2A4;ACSBG1;ACACB;JAK2;LEPR;RXRG;CPT1C;CD36;PRKCQ;ACSL5;CPT1B;STK11;ACSL6;RXRA;PRKAG3;TNFRSF1B
gsea,FoxO signaling pathway,0.3203554571628962,1.5357639441357955,9.623431e-02,1.125238e-01,7.860000e-01,52/130,29.33%,TGFB2;AGAP2;AKT3;TGFB3;CCND2;IGF1;IL7R;IRS1;MAPK10;S1PR4;CDKN2B;SLC2A4;PIK3CD;MAPK11;S1PR1;KLF2;PLK3;PIK3R1;EGFR;FOXO6;FOXO1;TGFBR2;TGFB1;IL6;STK11;CCND1;ATM;PDPK1;BRAF;PLK2;PRKAG3;SMAD4;FASLG;PIK3R2;CREBBP;FOXO4;IKBKB;FOXO3;FBXO25;IL10;HOMER3;PIK3R3;INSR;STK4;RAG2;GADD45B;PTEN;BCL6;RBL2;TGFBR1;EP300;TNFSF10
gsea,Retrograde endocannabinoid signaling,0.37264742451247745,1.5200195418215545,5.128205e-02,1.197118e-01,7.910000e-01,32/139,14.75%,CACNA1C;GABRD;ADCY4;GNG7;GNG8;KCNJ5;GNG2;PRKCB;GABRE;PLCB2;GNAO1;ADCY7;GNGT2;ITPR2;ADCY5;MAPK10;ADCY9;ADCY1;ITPR1;PRKCA;GNB3;MAPK11;GRIA1;ADCY2;GRIA3;PTGS2;MGLL;GNG11;GABRR2;PLCB4;CNR1;CACNA1D
gsea,Fanconi anemia pathway,-0.5020967428106342,-1.5151691309486537,9.487666e-02,3.471644e-01,7.980000e-01,18/54,12.09%,RAD51;BLM;FANCI;EME1;FANCB;UBE2T;BRCA1;FANCD2;CENPS;FANCA;BRCA2;FAAP24;BRIP1;FANCG;RMI2;RMI1;FANCM;RPA3
gsea,Vasopressin-regulated water reabsorption,0.37213101995992937,1.5149007965566246,8.771930e-02,1.219146e-01,7.970000e-01,20/44,38.12%,DYNC2H1;CREB5;AVPR2;ADCY9;AQP4;AQP3;ADCY6;ARHGDIB;VAMP2;PRKACA;CREB3L1;DYNC1H1;DYNC1LI2;CREB1;STX4;CREB3L2;DCTN1;DYNLL2;ARHGDIA;RAB11B
gsea,Cocaine addiction,0.43637383620805137,1.5085408698853588,6.639839e-02,1.248782e-01,8.010000e-01,16/49,18.05%,SLC18A2;CREB5;DLG4;ADCY5;MAOB;SLC6A3;SLC18A1;GPSM1;GRM2;DRD1;PPP1R1B;GRIN2A;GRIN3B;FOSB;CDK5R1;JUN
gsea,Hepatitis C,0.2963517592713076,1.5078883197928743,8.300395e-02,1.246338e-01,8.010000e-01,60/155,32.59%,CLDN9;AKT3;IFNAR2;TNF;PPP2R2B;CLDN11;IFNA7;CLDN16;PIK3CD;IRF9;FAS;CLDN2;PIK3R1;EGFR;RSAD2;MX2;CLDN5;IFIT1;CCND1;CLDN18;RXRA;TLR3;CLDN20;TRAF6;BRAF;FASLG;PIK3R2;CLDN14;IKBKB;IRF7;CFLAR;CLDN24;IKBKE;CD81;TYK2;RNASEL;IFNA5;PIK3R3;OCLN;CLDN23;CLDN15;JAK1;TRAF3;SOCS3;CLDN1;CLDN8;LDLR;IKBKG;CLDN19;CTNNB1;MX1;IFNA21;NFKB1;AKT1;OAS2;CDKN1A;NFKBIA;CLDN3;RB1;TRADD
gsea,PPAR signaling pathway,0.39113438565599884,1.5007236909253434,5.964215e-02,1.273904e-01,8.120000e-01,26/74,21.57%,SORBS1;LPL;ILK;ACOX2;SCD5;OLR1;FABP3;AQP7;SLC27A1;FABP4;ACSBG1;CYP7A1;RXRG;CPT1C;CD36;ACSL5;CPT1B;ACSL6;RXRA;ACADL;PDPK1;CYP27A1;PLIN5;MMP1;ANGPTL4;ME3
gsea,Chemical carcinogenesis,0.3334159001103339,1.4923707181045371,5.642023e-02,1.315819e-01,8.190000e-01,48/227,14.75%,CACNA1C;PGR;GSTM5;ADCY4;HPGDS;FGF10;FGF18;BCL2;AKT3;AR;ADRB2;FGF7;ADRB3;CREB5;PRKCB;DLL4;FGF9;CYP1A2;ADCY7;ESR1;ADCY5;ADCY9;ADCY1;GSTT2B;GSTM2;DLL1;PRKCA;ADRB1;PIK3CD;HSD11B1;VDR;FGF2;FGF16;CYP1B1;ADCY2;PTGS2;JAG1;JAK2;EPHX3;RPS6KA2;PIK3R1;RXRG;EGFR;STAT5A;ESR2;PAQR8;FGF22;CACNA1D
gsea,Necroptosis,0.31007783507274755,1.4882141869500054,6.508876e-02,1.331509e-01,8.220000e-01,32/155,18.88%,NLRP3;BCL2;CAMK2A;IFNAR2;TNF;PYGM;ZBP1;TLR4;PLA2G4C;JMJD7-PLA2G4B;MAPK10;CHMP4A;IL1B;IFNA7;IRF9;FAS;CYBB;JAK2;JAK3;PLA2G4F;CASP1;STAT5A;STAT4;CYLD;ALOX15;RIPK3;IL33;TLR3;PLA2G4B;TRAF5;FASLG;TICAM2
gsea,Protein export,-0.47847964971025253,-1.4865197807740598,6.175299e-02,3.665358e-01,8.260000e-01,15/23,42.74%,IMMP1L;SRPRB;IMMP2L;SEC61A2;SEC61G;SRP72;SRP9;SPCS1;SEC11A;SPCS2;SRP14;SRP54;SEC61B;SEC62;SRP19
gsea,Pancreatic cancer,0.3512234159627977,1.4835802583854818,1.471215e-01,1.352478e-01,8.310000e-01,32/76,32.84%,TGFB2;AKT3;TGFB3;ARHGEF6;RALGDS;MAPK10;PIK3CD;PIK3R1;EGFR;TGFBR2;TGFB1;TGFA;CCND1;VEGFA;BRAF;SMAD4;PIK3R2;SMAD2;IKBKB;RAC2;PIK3R3;JAK1;GADD45B;IKBKG;TGFBR1;PLD2;NFKB1;AKT1;CDKN1A;RB1;ERBB2;POLK
gsea,ABC transporters,0.44662334780184076,1.449235786943541,7.753479e-02,1.541297e-01,8.610000e-01,13/45,10.47%,ABCA6;ABCA9;ABCC9;ABCA8;ABCA3;ABCC6;ABCB1;ABCA4;ABCA2;ABCA10;ABCG4;ABCA1;ABCD2
gsea,Arachidonic acid metabolism,0.4557375789588088,1.4473530183820003,8.143939e-02,1.544611e-01,8.630000e-01,25/61,17.48%,PLA2G5;LTC4S;HPGDS;PTGDS;CYP2U1;PLB1;GGT5;ALOX15B;PTGS1;PLA2G4C;PTGIS;PLA2G1B;JMJD7-PLA2G4B;ALOX5;PTGS2;GPX5;PLA2G12B;PLA2G4F;PLA2G6;ALOX12;TBXAS1;ALOX15;PLA2G2A;PLA2G2D;PLA2G4B
gsea,Ovarian steroidogenesis,0.44218770685965786,1.4427717304456464,8.251473e-02,1.564056e-01,8.700000e-01,27/51,27.23%,ADCY4;PLA2G4C;ADCY7;IGF1;ADCY5;JMJD7-PLA2G4B;ADCY9;ADCY1;ALOX5;CYP1B1;ADCY2;BMP15;ACOT1;PTGS2;PLA2G4F;LHB;BMP6;PLA2G4B;LHCGR;ADCY6;PLA2G4D;CYP17A1;INSR;CYP1A1;FSHR;ADCY8;PRKACA
gsea,Proximal tubule bicarbonate reclamation,0.47187071123293456,1.4395284615697164,8.442777e-02,1.575732e-01,8.740000e-01,6/23,13.55%,ATP1B2;ATP1A2;SLC4A4;ATP1A4;AQP1;GLS
gsea,Spliceosome,-0.2748613562689355,-1.4318845235402042,1.262327e-01,4.265656e-01,8.790000e-01,80/147,43.59%,THOC3;RNU6-9;MAGOHB;SNRPA1;SNRPG;RNU5A-1;RNU6-1;PRPF40B;RNU2-1;LSM5;RNVU1-7;SNRPD1;RNU1-2;PRPF18;RBMXL3;SNRPF;PHF5A;BUD31;PPIH;SNRNP27;LSM4;RNU1-1;USP39;RNVU1-1;SNRPD2;SNRPE;LSM2;PPIL1;SRSF9;HSPA2;RNU1-4;RNU1-3;LSM3;SNRPB;CDC40;TRA2B;SF3B6;RNU4-2;SMNDC1;U2SURP;PRPF4;EIF4A3;PRPF40A;RNVU1-18;ALYREF;SNRPC;HNRNPC;CWC15;DDX23;NCBP1;BCAS2;MAGOH;PLRG1;RBM8A;SNRNP40;PUF60;DHX15;SF3B5;SRSF7;RBM17;SNRPB2;HSPA1B;WBP11;SNRPA;EFTUD2;SRSF3;SF3B4;CDC5L;RBMXL1;PCBP1;TCERG1;LSM8;RBMX;RNU4-1;NCBP2;PQBP1;SF3A3;SNU13;LSM7;SRSF1
gsea,Glyoxylate and dicarboxylate metabolism,-0.3997644086288321,-1.4297599478080543,1.167002e-01,4.036234e-01,8.830000e-01,14/29,28.52%,HOGA1;GLDC;ACAT2;PCCB;AGXT;SHMT1;PGP;SHMT2;MCEE;DLD;MDH1;AFMID;GCSH;HAO1
gsea,Primary bile acid biosynthesis,0.5084585773026682,1.4296335362092951,1.021611e-01,1.635111e-01,8.830000e-01,5/17,3.56%,CYP46A1;BAAT;CH25H;CYP7B1;ACOX2
gsea,Complement and coagulation cascades,0.4368587794379941,1.4101072962139034,1.287129e-01,1.744015e-01,8.950000e-01,53/85,27.48%,C4A;C4B;F13A1;ITGAM;C6;C7;CR1;CFI;KLKB1;MASP2;F10;PLAT;C3AR1;VWF;C8B;ITGAX;CR2;THBD;F8;C4BPA;ITGB2;F11;PLAU;MASP1;BDKRB2;CPB2;F2RL3;F3;F2R;C1R;A2M;SERPING1;C5AR1;SERPIND1;CFD;CLU;C3;CFH;VSIG4;C2;C1S;PROS1;CFB;PROCR;SERPINF2;SERPINE1;C1QA;C1QC;C1QB;CD59;MBL2;PLAUR;SERPINA1
gsea,Fatty acid biosynthesis,0.44192394180210015,1.397440128340499,1.057884e-01,1.816327e-01,9.030000e-01,5/18,16.76%,ACSBG1;ACACB;ACSL5;ACSL6;ACSF3
gsea,Synaptic vesicle cycle,0.37711239585732903,1.383258945473974,9.255533e-02,1.907534e-01,9.150000e-01,15/77,13.47%,SLC6A1;SLC1A7;DNM3;SLC18A2;SLC1A3;SLC6A3;SLC1A1;SLC18A1;ATP6V0C;STXBP1;SLC6A4;SLC6A7;SLC6A12;ATP6V0D2;DNM1
gsea,Nucleotide excision repair,-0.3664237345845896,-1.3800324228998475,1.829026e-01,4.596084e-01,9.130000e-01,17/46,30.34%,POLE2;RFC4;RFC3;RFC5;GTF2H2;RPA3;GTF2H5;PCNA;GTF2H2C;RFC2;POLE;POLD3;MNAT1;LIG1;CDK7;POLE4;POLD2
gsea,Vibrio cholerae infection,0.33648157536847406,1.379511464559102,1.411765e-01,1.923467e-01,9.160000e-01,15/50,32.46%,KCNQ1;PLCG2;ADCY9;ATP6V0C;PRKCA;ATP6V0D2;PLCG1;ATP6V1G2;CFTR;PRKACA;ATP6V1B2;ATP6V0A1;TJP1;TCIRG1;ATP6V1G3
gsea,Thermogenesis,0.23859341063892484,1.3757314922052206,1.475728e-01,1.939573e-01,9.200000e-01,32/217,16.25%,PRKG1;ADCY4;PRDM16;NPR1;BMP8A;ADRB3;CREB5;FGFR1;ADCY7;ADCY5;ADCY9;ADCY1;COX7A1;COX4I2;MAPK11;SMARCE1;ADCY2;MGLL;SLC25A29;SMARCA2;RPS6KA2;CPT1C;NPPA;BMP8B;ACSL5;CPT1B;SMARCA4;CNR1;DPF3;ZNF516;ACSL6;COX20
gsea,Vitamin digestion and absorption,0.4453377587752977,1.3695926938810117,1.008230e-01,1.971784e-01,9.250000e-01,6/24,16.39%,CUBN;PLB1;SLC19A3;FOLH1;BTD;SLC19A1
gsea,Mineral absorption,0.36531795000673345,1.3677564663978645,1.047228e-01,1.974856e-01,9.250000e-01,28/60,33.69%,HEPH;ATP1B2;ATP1A2;SLC8A1;SLC8A3;VDR;ATP1A4;CYBRD1;SLC34A2;SLC26A9;MT1M;TRPV6;ATP2B4;MT1E;ATP2B2;MT1B;MT1HL1;SLC40A1;SLC34A3;SLC46A1;HEPHL1;MT1F;HMOX1;MT1A;ATP1A1;FXYD2;SLC11A2;SLC9A3
gsea,Pantothenate and CoA biosynthesis,0.43732653941576255,1.3572738574551797,1.439689e-01,2.039111e-01,9.310000e-01,11/20,34.78%,BCAT1;DPYD;GADL1;DPYS;UPB1;VNN2;ALDH2;ENPP3;ALDH1B1;PANK2;BCAT2
gsea,Antigen processing and presentation,0.42875766101309365,1.3514400532157518,2.212944e-01,2.069865e-01,9.350000e-01,23/70,25.95%,CIITA;TNF;IFI30;HLA-DOB;HLA-DOA;HLA-DQA1;HLA-DQB1;HLA-DQA2;HLA-DMB;CD4;HLA-DPB1;HLA-DPA1;HLA-DRB5;HLA-DMA;RFXAP;HLA-DRB1;KIR2DL3;HLA-F;HLA-G;CD74;HSPA6;KIR2DS4;HLA-DRA
gsea,RNA polymerase,-0.39124908685489646,-1.3327515209004799,1.819961e-01,5.128479e-01,9.370000e-01,17/31,40.15%,POLR3G;POLR2I;POLR1C;POLR1H;POLR2H;POLR3K;POLR2K;POLR2D;POLR3C;POLR2J;POLR1D;POLR2F;POLR2J3;POLR2B;POLR3F;POLR1B;POLR3B
gsea,Mucin type O-glycan biosynthesis,0.41388080101805497,1.3248156527156774,1.860000e-01,2.259377e-01,9.430000e-01,8/36,11.50%,GALNT17;GALNT15;GALNT16;ST3GAL2;GALNT18;GALNT10;GALNT5;GCNT4
gsea,RIG-I-like receptor signaling pathway,0.3157921439729701,1.3160450886880057,1.797980e-01,2.317498e-01,9.480000e-01,27/69,32.59%,TNF;RNF125;MAPK10;IFNA7;MAPK11;IL12B;MAP3K1;STING1;CYLD;IL12A;TRAF6;TBKBP1;CASP10;IKBKB;IRF7;IKBKE;DHX58;IFNA5;TRAF3;CXCL8;NLRX1;IKBKG;IFNW1;IFNA21;NFKB1;NFKBIA;TRADD
gsea,Fatty acid degradation,0.35095221340427263,1.315417040891893,1.850394e-01,2.311163e-01,9.480000e-01,9/43,17.46%,CYP2U1;ADH1B;ACSBG1;CPT1C;ACSL5;CPT1B;ACSL6;ACADL;ADH1A
gsea,Prion disease,0.22001006050487415,1.3128461425774134,1.846154e-01,2.319642e-01,9.490000e-01,35/258,16.45%,CACNA1C;CASP12;C6;NCAM2;NOTCH1;CREB5;NCF1;TNF;C7;CAV3;ITPR2;RYR2;MAPK10;KLC1;COX7A1;ITPR1;IL1B;COX4I2;C8B;FYN;PIK3CD;MAPK11;NCF4;CYBB;RYR1;PIK3R1;GRIN2A;NCF2;GRIN3B;CACNA1D;KIF5A;IL6;EGR1;RYR3;PSMA2
gsea,Cholesterol metabolism,0.370514667879159,1.3015948709752436,1.715976e-01,2.398819e-01,9.520000e-01,24/50,31.44%,LCAT;LPL;CETP;APOH;OSBPL5;LRP1;LIPC;LIPG;ABCA1;CYP7A1;CD36;CYP27A1;NPC2;ANGPTL4;MYLIP;LRP2;SOAT2;APOC2;LDLRAP1;LDLR;APOA4;LIPA;NPC1;SORT1
gsea,AMPK signaling pathway,0.27764832962846225,1.294883124813854,1.858586e-01,2.440549e-01,9.540000e-01,37/120,27.37%,AKT3;CREB5;SCD5;PPP2R2B;IGF1;STRADA;IRS1;ADRA1A;SLC2A4;PIK3CD;ACACB;FBP1;PIK3R1;LEPR;CPT1C;CD36;CPT1B;FOXO1;PFKFB3;STK11;CCND1;PDPK1;TSC2;TSC1;PRKAG3;PIK3R2;CCNA1;FOXO3;PPP2R5B;PPP2R3A;FBP2;PIK3R3;INSR;LIPE;CFTR;MLYCD;PFKFB2
gsea,Proteasome,-0.3754760874114603,-1.290652168475172,1.745098e-01,5.594097e-01,9.550000e-01,32/46,39.08%,PSMD14;SEM1;PSMA4;PSMD9;PSMA5;PSMA1;PSMC1;PSMD1;PSMD7;PSMD11;PSMC6;PSMC2;PSME4;PSMB5;PSMC4;PSMB6;PSMB3;PSMD4;PSMB1;PSMB4;PSMD2;POMP;PSMD12;PSMD8;PSMA7;PSMA3;PSMD3;PSME3;IFNG;PSMB2;PSMB8;PSMB7
gsea,Protein processing in endoplasmic reticulum,0.22626958353284635,1.280909128296508,2.161100e-01,2.544161e-01,9.570000e-01,24/169,26.63%,CASP12;BCL2;DERL3;CRYAB;MAN1C1;MAPK10;SEC31B;TXNDC5;TRAM1L1;FBXO2;SEL1L2;ERN1;DNAJC5B;PRKN;ERO1B;MAN1A1;YOD1;WFS1;EDEM1;HSPA6;PPP1R15A;UBE2G2;MAP2K7;ATXN3
gsea,Bile secretion,0.36482168067807375,1.270848327157225,1.624266e-01,2.613754e-01,9.600000e-01,21/88,11.29%,ADCY4;ATP1B2;ATP1A2;SCT;SCTR;BAAT;KCNN2;SLC4A4;AQP8;ADCY7;ADCY5;ABCB1;ADCY9;ADCY1;ATP1A4;AQP1;AQP4;ADCY2;SLC4A5;CYP7A1;SLC10A2
gsea,One carbon pool by folate,-0.39476458248352164,-1.2424459177890161,2.077393e-01,6.195195e-01,9.700000e-01,12/19,29.63%,MTHFD2;TYMS;MTHFS;ALDH1L1;DHFR;SHMT1;SHMT2;MTHFD1;MTFMT;GART;ATIC;FTCD
gsea,Glycosaminoglycan degradation,0.40909488239329295,1.2376034531678515,2.440945e-01,2.883739e-01,9.730000e-01,4/19,15.10%,HPSE2;IDS;ARSB;IDUA
gsea,Glucagon signaling pathway,0.26918008919391445,1.235262841260714,2.202729e-01,2.892330e-01,9.740000e-01,40/105,33.34%,CAMK2A;AKT3;CREB5;PYGM;PLCB2;ITPR2;ITPR1;ACACB;ADCY2;FBP1;CPT1C;PLCB4;PHKG1;CPT1B;FOXO1;PDE3B;ITPR3;PRKAG3;CREBBP;GCK;PPP3CC;FBP2;PHKA2;PRKACA;CAMK2D;CREB3L1;EP300;PPP3CA;AKT1;LDHAL6A;CALML6;PLCB3;GCGR;CAMK2G;CREB1;PFKL;GNAQ;SIK2;SIK1;SIRT1
gsea,Phenylalanine metabolism,-0.46846058753339703,-1.2242986205532058,2.425532e-01,6.241266e-01,9.720000e-01,6/17,10.68%,PAH;HPD;ALDH3B2;TAT;DDC;ALDH3A1
gsea,RNA transport,-0.2253503317245846,-1.2212918010920388,2.583333e-01,6.008100e-01,9.720000e-01,84/183,37.31%,THOC3;RNU6-9;MAGOHB;NUP37;SNUPN;RPP40;RPP25;POP1;NUP35;NDC1;RNU5A-1;XPOT;RNU6-1;GEMIN7;RNU2-1;EIF4EBP1;TACC3;NUP107;RAE1;NUP88;GEMIN6;EIF4E;SMN1;NUP155;RNVU1-7;EIF1AY;RNU1-2;NMD3;SNORD3A;RPP38;POP7;POP4;NUP43;GEMIN2;SNORD3C;PRMT5;RAN;RPP30;STRAP;NXF2;RNU1-1;POP5;RNVU1-1;NUP205;POM121L2;PYM1;NXT2;SENP2;RPP25L;XPO1;PAIP1;EIF2S1;EIF3J;NUP54;RNU1-4;RNU1-3;CLNS1A;EIF2S2;TGS1;RNU4-2;PABPC3;FXR1;SEH1L;EIF4A3;EIF5B;NUP50;RNVU1-18;ALYREF;EIF2S3;NXT1;SUMO1;NUP153;NCBP1;EIF3I;EIF2B2;EIF3CL;NUP85;EIF2B1;KPNB1;SAP18;MAGOH;EIF2B5;AAAS;RBM8A
gsea,Base excision repair,-0.3593498848324906,-1.2200741431141011,2.729045e-01,5.767128e-01,9.730000e-01,14/33,32.01%,NEIL3;POLE2;SMUG1;TDG;FEN1;UNG;PCNA;POLE;POLB;POLD3;LIG1;POLE4;POLD2;LIG3
gsea,N-Glycan biosynthesis,0.29499660709167846,1.2161454114034023,2.557173e-01,3.051693e-01,9.770000e-01,3/50,3.34%,ST6GAL2;MGAT3;MAN1C1
gsea,Taste transduction,0.36470572807928503,1.2094229659519322,1.980392e-01,3.092927e-01,9.800000e-01,20/85,14.55%,CACNA1C;PDE1B;ADCY4;SCNN1B;GABBR1;SCNN1G;GABBR2;KCNK5;HTR1F;PLCB2;P2RX2;PDE1A;GNB3;TAS2R4;HTR3C;P2RY1;P2RX3;PLCB4;TAS2R20;TAS1R1
gsea,p53 signaling pathway,-0.295823602481767,-1.2000519444796933,2.988281e-01,5.860545e-01,9.780000e-01,10/73,4.97%,RRM2;GTSE1;CCNE1;CCNB2;CDK1;SERPINB5;CHEK1;CCNE2;CCNB1;CHEK2
gsea,Nicotine addiction,-0.41458743357013655,-1.1966756770530398,2.272727e-01,5.680107e-01,9.790000e-01,12/40,5.41%,GABRA2;GABRA1;GABRR1;GABRA3;GABRQ;CHRNB2;CHRNA7;CACNA1A;GRIA2;GABRG2;GABRB1;GRIN2B
gsea,Neutrophil extracellular trap formation,0.316890933558029,1.1959094816352984,2.690763e-01,3.197480e-01,9.850000e-01,33/180,10.60%,ITGB3;TLR7;CTSG;AKT3;SELP;ELANE;ITGAM;SIGLEC9;PRKCB;NCF1;CR1;TLR2;ITGAL;PLCB2;TLR4;TLR8;FPR1;AGER;PLCG2;VWF;CLEC7A;GP1BA;AZU1;PRKCA;FCGR1A;PIK3CD;MAPK11;SELPLG;NCF4;ITGB2;FCGR2A;FPR3;CYBB
gsea,Tryptophan metabolism,0.3367264690231923,1.1885597610024572,2.490272e-01,3.252271e-01,9.860000e-01,14/42,26.48%,IDO2;INMT;CYP1A2;MAOB;HAAO;CYP1B1;IL4I1;AOX1;AADAT;AANAT;TDO2;ALDH2;CYP1A1;KYAT1
gsea,Steroid hormone biosynthesis,-0.3696436102915511,-1.1783612273013742,2.520492e-01,5.758964e-01,9.840000e-01,15/59,9.80%,AKR1C4;AKR1C2;UGT1A7;AKR1C1;AKR1C3;UGT1A4;UGT1A1;HSD17B1;CYP3A5;UGT2A1;UGT1A6;CYP11B2;CYP19A1;UGT1A10;HSD3B1
gsea,Oocyte meiosis,-0.28615911588960385,-1.1727034178356162,2.960000e-01,5.630782e-01,9.840000e-01,16/127,3.91%,CDC25C;SGO1;BUB1;MAD2L1;CCNE1;ESPL1;PLK1;CCNB2;CDK1;AURKA;FBXO43;FBXO5;PKMYT1;CCNE2;CCNB1;CDC20
gsea,Porphyrin and chlorophyll metabolism,-0.36369492893321526,-1.1571878671228317,3.064182e-01,5.660847e-01,9.850000e-01,20/41,31.02%,UGT1A7;UGT1A4;UGT1A1;UGT2A1;UGT1A6;UGT1A10;CP;UGT2A2;UGT2B7;HMBS;UGT2B28;COX10;UGT1A8;UGT2A3;HCCS;COX15;BLVRB;FXN;UGT2B10;MMAB
gsea,Ascorbate and aldarate metabolism,-0.4328914072348286,-1.1431700256838921,3.240343e-01,5.678053e-01,9.870000e-01,12/28,23.03%,UGT1A7;UGT1A4;UGT1A1;UGT2A1;UGT1A6;UGT1A10;UGDH;UGT2A2;UGT2B7;UGT2B28;UGT1A8;UGT2A3
gsea,beta-Alanine metabolism,0.32719925723163307,1.1371164023189422,2.934363e-01,3.740226e-01,9.930000e-01,6/30,12.90%,AOC3;ABAT;CARNS1;DPYD;GADL1;DPYS
gsea,Pentose phosphate pathway,-0.2894306664119324,-1.0910441592029951,3.502110e-01,6.304885e-01,9.910000e-01,11/30,22.74%,RPEL1;PRPS1L1;ALDOA;TKTL2;PGD;PGM2;G6PD;DERA;RPE;PFKP;GPI
gsea,Arginine and proline metabolism,0.2912274886549374,1.0844963084966905,3.683168e-01,4.277838e-01,9.930000e-01,8/50,8.86%,AZIN2;PRODH;NOS3;CARNS1;MAOB;CKMT2;NOS2;P4HA3
gsea,Galactose metabolism,-0.3057797809169329,-1.082537135724955,3.515152e-01,6.234629e-01,9.910000e-01,9/31,20.63%,AKR1B10;MGAM2;G6PC1;GLA;SI;HK2;PGM2;MGAM;PFKP
gsea,Mitophagy,0.23977895580221875,1.077351912452793,3.596154e-01,4.336552e-01,9.950000e-01,5/68,7.92%,RAB7B;MAPK10;MITF;TFEB;MRAS
gsea,Progesterone-mediated oocyte maturation,0.2673713982903946,1.062245627629977,4.094650e-01,4.478399e-01,9.950000e-01,27/98,20.53%,PGR;ADCY4;AKT3;ADCY7;IGF1;ADCY5;MAPK10;ADCY9;ADCY1;SPDYE18;PIK3CD;MAPK11;ADCY2;CPEB2;CPEB1;STK10;RPS6KA2;PIK3R1;MAD1L1;PDE3B;SPDYE5;SPDYE1;BRAF;CPEB3;PIK3R2;CCNA1;ADCY6
gsea,Histidine metabolism,0.3712718723702918,1.0594771421654436,4.169960e-01,4.488281e-01,9.990000e-01,4/22,5.89%,HDC;ASPA;CARNS1;MAOB
gsea,SNARE interactions in vesicular transport,0.2714716643437355,1.0568995047057395,3.645418e-01,4.497330e-01,9.990000e-01,2/33,4.73%,STX11;VAMP1
gsea,Nicotinate and nicotinamide metabolism,0.2789630424689896,1.050506717878402,3.869732e-01,4.544013e-01,9.990000e-01,8/34,24.15%,NT5C1A;NT5E;ASPDH;AOX1;SIRT3;NMNAT2;SIRT4;BST1
gsea,Glycolysis / Gluconeogenesis,-0.24330957148260224,-1.0390445221198619,3.884298e-01,6.716716e-01,9.940000e-01,10/66,12.22%,ALDH3B2;PGK2;PCK1;G6PC1;ALDOA;ADH4;PGAM4;ALDH3A1;PKLR;HK2
gsea,Biosynthesis of unsaturated fatty acids,0.32698688811846277,1.0375250425203901,4.164948e-01,4.669064e-01,9.990000e-01,4/27,10.32%,BAAT;SCD5;HACD4;ACOT1
gsea,Lysine degradation,0.24706530875798902,1.0309113001426973,4.031621e-01,4.722800e-01,9.990000e-01,21/63,30.58%,PRDM6;PRDM16;AASS;KMT2A;SETDB2;MECOM;AADAT;EZH1;PRDM2;KMT2C;PHYKPL;DOT1L;KMT2D;PIPOX;ALDH2;SETD1B;EHMT1;SETD2;KMT2E;ALDH1B1;COLGALT2
gsea,Glycerolipid metabolism,0.25363801184997703,1.0298519233494412,4.176707e-01,4.713839e-01,9.990000e-01,23/61,29.74%,LPL;PLPP4;AGPAT4;LIPC;LIPG;MGLL;DGKH;GPAM;DGKI;MBOAT2;PLPP1;PLPP3;DGKD;LPIN3;LIPF;AGPAT2;LPIN2;ALDH2;DGKQ;PNPLA2;MOGAT2;GLYCTK;ALDH1B1
gsea,Cysteine and methionine metabolism,-0.262007680821037,-1.017139671165798,4.387755e-01,6.863325e-01,9.950000e-01,19/49,26.99%,GCLC;CBS;TAT;MAT1A;PHGDH;PSAT1;GCLM;DNMT3B;GOT1;LDHB;GSS;CTH;GOT1L1;AHCY;SDS;MDH1;SMS;LDHAL6B;ENOPH1
gsea,Retinol metabolism,-0.30915612402250575,-1.0017335719089886,4.280000e-01,6.907524e-01,9.980000e-01,25/66,23.11%,UGT1A7;UGT1A4;CYP2B6;UGT1A1;RDH12;CYP3A5;CYP2A7;RDH10;UGT2A1;ADH4;UGT1A6;RDH8;UGT1A10;CYP2C18;RDH16;RPE65;ADH6;UGT2A2;UGT2B7;CYP2W1;UGT2B28;CYP3A7-CYP3A51P;UGT1A8;UGT2A3;RDH11
gsea,"Valine, leucine and isoleucine degradation",0.2519391838524169,0.9871259444736888,4.496124e-01,5.173182e-01,9.990000e-01,19/48,35.78%,ABAT;HMGCLL1;BCAT1;IL4I1;AOX1;ACAD8;ACSF3;AGXT2;OXCT2;ALDH2;ACAA1;IVD;OXCT1;ALDH1B1;ACADS;ACAA2;BCAT2;BCKDHA;PCCA
gsea,Ferroptosis,-0.23948854261010777,-0.9672780410157149,4.645030e-01,7.250488e-01,9.990000e-01,12/41,24.38%,SLC7A11;GCLC;TF;CP;GCLM;FTMT;GSS;TFRC;ATG5;VDAC2;ACSL3;VDAC3
gsea,Collecting duct acid secretion,0.3120680110040325,0.9669314768036658,5.258964e-01,5.378391e-01,9.990000e-01,10/27,32.46%,ATP4B;ATP6V0C;ATP6V0D2;CLCNKB;ATP6V1G2;SLC4A1;ATP6V1B2;ATP6V0A1;TCIRG1;ATP6V1G3
gsea,Alcoholism,-0.24612066070413388,-0.952136518251176,5.111562e-01,7.279588e-01,9.990000e-01,34/178,11.11%,H3C7;GNGT1;H2BC17;H3C2;H4C7;GNG4;H3C8;H2AC20;H2BC9;H3C11;H2AC14;H4C1;H2BW1;H2AC8;H3C3;H2AC11;H2AC17;H2BC10;H2BC11;H2AC16;GRIN2B;DDC;H2BW2;GNAI1;H2BC7;H4C4;CALML5;H2AC21;H2AB1;H2BC8;H2AC12;H3C12;H4C13;CREB3L4
gsea,Butanoate metabolism,0.29477563790048944,0.9508598563122713,5.137795e-01,5.542630e-01,9.990000e-01,5/28,7.30%,ACSM5;ABAT;HMGCLL1;ACSM3;ACSM1
gsea,Parkinson disease,-0.16817553222818535,-0.9493693650961497,5.000000e-01,7.124371e-01,9.990000e-01,113/234,35.16%,TUBAL3;UQCRHL;NDUFA9;TUBB4A;COX7B2;GNAI1;CALML5;UCHL1;SLC25A31;NDUFB9;PSMD14;CYCS;SDHA;NDUFB5;TH;COX7A2;NDUFS1;ATP5MC1;ATP5PO;COX6A1;UQCRFS1;COX7B;TUBA8;SEM1;DDIT3;ATP5MC3;UQCR11;PSMA4;NDUFB8;PSMD9;GPR37;COX5A;UQCRQ;GNAL;COX7A2L;MFN1;CYC1;NDUFB4;PSMA5;VDAC2;NDUFA10;PSMA1;CALML4;NDUFB1;NDUFB3;COX5B;ATP5F1C;VDAC3;TUBA1C;PSMC1;NDUFC1;COX6B1;DRD2;NDUFAB1;PPIF;TXN;ATP5PF;COX6B2;NDUFA6;CASP9;NDUFB6;PSMD1;VDAC1;UQCRB;PSMD7;NDUFB2;EIF2S1;SDHC;UQCRH;NDUFA3;TUBA1B;NDUFA5;PSMD11;NDUFS3;NDUFS2;SDHB;ATP5MC2;PSMC6;PSMC2;TRAP1;UQCR10;COX6C;PSMB5;NDUFA12;UQCRC2;PSMC4;ATP5PD;ATP5PB;UBE2G1;PSMB6;EIF2AK3;ATP5F1B;TUBA3C;NDUFA2;PSMB3;COX8A;PSMD4;PSMB1;PSMB4;PSMD2;SLC25A5;PSMD12;COX4I1;PSMD8;NDUFA1;ATP5F1E;SDHD;PSMA7;NDUFS6;UQCRC1;NDUFA8;PSMA3;NDUFS8
gsea,Fatty acid elongation,-0.28809561387547084,-0.9417254942309605,5.182927e-01,7.047371e-01,1.000000e+00,4/27,11.27%,ELOVL6;ELOVL4;ELOVL7;ACOT4
gsea,Non-alcoholic fatty liver disease,0.16541452527614642,0.9338502678756996,5.147348e-01,5.726644e-01,1.000000e+00,29/149,25.36%,AKT3;TNF;CEBPA;IRS1;MAPK10;COX7A1;IL1B;COX4I2;PIK3CD;FAS;MAPK11;PIK3R1;LEPR;TGFB1;IL6;RXRA;ERN1;JUN;PRKAG3;FASLG;PIK3R2;IL6R;IKBKB;NDUFC2-KCTD14;MLXIP;PIK3R3;NDUFA13;FOS;INSR
gsea,Tyrosine metabolism,-0.29732512929130245,-0.9203982943657433,5.330661e-01,7.174626e-01,1.000000e+00,15/36,22.74%,HGD;HPD;ALDH3B2;TAT;ADH4;DDC;ALDH3A1;TH;MIF;ADH6;GSTZ1;GOT1;GOT1L1;TPO;LRTOMT
gsea,Maturity onset diabetes of the young,-0.3520043424858085,-0.9200757986966349,5.452675e-01,6.999085e-01,1.000000e+00,9/26,14.25%,PDX1;HNF4G;PAX6;IAPP;HNF4A;RFX6;PAX4;PKLR;INS
gsea,Amino sugar and nucleotide sugar metabolism,0.22752247720719365,0.9180637283657987,5.069860e-01,5.887251e-01,1.000000e+00,4/48,6.38%,CHIA;CHIT1;HK3;GFPT2
gsea,Cellular senescence,0.19903332661105222,0.9176900927640671,5.169492e-01,5.866472e-01,1.000000e+00,30/156,19.95%,TGFB2;NFATC1;AKT3;TGFB3;NFATC2;CCND2;ITPR2;ITPR1;CDKN2B;MRAS;PIK3CD;MAPK11;RASSF5;PIK3R1;ETS1;FOXO1;TGFBR2;TGFB1;CACNA1D;IL6;NFATC4;CCND1;ATM;TSC2;ITPR3;TSC1;PIK3R2;CCNA1;SMAD2;ZFP36L1
gsea,"Alanine, aspartate and glutamate metabolism",0.26407446533944096,0.9138332787645849,5.805243e-01,5.886229e-01,1.000000e+00,7/36,13.55%,ASPA;ABAT;GFPT2;DDO;IL4I1;FOLH1;GLS
gsea,Various types of N-glycan biosynthesis,0.22362127910884283,0.9084782547625848,5.515873e-01,5.924393e-01,1.000000e+00,18/39,42.11%,MAN1C1;B4GALNT3;CHST9;HEXD;MAN1A1;ST3GAL3;ALG9;MGAT4A;ALG12;MGAT4D;MAN2A2;MAN2A1;MGAT1;FUT8;CHST8;ALG1;B4GALT2;MAN1A2
gsea,Sphingolipid metabolism,0.23281912204104468,0.8942099912392235,5.560000e-01,6.072298e-01,1.000000e+00,24/48,40.69%,SPTLC3;ACER1;SGPP2;PLPP1;SGMS2;SPHK1;PLPP3;SMPD1;KDSR;GAL3ST1;ARSA;SGPP1;GALC;SPTLC2;SPHK2;ASAH1;SGMS1;UGCG;NEU3;ENPP7;DEGS1;GBA2;CERK;PSAPL1
gsea,Huntington disease,0.150229979485781,0.8926740424368141,5.524752e-01,6.065094e-01,1.000000e+00,31/290,15.22%,CREB5;DNAI2;DLG4;PLCB2;SLC1A3;DNAH1;DNAH2;DNAH5;MAPK10;DNAH6;KLC1;COX7A1;DNAH9;HIP1;ITPR1;COX4I2;DNAH10;DNAH11;DNALI1;GRIA1;GRIA3;TAF4B;GPX5;DNAH7;PLCB4;DNAI1;PIK3C3;KIF5A;BBC3;DNAH12;ULK2
gsea,Mannose type O-glycan biosynthesis,0.28525304364279275,0.8912239838100615,5.661914e-01,6.055162e-01,1.000000e+00,9/23,31.43%,B3GAT1;LARGE1;POMT1;ST3GAL3;POMT2;LARGE2;FKRP;CHST10;B4GAT1
gsea,Peroxisome,0.204568568119954,0.8823018496425635,5.825050e-01,6.141704e-01,1.000000e+00,19/81,27.32%,BAAT;ACOX2;HMGCLL1;NOS2;PAOX;ABCD2;DDO;ACSL5;ACSL6;PXMP4;NUDT7;EPHX2;CROT;PIPOX;ACAA1;PEX11G;MPV17L;ABCD4;MLYCD
gsea,Thiamine metabolism,0.3304355225696808,0.8782005589987959,5.865385e-01,6.166598e-01,1.000000e+00,5/15,17.44%,AK1;TPK1;AK8;ALPL;ALPP
gsea,Pyruvate metabolism,-0.2216739456356327,-0.8757337914168835,5.972222e-01,7.461838e-01,1.000000e+00,14/47,28.25%,PCK1;ME1;ADH4;ACAT2;ACOT12;PKLR;ADH6;ACYP1;LDHB;ACYP2;DLD;MDH1;LDHAL6B;DLAT
gsea,Drug metabolism,-0.2368429366968383,-0.8713853992232328,5.883576e-01,7.343908e-01,1.000000e+00,26/103,16.61%,RRM2;UGT1A7;ALDH3B2;UGT1A4;CYP2B6;UGT1A1;UCK2;CYP3A5;CYP2A7;UGT2A1;ADH4;NME1;UGT1A6;GSTM1;UGT1A10;NAT2;CYP2C19;ALDH3A1;UMPS;GSTO2;TK1;NME2;GMPS;ADH6;UGT2A2;GSTA2
gsea,Arginine biosynthesis,0.29105419328471993,0.8700413863040457,6.223909e-01,6.233984e-01,1.000000e+00,5/22,17.35%,NOS3;OTC;NOS2;GLS;NAGS
gsea,Viral carcinogenesis,0.1699575271039924,0.8681922305114051,6.040000e-01,6.230856e-01,1.000000e+00,49/198,27.28%,EGR2;CCR4;CREB5;EGR3;CCND2;CCR8;CCR5;TRAF1;CDKN2B;PIK3CD;IRF9;REL;JAK3;PIK3R1;ATP6V0D2;KAT2B;STAT5A;GTF2A1L;MAD1L1;HDAC10;SCIN;CCND1;HDAC7;JUN;C3;TRAF5;IL6ST;HDAC5;PIK3R2;CCNA1;CHD4;CREBBP;GSN;IRF7;RASA2;HLA-F;HLA-G;SYK;HPN;H2BC1;PIK3R3;HDAC11;H4C12;HDAC4;ACTN1;GTF2H4;JAK1;PRKACA;TRAF3
gsea,Cytosolic DNA-sensing pathway,0.22273867777011488,0.8669859722109917,5.673469e-01,6.218807e-01,1.000000e+00,14/60,23.86%,ZBP1;IL1B;IFNA7;CASP1;STING1;IL6;RIPK3;IL33;AIM2;IKBKB;IRF7;IKBKE;IFNA5;CCL4
gsea,Ubiquitin mediated proteolysis,0.17752522343081847,0.8636554694809963,5.488565e-01,6.231821e-01,1.000000e+00,31/140,29.89%,BIRC7;UBE2QL1;AIRE;DET1;RHOBTB2;SMURF2;FBXO2;CBL;HERC1;MAP3K1;SOCS1;UBA7;TRAF6;MGRN1;KLHL13;PRKN;PIAS2;NEDD4L;RHOBTB1;PML;WWP2;UBE2E2;UBE2G2;HERC2;FBXW7;ANAPC2;SOCS3;KLHL9;SYVN1;CBLB;FZR1
gsea,Metabolism of xenobiotics by cytochrome P450,-0.2762893543579901,-0.8631363310702427,5.897436e-01,7.288702e-01,1.000000e+00,17/72,11.51%,UGT1A7;ALDH3B2;AKR1C1;UGT1A4;CYP2B6;CBR3;UGT1A1;CYP3A5;CYP2A7;UGT2A1;AKR7A3;ADH4;UGT1A6;GSTM1;UGT1A10;ALDH3A1;GSTO2
gsea,Pyrimidine metabolism,0.20018003849178914,0.8587491123538468,6.008230e-01,6.261462e-01,1.000000e+00,8/54,13.86%,NT5C1A;ENTPD3;ENTPD1;NT5E;DPYD;TK2;DPYS;CDA
gsea,Amyotrophic lateral sclerosis,0.1356950048395864,0.8564587020676865,5.738636e-01,6.263401e-01,1.000000e+00,41/348,18.74%,CASP12;BCL2;TNF;DNAI2;NXF5;DNAH1;DNAH2;DNAH5;DNAH6;KLC1;COX7A1;DNAH9;COX4I2;DNAH10;DNAH11;MAPK11;NOS2;ERBB4;DNALI1;GRIA1;NUP210L;GPX5;NRG1;DNAH7;GRIN2A;CASP1;MATR3;DNAI1;PINK1;PIK3C3;KIF5A;DNAH12;ULK2;PSMA2;ATG2B;ERN1;TUBA3D;ITPR3;PRKN;NXF3;PSMA8
gsea,Glutathione metabolism,0.21974273633546618,0.8468710433383759,6.156716e-01,6.354629e-01,1.000000e+00,7/56,10.95%,GSTM5;HPGDS;GGT5;GSTT2B;GSTM2;ANPEP;GPX5
gsea,Other glycan degradation,0.28395156216885753,0.8376791906102057,6.727642e-01,6.436153e-01,1.000000e+00,9/17,39.96%,ENGASE;HEXD;MAN2B1;MAN2B2;MAN2C1;FUCA1;NEU3;MANBA;GBA2
gsea,Systemic lupus erythematosus,0.24749834243596078,0.836032186504049,6.396761e-01,6.430435e-01,1.000000e+00,22/124,12.96%,CTSG;C4A;ELANE;C4B;CD40LG;CD80;CD28;C6;TNF;C7;HLA-DOB;HLA-DOA;HLA-DQA1;HLA-DQB1;C8B;FCGR1A;HLA-DQA2;FCGR2A;CD86;HLA-DMB;GRIN2A;HLA-DPB1
gsea,Starch and sucrose metabolism,0.23788738427380945,0.8258316154877863,6.613861e-01,6.527336e-01,1.000000e+00,3/36,4.56%,AMY2B;PYGM;HK3
gsea,Phototransduction,-0.2726937666225417,-0.7967584852987782,7.424893e-01,8.024682e-01,1.000000e+00,7/28,15.88%,GNGT1;PDE6A;GRK7;CALML5;GNAT2;GNAT1;SAG
gsea,Selenocompound metabolism,-0.2397474334940708,-0.779124096135506,7.484663e-01,8.082354e-01,1.000000e+00,7/17,26.31%,TXNRD1;MARS2;PSTK;CTH;SEPHS2;MARS1;SEPHS1
gsea,Steroid biosynthesis,-0.2388531277262974,-0.7698541277330447,7.292490e-01,8.025337e-01,1.000000e+00,20/20,76.13%,EBP;CYP51A1;SQLE;DHCR7;LBR;CEL;MSMO1;HSD17B7;NSDHL;SOAT1;FDFT1;CYP2R1;SC5D;CYP24A1;DHCR24;TM7SF2;LIPA;LSS;SOAT2;CYP27B1
gsea,Fat digestion and absorption,0.24164278307019255,0.7640485242662475,7.975709e-01,7.238697e-01,1.000000e+00,13/43,23.40%,PLA2G5;PLA2G1B;SLC27A1;ABCA1;PLA2G12B;CD36;PLA2G2A;PLPP1;PLA2G2D;PLPP3;PLA2G3;LIPF;AGPAT2
gsea,Nitrogen metabolism,-0.2787790462870812,-0.7617601686677463,7.806841e-01,7.958884e-01,1.000000e+00,3/17,6.49%,CA8;GLUD2;CPS1
gsea,Olfactory transduction,-0.27250879038674425,-0.7505655698164206,8.303030e-01,7.928203e-01,1.000000e+00,185/432,28.90%,OR1F1;OR10S1;OR7A5;OR51S1;OR4K3;OR11H12;OR8K5;OR6B3;OR9K2;OR2B6;OR5L1;OR51L1;OR51A4;OR6B2;OR4L1;OR2L8;OR10H2;OR56B4;OR52A1;OR5D14;OR8S1;OR8J3;OR4B1;OR4K15;OR8H1;OR51F1;OR4F4;OR14A16;OR5AL1;CALML5;OR5K3;OR6Q1;OR5I1;OR4M2;OR52R1;OR10A7;OR51A2;OR52E2;OR6C2;SLC8A2;OR5AR1;OR10J4;OR2AT4;OR2V2;OR8H2;OR6X1;OR1J2;OR9G1;OR4K2;OR56A3;OR4C13;OR1J4;OR4K14;OR2Y1;OR5J2;OR2AJ1;OR9Q2;OR9I1;OR2M3;OR2T33;OR5H1;OR5M1;OR51A7;OR2AG2;OR5H14;OR4N2;OR4K5;OR4K13;OR2B2;OR5D16;OR2Z1;OR51G2;OR10C1;OR5L2;OR4F16;OR6C70;OR13C8;OR1J1;OR2T8;OR8I2;OR4C12;CNGA2;OR2A4;OR5H15;OR4C46;OR4F3;OR4F29;OR10R2;OR2M2;OR6K6;OR4K17;OR6J1;OR10A5;OR11G2;OR52B2;OR51V1;OR5B3;OR2F1;OR5M11;OR4S2;OR2G3;OR51M1;OR8K1;OR4A15;OR52E5;OR10Q1;OR6F1;OR10H3;OR4F5;OR12D2;OR2J1;OR2D3;OR5D18;OR6V1;OR5F1;OR10Z1;GNAL;OR11H7;OR6C1;OR9A4;OR10G8;OR51F2;OR10X1;OR52I2;OR13C4;OR6A2;OR2T29;OR8B2;OR10H5;OR4A5;OR10K1;OR5T2;OR6C6;OR8J1;OR5W2;OR52E1;OR6Y1;OR11L1;OR51Q1;CALML4;OR52E4;OR5H6;OR2M7;OR8D1;OR4C3;OR5H2;OR4F17;OR52L1;OR56A4;OR1I1;OR2G6;OR51I1;OR8U1;OR1C1;OR4X1;OR2T34;OR51D1;OR52A5;OR52I1;OR10AC1;OR2T1;OR1L6;OR7G1;OR10A4;OR8D2;PRKG2;OR5M8;OR52M1;OR6P1;OR4M1;OR8B12;OR56A1;OR4D9;OR6C75;OR2H1;OR13G1;OR51G1;OR52E6;OR4S1;OR3A3;OR2AG1;OR9A2;OR5K4;OR5AP2;OR6B1
gsea,mRNA surveillance pathway,0.14957034846992595,0.7437259839398755,7.131783e-01,7.454917e-01,1.000000e+00,14/97,23.00%,PABPC5;NXF5;PPP2R2B;SMG6;NXF3;NCBP2L;PABPN1;PABPC4L;PABPC1L;DDX39B;PPP2R5B;PPP2R3A;SMG1;NXF1
gsea,"Glycine, serine and threonine metabolism",-0.19536587829042368,-0.6570714344060928,8.958333e-01,8.871161e-01,1.000000e+00,7/38,11.61%,CBS;GLDC;PSPH;PGAM4;PHGDH;PSAT1;AGXT
gsea,Propanoate metabolism,0.18343727826809023,0.6478567788893249,8.271120e-01,8.493464e-01,1.000000e+00,4/34,16.53%,ABAT;ACACB;ACSS1;ACSS3
gsea,Fructose and mannose metabolism,-0.18056768350970998,-0.6317802816508179,8.461538e-01,8.956517e-01,1.000000e+00,3/33,4.79%,AKR1B10;SORD;ALDOA
gsea,RNA degradation,0.13405737221107325,0.5867494210992993,8.980392e-01,9.030222e-01,1.000000e+00,76/76,86.62%,PABPC5;ENO4;BTG2;DCP1B;PABPC4L;PABPC1L;ENO2;BTG4;DCP2;TENT4A;PNLDC1;PABPC1L2B;PAN3;PFKL;CNOT6L;PAN2;EDC4;EXOSC7;TOB2;ENO3;PABPC4;NUDT16;DDX6;TENT4B;XRN1;EXOSC6;DCP1A;CNOT8;CNOT1;CNOT6;PARN;PABPC1L2A;BTG3;BTG1;CNOT3;PABPC1;XRN2;MTREX;EXOSC10;CNOT4;DCPS;ENO1;LSM6;PATL1;CNOT10;LSM7;LSM8;CNOT7;EXOSC9;ZCCHC7;DIS3L;EDC3;PFKM;CNOT2;PABPC3;EXOSC4;DHX36;LSM3;EXOSC5;DIS3;TOB1;CNOT9;EXOSC1;LSM2;LSM4;HSPA9;LSM1;C1D;EXOSC8;MPHOSPH6;EXOSC2;PFKP;HSPD1;LSM5;EXOSC3;PNPT1
gsea,Glycosylphosphatidylinositol (GPI)-anchor biosynthesis,-0.16382628237228253,-0.5430611766329019,9.358717e-01,9.526516e-01,1.000000e+00,7/25,30.87%,PIGF;PIGP;PIGC;PIGH;PIGX;PIGU;PIGO
gsea,Basal transcription factors,-0.1227421360647746,-0.4868015988812636,9.623016e-01,9.655477e-01,1.000000e+00,18/44,35.13%,GTF2H2;TBPL1;GTF2A2;GTF2H5;GTF2E1;GTF2H2C;MNAT1;GTF2E2;TAF2;CDK7;TAF9;TAF13;TBP;GTF2F2;GTF2H3;GTF2B;TAF5;TAF1L
