Name,Term,ES,NES,NOM p-val,FDR q-val,FWER p-val,Tag %,Gene %,Lead_genes
gsea,FoxO signaling pathway,0.5682638973058904,2.2981820390453778,1.000000e-03,3.482283e-02,1.100000e-02,63/130,22.10%,AKT3;SETD7;INSR;IRS1;PRKAA2;TGFB3;IRS2;IGF1R;FOXO1;PLK2;SMAD3;PIK3CA;TGFBR1;KRAS;EP300;PCK1;CREBBP;PIK3CB;SOS1;PLK4;TGFB2;PRKAB2;PLK1;GABARAPL1;CHUK;SIRT1;PIK3R1;FOXO3;MAPK8;RAF1;MDM2;USP7;PDPK1;BCL2L11;STK4;CCND2;RAG1;CCND1;FBXO32;CCNG2;SMAD4;HOMER1;TGFBR2;PRKAA1;EGFR;ATM;S1PR1;CCNB2;PTEN;IGF1;FOXO4;CCNB1;SOS2;AKT1;RBL2;IL6;IL7R;CDKN1A;STAT3;KLF2;BRAF;FBXO25;MAPK9
gsea,Hedgehog signaling pathway,0.7025381927119746,2.242323789740606,1.000000e-03,3.115727e-02,2.100000e-02,33/56,15.21%,GLI2;EVC;GSK3B;CSNK1G1;MEGF8;CSNK1A1;GPR161;CDON;BCL2;BTRC;BOC;GRK3;CUL3;KIF3A;GLI1;CSNK1A1L;FBXW11;GAS1;SPOPL;SUFU;CSNK1G3;CCND2;PRKACB;PTCH1;SCUBE2;GLI3;CCND1;HHAT;EVC2;SMO;SMURF1;MOSMO;PRKACG
gsea,Small cell lung cancer,0.6113207839301601,2.191684682628295,1.000000e-03,3.604468e-02,3.400000e-02,38/92,12.55%,LAMA4;LAMB1;AKT3;ITGA6;COL4A1;COL4A2;LAMA3;ITGA2;CDK6;ITGB1;PIK3CA;LAMC2;RARB;LAMB4;TRAF6;LAMB3;FN1;PTGS2;APAF1;COL4A5;TRAF3;BCL2;LAMC1;LAMA2;PIK3CB;LAMA1;POLK;CHUK;ITGAV;PIK3R1;NFKB1;E2F3;MYC;XIAP;CCND1;COL4A6;RB1;CASP3
gsea,Adipocytokine signaling pathway,0.5512557143304445,2.1815471770399046,1.000000e-03,3.115727e-02,3.700000e-02,24/69,13.89%,AKT3;IRS1;PRKAA2;IRS2;PPARGC1A;PTPN11;SLC2A1;PCK1;ACSL4;PPARA;LEPR;CPT1A;ACSL3;PRKAB2;MTOR;CHUK;ACACB;NFKB1;ADIPOR2;MAPK8;CAMKK2;PRKCQ;PRKAA1;JAK2
gsea,Oxidative phosphorylation,-0.5609897051971979,-2.164838996424734,1.405622e-02,1.996230e-02,3.500000e-02,72/120,19.83%,NDUFA11;ATP5PO;ATP6V0C;NDUFA2;UQCR10;NDUFB8;NDUFS7;NDUFS8;ATP5MG;NDUFB1;LHPP;NDUFB9;ATP5MF;ATP6V1C2;COX5B;ATP5ME;NDUFB7;NDUFB2;COX6A2;UQCR11;ATP6V1F;ATP6V0B;ATP5F1D;COX4I2;NDUFA3;ATP5MC1;NDUFA9;NDUFA7;ATP5PF;NDUFS6;ATP5PD;NDUFS3;NDUFB11;NDUFB6;NDUFB5;SDHA;COX6C;TCIRG1;UQCRQ;COX8A;COX7B2;NDUFA6;NDUFA4;ATP5F1E;NDUFV1;NDUFA13;COX7A1;SDHD;NDUFV3;COX7A2;COX6B1;COX7B;NDUFB4;ATP6V0E2;NDUFB10;COX4I1;NDUFC2;NDUFS5;CYC1;COX6A1;NDUFA12;NDUFA1;SDHB;ATP6V0E1;COX11;ATP6V1E2;NDUFAB1;ATP5MC2;COX8C;ATP6V0D2;ATP6V1E1;COX7C
gsea,Prostate cancer,0.5795291972496636,2.1559871315629158,1.000000e-03,3.408972e-02,4.800000e-02,54/97,23.05%,AKT3;ZEB1;IL1R2;IGF1R;GSK3B;PDGFRB;FOXO1;PIK3CA;FGFR1;KRAS;EP300;PDGFRA;BCL2;CREBBP;PIK3CB;ERG;PDGFB;SOS1;PDGFC;CREB3L2;CREB5;NKX3-1;MTOR;TGFA;TCF7L2;LEF1;CHUK;PIK3R1;NFKB1;CREB3L1;CREB1;RAF1;MDM2;PDPK1;E2F3;AR;CCND1;PDGFA;RB1;MMP9;EGFR;PTEN;IGF1;TCF7;SOS2;MMP3;AKT1;CTNNB1;CDKN1A;HSP90AA1;ETV5;BRAF;E2F2;TCF7L1
gsea,Central carbon metabolism in cancer,0.5531711218713471,2.125158636871991,1.000000e-03,4.245942e-02,6.300000e-02,25/69,10.46%,AKT3;PFKP;PDGFRB;PIK3CA;SLC2A1;FGFR1;KRAS;KIT;PDGFRA;HKDC1;PIK3CB;RET;LDHAL6B;HK2;TIGAR;PFKM;MTOR;SLC7A5;PGAM4;PIK3R1;RAF1;HIF1A;MYC;NTRK3;PDK1
gsea,Thyroid hormone signaling pathway,0.5644678813170221,2.1128076384504366,1.000000e-03,4.136848e-02,6.800000e-02,46/121,10.44%,MED13L;PLCD3;AKT3;PFKP;DIO2;NOTCH1;MED1;GSK3B;NCOR1;FOXO1;PIK3CA;SLC2A1;NOTCH3;NOTCH2;KRAS;EP300;MED13;SLC16A2;CREBBP;ATP2A2;NCOA3;PIK3CB;MED14;MED12;PFKM;MTOR;NOTCH4;ATP1A1;ATP2A3;SIN3A;ITGAV;PLCB1;PIK3R1;RAF1;MDM2;NCOA1;PLCE1;HIF1A;PDPK1;PLCB4;MYC;PRKACB;CCND1;TBC1D4;THRB;PLN
gsea,Mucin type O-glycan biosynthesis,0.6582110607644278,2.075701686604672,1.000000e-03,5.727439e-02,9.300000e-02,20/36,22.85%,GALNT4;GALNT7;ST3GAL1;GALNT15;GALNT2;GALNT5;GCNT3;GALNT17;POC1B-GALNT4;GALNTL6;GCNT1;GALNT1;ST6GALNAC3;ST3GAL2;GALNT13;B3GNT3;B4GALT5;GALNT14;B3GNT6;GALNT10
gsea,Breast cancer,0.540690155756224,2.065599769539826,2.087683e-03,5.661256e-02,9.800000e-02,78/147,24.23%,AKT3;TNFSF11;JAG1;APC;CDK6;NOTCH1;IGF1R;GSK3B;PIK3CA;FZD10;FGFR1;NOTCH3;NOTCH2;CSNK1A1;KRAS;FZD7;KIT;FGF2;NCOA3;PIK3CB;SOS1;FGF1;SP1;FLT4;FZD3;MTOR;NOTCH4;FZD4;TCF7L2;LEF1;HEYL;POLK;FGF23;SHC4;FGF7;PIK3R1;CSNK1A1L;FZD1;RAF1;BRCA1;HEY2;NCOA1;LRP6;E2F3;MYC;SHC1;DLL4;CCND1;BRCA2;RB1;FGF16;EGFR;WNT9B;FGF10;PTEN;LRP5;IGF1;WNT2;TCF7;DLL1;SOS2;WNT9A;JAG2;APC2;AKT1;FGF5;CTNNB1;CDKN1A;FZD5;FZD6;BRAF;FOS;PGR;WNT7A;E2F2;TCF7L1;FGF21;WNT5B
gsea,TGF-beta signaling pathway,0.5544561549865039,2.062263895534773,1.968504e-03,5.278408e-02,9.900000e-02,39/94,13.81%,NEO1;INHBA;THBS1;LTBP1;SMAD2;FBN1;ZFYVE9;ZFYVE16;ROCK1;SMAD1;TGFB3;BMP6;SMAD3;TGFBR1;THSD4;EP300;FMOD;CREBBP;FST;PITX2;SP1;TGFB2;BMPR2;ACVR2B;BMP7;GREM2;BMPR1A;BMP2;ID1;GREM1;MYC;RBL1;SMAD5;ACVR2A;ID4;SMAD4;BMP8A;TGFBR2;SMAD7
gsea,Chronic myeloid leukemia,0.5550417263402306,2.059651150701622,6.134969e-03,4.881861e-02,1.000000e-01,42/76,26.86%,AKT3;CDK6;TGFB3;PTPN11;SMAD3;PIK3CA;TGFBR1;KRAS;PIK3CB;SOS1;CBL;TGFB2;POLK;ABL1;CHUK;SHC4;PIK3R1;NFKB1;MECOM;RAF1;MDM2;E2F3;MYC;SHC1;CCND1;SMAD4;RB1;TGFBR2;GAB2;HDAC2;CTBP2;BCR;SOS2;AKT1;CDKN1A;BRAF;RUNX1;E2F2;MAP2K1;TP53;STAT5B;CRK
gsea,Focal adhesion,0.5675012363380584,2.047729942658426,8.097166e-03,4.994327e-02,1.030000e-01,79/200,11.59%,ARHGAP5;LAMA4;THBS2;FLT1;LAMB1;AKT3;ITGA6;THBS1;TLN2;COL4A1;COL4A2;VEGFC;FLNC;COL6A3;LAMA3;ROCK2;ITGA2;ROCK1;ITGB1;IGF1R;GSK3B;ITGA1;FLNB;ITGA11;PDGFRB;ITGA5;COL1A2;PIK3CA;LAMC2;VCL;MYLK;PPP1R12A;LAMB4;LAMB3;FN1;VWF;COL4A5;PDGFRA;BCL2;LAMC1;LAMA2;PARVA;PIK3CB;LAMA1;PDGFB;DOCK1;SOS1;PDGFC;VAV2;ACTN1;FLT4;PAK3;BCAR1;SHC4;ITGAV;PGF;ARHGAP35;PIK3R1;RELN;MAPK8;ITGB4;RAF1;COL1A1;PDPK1;RAPGEF1;XIAP;CCND2;SHC1;COL6A1;CCND1;ITGB5;ITGA4;PXN;COL6A2;COL4A6;PDGFA;PAK2;TNC;PPP1R12B
gsea,Adherens junction,0.5814735873673184,2.0356192408278755,3.861004e-03,5.145884e-02,1.060000e-01,46/71,29.39%,FARP2;INSR;FER;PTPRB;CSNK2A3;IGF1R;SNAI2;SMAD3;NECTIN1;VCL;FGFR1;TGFBR1;SSX2IP;EP300;PTPRM;CREBBP;TJP1;CSNK2A1;ACTN1;YES1;TCF7L2;LEF1;PARD3;CSNK2A2;PTPRJ;SMAD4;WASF2;TGFBR2;IQGAP1;EGFR;WASF3;SNAI1;TCF7;CTNNB1;AFDN;SORBS1;TCF7L1;CTNND1;CTNNA1;WASL;ACTN4;CTNNA3;PTPRF;CDH1;WASF1;MAP3K7
gsea,ECM-receptor interaction,0.6286331554046564,2.0153448929425988,5.940594e-03,5.956537e-02,1.190000e-01,41/87,11.40%,LAMA4;THBS2;LAMB1;HSPG2;ITGA6;THBS1;COL4A1;COL4A2;COL6A3;LAMA3;ITGA2;ITGB1;ITGA1;ITGA11;ITGA5;COL1A2;LAMC2;LAMB4;LAMB3;FN1;VWF;COL4A5;LAMC1;LAMA2;LAMA1;DMP1;FRAS1;ITGAV;RELN;ITGB4;COL1A1;SV2A;COL6A1;DSPP;ITGB5;ITGA4;COL6A2;COL4A6;DAG1;TNC;HMMR
gsea,Colorectal cancer,0.5386119437002994,2.0131555474323477,2.049180e-03,5.681620e-02,1.200000e-01,43/86,23.05%,AKT3;SMAD2;APC;TGFB3;GSK3B;SMAD3;PIK3CA;TGFBR1;KRAS;MSH3;BCL2;DCC;PIK3CB;SOS1;TGFB2;MTOR;MSH6;TGFA;TCF7L2;APPL1;LEF1;POLK;PIK3R1;MAPK8;RAF1;BCL2L11;MYC;CCND1;SMAD4;CASP3;TGFBR2;EGFR;TCF7;SOS2;APC2;AKT1;CTNNB1;CDKN1A;BRAF;FOS;MAPK9;PMAIP1;TCF7L1
gsea,PI3K-Akt signaling pathway,0.48814287101582726,2.0099331425137263,1.000000e-03,5.429612e-02,1.220000e-01,143/353,21.19%,LAMA4;THBS2;FLT1;LAMB1;AKT3;ITGA6;THBS1;INSR;COL4A1;COL4A2;VEGFC;IRS1;COL6A3;LAMA3;PRKAA2;ITGA2;ANGPT2;LPAR1;CDK6;ITGB1;IGF1R;GSK3B;ITGA1;PHLPP1;ITGA11;PDGFRB;ITGA5;PHLPP2;COL1A2;PIK3CA;LAMC2;FGFR1;LAMB4;PPP2R2C;LAMB3;F2R;KRAS;FN1;KIT;VWF;PCK1;COL4A5;PDGFRA;BCL2;MAGI2;FGF2;LAMC1;LAMA2;PIK3CB;LAMA1;PDGFB;SOS1;PDGFC;CREB3L2;CREB5;EFNA5;FGF1;BDNF;FLT4;RPTOR;MTOR;MAGI1;TGFA;LPAR4;NTF3;FGF23;CHUK;ITGAV;FGF7;PGF;PIK3R1;FOXO3;NFKB1;RELN;CREB3L1;ITGB4;CREB1;RAF1;COL1A1;MDM2;EIF4E;BRCA1;TEK;GNB4;PDPK1;BCL2L11;GHR;MYC;GNG2;CCND2;PKN2;COL6A1;JAK1;GNB5;CCND1;ITGB5;ITGA4;COL6A2;COL4A6;PDGFA;TNC;KITLG;FGF16;PRKAA1;PPP2R5D;EGFR;JAK2;EIF4B;HGF;PPP2R2A;FGF10;PTEN;IGF1;IL2RA;LPAR5;IL2RB;EPHA2;IL7;YWHAG;GNGT1;NTRK2;KDR;SOS2;PIK3AP1;ITGB7;MYB;AKT1;IGF2;RBL2;NOS3;NR4A1;IL6;IL4R;FGF5;IL7R;EFNA2;CDKN1A;PPP2R5E;HSP90AA1;NGFR;LAMC3;PRKCA;SYK
gsea,AMPK signaling pathway,0.5051752973169953,2.0054572210198875,1.000000e-03,5.325845e-02,1.250000e-01,44/120,15.90%,AKT3;INSR;IRS1;PFKP;PRKAA2;IRS2;IGF1R;PPARGC1A;FOXO1;PIK3CA;PPP2R2C;PCK1;HNF4A;LEPR;PIK3CB;HMGCR;CREB3L2;CREB5;CPT1A;PRKAB2;PFKM;RPTOR;MTOR;ACACB;SIRT1;CCNA2;PIK3R1;FOXO3;CREB3L1;ADIPOR2;CREB1;TBC1D1;PDPK1;ACACA;CCND1;CAMKK2;PRKAA1;PPP2R5D;RAB8A;FASN;CAB39;PPP2R2A;IGF1;MLYCD
gsea,Proteoglycans in cancer,0.5201393042870307,2.0049983364035615,8.146640e-03,5.029965e-02,1.250000e-01,94/203,22.27%,HSPG2;AKT3;THBS1;FLNC;SMAD2;ROCK2;ITGA2;ROCK1;ITGB1;ITPR1;IGF1R;FLNB;ITGA5;PTPN11;COL1A2;PIK3CA;PPP1R12A;FZD10;FGFR1;KRAS;FN1;FZD7;ANK1;FGF2;PIK3CB;ANK2;SOS1;VAV2;HOXD10;ARHGEF12;CBL;TGFB2;FZD3;MTOR;FZD4;ITGAV;PIK3R1;FZD1;ITPR3;RAF1;COL1A1;MDM2;PLCE1;HIF1A;PDPK1;GAB1;MYC;FRS2;PRKACB;MMP2;PTCH1;CCND1;ITGB5;PXN;TIAM1;PPP1R12B;ITPR2;CASP3;SMO;IQGAP1;MMP9;EGFR;WNT9B;EIF4B;HGF;SLC9A1;TIMP3;IGF1;PRKACG;HBEGF;WNT2;KDR;SDC2;PLCG2;DROSHA;SOS2;WNT9A;PLAUR;CD44;AKT1;IGF2;TWIST2;GPC1;TWIST1;CTNNB1;CDKN1A;STAT3;FZD5;PRKCA;FZD6;BRAF;FLNA;WNT7A;RDX
gsea,Human papillomavirus infection,0.47678901307107985,2.0015547876259503,4.106776e-03,5.016031e-02,1.260000e-01,97/330,11.14%,LAMA4;MAML3;THBS2;LAMB1;AKT3;ITGA6;JAG1;THBS1;COL4A1;COL4A2;COL6A3;LAMA3;ITGA2;APC;CDK6;ITGB1;UBR4;NOTCH1;GSK3B;ITGA1;ITGA11;PDGFRB;ITGA5;FOXO1;ATR;COL1A2;PIK3CA;LAMC2;UBE3A;FZD10;LAMB4;PPP2R2C;NOTCH3;LAMB3;PARD6G;NOTCH2;CSNK1A1;KRAS;FN1;EP300;FZD7;PTGS2;VWF;COL4A5;TRAF3;CREBBP;LAMC1;LAMA2;PIK3CB;LAMA1;SOS1;CREB3L2;CREB5;PSMC1;MAML1;DLG2;FZD3;MTOR;NOTCH4;MAGI1;FZD4;TCF7L2;HEYL;PARD3;CHUK;ITGAV;CCNA2;PIK3R1;CSNK1A1L;ATP6V0A2;FZD1;NFKB1;RELN;CREB3L1;ITGB4;CREB1;RAF1;COL1A1;MDM2;HEY2;TBK1;PATJ;RBL1;CCND2;PRKACB;COL6A1;JAK1;PALS1;DLG1;EIF2AK2;CCND1;ITGB5;ITGA4;PXN;COL6A2;COL4A6;TNC
gsea,"Growth hormone synthesis, secretion and action",0.5069281850289941,2.0003970362731995,1.000000e-03,4.820213e-02,1.260000e-01,60/119,27.29%,AKT3;CACNA1C;IRS1;ITPR1;IRS2;GSK3B;PIK3CA;KRAS;EP300;CREBBP;ADCY7;PIK3CB;SOS1;CREB3L2;CREB5;ADCY1;MAP2K6;MTOR;GNAI1;BCAR1;SHC4;PLCB1;PIK3R1;CREB3L1;ADCY6;ITPR3;MAPK8;CREB1;RAF1;PLCB4;ADCY3;GHR;SHC1;PRKACB;MAP3K1;SSTR1;ITPR2;GHRHR;JAK2;CACNA1D;IGF1;PRKACG;PLCG2;SOS2;AKT1;SSTR2;SSTR5;STAT3;PRKCA;FOS;MAPK9;STAT1;GNAQ;PLCB3;IGFBP3;SOCS2;MAP2K1;STAT5B;CRK;MAP2K3
gsea,Glucagon signaling pathway,0.4720506664997478,2.000232129251164,2.036660e-03,4.616862e-02,1.260000e-01,34/105,13.29%,AKT3;PFKP;PRKAA2;ITPR1;PPARGC1A;PDE3B;FOXO1;SLC2A1;PHKA1;EP300;PCK1;CREBBP;PPARA;CREB3L2;CREB5;CPT1A;LDHAL6B;PRKAB2;PFKM;ACACB;SIRT1;PLCB1;PGAM4;CREB3L1;ITPR3;PHKA2;CREB1;PLCB4;PRKACB;ACACA;SIK2;ITPR2;PRKAA1;PPP3CA
gsea,Longevity regulating pathway,0.5120657283952784,1.9962078952700901,2.118644e-03,4.723575e-02,1.320000e-01,37/101,15.21%,AKT3;INSR;IRS1;PRKAA2;IRS2;IGF1R;PPARGC1A;FOXO1;PIK3CA;KRAS;ADCY7;PIK3CB;CREB3L2;CREB5;ADCY1;PRKAB2;RPTOR;MTOR;APPL1;EHMT1;SIRT1;PIK3R1;FOXO3;NFKB1;CREB3L1;ADCY6;ADIPOR2;CREB1;EIF4E;ADCY3;PRKACB;CAMKK2;PRKAA1;CLPB;HDAC2;IGF1;PRKACG
gsea,Cellular senescence,0.4949014170107549,1.9883244472640689,5.882353e-03,4.860853e-02,1.380000e-01,66/156,20.12%,HIPK2;AKT3;SMAD2;CDK6;NFATC3;ITPR1;TGFB3;RAD50;FOXO1;ATR;SMAD3;PIK3CA;TGFBR1;KRAS;BTRC;TRPM7;PIK3CB;ETS1;FOXM1;TGFB2;CXCL8;ZFP36L2;SERPINE1;MAP2K6;MTOR;LIN54;SIRT1;CCNA2;HIPK1;PIK3R1;FOXO3;NFKB1;FBXW11;ITPR3;RAF1;MDM2;E2F3;MYC;RBL1;CCND2;MCU;CDC25A;CCND1;NBN;ITPR2;RB1;NFATC2;TRAF3IP2;CHEK1;TGFBR2;PPP3CA;PPID;ATM;CCNB2;PTEN;CACNA1D;TRPV4;GATA4;NFATC1;KIR2DL4;CCNB1;AKT1;VDAC1;RBL2;IL6;CDKN1A
gsea,"Parathyroid hormone synthesis, secretion and action",0.5202616774483263,1.9859226430949217,1.000000e-03,4.788139e-02,1.380000e-01,48/105,21.45%,PTHLH;TNFSF11;PDE4D;ITPR1;PLD1;CYP24A1;MMP16;RUNX2;FGFR1;BCL2;ADCY7;AKAP13;CREB3L2;CREB5;PDE4B;SP1;ADCY1;GNAI1;FGF23;PLCB1;CREB3L1;ADCY6;ITPR3;CREB1;RAF1;PLCB4;LRP6;MMP14;ADCY3;PRKACB;ARHGEF11;MEF2A;EGR1;ITPR2;GCM2;VDR;NR4A2;EGFR;LRP5;PRKACG;HBEGF;MEF2D;KL;GNA13;CDKN1A;PRKCA;BRAF;FOS
gsea,Renal cell carcinoma,0.5265185915059722,1.9793310797672792,1.821862e-02,4.838541e-02,1.440000e-01,22/69,8.32%,EGLN1;AKT3;EGLN3;TGFB3;PTPN11;PIK3CA;SLC2A1;KRAS;EP300;CREBBP;PIK3CB;PDGFB;SOS1;ETS1;TGFB2;PAK3;TGFA;PIK3R1;RAF1;HIF1A;GAB1;RAPGEF1
gsea,Glycosaminoglycan biosynthesis,0.5788501259599681,1.9723559912391266,4.081633e-03,4.990803e-02,1.520000e-01,28/53,22.36%,XYLT1;CSGALNACT1;CHSY1;GLCE;B4GALT4;ST3GAL1;CHST1;NDST1;CHST11;EXTL3;CHST15;CSGALNACT2;EXT1;DSE;HS3ST3A1;NDST3;CHST4;HS6ST1;HS3ST1;ST3GAL2;CHST6;HS3ST3B1;EXT2;EXTL1;CHST3;UST;CHPF2;CHPF
gsea,Axon guidance,0.5251121239631324,1.9694897674973175,2.028398e-03,4.934931e-02,1.550000e-01,83/182,21.35%,UNC5B;ROBO1;NEO1;SSH1;SRGAP1;RASA1;PLXNA4;UNC5C;ROCK2;ROCK1;NFATC3;ITGB1;SEMA3F;GSK3B;ABLIM3;ABLIM2;SEMA5A;PTPN11;PIK3CA;SLIT2;PARD6G;KRAS;SEMA6B;DCC;BOC;PIK3CB;SEMA6A;EFNA5;ARHGEF12;PLXNA1;ABLIM1;SSH2;LRRC4C;BMPR2;EFNB1;SEMA3D;EFNB2;PAK3;SEMA4D;FZD3;GNAI1;PARD3;ABL1;SEMA7A;SEMA3C;SEMA4B;ENAH;SEMA6D;EPHB1;TRPC4;PIK3R1;PLXNA2;SEMA3A;BMP7;RAF1;PDPK1;SLIT3;PTCH1;EPHA4;SEMA4G;PAK2;UNC5A;EPHB3;SEMA3G;NFATC2;SMO;PPP3CA;LIMK2;NTN1;EPHA2;EPHA8;NTNG2;PLCG2;L1CAM;EPHB6;SRGAP2;UNC5D;SEMA3E;EFNA2;PRKCA;PPP3CB;RND1;EPHA7
gsea,Hippo signaling pathway,0.5092090999561301,1.9694873416196623,1.002004e-02,4.758684e-02,1.550000e-01,68/163,17.99%,DLG5;GLI2;DCHS1;FRMD6;SMAD2;APC;SMAD1;TGFB3;BMP6;GSK3B;RASSF6;TEAD1;SNAI2;SMAD3;FZD10;PPP2R2C;TGFBR1;PARD6G;FZD7;MOB1B;BTRC;NKD1;LATS1;FGF1;FAT4;TGFB2;DLG2;BMPR2;SERPINE1;FZD3;FZD4;TCF7L2;LEF1;SAV1;PARD3;FZD1;CCN2;BMP7;FBXW11;BMPR1A;BMP2;LATS2;PATJ;ID1;MYC;CCND2;PALS1;DLG1;RASSF2;CCND1;TP53BP2;SMAD4;WWC1;BMP8A;DLG4;TEAD4;TGFBR2;SMAD7;WNT9B;PPP2R2A;WWTR1;DLG3;CRB2;WNT2;YWHAG;TCF7;WNT9A;APC2
gsea,Regulation of actin cytoskeleton,0.48874024113535813,1.9674189796968804,6.122449e-03,4.683070e-02,1.570000e-01,77/217,14.76%,SSH1;ITGA6;ROCK2;ITGA2;APC;LPAR1;ROCK1;ITGB1;ARHGEF4;DIAPH2;ITGA1;FGD1;ITGA11;PDGFRB;ITGA5;MYH10;PIK3CA;VCL;MYLK;PPP1R12A;FGFR1;F2R;KRAS;FN1;PDGFRA;FGF2;PIKFYVE;PIK3CB;PDGFB;DOCK1;SOS1;PDGFC;VAV2;ACTN1;BDKRB2;ARHGEF12;FGF1;SSH2;PAK3;NCKAP1;LPAR4;MYH11;BCAR1;FGF23;ITGAV;CYFIP1;SPATA13;FGF7;ARHGAP35;ENAH;PIK3R1;ITGB4;DIAPH3;RAF1;IQGAP2;BDKRB1;CHRM3;ITGB5;ITGA4;PXN;PDGFA;PAK2;IQGAP3;MYH14;TIAM1;PPP1R12B;ABI2;WASF2;FGF16;IQGAP1;EGFR;CYFIP2;LIMK2;DIAPH1;SLC9A1;MYH9;FGF10
gsea,Gastric cancer,0.48796336565230186,1.9516543913952389,6.211180e-03,5.315064e-02,1.690000e-01,73/149,26.17%,AKT3;SMAD2;APC;TGFB3;GSK3B;SMAD3;PIK3CA;RARB;FZD10;TGFBR1;CSNK1A1;KRAS;FZD7;BCL2;FGF2;PIK3CB;SOS1;FGF1;CDH17;TGFB2;FZD3;MTOR;FZD4;TCF7L2;LEF1;POLK;FGF23;SHC4;FGF7;PIK3R1;CSNK1A1L;FZD1;RAF1;LRP6;E2F3;GAB1;MYC;SHC1;CCND1;REG4;SMAD4;RB1;TGFBR2;FGF16;EGFR;ABCB1;WNT9B;HGF;FGF10;LRP5;WNT2;MUC2;TCF7;SOS2;WNT9A;APC2;AKT1;FGF5;CTNNB1;CDKN1A;FZD5;FZD6;BRAF;WNT7A;E2F2;TCF7L1;FGF21;CTNNA1;WNT5B;CDX2;JUP;MAP2K1;TP53
gsea,AGE-RAGE signaling pathway in diabetic complications,0.565618583717788,1.9496388775596278,6.160164e-03,5.214556e-02,1.690000e-01,42/100,14.07%,PLCD3;AKT3;COL4A1;COL4A2;VEGFC;SMAD2;TGFB3;FOXO1;COL1A2;SMAD3;PIK3CA;TGFBR1;F3;KRAS;FN1;COL4A5;COL3A1;BCL2;PIK3CB;TGFB2;CXCL8;SERPINE1;NOX4;THBD;PLCB1;PIK3R1;VCAM1;NFKB1;MAPK8;COL1A1;PLCE1;PLCB4;MMP2;CCND1;COL4A6;EGR1;SMAD4;CASP3;SELE;TGFBR2;JAK2;DIAPH1
gsea,Gap junction,0.5224221632855753,1.945333247883303,4.073320e-03,5.274972e-02,1.760000e-01,34/88,17.66%,GJA1;LPAR1;ITPR1;PRKG1;PDGFRB;PRKG2;KRAS;PDGFRA;HTR2A;DRD1;ADCY7;TJP1;PDGFB;SOS1;PDGFC;ADCY1;GUCY1A2;GNAI1;PLCB1;ADCY6;ITPR3;RAF1;PLCB4;ADCY3;PRKACB;MAP3K2;PDGFA;ITPR2;GUCY1A1;EGFR;MAP2K5;PRKACG;TUBB6;SOS2
gsea,Spinocerebellar ataxia,0.45035997787385174,1.9437131704273944,1.000000e-03,5.198432e-02,1.780000e-01,53/143,25.33%,AKT3;ITPR1;PIK3C3;ATG2B;PIK3CA;AFG3L2;ATXN1L;ATP2A2;PIK3CB;TWNK;VLDLR;KCND3;ATXN2;RORA;PIK3R4;PSMC1;SP1;PSMD1;ATXN1;MTOR;OPA1;ATP2A3;PLCB1;PIK3R1;RELN;ITPR3;MAPK8;ERN1;MAP3K5;PLCB4;PSMD7;MCU;CIC;ITPR2;GRIN3A;SPTBN2;ATXN3;PUM1;AMBRA1;BECN1;ULK2;AKT1;VDAC1;GRIN2A;PRKCA;MAPK9;RBPJ;GRIA3;RB1CC1;GNAQ;PLCB3;VDAC2;DAB1
gsea,Thyroid cancer,0.5211194815589795,1.9350620684952418,1.214575e-02,5.492951e-02,1.870000e-01,21/37,32.51%,KRAS;RET;TPR;TCF7L2;LEF1;POLK;MYC;CCND1;TCF7;CTNNB1;CDKN1A;CCDC6;BRAF;TCF7L1;TFG;MAP2K1;TP53;CDH1;NRAS;MAPK1;NCOA4
gsea,Relaxin signaling pathway,0.49609489549443986,1.9341514757833802,8.350731e-03,5.398848e-02,1.870000e-01,54/129,22.40%,AKT3;COL4A1;COL4A2;VEGFC;SMAD2;COL1A2;PIK3CA;TGFBR1;KRAS;COL4A5;COL3A1;ACTA2;ADCY7;MMP1;PIK3CB;SOS1;CREB3L2;CREB5;ADCY1;GNAI1;NOS1;SHC4;PLCB1;PIK3R1;NFKB1;CREB3L1;ADCY6;MAPK8;CREB1;RAF1;COL1A1;GNB4;PLCB4;ADCY3;GNG2;SHC1;PRKACB;MMP2;GNB5;COL4A6;TGFBR2;MMP9;EGFR;PRKACG;GNGT1;SOS2;AKT1;RXFP3;NOS3;PRKCA;RXFP4;FOS;MAPK9;GNG12
gsea,MicroRNAs in cancer,0.45851009427192563,1.9339132219619481,1.000000e-03,5.248880e-02,1.870000e-01,98/251,23.15%,SLC7A1;THBS1;IRS1;SERPINB5;APC;ZEB1;CDK6;ROCK1;HDAC4;ABCC1;NOTCH1;IRS2;DICER1;CYP24A1;PDGFRB;ITGA5;MMP16;FOXP1;PIK3CA;NOTCH3;NOTCH2;KRAS;EP300;PTGS2;PDGFRA;ZFPM2;SLC45A3;BCL2;CREBBP;PIK3CB;PDGFB;SOS1;ZEB2;HOXD10;EFNA5;TGFB2;TPM1;BMPR2;RECK;RPTOR;FZD3;MTOR;NOTCH4;ABL1;MIR183;SHC4;SIRT1;PIK3R1;NFKB1;KIF23;RAF1;MDM2;BRCA1;BCL2L11;BCL2L2;E2F3;MYC;CCND2;SHC1;MIR125B1;CDC25A;TP63;FSCN1;CCND1;MIRLET7A2;PDGFA;TNC;MARCKS;CASP3;MIR15A;MMP9;EGFR;ABCB1;HDAC2;CDCA5;ATM;TIMP3;PTEN;PLCG2;MIR199B;SOS2;APC2;MIR103A1;CD44;CDC25C;EFNA2;CDKN1A;STAT3;PRKCA;MIR100;DNMT1;EZH2;IGF2BP1;DNMT3A;RDX;SOX4;E2F2;MIR99A
gsea,Ubiquitin mediated proteolysis,0.4604674776501751,1.9233508407354207,2.636917e-02,5.567690e-02,1.980000e-01,37/140,9.89%,HERC2;ANAPC1;RHOBTB1;PRKN;HERC1;BIRC6;UBR5;UBE4A;UBE3A;TRAF6;FBXW7;TRIM32;HUWE1;BTRC;NEDD4;TRIP12;WWP1;CBL;UBA6;UBE3C;MID1;ERCC8;CUL3;UBE3B;UBE2NL;FBXW11;PIAS1;MDM2;ITCH;BRCA1;CBLB;XIAP;UBE2G1;MAP3K1;HERC4;CDC27;PIAS2
gsea,Arrhythmogenic right ventricular cardiomyopathy,0.5646316228700363,1.9188734439865187,3.968254e-03,5.643035e-02,2.020000e-01,30/77,10.95%,GJA1;ITGA6;CACNA1C;SGCB;ITGA2;DSP;ITGB1;ITGA1;DSG2;ITGA11;ITGA5;CDH2;DSC2;CACNA2D1;SGCD;SLC8A1;ATP2A2;LAMA2;LAMA1;PKP2;RYR2;TCF7L2;LEF1;ATP2A3;ITGAV;SLC8A3;ITGB4;ITGB5;ITGA4;DAG1
gsea,Pancreatic cancer,0.5167954969740798,1.9184031581615832,8.097166e-03,5.517140e-02,2.030000e-01,39/76,26.17%,AKT3;SMAD2;CDK6;TGFB3;PLD1;SMAD3;PIK3CA;TGFBR1;KRAS;PIK3CB;TGFB2;MTOR;TGFA;RALBP1;POLK;CHUK;PIK3R1;NFKB1;MAPK8;RAF1;E2F3;JAK1;CCND1;SMAD4;BRCA2;RB1;TGFBR2;EGFR;AKT1;CDKN1A;STAT3;BRAF;MAPK9;RAD51;E2F2;ARHGEF6;STAT1;MAP2K1;TP53
gsea,HIF-1 signaling pathway,0.4692757491332969,1.9132048683231362,4.140787e-03,5.663292e-02,2.120000e-01,41/109,21.36%,FLT1;EGLN1;AKT3;EGLN3;INSR;PFKP;ANGPT2;IGF1R;PIK3CA;SLC2A1;EP300;BCL2;CREBBP;HKDC1;PIK3CB;ALDOA;LDHAL6B;HK2;PFKM;SERPINE1;MTOR;PIK3R1;NFKB1;EIF4E;TEK;HIF1A;PDK1;TFRC;EGFR;ENO2;IGF1;PLCG2;AKT1;HK1;NOS3;IL6;CDKN1A;LDHA;STAT3;PRKCA;ARNT
gsea,Apelin signaling pathway,0.4868983538734806,1.9089312906987952,2.053388e-03,5.739732e-02,2.210000e-01,57/137,19.56%,AKT3;JAG1;SMAD2;PRKAA2;HDAC4;ITPR1;PIK3C3;PPARGC1A;PDE3B;SMAD3;MYLK;TGFBR1;NOTCH3;KRAS;ACTA2;ADCY7;SLC8A1;PIK3R4;ADCY1;RYR2;PRKAB2;SERPINE1;MTOR;GNAI1;APLNR;GABARAPL1;NOS1;PLCB1;SLC8A3;CCN2;ADCY6;ITPR3;RAF1;GNB4;PLCB4;ADCY3;GNG2;PRKACB;GNB5;MEF2A;CCND1;EGR1;ITPR2;SMAD4;APLN;PRKAA1;SLC9A1;UCP1;PRKACG;BECN1;MEF2D;TFAM;GNGT1;AKT1;CAMK4;GNA13;NOS3
gsea,Wnt signaling pathway,0.48914984468658285,1.9087978704477924,8.247423e-03,5.603072e-02,2.210000e-01,75/166,22.27%,VANGL1;INVS;ROCK2;APC;TBL1X;CSNK2A3;CCN4;NFATC3;GSK3B;CHD8;SMAD3;FZD10;SFRP1;CSNK1A1;EP300;FZD7;CREBBP;BTRC;RSPO3;CSNK2A1;NKD1;ROR1;DKK1;VANGL2;ROR2;LGR4;FZD3;FZD4;TCF7L2;LEF1;PLCB1;CSNK1A1L;FZD1;FBXW11;MAPK8;CSNK2A2;CTNND2;PLCB4;LRP6;DKK2;LGR5;MYC;CCND2;PRKACB;SFRP2;TLE3;CCND1;SERPINF1;ZNRF3;PRICKLE2;SMAD4;NFATC2;PPP3CA;PRICKLE1;WNT9B;DAAM1;CTBP2;LRP5;PRKACG;FOSL1;WNT2;NFATC1;TCF7;WNT9A;APC2;TLE4;CTNNB1;FZD5;PRKCA;PPP3CB;FZD6;CXXC4;MAPK9;WNT7A;PSEN1
gsea,Melanoma,0.5141766771037852,1.9043637870613506,6.134969e-03,5.647522e-02,2.290000e-01,30/72,15.20%,AKT3;CDK6;IGF1R;PDGFRB;PIK3CA;FGFR1;KRAS;PDGFRA;FGF2;PIK3CB;PDGFB;PDGFC;FGF1;MITF;POLK;FGF23;FGF7;PIK3R1;RAF1;MDM2;E2F3;CCND1;PDGFA;RB1;FGF16;EGFR;HGF;FGF10;PTEN;IGF1
gsea,Other types of O-glycan biosynthesis,0.5482604640633383,1.901469628365785,2.074689e-03,5.698281e-02,2.330000e-01,18/47,16.57%,GALNT4;GALNT7;ST6GAL2;GALNT15;GALNT2;GALNT5;EOGT;GXYLT1;GALNT17;POC1B-GALNT4;GXYLT2;GALNTL6;GALNT1;POFUT1;XXYLT1;B3GLCT;GALNT13;POMT2
gsea,Insulin resistance,0.47733930509930206,1.8989771575025236,8.547009e-03,5.632746e-02,2.350000e-01,37/108,16.13%,AKT3;INSR;IRS1;PRKAA2;IRS2;GSK3B;PPARGC1A;FOXO1;GFPT2;PTPN11;PIK3CA;SLC2A1;PPP1R3B;PCK1;PPARA;PIK3CB;CREB3L2;CREB5;CPT1A;PRKAB2;MTOR;ACACB;MLXIP;PIK3R1;NFKB1;CREB3L1;MAPK8;CREB1;PDPK1;RPS6KA3;TBC1D4;RPS6KA6;PRKCQ;PRKAA1;GFPT1;PTEN;PPARGC1B
gsea,Ribosome,-0.5692690919058745,-1.8968925133850403,4.056795e-02,1.297550e-01,2.500000e-01,85/137,19.03%,MRPL2;MRPL12;MRPS15;MRPL36;MRPL14;MRPS6;RPS15A;FAU;RPL39;RPL3L;RPS7;RPS29;RPS10;RPL36;RPS17;MRPL34;RPL35;RPS15;RPS28;MRPL23;RPS21;RPL24;RPL18A;MRPL11;MRPL27;MRPS21;RPL9;RPS18;RPL27;RNA5S17;RPS10-NUDT3;RPL38;RPL13;RPL27A;MRPL32;RPS8;MRPL20;MRPL13;MRPL4;MRPL22;MRPL24;RPS6;RPS9;RPL28;MRPL21;RPL32;RPS20;RPLP2;RPS14;RPL8;MRPL28;RPL37;MRPS7;RPL31;MRPL33;RPL29;RPLP1;RPL18;MRPL18;MRPS12;RPL5;RPL19;RPS19;RPS5;RPS25;RPSA;MRPL17;RPL35A;MRPL16;RPS3;RPL34;RPL23;RPL12;RPL10;RPL14;RPS3A;RPS11;RPL21;RPL37A;RPL17;RPL26;RPL26L1;RPS13;RPL15;RPS2
gsea,Signaling pathways regulating pluripotency of stem cells,0.4803617503340447,1.8963852166409283,1.984127e-03,5.601934e-02,2.380000e-01,58/142,22.10%,KAT6A;AKT3;ZFHX3;INHBA;RIF1;SMAD2;APC;SMAD1;LIF;IGF1R;GSK3B;JARID2;SMAD3;PIK3CA;FZD10;FGFR1;KRAS;REST;FZD7;PCGF5;FGF2;PIK3CB;KLF4;BMPR2;TBX3;FZD3;FZD4;SETDB1;PIK3R1;FZD1;ACVR2B;SMARCAD1;BMPR1A;RAF1;MEIS1;ID1;MYC;SMAD5;JAK1;ACVR2A;ID4;SMAD4;SKIL;JAK2;WNT9B;IGF1;WNT2;TCF7;WNT9A;APC2;AKT1;CTNNB1;ACVR1;STAT3;FZD5;FZD6;INHBE;WNT7A
gsea,Hepatitis B,0.46115497593489574,1.8902030528529583,5.940594e-03,5.763510e-02,2.460000e-01,61/161,23.36%,HSPG2;AKT3;NFATC3;TGFB3;SMAD3;PIK3CA;TIRAP;TGFBR1;TRAF6;KRAS;EP300;APAF1;TRAF3;BCL2;CREBBP;PIK3CB;SOS1;CREB3L2;CREB5;TGFB2;CXCL8;MAP2K6;CHUK;CCNA2;PIK3R1;NFKB1;CREB3L1;MAPK8;CREB1;RAF1;TBK1;DDX3X;E2F3;MYC;JAK1;MAP3K1;EGR3;SMAD4;RB1;CASP3;NFATC2;TGFBR2;MMP9;JAK2;MAVS;TAB2;NFATC1;SOS2;EGR2;AKT1;TICAM1;IL6;CDKN1A;TLR3;STAT3;PRKCA;BRAF;FOS;MAPK9;E2F2;DDB1
gsea,cGMP-PKG signaling pathway,0.4782927575859498,1.8896657660270042,6.237006e-03,5.662528e-02,2.460000e-01,57/167,16.86%,ATP2B1;GTF2I;AKT3;CACNA1C;INSR;PDE3A;IRS1;ROCK2;ROCK1;NFATC3;ATP2B4;ITPR1;IRS2;KCNU1;PRKG1;PDE3B;MYLK;PPP1R12A;PRKG2;KCNMB4;IRAG1;ADCY7;SLC8A1;PDE5A;ATP2A2;CREB3L2;CREB5;EDNRA;BDKRB2;ADCY1;GUCY1A2;GNAI1;ATP1A1;ATP2A3;PLCB1;SLC8A3;CREB3L1;ADCY6;ITPR3;CREB1;RAF1;PLCB4;ADCY3;MEF2A;PLN;ITPR2;GUCY1A1;ATP1B1;NFATC2;PPP3CA;CACNA1D;KCNJ8;GATA4;MEF2D;NFATC1;KCNMA1;ADRA2C
gsea,cAMP signaling pathway,0.4550412143118951,1.8893064320666861,4.040404e-03,5.550707e-02,2.460000e-01,67/216,15.21%,ATP2B1;PDE10A;AKT3;CACNA1C;SOX9;PDE3A;ROCK2;PDE4D;ROCK1;HTR1B;ATP2B4;PLD1;PDE3B;PIK3CA;PPP1R12A;F2R;HTR1F;EP300;CREBBP;DRD1;ADCY7;ATP2A2;PPARA;PIK3CB;FFAR2;VAV2;CREB3L2;CREB5;EDNRA;PDE4B;BDNF;ADCY1;RYR2;GNAI1;ATP1A1;ATP2A3;GLI1;PIK3R1;NFKB1;CREB3L1;ADCY6;MAPK8;ARAP3;CREB1;RAF1;PLCE1;HCN4;ADCY3;HCAR3;PRKACB;ADCYAP1R1;PTCH1;NPY1R;GLI3;PLN;SSTR1;TIAM1;OXTR;GRIN3A;ATP1B1;FSHR;CNGA3;SLC9A1;VIPR2;HCAR1;CACNA1D;PRKACG
gsea,Hepatocellular carcinoma,0.4658842878546666,1.8615821420743515,8.528785e-03,6.718974e-02,2.800000e-01,71/167,23.05%,AKT3;ARID1B;SMAD2;APC;CDK6;ARID2;TGFB3;IGF1R;GSK3B;PBRM1;SMAD3;PIK3CA;FZD10;TGFBR1;CSNK1A1;KRAS;FZD7;PIK3CB;SOS1;ARID1A;SMARCC2;TGFB2;FZD3;MTOR;TGFA;FZD4;TCF7L2;LEF1;POLK;SHC4;PIK3R1;CSNK1A1L;FZD1;SMARCA2;RAF1;LRP6;SMARCC1;E2F3;GAB1;MYC;SHC1;CCND1;SMAD4;RB1;TGFBR2;EGFR;WNT9B;HGF;PTEN;LRP5;SMARCD1;TXNRD1;WNT2;TCF7;PLCG2;BRD7;SOS2;WNT9A;APC2;AKT1;SMARCA4;IGF2;CTNNB1;CDKN1A;FZD5;PRKCA;FZD6;BRAF;WNT7A;E2F2;TCF7L1
gsea,MAPK signaling pathway,0.4413727347794338,1.8536251595628799,1.619433e-02,6.982535e-02,2.930000e-01,110/294,22.54%,DUSP4;FLT1;AKT3;MAP4K4;CACNA1C;INSR;RASA1;VEGFC;FLNC;NF1;ANGPT2;NFATC3;TGFB3;TAOK1;IGF1R;RAPGEF2;FLNB;PDGFRB;MAP3K4;MAP3K20;FGFR1;TGFBR1;CACNA2D1;TRAF6;KRAS;KIT;PDGFRA;PTPRR;FGF2;RASGRF2;PDGFB;SOS1;PDGFC;DUSP7;EFNA5;FGF1;ELK4;TGFB2;BDNF;PLA2G4A;FLT4;MAP2K6;TGFA;DUSP16;CACNA1H;NTF3;FGF23;CHUK;FGF7;PGF;NFKB1;MAPK8;MECOM;RAF1;MAP3K5;TEK;MYC;STK4;PRKACB;RASGRP3;MAP3K1;RPS6KA3;MAP3K2;IL1RAP;PDGFA;PAK2;RPS6KA6;KITLG;DUSP5;CASP3;TGFBR2;FGF16;TAOK3;PPP3CA;EGFR;CACNB2;MAP2K5;HGF;FGF10;DUSP6;CACNA2D3;CACNA1D;IGF1;PRKACG;TAB2;MAPKAPK5;EPHA2;NFATC1;NTRK2;KDR;PPM1A;SOS2;DUSP10;AKT1;IGF2;MAP4K3;NR4A1;FGF5;EFNA2;CACNA1E;IL1R1;NGFR;PRKCA;PPP3CB;BRAF;FOS;FLNA;MAPK9;GNG12;RAP1B
gsea,Circadian rhythm,0.5691105269469697,1.8531969869630716,4.291845e-03,6.855304e-02,2.930000e-01,13/30,15.14%,PRKAA2;BTRC;PER2;RORA;CLOCK;PRKAB2;FBXW11;CREB1;NPAS2;RORB;PRKAA1;BHLHE41;CRY1
gsea,Platelet activation,0.5199104060976474,1.8455661399522767,1.419878e-02,7.071767e-02,3.030000e-01,49/123,19.56%,AKT3;TLN2;ROCK2;ITGA2;ROCK1;ITGB1;ITPR1;PRKG1;COL1A2;PIK3CA;MYLK;PPP1R12A;P2RY1;PRKG2;F2R;VWF;COL3A1;ADCY7;PIK3CB;ARHGEF12;PLA2G4A;FGA;ADCY1;GUCY1A2;GNAI1;ARHGAP35;PLCB1;PIK3R1;ADCY6;ITPR3;TBXAS1;COL1A1;PLCB4;FGB;ADCY3;PRKACB;ITPR2;GUCY1A1;TLN1;PRKACG;FGG;SNAP23;PLCG2;STIM1;AKT1;PTGS1;GP5;GNA13;NOS3
gsea,Thyroid hormone synthesis,0.4876927453517112,1.845518161048533,4.237288e-03,6.940808e-02,3.030000e-01,33/75,24.85%,ITPR1;SLC26A4;ADCY7;CREB3L2;CREB5;GPX8;ADCY1;ATP1A1;PLCB1;CREB3L1;ADCY6;ITPR3;CREB1;PLCB4;ADCY3;PRKACB;TTF2;DUOX2;ITPR2;ATP1B1;GPX2;PRKACG;TTF1;DUOXA2;TG;CANX;PRKCA;PDIA4;LRP2;TSHB;GNAQ;HSP90B1;PLCB3
gsea,Regulation of lipolysis in adipocytes,0.5465603808357462,1.8380301306315678,1.000000e-03,7.194497e-02,3.120000e-01,18/55,9.83%,AKT3;INSR;IRS1;IRS2;PRKG1;PDE3B;PIK3CA;PRKG2;PTGS2;ADCY7;PIK3CB;ADCY1;GNAI1;PIK3R1;ADCY6;ADCY3;PRKACB;NPY1R
gsea,Cortisol synthesis and secretion,0.5206773729067306,1.8241057481381329,1.035197e-02,7.789318e-02,3.410000e-01,24/65,15.21%,CACNA1C;ITPR1;PBX1;ADCY7;CREB3L2;CREB5;LDLR;SP1;ADCY1;CACNA1H;PLCB1;CREB3L1;ADCY6;ITPR3;CREB1;PLCB4;ADCY3;PRKACB;SCARB1;PDE8A;KCNK2;ITPR2;CACNA1D;PRKACG
gsea,Amoebiasis,0.5199504724588595,1.8203506700371386,1.250000e-02,7.858449e-02,3.440000e-01,54/101,27.23%,LAMA4;LAMB1;COL4A1;COL4A2;LAMA3;IL1R2;TGFB3;COL1A2;PIK3CA;LAMC2;VCL;LAMB4;LAMB3;FN1;COL4A5;COL3A1;LAMC1;LAMA2;PIK3CB;LAMA1;ACTN1;TGFB2;ADCY1;CXCL8;PLCB1;SERPINB4;PIK3R1;NFKB1;SERPINB9;COL1A1;PLCB4;PRKACB;SERPINB3;CXCL1;COL4A6;CASP3;PRKACG;MUC2;GNAL;CXCL3;IL6;IL1R1;LAMC3;PRKCA;C8B;ARG2;IL1B;RAB5A;GNAQ;PLCB3;LAMA5;C8A;ACTN4;TLR4
gsea,Autophagy,0.4484736123912643,1.818895299060533,2.340426e-02,7.814597e-02,3.450000e-01,41/137,15.28%,AKT3;IRS1;SMCR8;ATG9A;PRKAA2;ITPR1;PIK3C3;IRS2;IGF1R;ATG2B;PIK3CA;TRAF6;KRAS;BCL2;PIK3CB;PIK3R4;RPTOR;MTOR;GABARAPL1;RUBCN;TP53INP2;PIK3R1;MAPK8;ERN1;STX17;RAF1;EIF2AK3;EIF2AK4;HIF1A;PDPK1;TBK1;PRKACB;CAMKK2;PRKCQ;PRKAA1;RAB8A;ZFYVE1;AMBRA1;PTEN;PRKACG;BECN1
gsea,Ras signaling pathway,0.4493742002535101,1.809606633549361,1.041667e-02,8.222661e-02,3.530000e-01,96/232,22.54%,FLT1;AKT3;RASA3;INSR;RASA1;VEGFC;ABL2;NF1;ANGPT2;IGF1R;PLD1;KSR1;RASAL2;PDGFRB;PTPN11;PIK3CA;FGFR1;KRAS;RASAL1;KIT;PDGFRA;FGF2;RASGRF2;PIK3CB;PDGFB;SOS1;ETS1;PDGFC;EFNA5;FGF1;BDNF;PLA2G4A;FLT4;PAK3;TGFA;NTF3;RALBP1;FGF23;ABL1;REL;CHUK;SHC4;FGF7;PGF;PIK3R1;NFKB1;MAPK8;RAPGEF5;RAF1;TEK;PLCE1;GNB4;HTR7;TBK1;GAB1;GNG2;STK4;SHC1;PRKACB;RASGRP3;ETS2;GNB5;PDGFA;EXOC2;PAK2;BRAP;TIAM1;KITLG;FGF16;GAB2;EGFR;HGF;FGF10;IGF1;PRKACG;EPHA2;GNGT1;NTRK2;KDR;FOXO4;PLCG2;SOS2;AKT1;IGF2;FGF5;SHOC2;EFNA2;AFDN;GRIN2A;NGFR;SYNGAP1;PRKCA;RIN1;MAPK9;GNG12;RAP1B
gsea,Kaposi sarcoma-associated herpesvirus infection,0.43164531549345064,1.8020205908002942,3.651116e-02,8.531594e-02,3.620000e-01,70/193,24.09%,AKT3;ANGPT2;CDK6;NFATC3;ITPR1;PIK3C3;GSK3B;PIK3CA;KRAS;EP300;PTGS2;TRAF3;FGF2;CREBBP;PIK3CB;PDGFB;CXCL8;MAP2K6;MTOR;TCF7L2;GABARAPL1;LEF1;CHUK;PIK3R1;NFKB1;ITPR3;MAPK8;CCR8;CREB1;RAF1;GNB4;HIF1A;TBK1;E2F3;MYC;GNG2;JAK1;GNB5;CXCL1;EIF2AK2;CCND1;ITPR2;RB1;CASP3;NFATC2;PPP3CA;JAK2;BECN1;NFATC1;GNGT1;TCF7;PLCG2;CXCL3;AKT1;PREX1;TICAM1;IL6;CTNNB1;CDKN1A;TLR3;STAT3;PPP3CB;SYK;FOS;MAPK9;GNG12;E2F2;TCF7L1;RCAN1;STAT1
gsea,Rap1 signaling pathway,0.46619009843607023,1.8002001212367966,1.250000e-02,8.508909e-02,3.650000e-01,84/210,21.68%,FLT1;AKT3;FARP2;THBS1;INSR;TLN2;VEGFC;ANGPT2;LPAR1;PRKD1;ITGB1;IGF1R;SIPA1L2;RAPGEF2;PDGFRB;PIK3CA;P2RY1;FGFR1;PARD6G;F2R;KRAS;KIT;PDGFRA;MAGI2;FGF2;ADCY7;PIK3CB;PDGFB;PDGFC;VAV2;EFNA5;FGF1;ADCY1;SIPA1L1;FLT4;MAP2K6;GNAI1;MAGI1;LPAR4;BCAR1;PARD3;FGF23;FGF7;PGF;ENAH;PLCB1;PIK3R1;ADCY6;ARAP3;RAPGEF5;RAF1;TEK;PLCE1;PLCB4;ID1;RAPGEF1;ADCY3;RASGRP3;SIPA1L3;PDGFA;TIAM1;KITLG;FGF16;PRKD3;EGFR;HGF;FYB1;FGF10;TLN1;IGF1;LPAR5;RAPGEF4;EPHA2;KDR;AKT1;FGF5;EFNA2;CTNNB1;AFDN;GRIN2A;NGFR;PRKCA;BRAF;PFN2
gsea,Glioma,0.47787984475896145,1.7949818284916514,1.434426e-02,8.699796e-02,3.730000e-01,34/75,23.66%,AKT3;CDK6;IGF1R;PDGFRB;PIK3CA;KRAS;PDGFRA;PIK3CB;PDGFB;SOS1;MTOR;TGFA;POLK;SHC4;PIK3R1;RAF1;MDM2;E2F3;SHC1;CCND1;PDGFA;RB1;EGFR;PTEN;IGF1;PLCG2;SOS2;AKT1;CAMK4;CDKN1A;PRKCA;BRAF;E2F2;CAMK1G
gsea,Insulin signaling pathway,0.4336370132431092,1.7944522722291099,3.010753e-02,8.593705e-02,3.740000e-01,37/137,10.07%,AKT3;INSR;IRS1;PRKAA2;IRS2;GSK3B;PPARGC1A;PDE3B;FOXO1;PIK3CA;PPP1R3B;PHKA1;KRAS;PCK1;HKDC1;PIK3CB;SOS1;CBL;HK2;PRKAB2;RPTOR;MTOR;ACACB;SHC4;PIK3R1;MAPK8;PHKA2;RAF1;INPP5A;EIF4E;PDPK1;CBLB;RAPGEF1;SHC1;PRKACB;ACACA;SOCS4
gsea,Estrogen signaling pathway,0.42717805381735496,1.7873107957179764,6.172840e-03,8.900441e-02,3.880000e-01,63/137,29.97%,AKT3;TFF1;ITPR1;PIK3CA;KRAS;BCL2;ADCY7;NCOA3;PIK3CB;SOS1;CREB3L2;CREB5;SP1;ADCY1;GNAI1;TGFA;SHC4;PLCB1;PIK3R1;CREB3L1;ADCY6;ITPR3;CREB1;RAF1;NCOA1;PLCB4;ADCY3;SHC1;PRKACB;MMP2;KRT17;ITPR2;MMP9;EGFR;FKBP4;PRKACG;HBEGF;SOS2;KRT31;AKT1;NOS3;KRT16;KRT35;HSP90AA1;FOS;PGR;KRT12;NCOA2;GNAQ;HSP90B1;PLCB3;HSPA8;HSPA2;MAP2K1;CALML4;FKBP5;ESR1;KRT14;HSPA1B;KCNJ3;CALML3;KRT23;NRAS
gsea,Protein processing in endoplasmic reticulum,0.3718551182635691,1.787224588261777,6.324111e-02,8.769150e-02,3.880000e-01,72/169,33.08%,PRKN;MBTPS2;EDEM3;DNAJC10;UGGT1;SEC24D;MAN1A2;SEC24C;BCL2;SEL1L;SEC24A;TUSC3;HSPA4L;SEC24B;ERO1A;CKAP4;UBQLN2;MAPK8;ERN1;HYOU1;EIF2AK3;SEC23A;LMAN1;MAP3K5;EIF2AK4;ATF6;UBE2G1;EIF2AK2;TXNDC5;HSPH1;SEC23B;DNAJC3;SEC31A;UBQLN1;ATXN3;UGGT2;UBE4B;STT3B;PDIA6;CANX;MAN1A1;EDEM1;HSP90AA1;ERO1B;PDIA4;SEC63;MAPK9;SSR1;RAD23B;MBTPS1;PLAA;HSP90B1;HSPA8;HSPA2;EIF2S1;RRBP1;UBQLN3;SVIP;UBXN2A;WFS1;HSPA1B;DNAJB11;UBQLN4;STT3A;GANAB;TRAF2;DNAJC5;DNAJC1;VCP;MAN1C1;CRYAA;SEC61A1
gsea,Endocrine and other factor-regulated calcium reabsorption,0.4821660104655812,1.783038439875566,1.464435e-02,8.844555e-02,3.930000e-01,30/53,35.88%,ATP2B1;ATP2B4;SLC8A1;BDKRB2;ATP1A1;PLCB1;SLC8A3;ADCY6;KLK1;PLCB4;PRKACB;ATP1B1;VDR;PRKACG;DNM1;KL;PRKCA;CALB1;GNAQ;PLCB3;AP2B1;AP2A1;ATP2B3;ESR1;PRKCB;TRPV5;ATP1B2;CLTC;RAB11A;PRKCG
gsea,Dilated cardiomyopathy,0.5135739638770881,1.782433629517955,1.209677e-02,8.748108e-02,3.930000e-01,36/95,15.21%,ITGA6;CACNA1C;SGCB;ITGA2;ITGB1;TGFB3;ITGA1;ITGA11;ITGA5;CACNA2D1;SGCD;ADCY7;SLC8A1;ATP2A2;LAMA2;LAMA1;TGFB2;TPM1;ADCY1;RYR2;ATP2A3;ITGAV;SLC8A3;ADCY6;ITGB4;ADCY3;PRKACB;ITGB5;ITGA4;PLN;DAG1;CACNB2;CACNA2D3;CACNA1D;IGF1;PRKACG
gsea,Cocaine addiction,0.48954259258814387,1.782047667521608,8.385744e-03,8.635631e-02,3.930000e-01,18/49,20.15%,DRD1;CDK5R1;CREB3L2;CREB5;BDNF;GNAI1;NFKB1;CREB3L1;CREB1;PRKACB;GRIN3A;DLG4;SLC18A2;DDC;PRKACG;GRM2;MAOB;GRIN2A
gsea,Phosphatidylinositol signaling system,0.5057848689289186,1.781422929879581,1.043841e-02,8.555632e-02,3.930000e-01,53/97,29.11%,INPP4B;PLCD3;IPPK;SYNJ2;ITPR1;PIK3C3;PIK3C2B;PIK3CA;PIK3C2A;PIKFYVE;PIK3CB;MTMR2;DGKG;DGKH;PIK3C2G;ITPKB;PLCB1;PIK3R1;ITPR3;PIP4P2;OCRL;INPP5A;PPIP5K1;PLCE1;PLCB4;IPMK;MTMR7;DGKI;PPIP5K2;DGKA;ITPR2;MTMR8;BPNT2;PI4KA;PTEN;ITPK1;PLCG2;MTM1;INPP5F;PIP4K2C;PIP5K1C;PRKCA;DGKB;IP6K3;IP6K1;PLCB3;MTMR4;PI4K2B;CALML4;MTMR1;PIP4K2A;INPP5D;CALML3
gsea,Hypertrophic cardiomyopathy,0.5025617291489753,1.779060840137921,1.428571e-02,8.577413e-02,4.000000e-01,33/90,15.20%,ITGA6;CACNA1C;SGCB;PRKAA2;ITGA2;ITGB1;TGFB3;ITGA1;ITGA11;ITGA5;CACNA2D1;SGCD;SLC8A1;ATP2A2;LAMA2;LAMA1;TGFB2;TPM1;RYR2;PRKAB2;ATP2A3;ITGAV;SLC8A3;ITGB4;ITGB5;ITGA4;DAG1;PRKAA1;CACNB2;ACE;CACNA2D3;CACNA1D;IGF1
gsea,Progesterone-mediated oocyte maturation,0.4787769281624088,1.77821773920599,7.984032e-03,8.490162e-02,4.000000e-01,39/98,22.10%,AKT3;ANAPC1;IGF1R;PDE3B;PIK3CA;KRAS;ADCY7;PIK3CB;CPEB2;ADCY1;GNAI1;PLK1;STK10;CCNA2;PIK3R1;ADCY6;MAPK8;RAF1;ADCY3;PRKACB;RPS6KA3;CDC27;CDC25A;AURKA;RPS6KA6;MAD2L1;CPEB4;CCNB2;IGF1;PRKACG;CCNB1;SPDYE17;AKT1;CDC25C;HSP90AA1;BUB1;BRAF;PGR;MAPK9
gsea,Cushing syndrome,0.44701981048825723,1.7781496280908702,1.037344e-02,8.374789e-02,4.000000e-01,64/155,24.85%,CACNA1C;KMT2D;APC;USP8;CDK6;ITPR1;PBX1;GSK3B;FZD10;KMT2A;FZD7;ADCY7;CREB3L2;CREB5;LDLR;SP1;ADCY1;FZD3;GNAI1;CACNA1H;FZD4;TCF7L2;LEF1;PDE11A;PLCB1;FZD1;CREB3L1;ADCY6;ITPR3;CREB1;PLCB4;E2F3;ADCY3;PRKACB;SCARB1;CCND1;PDE8A;KCNK2;ITPR2;RB1;EGFR;WNT9B;RBBP5;CACNA1D;PRKACG;WNT2;TCF7;WNT9A;APC2;NR4A1;CTNNB1;CDKN1A;FZD5;FZD6;ARNT;BRAF;WNT7A;RAP1B;E2F2;TCF7L1;WNT5B;ASH2L;GNAQ;PLCB3
gsea,Neurotrophin signaling pathway,0.44883346944756863,1.7775180726672255,3.105590e-02,8.292705e-02,4.030000e-01,46/119,22.54%,AKT3;IRS1;GSK3B;PTPN11;PIK3CA;PRDM4;TRAF6;KRAS;BCL2;PIK3CB;SOS1;BDNF;NTF3;ABL1;SHC4;SH2B3;PIK3R1;FOXO3;NFKB1;KIDINS220;MAPK8;RAF1;MAP3K5;PDPK1;GAB1;RAPGEF1;FRS2;SHC1;NTRK3;MAP3K1;RPS6KA3;IRAK3;RPS6KA6;MAP2K5;NTRK2;PLCG2;SOS2;IRAK2;AKT1;CAMK4;TP73;NGFR;BRAF;MAPK9;PSEN1;RAP1B
gsea,Protein digestion and absorption,0.4987682350586659,1.7742933319860232,1.646091e-02,8.354012e-02,4.050000e-01,33/103,12.33%,COL5A2;COL15A1;COL5A1;COL12A1;COL4A1;COL4A2;COL6A3;COL5A3;COL1A2;COL4A5;COL3A1;SLC8A1;SLC36A1;COL17A1;COL16A1;COL11A1;KCNE3;ATP1A1;COL7A1;PRSS1;COL10A1;SLC8A3;PRSS2;COL8A1;COL1A1;COL22A1;SLC38A2;COL6A1;COL6A2;COL4A6;COL25A1;ATP1B1;SLC15A1
gsea,Insulin secretion,0.471930234415893,1.7570404063131124,1.185771e-02,9.271426e-02,4.300000e-01,30/86,18.76%,CACNA1C;KCNU1;PDX1;SLC2A1;KCNMB4;ADCY7;CREB3L2;CREB5;ADCY1;RYR2;ATP1A1;PLCB1;CREB3L1;ADCY6;ITPR3;CREB1;KCNN3;PLCB4;ADCY3;PRKACB;ADCYAP1R1;CHRM3;PCLO;ATP1B1;CACNA1D;PRKACG;RAPGEF4;KCNMA1;ADCYAP1;CCK
gsea,Type II diabetes mellitus,0.4973246811522398,1.7447117207977851,6.396588e-03,9.831903e-02,4.440000e-01,12/46,7.01%,CACNA1C;INSR;IRS1;IRS2;PDX1;PIK3CA;HKDC1;PIK3CB;HK2;MTOR;PIK3R1;MAPK8
gsea,Prolactin signaling pathway,0.4442906029446682,1.7436398116723326,1.844262e-02,9.773243e-02,4.450000e-01,32/70,26.20%,AKT3;TNFSF11;SOCS6;GSK3B;PIK3CA;KRAS;PIK3CB;SOS1;SHC4;PIK3R1;FOXO3;NFKB1;MAPK8;RAF1;SOCS5;CCND2;SHC1;SOCS4;CCND1;JAK2;SOCS7;SOS2;AKT1;STAT3;FOS;MAPK9;PRL;TNFRSF11A;STAT1;SOCS2;MAP2K1;STAT5B
gsea,Mitophagy,0.4406611810657537,1.738404625206624,6.553911e-02,9.929911e-02,4.500000e-01,15/68,8.09%,ATG9A;CSNK2A3;USP8;PRKN;KRAS;CSNK2A1;SP1;MITF;GABARAPL1;FOXO3;MAPK8;EIF2AK3;CSNK2A2;HIF1A;TBK1
gsea,Endometrial cancer,0.4961957764249966,1.7341810737437513,3.671706e-02,1.009885e-01,4.580000e-01,32/58,29.97%,AKT3;APC;GSK3B;PIK3CA;KRAS;PIK3CB;SOS1;TCF7L2;LEF1;POLK;PIK3R1;FOXO3;RAF1;PDPK1;MYC;CCND1;EGFR;PTEN;TCF7;SOS2;APC2;AKT1;CTNNB1;CDKN1A;BRAF;TCF7L1;CTNNA1;MAP2K1;TP53;CTNNA3;CDH1;NRAS
gsea,Basal cell carcinoma,0.5078003686762846,1.718982338426071,2.079002e-02,1.096232e-01,4.780000e-01,29/63,24.23%,GLI2;APC;GSK3B;FZD10;FZD7;FZD3;FZD4;TCF7L2;LEF1;POLK;GLI1;FZD1;BMP2;SUFU;PTCH1;GLI3;SMO;WNT9B;WNT2;TCF7;WNT9A;APC2;CTNNB1;CDKN1A;FZD5;FZD6;WNT7A;TCF7L1;WNT5B
gsea,Pathogenic Escherichia coli infection,0.39724995448991085,1.714776839758229,5.284553e-02,1.110756e-01,4.820000e-01,65/193,24.28%,MYO1E;MYO5B;ROCK2;LPAR1;ROCK1;ITGB1;TNFRSF10A;MYH10;PTPN11;TIRAP;TRAF6;SEC24D;F2R;MYO10;SEC24C;TJP1;SEC24A;ARHGEF12;CXCL8;PAK3;NCKAP1;LPAR4;MYH11;ABL1;CHUK;SEC24B;CYFIP1;TAB3;NFKB1;MAPK8;WIPF3;WIPF1;CLDN14;MYO1A;ARHGEF11;MYO5C;PAK2;MYO5A;MYH14;CLDN20;CASP3;WASF2;CLDN2;CYFIP2;TNFRSF10B;MYH9;WASF3;LPAR5;TAB2;TUBB6;MYO1D;WIPF2;CLDN10;GNA13;IL6;RIPK1;NAIP;IL1R1;FOS;MAPK9;TUBA1B;IL1B;GNA12;CLDN17;TUBA1C
gsea,Phospholipase D signaling pathway,0.4594265108676989,1.7082989057499134,2.330508e-02,1.135877e-01,4.900000e-01,75/147,32.65%,AKT3;INSR;LPAR1;PLD1;PDGFRB;PTPN11;CXCR1;PIK3CA;F2R;KRAS;KIT;PDGFRA;AGPAT5;ADCY7;PIK3CB;PDGFB;SOS1;PDGFC;PLA2G4A;CXCR2;ADCY1;CXCL8;DGKG;MTOR;DGKH;LPAR4;AGPAT4;SHC4;PLCB1;AVPR1A;PIK3R1;ADCY6;RAF1;PLCB4;GAB1;ADCY3;SHC1;DGKI;DGKA;PDGFA;KITLG;PLPP3;GAB2;EGFR;LPAR5;RAPGEF4;GRM2;DNM1;PLCG2;SOS2;AKT1;GNA13;PIP5K1C;PRKCA;SYK;GRM8;DGKB;GNA12;PLCB3;AGPAT1;PIK3CG;MAP2K1;RRAS2;RALA;TSC1;NRAS;SPHK2;TSC2;AGPAT3;LPAR3;RALB;MAPK1;AGTR1;SPHK1;ARF6
gsea,Non-small cell lung cancer,0.4683851438663739,1.7008198083633252,2.978723e-02,1.169005e-01,5.000000e-01,35/72,27.42%,AKT3;CDK6;PIK3CA;RARB;KRAS;PIK3CB;RET;SOS1;TGFA;POLK;PIK3R1;FOXO3;RAF1;PDPK1;E2F3;STK4;CCND1;RB1;KIF5B;EGFR;HGF;PLCG2;SOS2;AKT1;CDKN1A;STAT3;PRKCA;BRAF;KIF5C;E2F2;RASSF5;MAP2K1;TP53;STAT5B;EML4
gsea,Transcriptional misregulation in cancer,0.41012926042054293,1.6942527902430384,2.663934e-02,1.200035e-01,5.090000e-01,78/189,28.70%,FLT1;ZEB1;IL1R2;SMAD1;PBX1;IGF1R;BMP2K;NCOR1;FOXO1;JMJD1C;AFF1;RUNX2;KMT2A;MAF;SLC45A3;NSD2;PER2;RUNX1T1;ERG;CDK14;CCNT1;ELK4;SP1;KLF3;BCL11B;MITF;CXCL8;KDM6A;SIN3A;POLK;REL;CCNA2;NFKB1;TLX1;MDM2;MEIS1;MYC;CCND2;ETV6;ATF1;PDGFA;H3C11;SS18;TGFBR2;H3C3;MMP9;HDAC2;FLI1;HOXA11;ATM;DUSP6;IGF1;IL2RB;H3C15;PAX7;MMP3;ITGB7;DOT1L;IL6;CDKN1A;NGFR;ETV5;H3-5;RUNX1;GRIA3;WT1;TAF15;IGFBP3;JUP;ARNT2;TP53;HMGA2;PML;H3C12;H3C13;BIRC3;H3C7;FUT8
gsea,Endocytosis,0.395238055250593,1.6909283521551473,7.883817e-02,1.209420e-01,5.160000e-01,61/252,13.69%,SMAP1;GIT2;EHD3;SMAD2;AGAP1;ZFYVE9;ASAP1;USP8;ZFYVE16;ASAP2;IGF1R;PLD1;EEA1;GRK5;IGF2R;PSD3;SMAD3;CXCR1;ARAP2;TGFBR1;TRAF6;PARD6G;PDGFRA;GBF1;DNAJC6;NEDD4;ARFGEF2;WWP1;VPS37A;GRK3;LDLR;CBL;CXCR2;RABEP1;WASHC4;PARD3;RUFY2;IQSEC1;ARAP3;EPN2;WIPF3;MDM2;ITCH;DAB2;CBLB;VPS4B;WIPF1;RAB11FIP2;AMPH;RAB11FIP1;ACAP2;RAB35;ARFGEF1;TFRC;RAB31;TGFBR2;STAM;RAB11FIP5;KIF5B;EGFR;RAB8A
gsea,Human T-cell leukemia virus 1 infection,0.4304684082211791,1.6890275731318665,6.097561e-02,1.205586e-01,5.210000e-01,87/217,26.20%,AKT3;ANAPC1;TLN2;SMAD2;IL1R2;NFATC3;TGFB3;TRRAP;ATR;SMAD3;PIK3CA;SLC2A1;TGFBR1;KRAS;EP300;CREBBP;ADCY7;PIK3CB;ETS1;CREB3L2;CREB5;ELK4;TGFB2;BUB1B;ADCY1;CRTC3;CHUK;CCNA2;PIK3R1;NFKB1;CREB3L1;ADCY6;ESPL1;MAPK8;CREB1;E2F3;ADCY3;MYC;XIAP;CCND2;PRKACB;ETS2;JAK1;MAP3K1;CDC27;DLG1;MSX1;CCND1;EGR1;NFYB;SMAD4;MAD2L1;RB1;NFATC2;CHEK1;TGFBR2;PPP3CA;ATM;TLN1;CCNB2;PTEN;PRKACG;IL2RA;IL2RB;FOSL1;NFATC1;MSX2;EGR2;AKT1;VDAC1;CANX;IL6;CDKN1A;IL1R1;PPP3CB;FOS;MAPK9;IL15;E2F2;XPO1;NRP1;VDAC2;IL15RA;MAP2K1;TP53;RELB;STAT5B
gsea,Long-term potentiation,0.42639455836193635,1.682850774647347,3.312629e-02,1.236390e-01,5.290000e-01,31/67,32.43%,CACNA1C;ITPR1;KRAS;EP300;CREBBP;ADCY1;PLCB1;ITPR3;RAF1;PLCB4;PRKACB;RPS6KA3;RPS6KA6;ITPR2;PPP3CA;PRKACG;CAMK4;GRIN2A;PRKCA;PPP3CB;BRAF;RAP1B;GNAQ;PLCB3;MAP2K1;PPP1CC;CALML4;CALML3;NRAS;PRKCB;MAPK1
gsea,Inositol phosphate metabolism,0.48801755953009296,1.6753840769492998,5.165289e-02,1.274199e-01,5.420000e-01,38/73,28.45%,INPP4B;PLCD3;IPPK;SYNJ2;PIK3C3;PIK3C2B;PIK3CA;PIK3C2A;PIKFYVE;PIK3CB;MTMR2;PIK3C2G;ITPKB;PLCB1;OCRL;INPP5A;PLCE1;PLCB4;IPMK;MTMR7;MTMR8;PI4KA;PTEN;ITPK1;PLCG2;MTM1;INPP5F;PIP4K2C;PIP5K1C;PLCH1;MINPP1;PLCB3;PIK3CG;MTMR4;PI4K2B;MTMR1;PIP4K2A;INPP5D
gsea,Sphingolipid signaling pathway,0.430149295571675,1.6747619309500583,5.613306e-02,1.264207e-01,5.430000e-01,59/119,33.36%,AKT3;ROCK2;CERS6;ROCK1;ABCC1;PLD1;PIK3CA;S1PR3;PPP2R2C;KRAS;BCL2;ASAH2;PIK3CB;BDKRB2;ACER2;GNAI1;SGMS2;PLCB1;PIK3R1;NFKB1;SGPP2;MAPK8;RAF1;SPTLC2;MAP3K5;PDPK1;PLCB4;SGPL1;CERS3;PPP2R5D;GAB2;SGPP1;CERS2;PPP2R2A;S1PR1;PTEN;AKT1;GNA13;NSMAF;NOS3;PPP2R5E;PRKCA;MAPK9;GNA12;GNAQ;PLCB3;MAP2K1;TP53;SGMS1;NRAS;SPHK2;TRAF2;PPP2R1B;PRKCB;PPP2R2B;MAPK1;SPHK1;SPTLC1;PPP2R3A
gsea,ErbB signaling pathway,0.4382131580800176,1.6741594443959713,6.464646e-02,1.253826e-01,5.450000e-01,54/85,41.35%,AKT3;ABL2;GSK3B;PIK3CA;KRAS;PIK3CB;SOS1;CBL;PAK3;MTOR;TGFA;ABL1;SHC4;PIK3R1;MAPK8;RAF1;NRG1;NRG3;CBLB;GAB1;MYC;SHC1;PAK2;EGFR;HBEGF;PLCG2;SOS2;AKT1;CDKN1A;PRKCA;BRAF;MAPK9;NRG4;MAP2K1;STAT5B;CRK;ERBB3;MAP2K4;NRAS;RPS6KB1;PRKCB;MAPK1;PTK2;PRKCG;ELK1;AKT2;SRC;CRKL;CAMK2A;NCK1;NCK2;PAK1;PLCG1;EGF
gsea,N-Glycan biosynthesis,0.4362340391912325,1.670891511618241,3.984064e-02,1.263007e-01,5.500000e-01,25/50,34.61%,MGAT5;MAN2A1;ALG11;ST6GAL2;MAN1A2;ALG10;TUSC3;MGAT2;MGAT5B;MAN2A2;STT3B;MAN1A1;ALG10B;ALG12;B4GALT1;FUT8;MGAT4A;STT3A;GANAB;ALG2;MGAT3;MAN1C1;MGAT4C;ST6GAL1;ALG9
gsea,Vascular smooth muscle contraction,0.4448763349390402,1.6665159512578807,3.925620e-02,1.277568e-01,5.540000e-01,40/133,12.25%,CACNA1C;ROCK2;ROCK1;ITPR1;KCNU1;PRKG1;CALD1;MYH10;MYLK;PPP1R12A;KCNMB4;IRAG1;ACTA2;ADCY7;EDNRA;ARHGEF12;PLA2G4A;ADCY1;GUCY1A2;MYH11;PLCB1;AVPR1A;CALCB;ADCY6;CALCA;ITPR3;RAF1;ACTG2;PLCB4;ADM;ADCY3;PRKACB;ARHGEF11;CALCRL;PRKCH;MYH14;PPP1R12B;ITPR2;PRKCQ;GUCY1A1
gsea,Cholinergic synapse,0.45236128779364754,1.666256195889328,1.886792e-02,1.265013e-01,5.540000e-01,47/113,27.60%,AKT3;CACNA1C;ITPR1;PIK3CA;KRAS;BCL2;ADCY7;PIK3CB;CHRNA3;CREB3L2;CREB5;ADCY1;GNAI1;PLCB1;PIK3R1;KCNJ2;CREB3L1;ADCY6;ITPR3;CREB1;CHRNA7;KCNJ12;GNB4;PLCB4;ADCY3;GNG2;PRKACB;CHRM3;GNB5;ITPR2;JAK2;CACNA1D;PRKACG;CHRNB4;GNGT1;AKT1;CAMK4;PRKCA;FOS;GNG12;GNAQ;PLCB3;PIK3CG;MAP2K1;KCNQ1;CHRM2;GNG4
gsea,Human cytomegalovirus infection,0.3950948331878139,1.6645144078356788,5.060729e-02,1.265788e-01,5.560000e-01,71/223,21.04%,AKT3;ROCK2;CDK6;ROCK1;NFATC3;ITPR1;GSK3B;PIK3CA;KRAS;PTGS2;PDGFRA;ADCY7;AKAP13;PIK3CB;SOS1;CREB3L2;CREB5;ARHGEF12;SP1;CXCR2;ADCY1;CXCL8;MAP2K6;MTOR;GNAI1;BCAR1;CHUK;ITGAV;PLCB1;PIK3R1;NFKB1;CREB3L1;ADCY6;ITPR3;CREB1;RAF1;MDM2;GNB4;PLCB4;TBK1;E2F3;ADCY3;MYC;GNG2;PRKACB;JAK1;CGAS;GNB5;ARHGEF11;CCND1;PXN;ITPR2;RB1;CASP3;NFATC2;PPP3CA;EGFR;PRKACG;NFATC1;GNGT1;SOS2;AKT1;GNA13;IL6;RIPK1;CTNNB1;CDKN1A;IL1R1;STAT3;PRKCA;PPP3CB
gsea,Asthma,-0.6933371022378845,-1.6616802772942023,3.762376e-02,4.444239e-01,5.770000e-01,20/28,19.11%,HLA-DMB;PRG2;HLA-DMA;HLA-DOB;HLA-DQA2;HLA-DPB1;HLA-DQB1;HLA-DRB5;FCER1A;HLA-DRB1;HLA-DRA;CD40;EPX;HLA-DPA1;IL4;RNASE3;HLA-DQA1;FCER1G;IL3;HLA-DOA
gsea,Salmonella infection,0.37259296907387995,1.6600669670887929,7.231405e-02,1.280438e-01,5.600000e-01,96/248,30.22%,AKT3;DYNC1H1;FLNC;AHNAK2;ROCK2;PIK3C3;PIK3C2B;FLNB;TNFRSF10A;TLR6;PODXL;PIK3CA;TIRAP;TRAF6;DYNC1LI2;PIK3C2A;AHNAK;BCL2;RHOJ;PIK3CB;GCC2;MLKL;EXOC5;CXCL8;PAK3;MAP2K6;TCF7L2;NCKAP1;PIK3C2G;LEF1;CHUK;CYFIP1;TAB3;NFKB1;MAPK8;DYNLT3;FYCO1;RAF1;KPNA1;DCTN1;SNX9;MYC;M6PR;EXOC2;VPS18;DYNC1I1;RHOH;CASP3;KIF5B;CYFIP2;TNFRSF10B;WASF3;TAB2;KPNA4;TCF7;ACBD3;TUBB6;DCTN5;EXOC4;AKT1;IL6;RIPK1;CTNNB1;NAIP;HSP90AA1;DYNC2H1;FOS;DYNC1I2;FLNA;PFN2;KPNA3;MAPK9;SNX33;KIF5C;TUBA1B;TCF7L1;IL1B;RAB5A;TUBA1C;HSP90B1;PIK3CG;MAP2K1;WASL;TLR4;MAP2K3;RALA;TUBB2A;BIRC3;PTPRC;MAP3K7;ACTR2;CASP7;CSE1L;MAP2K4;KLC2;TRAF2
gsea,Shigellosis,0.36299470736106004,1.659236084815393,5.679513e-02,1.272446e-01,5.600000e-01,69/244,20.47%,PLCD3;AKT3;TLN2;ROCK2;ROCK1;ITGB1;ITPR1;PIK3C3;GSK3B;ITGA5;FOXO1;SEPTIN11;PIK3CA;VCL;TRAF6;BCL2;BTRC;SEPTIN8;HKDC1;PIK3CB;DOCK1;MALT1;ACTN1;PIK3R4;HK2;CXCL8;RPTOR;MTOR;GABARAPL1;BCAR1;CHUK;PLCB1;PIK3R1;FOXO3;TAB3;NFKB1;UBE2NL;FBXW11;ITPR3;MAPK8;MDM2;PLCE1;PLCB4;TBK1;CGAS;PXN;H3C11;ITPR2;PRKCQ;WASF2;H3C3;EGFR;PPID;DIAPH1;ATM;TLN1;BECN1;TAB2;H3C15;CAST;FOXO4;PLCG2;CD44;AKT1;VDAC1;HK1;RIPK1;NAIP;IL1R1
gsea,Epithelial cell signaling in Helicobacter pylori infection,0.42169661982327306,1.650906968528882,4.384134e-02,1.315634e-01,5.740000e-01,19/70,18.18%,JAM3;PTPN11;CXCR1;ADAM10;TJP1;CXCR2;CXCL8;CHUK;ADAM17;ATP6V0A2;NFKB1;MAPK8;CXCL1;CASP3;EGFR;JAM2;HBEGF;PLCG2;CXCL3
gsea,Notch signaling pathway,0.4913697894155974,1.6486418510560994,6.113537e-02,1.319041e-01,5.760000e-01,27/59,22.80%,MAML3;JAG1;NOTCH1;NOTCH3;NOTCH2;EP300;ATXN1L;CREBBP;MAML1;ATXN1;DTX1;NOTCH4;HEYL;ADAM17;HEY2;NCOR2;DLL4;TLE3;HDAC2;CTBP2;DLL1;JAG2;TLE4;DTX3L;NUMB;PSEN1;RBPJ
gsea,Chemical carcinogenesis,0.36752860856313396,1.6465648161225863,2.109705e-02,1.317751e-01,5.790000e-01,80/227,21.82%,AKT3;CACNA1C;TNFSF11;JAG1;PIK3CA;NOTCH2;KRAS;PTGS2;BCL2;CYP3A5;FGF2;ADCY7;PPARA;PIK3CB;SOS1;CHRNA3;CREB3L2;CREB5;KLF4;ADCY1;MTOR;GNAI1;FGF7;UGT2B11;PIK3R1;NFKB1;CREB3L1;ADCY6;CREB1;RAF1;CHRNA7;KPNA1;ADCY3;MYC;AR;XIAP;PRKACB;DLL4;RPS6KA3;CDC25A;UGT2B28;CCND1;UGT2B15;MIRLET7A2;RPS6KA6;KPNA6;CDC6;RB1;KPNB1;CYP2C9;VDR;FGF16;UGT2B4;CYP2C19;EGFR;JAK2;UGT2B7;FGF10;CACNA1D;PRKACG;CHRNB4;KPNA4;UGT2A3;DLL1;UGT1A10;EPHX4;SOS2;CHRNA9;AKT1;CYP3A7;KLF5;FGF5;HSP90AA1;STAT3;PRKCA;KPNA2;ARNT;FOS;PGR;KPNA3
gsea,p53 signaling pathway,0.45034857937006656,1.6424977681571968,4.106776e-02,1.328766e-01,5.840000e-01,31/73,26.64%,THBS1;SERPINB5;CDK6;TNFRSF10A;ATR;APAF1;BCL2;ZMAT3;SERPINE1;MDM2;CCND2;CCND1;CCNG2;CASP3;GTSE1;CHEK1;RRM2;TNFRSF10B;ATM;CCNB2;PTEN;IGF1;PPM1D;CCNB1;TP73;CDKN1A;CD82;PMAIP1;IGFBP3;TP53;AIFM2
gsea,mRNA surveillance pathway,0.41018923358496323,1.6421121083066315,6.924644e-02,1.318876e-01,5.860000e-01,45/97,34.12%,SMG6;SMG1;PPP2R2C;PABPC4L;MSI2;NCBP1;CPSF2;PABPC3;RNMT;PABPC5;PAPOLA;UPF2;GSPT2;CSTF2T;SMG7;WDR82;RNGTT;HBS1L;PPP2R5D;FIP1L1;PCF11;PPP2R2A;NUDT21;PAPOLB;MSI1;CSTF2;PPP2R5E;CPSF6;CSTF3;PELO;GSPT1;ETF1;UPF1;PPP1CC;UPF3B;BCL2L2-PABPN1;PPP2R1B;CASC3;SRRM1;PPP2R2B;PNN;ACIN1;PPP2R3A;SYMPK;PAPOLG
gsea,Renin secretion,0.4597861208708406,1.6412879927320974,3.455285e-02,1.310258e-01,5.860000e-01,26/69,18.09%,CACNA1C;PDE3A;ITPR1;PDE3B;PRKG2;EDNRA;GUCY1A2;GNAI1;PLCB1;KCNJ2;ADCY6;ITPR3;CREB1;PLCB4;PRKACB;ADCYAP1R1;ITPR2;GUCY1A1;PDE1C;PPP3CA;CLCA4;ACE;CACNA1D;PRKACG;KCNMA1;ADCYAP1
gsea,TNF signaling pathway,0.4628973092927541,1.639387859302424,5.613306e-02,1.309637e-01,5.890000e-01,43/112,23.06%,AKT3;JAG1;VEGFC;LIF;PIK3CA;CCL20;PTGS2;TRAF3;PIK3CB;IL18R1;MLKL;CREB3L2;CREB5;CXCL5;DNM1L;MAP2K6;CHUK;PIK3R1;VCAM1;TAB3;NFKB1;CREB3L1;MAPK8;CREB1;TNFAIP3;MAP3K5;ITCH;DAB2IP;MMP14;CXCL1;CASP3;SELE;MMP9;TAB2;MMP3;CXCL3;AKT1;IL6;RIPK1;FOS;MAPK9;IL15;IL1B
gsea,Choline metabolism in cancer,0.4213919929817422,1.6341931133387857,4.948454e-02,1.332114e-01,5.930000e-01,32/98,14.90%,AKT3;PLD1;PDGFRB;PIK3CA;KRAS;PDGFRA;PIK3CB;PDGFB;SOS1;PDGFC;SP1;PLA2G4A;DGKG;MTOR;DGKH;SLC44A1;PIK3R1;MAPK8;RAF1;HIF1A;PDPK1;DGKI;DGKA;PDGFA;PCYT1B;WASF2;PLPP3;SLC44A5;EGFR;PCYT1A;WASF3;CHPT1
gsea,Tight junction,0.3892706561409164,1.6178204208312654,6.866953e-02,1.439867e-01,6.210000e-01,56/166,22.86%,JAM3;ROCK2;PRKAA2;ROCK1;ITGB1;AMOTL1;RAPGEF2;MYH10;PPP2R2C;PARD6G;MPDZ;TJP1;NEDD4;ACTN1;DLG2;PRKAB2;MAGI1;MYH11;PARD3;MAPK8;MAP3K5;TJP2;PATJ;PRKACB;MAP3K1;CLDN14;PALS1;DLG1;CCND1;MYH14;TIAM1;ARHGAP17;SYNPO;WHAMM;CLDN20;PRKAA1;CLDN2;RAB8A;MYH9;PPP2R2A;JAM2;CACNA1D;PRKACG;DLG3;GATA4;YBX3;RAB8B;CLDN10;HSPA4;AFDN;MARVELD2;NF2;RUNX1;MAPK9;RDX;TUBA1B
gsea,Sphingolipid metabolism,0.4494062657925646,1.6176985062906837,5.476673e-02,1.428013e-01,6.210000e-01,16/48,14.38%,CERS6;B4GALT6;ASAH2;ACER2;SGMS2;SGPP2;SPTLC2;PSAPL1;UGT8;KDSR;CERK;SGPL1;CERS3;PLPP3;SGPP1;CERS2
gsea,IL-17 signaling pathway,0.4328370362952424,1.617072420554305,5.845511e-02,1.420491e-01,6.230000e-01,34/94,23.06%,GSK3B;MAPK6;CCL20;TRAF6;PTGS2;MUC5AC;TRAF3;MUC5B;MMP1;CXCL5;CXCL8;CHUK;TAB3;NFKB1;MAPK8;TNFAIP3;TBK1;MAPK4;CXCL1;CASP3;TRAF3IP2;IL17C;MMP9;IL5;TAB2;FOSL1;IL17RA;MMP3;CXCL3;IL6;HSP90AA1;FOS;MAPK9;IL1B
gsea,GnRH signaling pathway,0.4156823287056259,1.6163737889973617,5.532787e-02,1.412768e-01,6.270000e-01,29/93,16.26%,CACNA1C;ITPR1;PLD1;MAP3K4;KRAS;ADCY7;SOS1;PLA2G4A;ADCY1;MAP2K6;PLCB1;ADCY6;ITPR3;MAPK8;RAF1;PLCB4;MMP14;ADCY3;PRKACB;MMP2;MAP3K1;GNRHR;MAP3K2;EGR1;ITPR2;EGFR;CACNA1D;PRKACG;HBEGF
gsea,Gastric acid secretion,0.4376858005174122,1.615119418414536,3.665988e-02,1.405692e-01,6.270000e-01,39/76,35.88%,ITPR1;MYLK;ADCY7;HRH2;ADCY1;GNAI1;ATP1A1;PLCB1;KCNJ2;ADCY6;ITPR3;PLCB4;ADCY3;PRKACB;CHRM3;SLC9A4;KCNK2;ITPR2;ATP1B1;SLC9A1;PRKACG;CA2;KCNK10;SSTR2;PRKCA;KCNJ15;GNAQ;PLCB3;KCNQ1;CALML4;CALML3;SLC26A7;GAST;PRKCB;ATP1B2;SLC4A2;GNAI3;CFTR;PRKCG
gsea,Viral carcinogenesis,0.3588618466041911,1.6146108754221984,5.928854e-02,1.396579e-01,6.280000e-01,81/198,33.30%,CDK6;HDAC4;UBR4;PIK3CA;UBE3A;KRAS;EP300;TRAF3;CREBBP;PIK3CB;CREB3L2;CREB5;ACTN1;PSMC1;H4C15;GTF2A1;REL;CCNA2;PIK3R1;NFKB1;CREB3L1;CCR8;CREB1;MDM2;USP7;DDX3X;RBL1;CCND2;PRKACB;JAK1;DLG1;EIF2AK2;CCND1;PXN;EGR3;GTF2H3;RB1;CASP3;CHEK1;H2BC5;HDAC2;H4C1;PRKACG;SCIN;H2BC21;GTF2H1;YWHAG;H2BC6;H2BC13;EGR2;RBL2;CDKN1A;STAT3;H4C6;SYK;H2BC18;PMAIP1;RBPJ;H4C3;H2BC3;DDB1;H4C13;H4C2;TP53;STAT5B;ACTN4;H2BC4;C3;NRAS;SND1;TRAF2;SRF;H2BC14;YWHAB;H2BC17;ATF2;CDK1;MAPK1;CCR4;IL6ST;MAD1L1
gsea,Melanogenesis,0.4118165635341645,1.6134032305664328,4.233871e-02,1.393409e-01,6.300000e-01,40/101,24.85%,GSK3B;FZD10;KRAS;EP300;FZD7;KIT;CREBBP;ADCY7;CREB3L2;MITF;ADCY1;FZD3;GNAI1;FZD4;TCF7L2;LEF1;PLCB1;FZD1;CREB3L1;ADCY6;CREB1;RAF1;PLCB4;ADCY3;PRKACB;KITLG;WNT9B;PRKACG;WNT2;TCF7;WNT9A;CTNNB1;FZD5;PRKCA;FZD6;WNT7A;TCF7L1;WNT5B;GNAQ;PLCB3
gsea,Purine metabolism,0.38398818779920896,1.6103628419297362,4.264392e-02,1.403877e-01,6.350000e-01,38/127,17.65%,PDE10A;PDE3A;PDE4D;AK4;PDE3B;NT5C2;ADCY7;PDE5A;PDE4B;NT5C1B;ENTPD5;ADCY1;ENTPD4;GUCY1A2;ENPP1;AMPD3;PDE11A;XDH;ADCY6;RRM1;PGM2;ADCY3;PNP;PDE7B;ENTPD2;PDE8A;PPAT;GUCY1A1;PDE1C;GMPS;GDA;RRM2;PFAS;NME7;ENTPD1;CANT1;ADA;ADSS1
gsea,Lipid and atherosclerosis,0.38144159480509493,1.5977400583286705,6.262626e-02,1.480173e-01,6.500000e-01,85/213,30.22%,AKT3;ROCK2;MIB1;NFATC3;ITPR1;GSK3B;POU2F1;TNFRSF10A;TLR6;PIK3CA;TIRAP;TRAF6;KRAS;APAF1;TRAF3;BCL2;MMP1;ABCG1;PIK3CB;VLDLR;VAV2;LDLR;CXCL8;MAP2K6;CHUK;ABCA1;ERO1A;PLCB1;PIK3R1;VCAM1;NFKB1;MAPK8;ERN1;EIF2AK3;MAP3K5;ATF6;PDPK1;PLCB4;TBK1;CXCL1;CASP3;NFATC2;SELE;CYP2C9;PPP3CA;MMP9;JAK2;TNFRSF10B;TAB2;NFATC1;MMP3;CXCL3;HSPA4;SELP;AKT1;TICAM1;NOS3;IL6;HSPD1;HSP90AA1;STAT3;PRKCA;PPP3CB;FOS;MAPK9;RAP1B;IL1B;HSP90B1;POU2F2;PLCB3;HSPA8;HSPA2;EIF2S1;TP53;TLR4;MAP2K3;CALML4;HSPA1B;CALML3;MAP3K7;CASP7;IFNA4;MAP2K4;NRAS;TRAF2
gsea,Morphine addiction,0.44784296257815026,1.5904233875895,2.008032e-02,1.520565e-01,6.650000e-01,24/91,12.38%,PDE10A;PDE3A;PDE4D;GRK5;PDE3B;DRD1;ADCY7;GABRB3;GABRG3;PDE4B;GRK3;ADCY1;GNAI1;PDE11A;ADCY6;GNB4;GABRA5;ADCY3;GNG2;PDE7B;PRKACB;GNB5;PDE8A;PDE1C
gsea,Calcium signaling pathway,0.4011510296796967,1.588052577428581,4.508197e-02,1.524714e-01,6.680000e-01,85/239,21.04%,ATP2B1;FLT1;PLCD3;CACNA1C;VEGFC;ATP2B4;ITPR1;PDGFRB;MYLK;FGFR1;F2R;PHKA1;PDGFRA;NTSR1;HTR2A;FGF2;DRD1;ADCY7;SLC8A1;ATP2A2;RET;PDGFB;HRH2;PDGFC;EDNRA;BDKRB2;FGF1;ADCY1;RYR2;FLT4;STIM2;CACNA1H;CYSLTR2;ITPKB;NOS1;ATP2A3;FGF23;FGF7;PLCB1;AVPR1A;SLC8A3;ITPR3;PHKA2;CHRNA7;PLCE1;HTR7;PLCB4;BDKRB1;ADCY3;PRKACB;TPCN2;NTRK3;CHRM3;MCU;GDNF;PLN;PDGFA;GRPR;ITPR2;OXTR;PDE1C;MST1R;FGF16;PPP3CA;HRH1;EGFR;HGF;FGF10;CACNA1D;PRKACG;NTRK2;KDR;PLCG2;GNAL;STIM1;VDAC1;CAMK4;NOS3;FGF5;GRIN2A;CACNA1E;PHKB;PTAFR;PRKCA;PPP3CB
gsea,Mineral absorption,0.41870522842652014,1.5876315877534988,3.497942e-02,1.515678e-01,6.690000e-01,16/60,16.00%,ATP2B1;HEPH;ATP2B4;STEAP2;SLC8A1;TRPM7;ATP1A1;SLC8A3;ATP7B;ATP7A;TRPM6;STEAP1;ATP1B1;VDR;CLCN2;SLC5A1
gsea,Dopaminergic synapse,0.37583196880179964,1.5834943516570144,3.950104e-02,1.536089e-01,6.740000e-01,54/131,32.51%,AKT3;CACNA1C;ITPR1;GSK3B;PPP2R2C;DRD1;CREB3L2;CREB5;CLOCK;GNAI1;PLCB1;CREB3L1;ITPR3;MAPK8;CREB1;GNB4;PLCB4;GNG2;PRKACB;GNB5;ITPR2;KIF5B;PPP2R5D;PPP3CA;SLC18A2;DDC;PPP2R2A;CACNA1D;PRKACG;GNGT1;GNAL;MAOB;AKT1;GRIN2A;PPP2R5E;PRKCA;PPP3CB;FOS;MAPK9;GNG12;KIF5C;GRIA3;GNAQ;PLCB3;PPP1CC;CALML4;GNG4;KCNJ3;CALML3;PPP2R1B;PRKCB;ATF2;PPP2R2B;GNB1
gsea,Vasopressin-regulated water reabsorption,0.42136934968031176,1.5814011656423765,8.131868e-02,1.537827e-01,6.770000e-01,16/44,24.01%,DYNC1H1;DYNC1LI2;CREB3L2;CREB5;CREB3L1;ADCY6;CREB1;DCTN1;ADCY3;PRKACB;DYNC1I1;PRKACG;DCTN5;DYNC2H1;DYNC1I2;RAB5A
gsea,RNA degradation,0.40859620795173923,1.577385554652909,9.919028e-02,1.555091e-01,6.810000e-01,30/76,26.36%,CNOT1;PFKP;TENT4B;XRN1;PABPC4L;PFKM;DCP1A;CNOT6L;PABPC3;PABPC5;EDC4;CNOT6;CNOT2;DHX36;PATL1;MTREX;CNOT4;DCP1B;DDX6;ENO2;HSPA9;XRN2;CNOT3;HSPD1;DCP2;TOB2;DIS3L;CNOT7;PAN3;DIS3
gsea,Circadian entrainment,0.4305451587002925,1.5763867949195232,3.719008e-02,1.550074e-01,6.820000e-01,42/97,29.11%,CACNA1C;MTNR1A;ITPR1;PRKG1;PRKG2;ADCY7;PER2;ADCY1;RYR2;GUCY1A2;GNAI1;CACNA1H;NOS1;PLCB1;ADCY6;ITPR3;CREB1;GNB4;PLCB4;ADCY3;GNG2;PRKACB;ADCYAP1R1;GNB5;NOS1AP;GUCY1A1;CACNA1D;PRKACG;GNGT1;ADCYAP1;GRIN2A;PRKCA;FOS;GNG12;GRIA3;GNAQ;PLCB3;CALML4;GNG4;RASD1;KCNJ3;CALML3
gsea,Lysine degradation,0.4564925704813556,1.5723419657263051,6.694561e-02,1.568163e-01,6.890000e-01,29/63,27.24%,SETD7;NSD1;KMT2D;ASH1L;KMT2C;KMT2A;NSD2;PLOD2;SETD2;NSD3;EHMT1;SETDB1;SETD1B;MECOM;PRDM6;KMT2E;PRDM2;KMT5A;KMT5B;KMT2B;DOT1L;ALDH1B1;BBOX1;EZH2;EHMT2;DLD;SUV39H2;AASS;SETD1A
gsea,Acute myeloid leukemia,0.43686823899565874,1.5697242485466376,1.014199e-01,1.573487e-01,6.910000e-01,30/67,27.45%,AKT3;PIK3CA;KRAS;KIT;PER2;RUNX1T1;PIK3CB;SOS1;MTOR;TCF7L2;LEF1;CHUK;CCNA2;PIK3R1;NFKB1;RAF1;MYC;CCND1;DUSP6;TCF7;SOS2;AKT1;STAT3;BRAF;RUNX1;TCF7L1;JUP;MAP2K1;STAT5B;PML
gsea,Alzheimer disease,0.3085374216550357,1.5624461452787792,9.619238e-02,1.619105e-01,7.030000e-01,58/356,8.29%,BACE2;AKT3;CACNA1C;INSR;LRP1;IRS1;APC;CSNK2A3;ITPR1;PIK3C3;IRS2;IDE;GSK3B;ATG2B;PIK3CA;FZD10;CSNK1A1;KRAS;FZD7;PTGS2;APAF1;ADAM10;ATP2A2;CDK5R1;CSNK2A1;PIK3CB;DKK1;PIK3R4;PSMC1;PSMD1;FZD3;MTOR;FZD4;NOS1;ATP2A3;CHUK;NOX4;PLCB1;PIK3R1;ADAM17;CSNK1A1L;FZD1;NFKB1;ITPR3;MAPK8;ERN1;RAF1;CHRNA7;EIF2AK3;CSNK2A2;NDUFS1;MAP3K5;BACE1;ATF6;PLCB4;LRP6;DKK2;PSMD7
gsea,PD-L1 expression and PD-1 checkpoint pathway in cancer,0.4363882938069222,1.5556876736577696,1.001965e-01,1.656006e-01,7.100000e-01,37/89,27.42%,AKT3;CSNK2A3;NFATC3;PTPN11;PIK3CA;TIRAP;TRAF6;KRAS;CSNK2A1;PIK3CB;MAP2K6;MTOR;CHUK;PIK3R1;NFKB1;RAF1;CSNK2A2;HIF1A;JAK1;PRKCQ;NFATC2;PPP3CA;EGFR;JAK2;PTEN;NFATC1;AKT1;TICAM1;STAT3;PPP3CB;FOS;CD28;STAT1;MAP2K1;TLR4;MAP2K3;EML4
gsea,mTOR signaling pathway,0.37799618139579055,1.555438787401284,8.793456e-02,1.644078e-01,7.100000e-01,64/154,30.67%,RNF152;AKT3;INSR;IRS1;PRKAA2;CLIP1;GRB10;IGF1R;GSK3B;PIK3CA;FZD10;KRAS;FZD7;PIK3CB;SOS1;RPTOR;FZD3;MTOR;FZD4;SLC7A5;CHUK;PIK3R1;FZD1;RAF1;EIF4E;PDPK1;LRP6;FNIP1;RPS6KA3;LPIN1;RPS6KA6;PRKAA1;WNT9B;CAB39;EIF4B;PTEN;RICTOR;LRP5;IGF1;WNT2;ULK2;SOS2;WNT9A;DEPDC5;AKT1;FZD5;PRKCA;FZD6;BRAF;WNT7A;LPIN2;WNT5B;CASTOR2;SEH1L;SLC38A9;MAP2K1;TSC1;WNT2B;TTI1;NRAS;RPS6KB1;ULK1;TSC2;MAPKAP1
gsea,Hepatitis C,0.37186075645159755,1.554774784544769,5.487805e-02,1.637139e-01,7.100000e-01,56/155,26.17%,AKT3;CDK6;GSK3B;PIK3CA;PPP2R2C;TRAF6;KRAS;APAF1;TRAF3;OAS3;PPARA;PIK3CB;SOS1;LDLR;CHUK;PIK3R1;NFKB1;PIAS1;RAF1;EIF2AK3;EIF2AK4;TBK1;E2F3;MYC;JAK1;CLDN14;SCARB1;EIF2AK2;CCND1;RB1;CLDN20;CASP3;CLDN2;EGFR;RNASEL;PPP2R2A;MAVS;YWHAG;SOS2;CLDN10;OAS2;AKT1;TICAM1;RIPK1;CTNNB1;CDKN1A;TLR3;STAT3;BRAF;E2F2;CLDN17;STAT1;EIF2S1;MAP2K1;PSME3;TP53
gsea,Long-term depression,0.41820382173381276,1.5516663019833181,6.477733e-02,1.650224e-01,7.140000e-01,31/60,32.43%,ITPR1;IGF1R;PRKG1;PRKG2;KRAS;PLA2G4A;GUCY1A2;GNAI1;NOS1;PLCB1;ITPR3;RAF1;PLCB4;ITPR2;GUCY1A1;IGF1;GNA13;PRKCA;BRAF;GRIA3;GNA12;PPP1R17;GNAQ;PLCB3;GNAZ;MAP2K1;NRAS;PPP2R1B;PRKCB;CRHR1;MAPK1
gsea,Oxytocin signaling pathway,0.3896451176087956,1.551587068296208,5.725971e-02,1.637475e-01,7.140000e-01,59/154,27.46%,CACNA1C;ROCK2;PRKAA2;ROCK1;NFATC3;ITPR1;MYLK;PPP1R12A;CACNA2D1;KRAS;PTGS2;ADCY7;PLA2G4A;ADCY1;RYR2;PRKAB2;GUCY1A2;GNAI1;PLCB1;KCNJ2;ADCY6;ITPR3;RAF1;KCNJ12;PLCB4;ADCY3;PRKACB;CCND1;CAMKK2;PPP1R12B;ITPR2;OXTR;GUCY1A1;NFATC2;PRKAA1;PPP3CA;EGFR;CACNB2;MAP2K5;CACNA2D3;CACNA1D;PRKACG;NFATC1;EEF2K;CAMK4;NOS3;CDKN1A;PRKCA;PPP3CB;FOS;CAMK1G;RCAN1;GNAQ;PLCB3;PIK3CG;MAP2K1;PPP1CC;CACNG8;CALML4
gsea,Yersinia infection,0.41589716407501065,1.5498430451067253,1.058091e-01,1.639699e-01,7.160000e-01,63/136,33.72%,AKT3;GIT2;ROCK2;ROCK1;NFATC3;ITGB1;GSK3B;ITGA5;PIK3CA;TRAF6;FN1;PIK3CB;DOCK1;VAV2;ARHGEF12;CXCL8;MAP2K6;BCAR1;CHUK;PIK3R1;NFKB1;MAPK8;WIPF3;TBK1;PKN2;WIPF1;ARHGEF28;RPS6KA3;ITGA4;MEFV;PXN;RPS6KA6;NFATC2;WASF2;FYB1;TAB2;NFATC1;ARHGEF7;WIPF2;AKT1;TICAM1;IL6;PIP5K1C;FOS;MAPK9;IL1B;SKAP2;GNAQ;MAP2K1;WASL;CRK;TLR4;MAP2K3;MAP3K7;ACTR2;MAP2K4;TRAF2;MAPK1;ELMO2;ARF6;NLRP3;ELMO1;PTK2
gsea,NF-kappa B signaling pathway,0.46690741054682844,1.5497672112361272,9.836066e-02,1.627368e-01,7.160000e-01,41/101,23.92%,TNFSF11;ERC1;CSNK2A3;EDAR;TIRAP;TRAF6;PTGS2;EDA2R;TRAF3;BCL2;CSNK2A1;MALT1;EDA;CXCL8;CARD10;CHUK;CARD11;VCAM1;TAB3;NFKB1;CSNK2A2;TNFAIP3;XIAP;EDARADD;PARP1;CXCL1;CYLD;PRKCQ;CARD14;ATM;TAB2;PLCG2;CXCL3;TICAM1;RIPK1;IL1R1;TRIM25;SYK;IL1B;CCL21;TNFRSF11A
gsea,Cell cycle,0.48512184674031855,1.5454279914359699,1.185468e-01,1.647544e-01,7.210000e-01,49/124,20.88%,STAG1;ANAPC1;SMAD2;CDK6;TGFB3;GSK3B;PRKDC;ATR;SMAD3;EP300;CREBBP;SMC3;SMC1A;CDC14B;TGFB2;BUB1B;PLK1;ABL1;CCNA2;ESPL1;MDM2;E2F3;MYC;RBL1;MCM2;CCND2;CDC27;CDC25A;CCND1;WEE2;MCM4;SMAD4;MAD2L1;STAG2;CDC6;RB1;CHEK1;ORC1;HDAC2;ATM;CCNB2;WEE1;YWHAG;TFDP2;CCNB1;RBL2;CDC25C;CDKN1A;BUB1
gsea,Apoptosis,0.3805916716916689,1.5428782667245053,9.832636e-02,1.652974e-01,7.220000e-01,47/142,26.17%,AKT3;ITPR1;BIRC6;TNFRSF10A;PIK3CA;KRAS;APAF1;BCL2;PIK3CB;LMNB1;CHUK;PIK3R1;NFKB1;SPTAN1;ITPR3;MAPK8;ERN1;RAF1;EIF2AK3;MAP3K5;DAB2IP;PDPK1;BCL2L11;XIAP;LMNB2;PARP1;ITPR2;CASP3;TNFRSF10B;ATM;BECN1;PARP4;CSF2RB;CASP2;AKT1;RIPK1;NGFR;FOS;MAPK9;PMAIP1;TUBA1B;SPTA1;TUBA1C;AIFM1;EIF2S1;MAP2K1;TP53
gsea,Fructose and mannose metabolism,0.5030700515325479,1.535987652512329,6.304348e-02,1.689741e-01,7.290000e-01,10/33,10.03%,PFKP;PMM2;HKDC1;GMDS;ALDOA;HK2;TIGAR;PFKM;SORD;AKR1B10
gsea,Aldosterone synthesis and secretion,0.41364797073045323,1.5340192032236133,7.770961e-02,1.695322e-01,7.340000e-01,28/98,15.21%,ATP2B1;CACNA1C;PRKD1;ATP2B4;ITPR1;ADCY7;CREB3L2;CREB5;LDLR;ADCY1;CACNA1H;ATP1A1;PLCB1;CREB3L1;ADCY6;ITPR3;CREB1;PLCB4;ADCY3;PRKACB;SCARB1;ATF1;ITPR2;ATP1B1;PRKD3;NR4A2;CACNA1D;PRKACG
gsea,Aldosterone-regulated sodium reabsorption,0.4757027187375389,1.5335289928416171,6.866953e-02,1.687516e-01,7.370000e-01,11/36,15.20%,INSR;IRS1;PIK3CA;KRAS;PIK3CB;ATP1A1;PIK3R1;PDPK1;ATP1B1;SCNN1G;IGF1
gsea,Ovarian steroidogenesis,0.44664956349286217,1.5322224941406297,3.275109e-02,1.686967e-01,7.400000e-01,16/51,15.21%,INSR;BMP6;IGF1R;PTGS2;ADCY7;LDLR;PLA2G4A;ADCY1;ADCY6;HSD17B2;ADCY3;PRKACB;SCARB1;FSHR;IGF1;PRKACG
gsea,GnRH secretion,0.4244479300584404,1.5306176203486728,5.917160e-02,1.685489e-01,7.410000e-01,14/64,8.02%,AKT3;CACNA1C;ITPR1;PIK3CA;KRAS;PIK3CB;CACNA1H;PLCB1;TRPC4;PIK3R1;ITPR3;RAF1;KCNN3;PLCB4
gsea,Carbohydrate digestion and absorption,0.44613941287918885,1.5293327476469563,5.422993e-02,1.682307e-01,7.420000e-01,16/47,19.13%,AKT3;PIK3CA;HKDC1;PIK3CB;HK2;ATP1A1;PLCB1;PIK3R1;PLCB4;ATP1B1;MGAM2;SLC2A5;CACNA1D;SLC5A1;AKT1;HK1
gsea,Bladder cancer,0.4395857021016343,1.529249204290028,8.624230e-02,1.671127e-01,7.420000e-01,21/41,29.97%,THBS1;KRAS;MMP1;CXCL8;RAF1;MDM2;E2F3;MYC;MMP2;CCND1;RB1;MMP9;EGFR;HBEGF;CDKN1A;BRAF;E2F2;MAP2K1;TP53;CDH1;NRAS
gsea,Ribosome biogenesis in eukaryotes,0.392123562154437,1.5193371728914202,1.180812e-01,1.731454e-01,7.490000e-01,34/84,30.72%,CSNK2A3;HEATR1;GNL3L;POP1;XRN1;CSNK2A1;WDR3;TCOF1;BMS1;UTP15;MDN1;WDR36;CSNK2A2;EFL1;RBM28;UTP14A;WDR43;NAT10;RNA5-8SN2;XRN2;DROSHA;FCF1;SNORD3C;RNA5-8SN1;RNA5S9;XPO1;RIOK1;GTPBP4;NMD3;NOP58;RNA5-8SN3;LSG1;DKC1;NOB1
gsea,Alcoholism,0.3603224313951216,1.5179694652049276,7.952286e-02,1.728013e-01,7.510000e-01,71/178,32.65%,HDAC4;KRAS;DRD1;SOS1;CREB3L2;CREB5;BDNF;H4C15;MACROH2A2;GNAI1;SHC4;PKIA;CREB3L1;CREB1;RAF1;GNB4;GNG2;SHC1;PRKACB;GNB5;H3C11;CAMKK2;GRIN3A;H3C3;H2BC5;HDAC2;H2AC13;SLC18A2;DDC;H4C1;H2AC12;PRKACG;H3C15;H2BC21;GNGT1;NTRK2;H2AC21;SOS2;H2AB3;H2BC6;H2BC13;MAOB;CAMK4;GRIN2A;H4C6;H2BC18;H3-5;BRAF;GNG12;H4C3;H2BC3;H4C13;H2AC4;H2AC16;H4C2;MAP2K1;PPP1CC;CALML4;GNG4;H3C12;H2BC4;H3C13;H3C7;CALML3;NRAS;H2BC14;H2BC17;ATF2;MAPK1;GNB1;H3C6
gsea,Aminoacyl-tRNA biosynthesis,0.4716561170481304,1.5153020380318438,1.482213e-01,1.735592e-01,7.550000e-01,21/44,28.61%,LARS2;DARS2;TARS3;LARS1;YARS2;MARS2;EARS2;IARS1;EPRS1;HARS2;IARS2;WARS2;GATC;TARS1;NARS1;RARS1;GARS1;MTFMT;AARS1;WARS1;HARS1
gsea,Pyrimidine metabolism,0.42034652820553764,1.5075937223270406,8.216433e-02,1.782411e-01,7.590000e-01,18/54,18.10%,UCK2;NT5C2;NT5C1B;ENTPD5;ENTPD4;ENPP1;RRM1;CTPS1;PNP;CAD;RRM2;NME7;CTPS2;ENTPD1;CANT1;TYMS;TK2;DCTD
gsea,Chagas disease,0.42382879148768515,1.5063967475846933,9.730849e-02,1.777415e-01,7.600000e-01,21/101,8.02%,AKT3;SMAD2;TGFB3;TLR6;PIK3CA;PPP2R2C;TGFBR1;TRAF6;PIK3CB;BDKRB2;TGFB2;ADCY1;CXCL8;SERPINE1;GNAI1;CHUK;PLCB1;PIK3R1;NFKB1;MAPK8;PLCB4
gsea,Bacterial invasion of epithelial cells,0.39134285986229334,1.498407813193093,1.076605e-01,1.828736e-01,7.670000e-01,39/77,38.01%,ITGB1;ITGA5;SEPTIN11;PIK3CA;VCL;FN1;SEPTIN8;PIK3CB;DOCK1;CBL;BCAR1;SHC4;PIK3R1;GAB1;SHC1;PXN;CD2AP;WASF2;DNM1;CTNNB1;CTNNA1;WASL;CRK;CTNNA3;CDH1;WASF1;ACTR2;ARHGAP10;ELMO2;ELMO1;CAV1;PTK2;SEPTIN9;CTTN;CLTC;CTNNA2;SEPTIN6;SRC;CRKL
gsea,Various types of N-glycan biosynthesis,0.40703607222521976,1.491663029372293,8.438819e-02,1.869938e-01,7.740000e-01,19/39,34.61%,MAN2A1;ALG11;MAN1A2;TUSC3;MGAT2;MAN2A2;STT3B;MAN1A1;B4GALNT4;B4GALNT3;ALG12;B4GALT1;FUT8;MGAT4A;STT3A;ALG2;MAN1C1;MGAT4C;ALG9
gsea,JAK-STAT signaling pathway,0.38573949401828245,1.4907094372631016,9.016393e-02,1.864324e-01,7.750000e-01,63/162,27.74%,AKT3;SOCS6;LIF;PDGFRB;PTPN11;PIK3CA;EP300;PDGFRA;BCL2;CREBBP;LEPR;PIK3CB;PDGFB;SOS1;MTOR;PIK3R1;PIAS1;RAF1;SOCS5;GHR;MYC;CCND2;JAK1;IL11;PIAS2;SOCS4;CCND1;IL22RA1;PDGFA;IL20RA;STAM;CNTF;IL23R;EGFR;IL5;JAK2;THPO;IL2RA;IL2RB;SOCS7;IFNK;IL7;CSF2RB;SOS2;AKT1;IL6;IL4R;IL7R;CDKN1A;STAT3;IL12RB2;AOX1;IL15;PRL;STAT1;OSMR;IL13RA1;SOCS2;IL15RA;STAT5B;IL21R;IFNE;IL13RA2
gsea,Mannose type O-glycan biosynthesis,0.505649233574364,1.4868280608693305,8.506224e-02,1.880334e-01,7.780000e-01,10/23,21.38%,FKTN;POMK;LARGE1;FUT4;B3GALNT2;RXYLT1;MGAT5B;POMT2;CHST10;FKRP
gsea,Oocyte meiosis,0.36530586782797875,1.4822926392871147,9.181637e-02,1.902402e-01,7.800000e-01,40/127,21.76%,ANAPC1;ITPR1;IGF1R;ADCY7;BTRC;SLK;SMC3;SMC1A;CPEB2;ADCY1;PLK1;ADCY6;FBXW11;ITPR3;ESPL1;ADCY3;AR;PRKACB;RPS6KA3;CDC27;FBXO5;AURKA;RPS6KA6;ITPR2;MAD2L1;PPP2R5D;PPP3CA;CPEB4;CCNB2;IGF1;PRKACG;YWHAG;CCNB1;SPDYE17;CDC25C;SGO1;PPP2R5E;BUB1;PPP3CB;PGR
gsea,Diabetic cardiomyopathy,0.30127456982258716,1.4798735372370517,1.076605e-01,1.909635e-01,7.810000e-01,41/190,15.81%,AKT3;INSR;IRS1;SMAD2;TGFB3;GSK3B;GFPT2;COL1A2;SMAD3;PIK3CA;SLC2A1;TGFBR1;COL3A1;ATP2A2;PPARA;PIK3CB;SP1;TGFB2;RYR2;MTOR;ATP2A3;PLCB1;PIK3R1;NFKB1;MAPK8;NDUFS1;COL1A1;PLCB4;PDK3;MMP2;PARP1;TBC1D4;PLN;NDUFV2;TGFBR2;MMP9;COX6B2;ACE;GFPT1;PTEN;PDK4
gsea,Fatty acid biosynthesis,0.48427935184390297,1.4747975465837586,9.129512e-02,1.935586e-01,7.850000e-01,7/18,25.38%,ACSL4;ACSL3;ACACB;ACACA;FASN;HTD2;CBR4
gsea,Renin-angiotensin system,0.48717040617357515,1.4680788295187939,8.384458e-02,1.979282e-01,7.920000e-01,6/23,14.74%,ENPEP;LNPEP;KLK1;NLN;PREP;ACE
gsea,Measles,0.3831298210134488,1.4661222141290637,1.102204e-01,1.981799e-01,7.950000e-01,53/138,29.84%,AKT3;CSNK2A3;CDK6;GSK3B;PIK3CA;TRAF6;APAF1;TRAF3;BCL2;OAS3;CSNK2A1;PIK3CB;CHUK;PIK3R1;NFKB1;MAPK8;EIF2AK3;CSNK2A2;TNFAIP3;EIF2AK4;CBLB;TBK1;CD209;CCND2;JAK1;EIF2AK2;CCND1;CASP3;IL2RA;MAVS;IL2RB;ADAR;TAB2;OAS2;AKT1;IL6;TP73;STAT3;FOS;MAPK9;CD28;IL1B;STAT1;HSPA8;HSPA2;EIF2S1;TP53;STAT5B;TLR4;HSPA1B;OAS1;MAP3K7;IFNA4
gsea,Glutamatergic synapse,0.39292573664335817,1.463329634278249,6.300813e-02,1.994160e-01,8.000000e-01,41/114,24.85%,CACNA1C;ITPR1;PLD1;ADCY7;GRK3;PLA2G4A;ADCY1;GNAI1;SHANK1;SLC38A1;PLCB1;ADCY6;ITPR3;SHANK2;GRIK1;GRIK2;GNB4;PLCB4;SHANK3;ADCY3;SLC38A2;GNG2;PRKACB;GNB5;ITPR2;GRIN3A;DLG4;HOMER1;PPP3CA;CACNA1D;PRKACG;GNGT1;GRM2;GRIN2A;PRKCA;PPP3CB;GRM8;GNG12;GRIA3;GNAQ;PLCB3
gsea,RNA transport,0.3364893689455255,1.4519879462516811,1.461538e-01,2.074235e-01,8.130000e-01,79/183,35.19%,POM121;POP1;EIF3C;PABPC4L;EIF3A;TPR;POM121C;GEMIN5;EIF3CL;NUP153;NCBP1;RANBP2;PABPC3;CYFIP1;PABPC5;RNVU1-1;NUP98;EIF4G3;PRMT5;EIF4E;UPF2;NUP210;NUP50;NUP205;PHAX;NUP155;KPNB1;NUP214;NUP133;NUP188;CYFIP2;TGS1;XPO5;EIF4B;RPP14;FXR2;RNU1-3;EIF4G1;THOC2;EIF3J;XPOT;NUP107;SNORD3C;NDC1;TRNT1;EIF5B;STRAP;FXR1;NUP160;SUMO4;XPO1;RNU1-2;SEH1L;UPF1;EIF2S1;EIF4G2;EIF5;GEMIN4;NMD3;RNVU1-18;UPF3B;RNU1-4;RNU5A-1;NUP62;TACC3;CASC3;SRRM1;SNUPN;PNN;ACIN1;RNU6-9;FMR1;EEF1A2;NUP58;EIF2S3;EIF4EBP2;NUP37;NUP54;SNORD3B-2
gsea,Fluid shear stress and atherosclerosis,0.3507769637222795,1.4443922242393508,1.247312e-01,2.125556e-01,8.240000e-01,44/137,23.71%,AKT3;PRKAA2;IL1R2;PIK3CA;BCL2;PIK3CB;PDGFB;BMPR2;MAP2K6;CDH5;CHUK;ITGAV;THBD;PIK3R1;VCAM1;ACVR2B;NFKB1;MAPK8;BMPR1A;MAP3K5;MMP2;MEF2A;ACVR2A;PDGFA;SELE;PRKAA1;MMP9;MAP2K5;TRPV4;KDR;SDC2;AKT1;GPC1;NOS3;CTNNB1;ACVR1;IL1R1;HSP90AA1;KLF2;FOS;MAPK9;IL1B;SUMO4;PECAM1
gsea,Salivary secretion,0.387303018344954,1.4419062471517772,9.014675e-02,2.132796e-01,8.240000e-01,24/93,15.21%,ATP2B1;ATP2B4;ITPR1;SLC12A2;PRKG1;PRKG2;ADCY7;MUC5B;ADCY1;GUCY1A2;ATP1A1;NOS1;PLCB1;ADCY6;ITPR3;PLCB4;ADCY3;PRKACB;CHRM3;ITPR2;GUCY1A1;ATP1B1;SLC9A1;PRKACG
gsea,Toxoplasmosis,0.4141697061604818,1.4376716620648413,1.425662e-01,2.155257e-01,8.280000e-01,25/110,9.17%,LAMA4;LAMB1;AKT3;ITGA6;LAMA3;ITGB1;TGFB3;LAMC2;LAMB4;TRAF6;LAMB3;BCL2;LAMC1;LAMA2;LAMA1;LDLR;TGFB2;MAP2K6;GNAI1;CHUK;NFKB1;MAPK8;PDPK1;XIAP;JAK1
gsea,Adrenergic signaling in cardiomyocytes,0.35391964342989285,1.435890527931894,1.242236e-01,2.157725e-01,8.290000e-01,36/149,15.89%,ATP2B1;AKT3;CACNA1C;ATP2B4;PPP2R2C;CACNA2D1;BCL2;ADCY7;SLC8A1;ATP2A2;CREB3L2;CREB5;TPM1;ADCY1;RYR2;GNAI1;ATP1A1;ATP2A3;PLCB1;SLC8A3;CREB3L1;ADCY6;CREB1;PLCB4;ADCY3;PRKACB;PLN;ATP1B1;PPP2R5D;CACNB2;SLC9A1;PPP2R2A;CACNA2D3;CACNA1D;PRKACG;RAPGEF4
gsea,Non-alcoholic fatty liver disease,0.29624983957332546,1.435630573213351,1.348548e-01,2.146301e-01,8.290000e-01,23/151,8.10%,AKT3;INSR;IRS1;PRKAA2;IRS2;GSK3B;PIK3CA;PPARA;LEPR;PIK3CB;CXCL8;PRKAB2;MLXIP;PIK3R1;NFKB1;ADIPOR2;MAPK8;ERN1;EIF2AK3;NDUFS1;MAP3K5;ITCH;BCL2L11
gsea,Pancreatic secretion,0.3914445321465875,1.432230384569175,7.013575e-02,2.159380e-01,8.330000e-01,31/102,18.78%,ATP2B1;ATP2B4;ITPR1;SLC12A2;ADCY7;ATP2A2;RAB3D;ADCY1;RYR2;ATP1A1;ATP2A3;PRSS1;PLCB1;ADCY6;PRSS2;ITPR3;SLC4A4;PLCB4;ADCY3;TPCN2;CHRM3;ITPR2;ATP1B1;RAB8A;CLCA4;SLC9A1;RAB27B;KCNMA1;CA2;CCK;PRSS3
gsea,Serotonergic synapse,0.3635234629502265,1.4228974880660827,8.757637e-02,2.225810e-01,8.390000e-01,41/113,26.04%,CACNA1C;HTR1B;ITPR1;KCND2;KRAS;HTR1F;PTGS2;HTR2A;GABRB3;PLA2G4A;GNAI1;PLCB1;ITPR3;RAF1;GNB4;HTR7;PLCB4;GNG2;PRKACB;GNB5;ITPR2;CASP3;CYP2C9;CYP2C19;SLC18A2;DDC;CACNA1D;PRKACG;GNGT1;MAOB;PTGS1;PRKCA;BRAF;GNG12;GABRB2;GNAQ;PLCB3;APP;HTR1A;HTR5A;MAP2K1
gsea,Taste transduction,0.40004343665926534,1.4169778519650778,5.363985e-02,2.262641e-01,8.470000e-01,36/85,31.71%,CACNA1C;HTR1B;P2RY1;HTR1F;PLCB1;ADCY6;ITPR3;PLCB4;HCN4;GABRA5;PRKACB;ENTPD2;CHRM3;SCN3A;SCN9A;PDE1C;SCNN1G;TAS2R46;PRKACG;TAS2R3;TAS2R13;TAS2R50;TAS2R31;TAS2R30;CALHM1;TAS2R41;ASIC2;PLCB3;TAS2R16;HTR1A;TAS2R1;GABRA1;SCNN1A;TAS2R42;TAS2R39;GABRA2
gsea,B cell receptor signaling pathway,0.4401381756477838,1.4166293602220723,1.930894e-01,2.252644e-01,8.470000e-01,26/79,21.45%,AKT3;NFATC3;GSK3B;PIK3CA;KRAS;PIK3CB;SOS1;MALT1;VAV2;CHUK;CARD11;PIK3R1;NFKB1;RAF1;RASGRP3;NFATC2;PPP3CA;NFATC1;PLCG2;SOS2;PIK3AP1;LILRA2;AKT1;PPP3CB;SYK;FOS
gsea,Allograft rejection,-0.5956732991680845,-1.408569745677357,1.774194e-01,1.000000e+00,8.590000e-01,18/35,16.90%,HLA-DMB;HLA-DMA;HLA-DOB;HLA-DQA2;IL2;IL12B;HLA-DPB1;HLA-DQB1;HLA-DRB5;HLA-F;HLA-DRB1;HLA-DRA;CD40;HLA-DPA1;IL4;IL12A;HLA-DQA1;HLA-A
gsea,One carbon pool by folate,0.49957396160710127,1.4078461982280654,1.163708e-01,2.316413e-01,8.580000e-01,10/19,25.46%,ALDH1L2;DHFR2;DHFR;MTR;MTHFD1L;MTHFD2;MTHFD1;TYMS;MTFMT;ALDH1L1
gsea,T cell receptor signaling pathway,0.4064279743642011,1.3989821658662516,1.892430e-01,2.376432e-01,8.650000e-01,32/104,22.28%,AKT3;NFATC3;GSK3B;PIK3CA;KRAS;PIK3CB;SOS1;MALT1;VAV2;PAK3;CHUK;CARD11;PIK3R1;NFKB1;MAPK8;RAF1;PDPK1;CBLB;DLG1;PAK2;PRKCQ;TEC;NFATC2;PPP3CA;IL5;NFATC1;SOS2;AKT1;PPP3CB;FOS;MAPK9;CD28
gsea,Amphetamine addiction,0.35609678848753196,1.3969512134904754,9.170306e-02,2.378554e-01,8.670000e-01,22/69,22.94%,CACNA1C;DRD1;CREB3L2;CREB5;SIRT1;CREB3L1;CREB1;PRKACB;GRIN3A;PPP3CA;HDAC2;SLC18A2;DDC;CACNA1D;PRKACG;MAOB;CAMK4;GRIN2A;PRKCA;PPP3CB;FOS;GRIA3
gsea,GABAergic synapse,0.37758513593968374,1.3947491008346824,8.200000e-02,2.382506e-01,8.700000e-01,23/89,16.73%,CACNA1C;GPHN;ADCY7;GABRB3;GABRG3;ADCY1;GNAI1;SLC38A1;GABARAPL1;PLCL1;ADCY6;GNB4;GABRA5;ADCY3;SLC38A2;GNG2;PRKACB;GNB5;SLC38A5;SLC6A1;CACNA1D;PRKACG;GNGT1
gsea,Human immunodeficiency virus 1 infection,0.3291398243717838,1.3944890590538153,1.567010e-01,2.370685e-01,8.700000e-01,89/211,36.91%,AKT3;NFATC3;ITPR1;ATR;AP1S3;PIK3CA;TRAF6;KRAS;BCL2;DCAF1;BTRC;PIK3CB;PAK3;MAP2K6;MTOR;GNAI1;CHUK;PIK3R1;NFKB1;FBXW11;ITPR3;MAPK8;RAF1;GNB4;TBK1;GNG2;CGAS;GNB5;WEE2;PXN;PAK2;AP1G1;ITPR2;CASP3;NFATC2;CHEK1;PPP3CA;CUL4B;LIMK2;ATM;CCNB2;TAB2;WEE1;NFATC1;GNGT1;PLCG2;TRIM5;CCNB1;AKT1;CDC25C;RIPK1;CUL5;PRKCA;PPP3CB;FOS;MAPK9;GNG12;DDB1;GNAQ;MAP2K1;CRK;TLR4;MAP2K3;CALML4;GNG4;CALML3;MAP3K7;IFNA4;NRAS;RPS6KB1;TRAF2;PRKCB;CDK1;MAPK1;GNB1;IFNA16;PTK2;CUL4A;IFNA14;CUL1;TAP1;TNFRSF1A;GNAI3;TAP2;PRKCG;PTK2B;PDIA3;GNA11;AKT2
gsea,Inflammatory mediator regulation of TRP channels,0.37565465108566465,1.3936902801773323,1.021277e-01,2.364179e-01,8.710000e-01,41/98,27.46%,ITPR1;PIK3CA;HTR2A;ADCY7;PIK3CB;BDKRB2;PLA2G4A;ADCY1;MAP2K6;PLCB1;PIK3R1;ADCY6;ITPR3;MAPK8;PLCB4;BDKRB1;ADCY3;PRKACB;F2RL1;PRKCH;IL1RAP;ITPR2;PRKCQ;TRPA1;HRH1;IGF1;PRKACG;TRPV4;PLCG2;IL1R1;PRKCA;ASIC1;MAPK9;IL1B;ASIC2;GNAQ;PLCB3;TRPV3;PPP1CC;MAP2K3;CALML4
gsea,Primary bile acid biosynthesis,-0.4789197846122323,-1.375212740623563,1.316271e-01,1.000000e+00,8.870000e-01,11/17,21.26%,SLC27A5;ACOT8;CYP27A1;CH25H;HSD3B7;CYP7A1;AKR1D1;CYP39A1;SCP2;CYP46A1;BAAT
gsea,Basal transcription factors,0.39650708413416386,1.3705843551601589,1.860902e-01,2.560534e-01,8.870000e-01,14/44,24.20%,GTF2I;TAF1;GTF2A1;TAF3;TAF2;TAF4;GTF2H3;TAF5;TAF5L;GTF2H1;TAF4B;MNAT1;GTF2IRD1;TAF15
gsea,NOD-like receptor signaling pathway,0.3498462344168431,1.3647675922868037,1.622177e-01,2.599778e-01,8.910000e-01,77/178,37.01%,ANTXR2;TP53BP1;ANTXR1;ITPR1;NAMPT;TRAF6;TRAF3;BCL2;TRPM7;OAS3;IFI16;DHX33;DNM1L;CXCL8;GABARAPL1;CARD6;CHUK;PLCB1;TAB3;NFKB1;ITPR3;MAPK8;TNFAIP3;PLCB4;TBK1;XIAP;ERBIN;PKN2;JAK1;MCU;CXCL1;MEFV;ITPR2;PANX1;RNASEL;MAVS;TAB2;CXCL3;OAS2;VDAC1;GBP4;TICAM1;IL6;RIPK1;NAIP;HSP90AA1;MAPK9;IL1B;STAT1;PLCB3;VDAC2;DEFB103B;SUGT1;TLR4;BIRC3;OAS1;MAP3K7;IFNA4;TRAF2;NLRX1;CYBB;MFN2;MAPK1;DEFA3;NLRP3;IFNA16;RIPK2;P2RX7;IFNA14;BRCC3;GBP2;ATG16L1;GBP5;GBP7;GPRC6A;BIRC2;NEK7
gsea,C-type lectin receptor signaling pathway,0.3830639663657779,1.3604011068520134,1.765914e-01,2.630411e-01,8.950000e-01,35/104,24.09%,AKT3;NFATC3;ITPR1;KSR1;PTPN11;PIK3CA;KRAS;PTGS2;PIK3CB;MALT1;ARHGEF12;CHUK;PIK3R1;NFKB1;ITPR3;MAPK8;RAF1;MDM2;CBLB;CD209;CYLD;EGR3;ITPR2;NFATC2;PPP3CA;NFATC1;PLCG2;EGR2;AKT1;IL6;PPP3CB;SYK;MAPK9;IL1B;STAT1
gsea,Glycerolipid metabolism,0.36991497195653017,1.3564581386150378,1.120690e-01,2.652055e-01,8.980000e-01,21/61,25.02%,AGPAT5;LIPG;DGKG;DGKH;AGPAT4;LCLAT1;MOGAT2;PLPP4;GPAT4;DGKI;AKR1B10;DGKA;LPIN1;GK;PLPP3;ALDH1B1;PNPLA3;DGKB;LPIN2;AGPAT1;PNLIPRP3
gsea,Leukocyte transendothelial migration,0.3704178525402883,1.3552025486009371,1.868583e-01,2.650724e-01,9.000000e-01,40/112,24.18%,ARHGAP5;JAM3;ROCK2;ROCK1;ITGB1;PTPN11;PIK3CA;VCL;PIK3CB;VAV2;ACTN1;CDH5;GNAI1;BCAR1;ARHGAP35;PIK3R1;VCAM1;THY1;MMP2;CLDN14;ITGA4;PXN;RHOH;CLDN20;CLDN2;MMP9;JAM2;RAPGEF4;TXK;PLCG2;CLDN10;CTNNB1;AFDN;CD99;PRKCA;RAP1B;CTNND1;PECAM1;CLDN17;CTNNA1
gsea,Pathways of neurodegeneration,0.25761745004601067,1.3274236642921793,1.825726e-01,2.890899e-01,9.160000e-01,117/462,25.08%,CACNA1C;SMCR8;APC;CSNK2A3;ITPR1;PIK3C3;GSK3B;PRKN;ATG2B;SPG11;FZD10;CSNK1A1;KRAS;FZD7;ATXN1L;PTGS2;APAF1;BCL2;ATP2A2;CDK5R1;CSNK2A1;DKK1;ATXN2;GPX8;PIK3R4;PSMC1;ALS2;BDNF;PSMD1;ATXN1;RYR2;MAP2K6;FZD3;MTOR;FZD4;GABARAPL1;NOS1;ATP2A3;NOX4;PLCB1;CSNK1A1L;FZD1;NFKB1;ITPR3;MAPK8;ERN1;RAF1;CHRNA7;EIF2AK3;CSNK2A2;NDUFS1;MAP3K5;ATF6;SNCAIP;PLCB4;TBK1;LRP6;DKK2;DCTN1;PSMD7;UBE2G1;HTT;CHRM3;MCU;DNAL1;ITPR2;DLG4;SPTBN2;CASP3;NDUFV2;KIF5B;PPP3CA;ATXN3;RAB8A;PPID;WNT9B;ZFYVE1;GPX2;COX6B2;AMBRA1;CACNA1D;LRP5;BECN1;WNT2;TUBB6;ULK2;DCTN5;WNT9A;APC2;VAPB;VDAC1;IL6;NEFL;CTNNB1;GRIN2A;CHMP2B;FZD5;PRKCA;PPP3CB;FZD6;BRAF;PINK1;MAPK9;WNT7A;PSEN1;KIF5C;TUBA1B;GRIA3;IL1B;RAB5A;WNT5B;RB1CC1;TUBA1C;GNAQ;PLCB3;APP;VDAC2
gsea,Epstein-Barr virus infection,0.333479649900679,1.325663176293728,1.967546e-01,2.890616e-01,9.160000e-01,53/198,22.99%,AKT3;CDK6;PIK3CA;TRAF6;APAF1;TRAF3;BCL2;OAS3;NEDD4;PIK3CB;PSMC1;PSMD1;MAP2K6;SIN3A;POLK;CHUK;CCNA2;PIK3R1;NFKB1;MAPK8;TNFAIP3;MDM2;USP7;TBK1;BCL2L11;E2F3;PSMD7;MYC;NCOR2;CCND2;JAK1;EIF2AK2;CCND1;RB1;CASP3;SAP30;SAP30L;HDAC2;MAVS;TAB2;ENTPD1;PLCG2;OAS2;CD44;AKT1;IL6;RIPK1;CDKN1A;STAT3;SYK;MAPK9;RBPJ;E2F2
gsea,Chemokine signaling pathway,0.375209953718601,1.3208394872638654,2.028986e-01,2.920093e-01,9.190000e-01,63/189,26.20%,AKT3;ROCK2;ROCK1;GSK3B;GRK5;CXCR1;PIK3CA;CCL20;KRAS;ADCY7;PIK3CB;SOS1;VAV2;GRK3;CXCL5;CXCR2;ADCY1;CXCL8;GNAI1;BCAR1;PARD3;CHUK;SHC4;PLCB1;PIK3R1;FOXO3;NFKB1;ADCY6;CCR8;RAF1;GNB4;PLCB4;ADCY3;GNG2;SHC1;PRKACB;GNB5;CXCL1;PXN;XCR1;TIAM1;JAK2;DOCK2;PRKACG;GNGT1;PLCG2;SOS2;CXCL3;AKT1;PREX1;STAT3;BRAF;GNG12;RAP1B;CCL15;GRK4;CCL21;STAT1;GNAQ;PLCB3;PIK3CG;MAP2K1;STAT5B
gsea,Glycosphingolipid biosynthesis,0.3577859202977325,1.319287751926005,1.628866e-01,2.918114e-01,9.210000e-01,16/45,26.99%,B3GALT5;B4GALT4;B3GNT5;ST3GAL1;FUT4;FUT2;B3GALT2;ST6GALNAC3;ST3GAL2;ST6GALNAC5;B3GNT3;FUT6;FUT3;A4GALT;B4GALT1;B3GALT1
gsea,Necroptosis,0.2864699659099712,1.3177955376306036,1.686508e-01,2.915139e-01,9.210000e-01,53/155,34.10%,TNFRSF10A;BCL2;TRPM7;MLKL;PLA2G4A;DNM1L;MACROH2A2;GLUD2;MAPK8;TNFAIP3;VPS4B;XIAP;PARP1;JAK1;EIF2AK2;CYLD;PPID;JAK2;TNFRSF10B;H2AC13;H2AC12;H2AC21;H2AB3;VDAC1;TICAM1;RIPK1;HSP90AA1;TLR3;STAT3;CHMP2B;MAPK9;IL1B;PYGL;STAT1;H2AC4;H2AC16;VDAC2;PYGB;AIFM1;STAT5B;TLR4;BIRC3;CHMP3;IFNA4;TRAF2;CYBB;PGAM5;NLRP3;IFNA16;SPATA2;CHMP7;H2AC14;IFNA14
gsea,Fc gamma R-mediated phagocytosis,0.34343364449201164,1.3078417443533619,2.315574e-01,2.994318e-01,9.320000e-01,38/96,32.65%,AKT3;ASAP1;ASAP2;FCGR3B;PLD1;PIK3CA;MYO10;PIK3CB;DOCK1;VAV2;PLA2G4A;PIK3R1;RAF1;AMPH;MARCKS;WASF2;PLPP3;GAB2;LIMK2;WASF3;SCIN;PLCG2;AKT1;PIP5K1C;PRKCA;SYK;MAP2K1;CRK;INPP5D;PTPRC;WASF1;ACTR2;RPS6KB1;SPHK2;PRKCB;MAPK1;SPHK1;ARF6
gsea,Nitrogen metabolism,0.4626888413900408,1.3078017292684816,1.653226e-01,2.977966e-01,9.320000e-01,4/17,6.46%,CA12;CPS1;GLUD2;CA9
gsea,Folate biosynthesis,0.4432320232999648,1.2925202445405142,1.957895e-01,3.113624e-01,9.360000e-01,5/26,10.03%,DHFR2;GPHN;MOCOS;DHFR;AKR1B10
gsea,Thermogenesis,0.27021072420360237,1.2826075406606066,2.024793e-01,3.191130e-01,9.390000e-01,34/219,9.76%,ARID1B;ZNF516;PRKAA2;PRKG1;PPARGC1A;FGFR1;PRKG2;KRAS;ACSL4;ADCY7;SOS1;CREB3L2;CREB5;CPT1A;ARID1A;SMARCC2;ACSL3;ADCY1;PRKAB2;RPTOR;KDM3B;MTOR;CREB3L1;SMARCA2;ADCY6;CREB1;NDUFS1;MAP3K5;SMARCC1;ADCY3;FRS2;PRKACB;KDM3A;RPS6KA3
gsea,ABC transporters,0.381740491591979,1.280038154396325,1.946721e-01,3.197459e-01,9.420000e-01,13/45,16.96%,ABCC1;ABCC9;ABCB4;ABCA12;ABCG1;ABCA1;DEFB1;ABCC2;ABCA6;ABCB10;ABCB1;ABCA2;ABCB7
gsea,Nucleotide excision repair,0.3841640103909672,1.2697555982904205,2.514507e-01,3.280677e-01,9.440000e-01,17/46,25.70%,ERCC6;XPC;ERCC8;ERCC4;POLE;ERCC5;RFC1;GTF2H3;CUL4B;RFC3;GTF2H1;RPA4;RFC5;RAD23B;MNAT1;DDB1;POLD3
gsea,Glycolysis / Gluconeogenesis,0.31104133257013244,1.2633348564906142,1.983640e-01,3.329094e-01,9.480000e-01,20/66,25.47%,PFKP;PCK1;HKDC1;ALDOA;LDHAL6B;HK2;PFKM;PGAM4;PGM2;DLAT;ADH4;ADH1A;ENO2;PGAM1;HK1;ALDH1B1;LDHA;DLD;MINPP1;ADH6
gsea,Bile secretion,0.34244127739804364,1.2596772317335276,1.881607e-01,3.347944e-01,9.500000e-01,26/88,18.22%,SLC2A1;ABCB4;ADCY7;HMGCR;LDLR;ADCY1;ATP1A1;UGT2B11;ADCY6;SLC4A4;ABCC2;ADCY3;PRKACB;SCARB1;UGT2B28;UGT2B15;ATP1B1;UGT2B4;ABCB1;SLC9A1;UGT2B7;PRKACG;SLC5A1;UGT2A3;UGT1A10;CA2
gsea,Maturity onset diabetes of the young,0.4620189393567315,1.2570827277747327,2.169625e-01,3.356122e-01,9.520000e-01,7/26,10.93%,PDX1;FOXA3;HNF4G;HNF4A;HNF1A;BHLHA15;NR5A2
gsea,Fanconi anemia pathway,0.4400202683811997,1.254624692677446,2.751004e-01,3.361898e-01,9.550000e-01,24/54,22.86%,ATR;BLM;FAN1;FANCI;REV3L;ERCC4;POLK;PMS2;PALB2;SLX4;FANCM;BRCA1;TOP3A;FANCA;BRCA2;FANCF;WDR48;FANCC;USP1;BRIP1;RPA4;RMI1;RAD51;FANCB
gsea,Osteoclast differentiation,0.3880555003863684,1.2470658235562693,2.824742e-01,3.424805e-01,9.570000e-01,41/126,24.09%,AKT3;TNFSF11;FHL2;FCGR3B;PIK3CA;TGFBR1;TRAF6;PIK3CB;TGFB2;MITF;MAP2K6;CHUK;PIK3R1;NFKB1;MAPK8;CREB1;JAK1;FOSL2;CYLD;SIRPA;TEC;NFATC2;TGFBR2;PPP3CA;GAB2;TAB2;TNFRSF11B;FOSL1;NFATC1;PLCG2;LILRA2;AKT1;CAMK4;IL1R1;PPP3CB;SYK;FOS;MAPK9;IL1B;TNFRSF11A;STAT1
gsea,Starch and sucrose metabolism,0.36964158414570375,1.245132709221162,2.292994e-01,3.426727e-01,9.580000e-01,8/36,12.89%,HKDC1;HK2;PGM2L1;ENPP1;GBE1;GYG2;PGM2;MGAM2
gsea,Neutrophil extracellular trap formation,0.3211455699637496,1.2440725763418432,2.504970e-01,3.420652e-01,9.580000e-01,70/180,32.65%,AKT3;HDAC4;FCGR3B;CLCN3;PIK3CA;VWF;PIK3CB;FGA;H4C15;MACROH2A2;MTOR;C5;CLCN4;PLCB1;PIK3R1;NFKB1;RAF1;PLCB4;FGB;H3C11;CR1;H3C3;H2BC5;HDAC2;H2AC13;H4C1;H2AC12;FGG;H3C15;H2BC21;H2AC21;PLCG2;H2AB3;H2BC6;H2BC13;SELP;AKT1;VDAC1;H4C6;PRKCA;SYK;H2BC18;H3-5;H4C3;FPR2;H2BC3;H4C13;H2AC4;H2AC16;PLCB3;VDAC2;H4C2;AQP9;MAP2K1;TLR4;H3C12;H2BC4;ATG7;H3C13;H3C7;FPR3;MAP3K7;C3;H2BC14;CYBB;H2BC17;PRKCB;PPIF;MAPK1;H3C6
gsea,Malaria,0.44297779160777745,1.2440610156786063,2.666667e-01,3.403115e-01,9.580000e-01,17/50,27.23%,THBS2;THBS1;LRP1;TGFB3;TGFB2;CXCL8;VCAM1;CR1;SELE;HGF;SDC2;SELP;IL6;IL1B;PECAM1;GYPA;TLR4
gsea,Linoleic acid metabolism,-0.42508793081114093,-1.2396470882983508,2.096475e-01,1.000000e+00,9.500000e-01,11/29,7.99%,PLAAT3;PLA2G4F;PLA2G12B;CYP1A2;PLA2G4B;JMJD7-PLA2G4B;CYP2J2;CYP2C8;PLA2G2C;PLA2G6;PLA2G4D
gsea,"Alanine, aspartate and glutamate metabolism",0.3680323496582465,1.2300367159944325,2.032520e-01,3.526458e-01,9.620000e-01,10/36,20.29%,GFPT2;CPS1;GPT2;RIMKLB;GLUD2;CAD;PPAT;GFPT1;ADSS1;GOT1
gsea,Pentose phosphate pathway,0.36022655987470736,1.220787190807722,2.443992e-01,3.605061e-01,9.660000e-01,6/30,11.62%,PFKP;ALDOA;PFKM;PGM2;H6PD;RPEL1
gsea,Fc epsilon RI signaling pathway,0.3527474168424835,1.2170948037285236,2.887473e-01,3.625370e-01,9.670000e-01,20/67,22.10%,AKT3;PIK3CA;KRAS;PIK3CB;SOS1;VAV2;PLA2G4A;MAP2K6;PIK3R1;MAPK8;RAF1;PDPK1;GAB2;IL5;PLCG2;SOS2;AKT1;PRKCA;SYK;MAPK9
gsea,Galactose metabolism,0.36805217533134527,1.216643064473668,2.360248e-01,3.611874e-01,9.670000e-01,7/31,12.89%,PFKP;HKDC1;HK2;PFKM;PGM2;AKR1B10;MGAM2
gsea,Metabolism of xenobiotics by cytochrome P450,-0.3698161669337786,-1.203560669059846,2.444444e-01,1.000000e+00,9.630000e-01,31/73,15.50%,HSD11B1L;DHDH;GSTM2;CYP2D6;GSTA5;CYP2D7;CYP1A1;CYP2F1;UGT2A1;GSTM3;GSTA4;CYP1A2;HPGDS;CYP2A13;EPHX1;GSTT2B;ADH1C;MGST1;GSTK1;CBR3;UGT2A2;GSTT2;GSTA3;GSTM1;CBR1;AKR7A2;ADH1B;GSTO1;ALDH3B1;GSTP1;GSTM4
gsea,Other glycan degradation,-0.41926598825408634,-1.1945767782609804,2.909441e-01,1.000000e+00,9.650000e-01,5/17,7.46%,HEXA;HEXD;ENGASE;NEU1;FUCA1
gsea,Vibrio cholerae infection,0.2922275745947046,1.1852371038391116,2.665245e-01,3.932926e-01,9.760000e-01,11/50,21.90%,SLC12A2;TJP1;ERO1A;ATP6V0A2;TJP2;ADCY3;PRKACB;PRKACG;PLCG2;PRKCA;PDIA4
gsea,Mismatch repair,0.4602669051335617,1.1807384828613454,3.564547e-01,3.963205e-01,9.780000e-01,11/23,28.20%,MSH3;MLH3;MSH6;PMS2;RFC1;EXO1;RFC3;RPA4;RFC5;POLD3;MSH2
gsea,Toll-like receptor signaling pathway,0.32871790781538135,1.1765681806499748,2.874743e-01,3.986799e-01,9.790000e-01,15/102,8.09%,AKT3;TLR6;PIK3CA;TIRAP;TRAF6;TRAF3;PIK3CB;CXCL8;MAP2K6;CHUK;PIK3R1;NFKB1;MAPK8;TLR1;TBK1
gsea,RIG-I-like receptor signaling pathway,0.307585210344435,1.1680676745167045,2.874494e-01,4.058974e-01,9.800000e-01,25/69,34.10%,TRAF6;TRAF3;CXCL8;CHUK;NFKB1;MAPK8;TBK1;DDX3X;AZI2;MAP3K1;CYLD;MAVS;IFNK;RNF125;RIPK1;TRIM25;MAPK9;IFNE;MAP3K7;IFNA4;TRAF2;NLRX1;IFIH1;IFNA16;IFNA14
gsea,Glutathione metabolism,-0.33634531996621314,-1.163537473142848,2.873134e-01,1.000000e+00,9.740000e-01,26/56,19.28%,GSTM2;GSTA5;GSTM3;GSTA4;HPGDS;GPX4;GPX1;GSTT2B;MGST1;GSTK1;GSTT2;GSTA3;GSTM1;GSTO1;GGCT;GGT6;GSTP1;GSTM4;GPX3;ANPEP;GSS;GGT7;SRM;GGT1;NAT8B;GPX7
gsea,Autoimmune thyroid disease,-0.3942240886700646,-1.1623131187330935,3.152610e-01,1.000000e+00,9.740000e-01,15/50,12.71%,HLA-DMB;HLA-DMA;HLA-DOB;HLA-DQA2;IL2;HLA-DPB1;HLA-DQB1;HLA-DRB5;HLA-F;HLA-DRB1;HLA-DRA;CD40;IFNA7;HLA-DPA1;IL4
gsea,VEGF signaling pathway,0.30953168839636525,1.1550293955741306,3.095723e-01,4.185782e-01,9.830000e-01,17/59,21.04%,AKT3;PIK3CA;KRAS;PTGS2;PIK3CB;PLA2G4A;PIK3R1;RAF1;PXN;NFATC2;PPP3CA;KDR;PLCG2;AKT1;NOS3;PRKCA;PPP3CB
gsea,African trypanosomiasis,0.39481138101394414,1.1525992149838808,3.112033e-01,4.192216e-01,9.850000e-01,12/36,24.85%,LAMA4;APOL1;PLCB1;VCAM1;PLCB4;F2RL1;SELE;IL6;PRKCA;IL1B;GNAQ;PLCB3
gsea,Cell adhesion molecules,0.34942680390971614,1.1414672982301122,3.515789e-01,4.304531e-01,9.870000e-01,53/145,25.20%,NEO1;VCAN;ITGA6;JAM3;ITGB1;CDH2;NECTIN1;PVR;NRXN3;PTPRM;LRRC4C;CDH5;CD34;ITGAV;GLG1;NLGN4Y;VCAM1;NLGN4X;IGSF11;CLDN14;CNTN1;ITGA4;CLDN20;NLGN3;SELE;CD276;CLDN2;CNTN2;NCAM1;JAM2;NFASC;NRXN2;NEGR1;CNTNAP1;NTNG2;SDC2;CLDN10;ICOSLG;L1CAM;ITGB7;SELP;MPZL1;NLGN1;CD99;CNTNAP2;NTNG1;CD28;ITGA9;PECAM1;CLDN17;CD226;NLGN2;NCAM2
gsea,Proximal tubule bicarbonate reclamation,0.3629382815336123,1.1384817815580541,3.062500e-01,4.316198e-01,9.870000e-01,6/23,18.22%,PCK1;ATP1A1;GLUD2;SLC4A4;ATP1B1;CA2
gsea,alpha-Linolenic acid metabolism,-0.39090808346623157,-1.1383243503077292,3.200000e-01,9.840174e-01,9.810000e-01,8/25,7.99%,PLAAT3;PLA2G4F;PLA2G12B;PLA2G4B;JMJD7-PLA2G4B;PLA2G2C;PLA2G6;PLA2G4D
gsea,Amyotrophic lateral sclerosis,0.22385044664177267,1.136688738197092,3.217923e-01,4.314560e-01,9.870000e-01,55/350,14.69%,POM121;SMCR8;PIK3C3;PRKN;ATG2B;SPG11;APAF1;SETX;BCL2;TPR;ATXN2;POM121C;GPX8;PIK3R4;PSMC1;ALS2;PSMD1;MAP2K6;MTOR;NUP153;GABARAPL1;NCBP1;NOS1;RANBP2;NUP98;UBQLN2;ITPR3;ERN1;EIF2AK3;NDUFS1;MAP3K5;NRG1;ATF6;NRG3;TBK1;NUP210;DCTN1;PSMD7;NUP50;NUP205;MCU;DNAL1;NUP155;CASP3;NDUFV2;KIF5B;NUP214;PPP3CA;UBQLN1;NUP133;NUP188;RAB8A;GPX2;COX6B2;AMBRA1
gsea,Ascorbate and aldarate metabolism,0.3855237118400147,1.1307369949378576,3.446215e-01,4.359991e-01,9.880000e-01,20/28,41.38%,UGT2B11;UGT2B28;UGT2B15;UGDH;UGT2B4;UGT2B7;UGT2A3;UGT1A10;KL;ALDH1B1;UGT1A8;UGT2B10;UGT1A9;ALDH3A2;ALDH9A1;UGT1A1;UGT1A4;ALDH7A1;UGT2B17;UGT1A6
gsea,Pantothenate and CoA biosynthesis,0.36181298143871016,1.1294200751841454,3.022774e-01,4.352898e-01,9.890000e-01,7/20,22.37%,PANK3;ENPP1;VNN1;PANK2;PANK1;ALDH1B1;BCAT1
gsea,Th1 and Th2 cell differentiation,0.3593883794956091,1.1290874789794054,3.971193e-01,4.335922e-01,9.890000e-01,32/90,26.20%,MAML3;JAG1;NFATC3;NOTCH1;NOTCH3;NOTCH2;MAF;MAML1;CHUK;NFKB1;MAPK8;JAK1;DLL4;PRKCQ;NFATC2;PPP3CA;IL5;JAK2;IL2RA;IL2RB;NFATC1;DLL1;JAG2;IL4R;PPP3CB;FOS;IL12RB2;MAPK9;RBPJ;STAT1;GATA3;STAT5B
gsea,Protein export,0.3501232693776694,1.1203950112094028,3.352713e-01,4.409705e-01,9.920000e-01,10/23,40.85%,SPCS3;SRP72;SEC63;SRP54;SEC61A1;SEC11C;SRP19;HSPA5;IMMP1L;SRP68
gsea,Nicotinate and nicotinamide metabolism,0.313820848133941,1.1156805899193243,3.220339e-01,4.440948e-01,9.920000e-01,6/34,8.60%,NAMPT;NT5C2;NT5C1B;ENPP1;SIRT1;PNP
gsea,Herpes simplex virus 1 infection,0.3286650183250713,1.1155462075294356,3.869048e-01,4.421390e-01,9.920000e-01,109/492,15.71%,AKT3;ZNF81;ZNF749;POU2F1;ZNF221;ZNF37A;ITGA5;ZNF619;PTPN11;ZNF275;NECTIN1;PIK3CA;TRAF6;ZNF343;ZNF354C;ZNF112;APAF1;ZNF543;ZNF460;ZNF805;ZNF765;ZNF780A;TRAF3;BCL2;ZNF268;ZNF45;SRPK1;ZNF605;OAS3;ZNF616;PIK3CB;ZNF510;ZNF41;ZNF283;RBAK;ZNF624;ZNF562;ZNF845;ZNF860;HCFC1;ZNF227;MTOR;ZNF436;C5;ZNF792;CHUK;ZNF180;PIK3R1;ZNF17;NFKB1;ZNF766;ZNF8;ZNF304;ZNF155;EIF2AK3;ZNF551;ZNF234;ZNF611;ZNF772;EIF2AK4;ZNF587;TBK1;ZNF480;ZNF84;ZNF473;JAK1;CGAS;ZNF550;ZNF813;ZNF621;ZNF398;ZNF214;EIF2AK2;ZNF225;ZNF841;ZNF746;ZNF836;ZFP92;ZNF620;ZNF417;ZNF777;ZNF689;HCFC2;ZNF189;ZNF286A;ZNF585A;ZNF175;CASP3;ZNF317;ZNF780B;ZNF669;ZFP69B;ZNF721;ZNF699;JAK2;RNASEL;ZNF786;ZNF782;ZNF235;ZNF623;ZNF425;ZNF33B;ZNF426;ZNF713;ZFP1;ZNF33A;ZNF548;MAVS;TAB2
gsea,Base excision repair,0.3665349741163147,1.1108320560382139,3.850806e-01,4.450145e-01,9.920000e-01,8/33,16.37%,POLE;TDG;PARP1;NEIL3;LIG3;UNG;PARP4;FEN1
gsea,Influenza A,0.2847593035247585,1.101899343959921,3.465347e-01,4.520148e-01,9.930000e-01,40/168,21.30%,AKT3;CDK6;TNFRSF10A;PIK3CA;EP300;APAF1;TRAF3;CREBBP;OAS3;PIK3CB;CXCL8;CHUK;PRSS1;PIK3R1;NFKB1;NUP98;PRSS2;RAF1;KPNA1;TBK1;JAK1;EIF2AK2;DNAJC3;KPNA6;CASP3;JAK2;RNASEL;TNFRSF10B;MAVS;ADAR;OAS2;AKT1;PRSS3;VDAC1;TICAM1;IL6;TRIM25;TLR3;PRKCA;KPNA2
gsea,Glycerophospholipid metabolism,0.28805247253717103,1.0931860904659823,3.383948e-01,4.591624e-01,9.930000e-01,22/97,14.90%,PLD1;SELENOI;AGPAT5;LPGAT1;PLA2G4A;DGKG;DGKH;AGPAT4;LCLAT1;PLPP4;ETNPPL;GPAT4;DGKI;DGKA;LPCAT3;GPD2;LPIN1;LPCAT4;PCYT1B;PLPP3;PCYT1A;CHPT1
gsea,RNA polymerase,0.34141946698856435,1.0858427339257868,3.987854e-01,4.652391e-01,9.940000e-01,8/31,14.41%,POLR3A;POLR1A;POLR3B;POLR2A;POLR1B;POLR2B;POLR3D;POLR3E
gsea,Arginine biosynthesis,0.3655584609991067,1.0855187399088526,3.657025e-01,4.634413e-01,9.940000e-01,7/22,22.30%,CPS1;GPT2;NOS1;GLUD2;NOS3;GOT1;ARG2
gsea,Ferroptosis,0.30968240472917286,1.080277093380314,3.773585e-01,4.673591e-01,9.940000e-01,16/41,32.51%,SLC39A14;SLC7A11;ACSL4;ACSL3;LPCAT3;TFRC;GCLM;PCBP1;VDAC2;TP53;ATG7;PRNP;CP;GCLC;CYBB;NCOA4
gsea,Porphyrin and chlorophyll metabolism,0.3208949535355098,1.079934339963715,3.319502e-01,4.656346e-01,9.940000e-01,13/41,18.12%,HEPH;UGT2B11;FECH;UGT2B28;UGT2B15;FXN;EARS2;UGT2B4;EPRS1;UGT2B7;UGT2A3;UGT1A10;COX10
gsea,Homologous recombination,0.3953170701775386,1.0766258396575976,4.365079e-01,4.671932e-01,9.940000e-01,19/41,29.46%,RAD50;BLM;PALB2;TOPBP1;BRCA1;TOP3A;NBN;BRCA2;ATM;ABRAXAS1;RAD54L;RBBP8;UIMC1;BRIP1;RPA4;RAD51;POLD3;TOP3B;SYCP3
gsea,Citrate cycle (TCA cycle),0.33401757423049194,1.076468993396097,3.762575e-01,4.652538e-01,9.940000e-01,8/30,23.68%,IDH3A;PCK1;DLAT;ACO2;SUCLA2;CS;ACLY;DLD
gsea,Cardiac muscle contraction,0.26832544301223,1.0736291985775386,3.581781e-01,4.661345e-01,9.940000e-01,16/83,15.16%,CACNA1C;CACNA2D1;SLC8A1;ATP2A2;SLC9A7;TPM1;RYR2;ATP1A1;ATP2A3;SLC8A3;ATP1B1;CACNB2;SLC9A1;COX6B2;CACNA2D3;CACNA1D
gsea,Spliceosome,0.24947592243736336,1.0724238782401487,4.044266e-01,4.656245e-01,9.950000e-01,67/147,43.92%,AQR;DDX46;NCBP1;RNVU1-1;CHERP;PRPF8;SF3B3;CDC40;DHX8;DHX38;RBMXL1;CRNKL1;PRPF40A;TCERG1;SNRNP200;RNU1-3;HNRNPU;THOC2;DHX15;WBP11;PRPF18;SF3A1;CDC5L;PRPF4;HNRNPM;PCBP1;PRPF40B;U2SURP;RNU1-2;HSPA8;HSPA2;DDX42;RBM25;SRSF1;SLU7;SNRPD3;RNVU1-18;HSPA1B;SRSF9;DDX23;RNU1-4;RNU5A-1;RBMXL3;TRA2B;ACIN1;RNU6-9;PLRG1;SMNDC1;SF3B1;HNRNPA3;HNRNPA1L2;HSPA1A;EFTUD2;RNU2-1;RBM22;RNU1-1;SNW1;SNRPD1;EIF4A3;RNVU1-7;PRPF38B;HSPA1L;RNVU1-4;RBM17;HNRNPA1;HNRNPK;RBM8A
gsea,Huntington disease,0.21433641379944862,1.07239734523173,3.671400e-01,4.635876e-01,9.950000e-01,50/292,17.89%,ITPR1;PIK3C3;ATG2B;PPARGC1A;REST;EP300;APAF1;RCOR1;CREBBP;CREB3L2;CREB5;GPX8;PIK3R4;PSMC1;SP1;BDNF;PSMD1;MTOR;SIN3A;PLCB1;CREB3L1;POLR2A;MAPK8;ERN1;CREB1;NDUFS1;MAP3K5;PLCB4;DCTN1;PSMD7;TAF4;HTT;POLR2B;DNAL1;DLG4;CASP3;NDUFV2;KIF5B;HDAC2;GPX2;COX6B2;AMBRA1;UCP1;BECN1;TFAM;TUBB6;ULK2;DCTN5;TAF4B;TGM2
gsea,Amino sugar and nucleotide sugar metabolism,0.30354721774349575,1.0666337058187463,4.025424e-01,4.679511e-01,9.950000e-01,11/48,11.90%,GNPNAT1;GFPT2;PMM2;GNE;HKDC1;GMDS;HK2;PGM2;PGM3;GNPDA2;UGDH
gsea,Natural killer cell mediated cytotoxicity,0.3070281879881336,1.065286122981422,4.122449e-01,4.674963e-01,9.950000e-01,31/124,21.72%,FCGR3B;TNFRSF10A;PTPN11;PIK3CA;KRAS;PIK3CB;SOS1;RAET1L;VAV2;SHC4;PIK3R1;RAF1;RAET1E;SHC1;CASP3;NFATC2;KIR2DL1;PPP3CA;RAET1G;TNFRSF10B;KLRC3;NFATC1;PLCG2;SOS2;KIR2DL3;SH2D1B;PRKCA;PPP3CB;SYK;BRAF;KIR3DL1
gsea,Th17 cell differentiation,0.3312493125022794,1.063196669738607,4.258873e-01,4.678574e-01,9.950000e-01,36/105,26.51%,SMAD2;NFATC3;SMAD3;TGFBR1;RORA;MTOR;CHUK;NFKB1;MAPK8;HIF1A;JAK1;IL1RAP;SMAD4;PRKCQ;NFATC2;TGFBR2;IL23R;PPP3CA;JAK2;IL2RA;IL2RB;NFATC1;IL6;IL4R;IL1R1;HSP90AA1;STAT3;PPP3CB;FOS;RUNX1;MAPK9;IL1B;STAT1;GATA3;STAT5B;IL21R
gsea,Legionellosis,0.31381669663148587,1.052911386129654,4.008621e-01,4.772192e-01,9.950000e-01,22/57,33.90%,APAF1;CXCL8;NFKB1;CXCL1;CR1;CASP3;HBS1L;CXCL3;IL6;HSPD1;NAIP;IL1B;HSPA8;HSPA2;TLR4;HSPA1B;C3;CASP7;VCP;BCL2L13;EEF1A2;ITGAM
gsea,Type I diabetes mellitus,-0.394141826022133,-1.0498527113610396,4.221311e-01,1.000000e+00,9.860000e-01,13/41,9.06%,HLA-DMB;HLA-DMA;HLA-DOB;HLA-DQA2;IL2;IL12B;HLA-DPB1;HLA-DQB1;INS;HLA-DRB5;HLA-F;HLA-DRB1;HLA-DRA
gsea,Phagosome,0.2832215067534159,1.0480357653337413,4.139344e-01,4.805391e-01,9.950000e-01,23/149,12.32%,THBS2;DYNC1H1;THBS1;ITGA2;FCGR3B;ITGB1;PIK3C3;EEA1;ITGA5;TLR6;DYNC1LI2;PIKFYVE;NOS1;ITGAV;ATP6V0A2;CD209;SCARB1;M6PR;PLA2R1;ITGB5;COLEC12;DYNC1I1;TFRC
gsea,Biosynthesis of unsaturated fatty acids,0.3312079665898197,1.0472793334161974,4.086242e-01,4.793316e-01,9.950000e-01,9/27,21.81%,ELOVL6;FADS2;ELOVL2;ELOVL7;HACD1;HSD17B12;ACOT7;FADS1;SCD
gsea,Neuroactive ligand-receptor interaction,0.2578589950193975,1.041666815148403,3.852459e-01,4.834749e-01,9.950000e-01,93/338,26.19%,LPAR1;MTNR1A;HTR1B;S1PR3;P2RY1;F2R;HTR1F;NTSR1;HTR2A;DRD1;GABRB3;GABRG3;LEPR;HRH2;CHRNA3;EDNRA;NR3C1;BDKRB2;APLNR;CYSLTR2;LPAR4;C5;PARD3;PRSS1;AVPR1A;CALCB;CALCA;PRSS2;CHRNA7;CHRNA5;GRIK1;GRIK2;HTR7;ADM;GABRA5;BDKRB1;GHR;GAL;F2RL2;ADCYAP1R1;CHRM3;GRID1;GPR35;F2RL1;GNRHR;NPY1R;CALCRL;THRB;NTS;SSTR1;GRPR;OXTR;GRIN3A;GHRHR;TAAR2;FSHR;MCHR1;APLN;HRH1;VIPR2;S1PR1;CHRNB4;ADRA2C;GRM2;GPR50;NPY5R;ADCYAP1;CHRNA9;CCK;PRSS3;RXFP3;SSTR2;NMUR2;GRIN2A;SSTR5;PTAFR;RXFP4;GRM8;TAAR8;TAAR1;GRIA3;FPR2;P2RY8;PRL;GABRB2;ADRA2A;TSHB;HTR1A;HTR5A;MLNR;NPY4R2;UCN2;TRHR
gsea,Tuberculosis,0.27550633839275146,1.0416102768449507,4.036511e-01,4.814235e-01,9.950000e-01,31/177,13.89%,AKT3;FCGR3B;TGFB3;PIK3C3;KSR1;EEA1;TLR6;TIRAP;TRAF6;EP300;APAF1;BCL2;CREBBP;MALT1;ARHGEF12;TGFB2;ATP6V0A2;NFKB1;MAPK8;TLR1;CREB1;RAF1;CD209;JAK1;PLA2R1;NFYB;CR1;CASP3;VDR;PPP3CA;JAK2
gsea,Complement and coagulation cascades,0.3297479283537489,1.0354036592399527,4.279749e-01,4.866816e-01,9.950000e-01,27/85,27.48%,F5;F2R;F3;VWF;BDKRB2;FGA;SERPINE1;C5;CFH;THBD;SERPINA5;FGB;BDKRB1;F2RL2;F13A1;CR1;SERPINB2;FGG;PLAUR;C1S;C8B;TFPI;C1R;A2M;C8A;CFB;CFHR3
gsea,Intestinal immune network for IgA production,-0.40820710045616243,-1.0328055407707912,4.302326e-01,1.000000e+00,9.890000e-01,17/45,12.71%,HLA-DMB;HLA-DMA;HLA-DOB;MADCAM1;HLA-DQA2;IL2;CCR10;HLA-DPB1;HLA-DQB1;CCL25;HLA-DRB5;HLA-DRB1;CCL28;HLA-DRA;CD40;HLA-DPA1;IL4
gsea,Prion disease,0.2012801462118161,1.0190421344719118,4.259259e-01,5.030866e-01,9.960000e-01,38/260,15.21%,CACNA1C;CSNK2A3;ITPR1;NOTCH1;GSK3B;PIK3CA;APAF1;LAMC1;CSNK2A1;PIK3CB;CREB3L2;CREB5;PSMC1;PSMD1;RYR2;C5;PIK3R1;CREB3L1;ITPR3;MAPK8;CREB1;EIF2AK3;CSNK2A2;NDUFS1;PSMD7;PRKACB;MCU;EGR1;ITPR2;GRIN3A;CASP3;NDUFV2;KIF5B;PPP3CA;NCAM1;COX6B2;CACNA1D;PRKACG
gsea,Retrograde endocannabinoid signaling,0.23000192314657653,1.0179194843579935,3.946281e-01,5.021431e-01,9.960000e-01,20/141,9.59%,CACNA1C;ITPR1;PTGS2;ADCY7;GABRB3;GABRG3;ADCY1;GNAI1;PLCB1;ADCY6;ITPR3;MAPK8;NDUFS1;GNB4;PLCB4;GABRA5;ADCY3;GNG2;PRKACB;GNB5
gsea,Peroxisome,-0.2703709879043445,-1.005780390232938,4.525939e-01,1.000000e+00,9.910000e-01,21/81,10.73%,PEX11G;ACOT8;DECR2;DHRS4;MVK;PHYH;PXMP4;PRDX5;MPV17;HMGCL;ECH1;PEX11A;PEX14;ECI2;HAO2;HMGCLL1;PEX16;GSTK1;EPHX2;PMVK;MPV17L2
gsea,Arginine and proline metabolism,0.27703224727229736,0.9972345982329609,4.311741e-01,5.234251e-01,9.960000e-01,16/50,22.30%,SMOX;NOS1;ODC1;P4HA3;CKMT1B;P4HA1;OAT;CKMT1A;ALDH18A1;P4HA2;MAOB;AGMAT;NOS3;ALDH1B1;GOT1;ARG2
gsea,Fatty acid elongation,0.3048938750070053,0.9906592055818786,4.601227e-01,5.289189e-01,9.960000e-01,11/27,32.88%,ELOVL6;ELOVL2;THEM5;ELOVL7;HACD1;HSD17B12;ACOT7;PPT2;HACD2;ELOVL4;HACD3
gsea,Parkinson disease,-0.2032748225244443,-0.9902553917046986,4.419552e-01,1.000000e+00,9.940000e-01,70/236,16.88%,NDUFA11;CALML6;ATP5PO;NDUFA2;UQCR10;NDUFB8;NDUFS7;NDUFS8;NDUFB1;NDUFB9;SEPTIN5;COX5B;NDUFB7;NDUFB2;COX6A2;UQCR11;SLC6A3;KLC3;ATP5F1D;COX4I2;NDUFA3;ATP5MC1;PSMB3;NDUFA9;NDUFA7;TUBB8;ATP5PF;NDUFS6;ATP5PD;NDUFS3;NDUFB11;NDUFB6;NDUFB5;SDHA;COX6C;DDIT3;UQCRQ;COX8A;COX7B2;HTRA2;NDUFA6;NDUFA4;ATP5F1E;NDUFV1;NDUFA13;SEM1;COX7A1;SDHD;NDUFV3;COX7A2;COX6B1;COX7B;CALML5;NDUFB4;NDUFB10;COX4I1;PARK7;NDUFC2;NDUFS5;LRRK2;PSMB1;TXN2;CYC1;COX6A1;KLC4;UBE2J2;ADORA2A;NDUFA12;NDUFA1;SDHB
gsea,Steroid biosynthesis,0.34412016556845204,0.9873371574528517,4.758910e-01,5.305095e-01,9.960000e-01,3/20,6.82%,CYP51A1;CYP24A1;LBR
gsea,Ether lipid metabolism,-0.29100981206036985,-0.9869524330660926,4.508349e-01,9.683162e-01,9.940000e-01,14/48,8.90%,GDPD3;PLAAT3;GDPD1;PLA2G4F;PLA2G12B;TMEM86B;PLD4;PLA2G4B;JMJD7-PLA2G4B;PAFAH1B3;PLA2G2C;PLA2G6;PLA2G4D;PLD3
gsea,Cytokine-cytokine receptor interaction,0.27527949797444484,0.9771649541885081,4.824017e-01,5.402121e-01,9.960000e-01,81/291,26.51%,TNFSF11;INHBA;IL1R2;TGFB3;BMP6;LIF;TNFRSF10D;EDAR;TNFRSF10A;CXCR1;CCL20;TGFBR1;EDA2R;INHA;LEPR;EDA;IL18R1;CXCL5;TGFB2;CXCR2;BMPR2;CXCL8;TNFRSF21;TNFSF4;ACVR2B;BMP7;ACKR3;BMPR1A;CCR8;BMP2;IL1RN;GHR;IL11;ACVR2A;CXCL1;IL1RAP;TNFRSF10C;IL22RA1;XCR1;BMP8A;IL20RA;TGFBR2;CNTF;IL23R;IL17C;IL5;TNFRSF19;TNFRSF10B;THPO;IL2RA;IL2RB;TNFRSF11B;IFNK;IL7;TNFSF15;CSF2RB;IL17RA;CXCL3;IL6;IL4R;IL7R;ACVR1;IL1R1;NGFR;INHBE;IL12RB2;IL15;CCL15;IL1B;PRL;CCL21;TNFRSF11A;OSMR;IL13RA1;GDF6;IL15RA;ACVRL1;TNFRSF8;BMP8B;ACKR4;IL21R
gsea,Arachidonic acid metabolism,-0.28638700597007255,-0.9607253121207789,5.008913e-01,9.629370e-01,9.950000e-01,18/61,11.06%,PLAAT3;PTGDS;PLA2G4F;ALOX15B;LTC4S;PLA2G12B;HPGDS;PLA2G4B;JMJD7-PLA2G4B;GPX1;CYP2J2;CYP2C8;PLA2G2C;PLA2G6;PLA2G4D;EPHX2;CBR3;PLA2G10
gsea,Phototransduction,-0.3021135832440481,-0.9580919418023047,5.060976e-01,9.144486e-01,9.950000e-01,4/28,2.09%,CALML6;PDE6B;GUCY2D;PDE6G
gsea,Cytosolic DNA-sensing pathway,0.2592657924351929,0.9568354326889088,5.010101e-01,5.619564e-01,9.970000e-01,12/60,20.06%,POLR3A;POLR3B;CHUK;NFKB1;TBK1;CGAS;POLR3D;POLR3E;MAVS;ADAR;IL6;RIPK1
gsea,Pertussis,0.2670429006489505,0.9360844532880433,5.031315e-01,5.837482e-01,9.970000e-01,27/76,33.90%,ITGB1;ITGA5;TIRAP;TRAF6;CXCL5;CXCL8;GNAI1;C5;NFKB1;MAPK8;CASP3;TICAM1;IL6;C1S;FOS;MAPK9;C1R;IL1B;TLR4;CALML4;CALML3;C3;CASP7;NOS2;MAPK1;NLRP3;ITGAM
gsea,"Glycine, serine and threonine metabolism",-0.2780040206990355,-0.9207213832810021,5.600775e-01,9.350874e-01,9.990000e-01,8/38,9.01%,GCAT;GNMT;GAMT;BHMT;CBS;DMGDH;GCSH;SDSL
gsea,Graft-versus-host disease,-0.3867045067105108,-0.9203777313783666,5.618661e-01,8.890055e-01,9.990000e-01,11/38,9.06%,HLA-DMB;HLA-DMA;HLA-DOB;HLA-DQA2;IL2;HLA-DPB1;HLA-DQB1;HLA-DRB5;HLA-F;HLA-DRB1;HLA-DRA
gsea,Viral myocarditis,0.2985236975136456,0.9095362953949119,5.288270e-01,6.131443e-01,9.980000e-01,10/57,12.55%,SGCB;ABL2;SGCD;LAMA2;LAMA1;ABL1;EIF4G3;CCND1;DAG1;CASP3
gsea,Pentose and glucuronate interconversions,0.3107184146473559,0.9037510357476052,5.496957e-01,6.178273e-01,9.980000e-01,22/32,41.38%,UGT2B11;SORD;AKR1B10;UGT2B28;UGT2B15;RPEL1;UGDH;UGT2B4;UGT2B7;UGT2A3;UGT1A10;KL;RPE;UGT1A8;XYLB;UGT2B10;UGT1A9;UGT1A1;UGT1A4;CRPPA;UGT2B17;UGT1A6
gsea,Olfactory transduction,0.3093919957086765,0.9001465533542649,6.704762e-01,6.198090e-01,9.980000e-01,270/432,51.57%,PRKG1;OR2F2;PRKG2;SLC8A1;OR2A7;GRK3;OR5M11;SLC8A3;OR51E1;OR10J5;OR2AG2;OR51E2;OR5B12;ADCY3;PRKACB;OR13H1;OR51D1;OR3A3;OR13G1;OR51B6;OR6F1;PDE1C;CNGA3;OR1E2;OR2M4;OR14A2;OR10AC1;OR2AG1;OR10Q1;OR4F15;OR52K2;OR52W1;OR14J1;PRKACG;OR13C9;OR51Q1;OR4F5;OR6C68;GNAL;OR5L1;OR12D3;OR1C1;OR2A5;OR4F4;OR2M7;OR2D3;OR1L4;OR10A2;OR10A6;OR4N2;OR51I2;OR5K3;OR8U1;OR5D13;OR1G1;OR4X2;OR52E4;OR5AS1;OR10A4;OR51B4;OR6A2;OR51A7;ANO2;OR2G3;OR10T2;OR1A1;OR2A2;OR4K5;OR8J3;OR51L1;OR51A4;OR52H1;OR10J3;OR2L5;OR5D16;OR4F17;OR10A5;OR5B3;OR2J1;OR2T12;OR11G2;OR2T11;OR1L6;OR2A14;OR5M8;OR5K1;OR4F21;OR52B6;OR1J4;OR52N5;OR6T1;OR52N1;OR10AG1;OR13C8;OR52K1;OR51A2;OR8H3;OR6C74;CALML4;OR2L2;OR4C13;OR52E5;OR2B11;OR5P3;OR2M5;OR10H4;OR51M1;OR5V1;OR6C2;OR5AK2;OR5D18;CALML3;OR2T4;OR8K1;OR52E2;OR4A47;OR6Q1;OR4E1;OR2A1;OR51B2;OR14C36;OR1N1;OR52D1;OR2A12;OR2V2;OR2T33;OR2L3;OR6Y1;GNB1;OR8K5;OR9A2;OR6C1;OR2M3;OR4A5;OR5AL1;OR10K1;OR9Q2;OR4X1;OR6C70;OR11H4;OR56A4;OR51B5;OR52M1;OR8H2;OR5P2;OR4D11;OR2D2;OR7G1;OR2A4;OR9G1;PDE2A;OR9K2;OR2T2;OR4C3;OR9I1;OR6B1;OR5I1;OR4K2;OR14K1;OR52I1;OR4K1;OR52E1;OR51J1;OR1J1;OR2B2;OR6C4;OR4C46;OR4F29;OR5M10;OR10R2;CAMK2A;OR1F1;OR13F1;OR13C4;OR2G2;OR5H1;OR1D2;OR51G2;OR2T10;OR51I1;OR6C76;OR13D1;PDE1A;OR56A1;OR11L1;OR5T2;OR10W1;OR6J1;OR2T7;OR5A2;OR10J1;OR2L8;OR7A10;OR6C6;OR52B2;OR1L1;OR7C2;OR2M2;CALM1;OR1B1;OR6V1;OR5H14;OR2T6;OR4A15;OR2T5;OR4C5;OR6P1;OR5W2;OR8H1;OR11A1;OR4C45;OR2AT4;OR6C3;OR1J2;OR52A1;OR51F1;OR11H2;OR4C11;CALM3;OR2B3;OR5M1;OR7D4;OR7G3;OR51S1;OR6K6;OR5AC2;OR8S1;OR1S2;OR2A25;OR10X1;OR1S1;OR5J2;OR7A17;OR2J2;OR2C1;OR4D2;OR2L13;OR2T29;OR5F1;OR8B8;OR5H2;OR10K2;OR2A42;OR1A2;OR10A3;OR4S1;OR10C1;OR4M1;OR4Q3;OR5K4;OR9G4;OR5H6;RGS2;OR4Q2;OR10G7;OR52I2;OR5L2;OR51G1;OR4K3;OR4C15;OR4D1;OR10S1;OR8J1;OR10J4;OR51T1;OR52E6;OR2T34;OR4C6;OR56A3;OR5D14
gsea,Proteasome,0.26766172802056937,0.8915151293427501,5.277778e-01,6.275038e-01,9.980000e-01,4/46,10.20%,PSMC1;PSMD1;PSMD7;PSME4
gsea,Glyoxylate and dicarboxylate metabolism,-0.26859220536700074,-0.8776890345818775,5.647059e-01,9.177657e-01,9.990000e-01,12/29,20.71%,MCEE;ACSS1;PGP;HAO2;GCSH;ACSS2;HOGA1;ACAT1;AFMID;GRHPR;AGXT;SHMT1
gsea,Selenocompound metabolism,0.28610040042760543,0.8638464491690461,5.911824e-01,6.593113e-01,9.980000e-01,9/17,43.28%,MTR;MARS2;TXNRD1;MARS1;PAPSS1;PAPSS2;TXNRD3;SEPHS1;SEPSECS
gsea,Retinol metabolism,0.2569856836611231,0.8614719175367891,5.824411e-01,6.594758e-01,9.980000e-01,29/66,34.89%,CYP3A5;UGT2B11;UGT2B28;UGT2B15;ADH4;ADH1A;CYP26B1;CYP2C9;UGT2B4;UGT2B7;CYP27C1;RDH12;UGT2A3;UGT1A10;CYP3A7;RPE65;RDH11;AOX1;ALDH1A3;ADH6;CYP2C18;UGT1A8;UGT2B10;UGT1A9;RDH10;CYP3A4;CYP26A1;UGT1A1;CYP3A7-CYP3A51P
gsea,Systemic lupus erythematosus,0.25568289093428453,0.8582172432800572,6.171079e-01,6.608241e-01,9.980000e-01,40/124,29.48%,FCGR3B;RO60;ACTN1;H4C15;MACROH2A2;C5;H3C11;H3C3;H2BC5;H2AC13;H4C1;H2AC12;H3C15;H2BC21;H2AC21;H2AB3;H2BC6;H2BC13;GRIN2A;C1S;H4C6;H2BC18;C8B;H3-5;CD28;C1R;H4C3;H2BC3;H4C13;H2AC4;H2AC16;H4C2;C8A;SNRPD3;ACTN4;H3C12;H2BC4;H3C13;H3C7;C3
gsea,Inflammatory bowel disease,0.3044279737508322,0.840938076516283,6.200418e-01,6.793898e-01,9.980000e-01,20/63,27.23%,SMAD2;TGFB3;SMAD3;MAF;IL18R1;RORA;TGFB2;NFKB1;IL23R;IL5;NFATC1;IL6;IL4R;STAT3;IL12RB2;IL1B;STAT1;GATA3;IL21R;TLR4
gsea,PPAR signaling pathway,0.21834235032438154,0.8298597403062506,6.760259e-01,6.903741e-01,9.980000e-01,9/74,8.44%,PCK1;ACSL4;MMP1;PPARA;CPT1A;ACSL3;FADS2;PDPK1;HMGCS1
gsea,Rheumatoid arthritis,0.2596227281953397,0.8256314375789686,6.020000e-01,6.927183e-01,9.980000e-01,12/89,10.04%,FLT1;TNFSF11;TGFB3;CCL20;MMP1;CXCL5;TGFB2;CXCL8;ATP6V0A2;TEK;IL11;CXCL1
gsea,Cholesterol metabolism,0.2321446866605238,0.8086485724873812,6.501035e-01,7.105321e-01,9.990000e-01,6/50,5.90%,LRP1;OSBPL5;LIPG;LDLR;PCSK9;ABCA1
gsea,Fatty acid degradation,0.2392183740224078,0.8030308806415845,6.474501e-01,7.147339e-01,9.990000e-01,6/43,11.30%,ACSL4;CPT1A;ACSL3;ADH4;CYP2U1;ADH1A
gsea,Drug metabolism,0.20954425600619814,0.8018720002651202,6.845638e-01,7.134045e-01,9.990000e-01,22/104,18.56%,UCK2;CYP3A5;FMO1;UGT2B11;XDH;CES2;RRM1;UGT2B28;UGT2B15;ADH4;ADH1A;CYP2C9;UGT2B4;CYP2C19;GMPS;RRM2;UGT2B7;NME7;UGT2A3;UGT1A10;TK2;MAOB
gsea,Steroid hormone biosynthesis,-0.24211328212553676,-0.8006829937356501,7.388889e-01,1.000000e+00,9.990000e-01,16/59,11.28%,HSD11B1L;CYP21A2;CYP1A1;UGT2A1;HSD17B7;CYP1A2;HSD17B8;HSD17B6;HSD17B1;SRD5A3;COMT;HSD17B3;UGT2A2;DHRS11;CYP11B1;CYP17A1
gsea,Coronavirus disease,0.1744046159890417,0.7964267948175029,6.746507e-01,7.175479e-01,9.990000e-01,43/228,23.06%,PIK3CA;TRAF6;VWF;TRAF3;OAS3;MMP1;PIK3CB;FGA;CXCL8;C5;CHUK;PIK3R1;ADAM17;NFKB1;MAPK8;TBK1;FGB;JAK1;CGAS;F13A1;EIF2AK2;EGFR;ACE;MAVS;FGG;ADAR;TAB2;HBEGF;PLCG2;MMP3;OAS2;SELP;IL6;TLR3;STAT3;C1S;PRKCA;SYK;C8B;FOS;MAPK9;C1R;IL1B
gsea,Pyruvate metabolism,0.21643087731398658,0.7937172169796463,6.859504e-01,7.182360e-01,9.990000e-01,7/47,11.30%,PCK1;LDHAL6B;ACACB;ACACA;DLAT;ADH4;ADH1A
gsea,Glycosylphosphatidylinositol (GPI)-anchor biosynthesis,0.2711627932179699,0.7928462175642486,6.645963e-01,7.165320e-01,9.990000e-01,6/25,21.73%,PIGN;PIGO;PGAP1;PIGX;PIGB;PIGM
gsea,Collecting duct acid secretion,-0.23664019108400763,-0.789752806470381,7.031250e-01,9.796512e-01,9.990000e-01,10/27,19.80%,ATP6V0C;ATP6V1C2;ATP6V1F;TCIRG1;ATP6V0E2;ATP6V0E1;ATP6V1E2;CLCNKB;ATP6V0D2;ATP6V1E1
gsea,Terpenoid backbone biosynthesis,0.26350539761863767,0.7875615435412289,6.358268e-01,7.202120e-01,9.990000e-01,5/22,27.19%,HMGCR;HMGCS1;PCYOX1;PDSS1;NUS1
gsea,Phenylalanine metabolism,0.2937567539968404,0.7840699131640548,7.061224e-01,7.215446e-01,9.990000e-01,5/17,23.01%,AOC3;DDC;MAOB;GOT1;PAH
gsea,Viral protein interaction with cytokine and cytokine receptor,0.26992067202674347,0.7808803470193073,6.666667e-01,7.224386e-01,9.990000e-01,18/97,15.61%,TNFRSF10D;TNFRSF10A;CXCR1;CCL20;IL18R1;CXCL5;CXCR2;CXCL8;ACKR3;CCR8;CXCL1;TNFRSF10C;IL22RA1;XCR1;IL20RA;TNFRSF10B;IL2RA;IL2RB
gsea,Staphylococcus aureus infection,-0.24704866554192711,-0.7806469680165213,6.866792e-01,9.531125e-01,9.990000e-01,25/91,12.67%,CAMP;CFD;HLA-DMB;HLA-DMA;HLA-DOB;HLA-DQA2;KRT10;KRT27;HLA-DPB1;HLA-DQB1;FCGR1A;C1QA;KRT32;HLA-DRB5;HLA-DRB1;KRT15;DEFA6;C1QB;HLA-DRA;ICAM1;KRT24;HLA-DPA1;C2;ITGB2;C1QC
gsea,Nicotine addiction,0.25068317867357015,0.7742181762604942,7.919847e-01,7.280756e-01,9.990000e-01,16/40,43.32%,GABRB3;GABRG3;CHRNA7;GABRA5;GRIN3A;GRIN2A;GRIA3;GABRB2;GABRA1;GABRR3;GABRA2;GABRG2;GRIA1;GABRP;GRIA4;CHRNA6
gsea,Vitamin digestion and absorption,0.2503306452451504,0.7600180146343367,7.794118e-01,7.422483e-01,9.990000e-01,7/24,31.67%,ABCC1;SCARB1;BTD;CBLIF;FOLH1;CUBN;PLB1
gsea,Propanoate metabolism,0.23457537387773386,0.751318043226407,7.020000e-01,7.499891e-01,9.990000e-01,8/34,23.68%,LDHAL6B;ACACB;ACACA;ACSS3;SUCLA2;MLYCD;LDHA;DLD
gsea,Thiamine metabolism,0.2677442344522944,0.7325336422838479,7.744035e-01,7.693183e-01,1.000000e+00,3/15,20.13%,AK4;TPK1;THTPA
gsea,Butanoate metabolism,-0.23898512592506985,-0.7261392839369379,7.846154e-01,9.957954e-01,9.990000e-01,15/28,22.93%,ACADS;ACSM5;HMGCL;ACSM2B;BDH2;HMGCLL1;ACAT1;ACSM1;ABAT;GAD1;ECHS1;ALDH5A1;OXCT2;ACSM3;HADH
gsea,DNA replication,0.2843672978535746,0.7223574360770919,6.908397e-01,7.788077e-01,1.000000e+00,15/36,31.66%,POLA1;POLE;RFC1;MCM2;MCM4;RNASEH1;RFC3;FEN1;RPA4;RFC5;POLD3;DNA2;MCM6;MCM3;PRIM1
gsea,Glycosaminoglycan degradation,0.2468524634600267,0.7189529268126199,7.670683e-01,7.798310e-01,1.000000e+00,4/19,15.63%,ARSB;IDS;HGSNAT;HYAL1
gsea,Hematopoietic cell lineage,0.2371574115188398,0.701526744387194,7.125506e-01,7.961448e-01,1.000000e+00,22/95,20.47%,ITGA6;ITGA2;IL1R2;ITGA1;ITGA5;KIT;CD34;IL11;ITGA4;KITLG;TFRC;CR1;IL5;THPO;IL2RA;IL7;CD44;GP5;IL6;IL4R;IL7R;IL1R1
gsea,SNARE interactions in vesicular transport,0.18421943553009748,0.683148326664192,8.067941e-01,8.142656e-01,1.000000e+00,8/33,23.94%,VTI1A;STX17;STX2;GOSR1;SNAP23;STX7;STX6;VTI1B
gsea,Lysosome,-0.17359953903407316,-0.6674757102225142,7.533461e-01,1.000000e+00,1.000000e+00,21/127,9.40%,CTSH;ATP6V0C;CTSW;HYAL3;NPC2;AP4B1;CTSF;IDUA;HEXA;GNPTG;ATP6V0B;DNASE2B;NEU1;NAPSA;CTSD;ACP5;CLN3;FUCA1;TCIRG1;PPT1;CD68
gsea,Leishmaniasis,0.22178467645824265,0.6628332670395658,7.302231e-01,8.330531e-01,1.000000e+00,12/74,15.71%,FCGR3B;ITGB1;TGFB3;TRAF6;PTGS2;TGFB2;NFKB1;JAK1;ITGA4;CR1;JAK2;TAB2
gsea,Antigen processing and presentation,-0.2129685816420881,-0.655361909038279,7.818182e-01,1.000000e+00,1.000000e+00,14/70,9.06%,HLA-DMB;HLA-DMA;HLA-DOB;HLA-DQA2;HLA-DPB1;HLA-DQB1;CD8B;IFI30;HLA-DRB5;HLA-F;RFXANK;HLA-DRB1;CD74;HLA-DRA
gsea,"Valine, leucine and isoleucine degradation",-0.19498542504502375,-0.6428597796938543,7.951128e-01,9.949332e-01,1.000000e+00,7/48,8.10%,ACAD8;BCAT2;MCEE;ACADS;HMGCL;MCCC1;HMGCLL1
gsea,Cysteine and methionine metabolism,-0.1694193055672785,-0.6232388603791262,9.135802e-01,9.827033e-01,1.000000e+00,9/49,9.01%,BCAT2;MPST;BHMT2;BHMT;CBS;LDHB;TST;GOT1L1;SDSL
gsea,Synaptic vesicle cycle,-0.15388811046435452,-0.6028668674700304,9.375000e-01,9.708614e-01,1.000000e+00,21/77,19.80%,SLC1A7;ATP6V0C;ATP6V1C2;ATP6V1F;SLC6A3;ATP6V0B;SLC6A13;TCIRG1;SLC32A1;CLTA;ATP6V0E2;SLC18A3;STX1B;SLC17A6;SLC6A4;ATP6V0E1;ATP6V1E2;CACNA1A;SLC17A7;ATP6V0D2;ATP6V1E1
gsea,Tryptophan metabolism,-0.16537511901510152,-0.5685710527888587,9.560229e-01,9.697681e-01,1.000000e+00,9/42,14.10%,CYP1A1;CYP1A2;GCDH;ALDH8A1;AANAT;ALDH2;KMO;ACAT1;KYAT1
gsea,Histidine metabolism,0.1849277730271061,0.5287854681458346,9.564315e-01,9.469118e-01,1.000000e+00,11/22,44.71%,HAL;CARNMT1;MAOB;ALDH1B1;AOC1;ALDH3A2;ALDH9A1;CNDP1;ALDH7A1;MAOA;CNDP2
gsea,Tyrosine metabolism,0.1624235079002691,0.5250604759387681,9.705882e-01,9.457485e-01,1.000000e+00,8/36,25.47%,ADH4;ADH1A;AOC3;DDC;MAOB;GOT1;AOX1;ADH6
gsea,beta-Alanine metabolism,0.15928419463470242,0.5201494945511715,9.619450e-01,9.451039e-01,1.000000e+00,15/30,51.36%,SMOX;AOC3;MLYCD;ALDH1B1;ALDH3A2;ALDH9A1;CNDP1;ALDH7A1;ALDH6A1;CNDP2;ACOX1;ALDH3B2;HADHA;GAD2;EHHADH
gsea,Fat digestion and absorption,-0.15802726511909082,-0.5117002714971326,9.854015e-01,9.793349e-01,1.000000e+00,13/43,14.51%,PLA2G12B;PNLIP;AGPAT2;PLA2G2C;DGAT1;DGAT2;MTTP;APOA1;PLA2G10;FABP1;SLC27A1;ACAT1;PLA2G1B
gsea,Primary immunodeficiency,-0.17377128927123936,-0.4361325398160792,9.496982e-01,9.819289e-01,1.000000e+00,11/37,17.87%,CD8B;RFXANK;ZAP70;CD40;CD19;CD3D;IL2RG;RFXAP;BTK;CD8A;TNFRSF13C
