Name,Term,ES,NES,NOM p-val,FDR q-val,FWER p-val,Tag %,Gene %,Lead_genes
gsea,Proteoglycans in cancer,0.6847169718119689,2.748742851582295,0.001,0.001,0.001,106/203,15.24%,EGFR;HSPG2;PXN;FZD1;VAV2;IGF1R;VAV3;PRKCA;CCND1;ITGA2;CAV1;PIK3R1;ITGA5;WNT3A;TIMP3;FN1;WNT10A;PLAU;MMP2;TWIST1;COL1A1;FLNA;GPC1;COL1A2;FLNB;WNT4;ITPR2;SLC9A1;WNT7B;WNT5B;TGFB2;ITGAV;ITGB1;ARHGEF12;CAMK2A;PIK3CD;WNT6;ITGB3;ANK3;WNT7A;PPP1R12B;CAV2;HOXD10;FZD8;MET;CAMK2D;TIAM1;DROSHA;DCN;ANK1;ITPR3;TLR2;TNF;ITGB5;TGFB1;TWIST2;CD44;FZD4;PDPK1;CBL;PLCG1;MSN;MTOR;ROCK1;MAPK11;ESR1;RRAS;THBS1;FAS;FLNC;CTTN;MRAS;IQGAP1;FZD6;MMP9;WNT9A;PIK3CB;SRC;HSPB2;RRAS2;PTK2;PLAUR;GAB1;VEGFA;AKT1;LUM;FZD2;SDC2;STAT3;PTCH1;SOS2;KDR;ERBB2;CDKN1A;SDC1;WNT16;PTPN11;FZD7;RAF1;MAPK1;IGF2;ROCK2;SDC4;FRS2;SOS1;WNT10B
gsea,Focal adhesion,0.7271495280617034,2.561558936991395,0.001,0.001,0.001,117/200,14.15%,LAMA3;TNC;LAMC2;EGFR;PDGFA;LAMB3;LAMB1;ITGA3;PXN;VAV2;IGF1R;VAV3;ITGB4;COL6A3;PDGFC;ITGB6;PRKCA;LAMA1;COL6A1;ITGA6;CCND1;ITGA2;PDGFRB;THBS2;CAV1;ARHGAP5;PIK3R1;LAMA4;ITGA5;FN1;COL6A2;COL1A1;ACTN1;LAMA5;FLNA;COL1A2;LAMB4;COL4A5;COMP;FLNB;DOCK1;PGF;FLT1;COL4A6;MYLK;COL4A2;PARVA;LAMA2;VEGFC;TNN;VCL;ITGA11;ITGAV;ITGB1;PIK3CD;ITGB3;ITGB8;PPP1R12B;PDGFB;CAV2;LAMC1;COL4A1;MET;ARHGAP35;ITGA1;COL9A2;ILK;ITGA4;ITGB5;COL2A1;MYL9;SHC1;PDPK1;VWF;ROCK1;ZYX;COL6A6;THBS1;SHC3;PDGFRA;RAPGEF1;PTEN;FLNC;LAMB2;PAK6;BCAR1;PIK3CB;PIP5K1C;MYLK4;SRC;CCND2;CAPN2;TLN1;RAC2;ACTN4;PTK2;PDGFD;FYN;XIAP;GSK3B;VEGFA;AKT1;MYL10;JUN;TLN2;SOS2;KDR;FLT4;ERBB2;CRKL;COL6A5;ITGA8;SHC4;LAMC3;RAF1;MAPK1;ROCK2
gsea,Prostate cancer,0.6581463833977885,2.5607463621874156,0.001,0.001,0.001,51/97,16.72%,EGFR;PDGFA;IGF1R;PLAT;PDGFC;CCND1;PDGFRB;PIK3R1;PLAU;NFKB1;MMP3;TCF7L1;NKX3-1;PIK3CD;FOXO1;PDGFB;TCF7L2;EP300;CREBBP;TGFA;CREB3L1;ZEB1;PDPK1;IL1R2;MTOR;CREB3L2;PDGFRA;PTEN;MMP9;CREB5;PIK3CB;IKBKB;CREB1;PDGFD;GSK3B;AKT1;ERG;SOS2;RB1;LEF1;FGFR2;ERBB2;CDKN1A;RAF1;MAPK1;AR;RELA;SOS1;BRAF;TCF7;SPINT1
gsea,Human papillomavirus infection,0.5858338644358124,2.5562178725782005,0.001,0.001,0.001,140/330,15.52%,LAMA3;TNC;LAMC2;EGFR;LAMB3;LAMB1;ITGA3;PXN;FZD1;ITGB4;COL6A3;ITGB6;CDK6;LAMA1;COL6A1;ITGA6;CCND1;NOTCH1;ITGA2;PDGFRB;THBS2;PIK3R1;LAMA4;ITGA5;WNT3A;FN1;WNT10A;COL6A2;COL1A1;PTGS2;LAMA5;NFKB1;COL1A2;LAMB4;COL4A5;COMP;TCF7L1;JAG1;MAML2;WNT4;COL4A6;COL4A2;HES2;WNT7B;WNT5B;LAMA2;UBR4;TNN;ITGA11;ITGAV;ITGB1;TLR3;PIK3CD;WNT6;ITGB3;PARD6G;NOTCH2;TRAF3;FOXO1;WNT7A;ITGB8;LAMC1;TCF7L2;HEYL;FZD8;COL4A1;EP300;ITGA1;COL9A2;TNF;ITGA4;ITGB5;CREBBP;COL2A1;MAML3;PTGER4;FZD4;JAK1;CREB3L1;NOTCH4;VWF;MTOR;IFNAR2;CREB3L2;ATM;PRKCZ;COL6A6;THBS1;HEY2;FAS;IFNA1;PTEN;FZD6;LAMB2;WNT9A;CREB5;PIK3CB;LLGL1;FADD;CCND2;IKBKB;PTK2;CREB1;APC;TNFRSF1A;GSK3B;TSC2;VEGFA;AKT1;FZD2;CSNK1A1;SOS2;MAML1;RB1;ATR;PALS1;CDKN1A;WNT16;STAT2;FZD7;COL6A5;ITGA8;LAMC3;RAF1;MAPK1;TCIRG1;MX2;TSC1;NOTCH3;RELA;SCRIB;DLG1;THBS3;PSEN1;SOS1;WNT10B;PPP2R3A;PARD3;DVL1;OASL
gsea,Axon guidance,0.6530379795536599,2.5003916584972172,0.001,0.001,0.002,96/182,15.34%,SEMA3C;UNC5B;SEMA5A;GNAI1;PLXNA2;EFNB1;PRKCA;PLXNA1;PIK3R1;EPHB2;SSH1;ROBO1;NRP1;NTN1;EPHA2;SEMA4B;UNC5C;ENAH;WNT4;EPHA4;PLXNB3;WNT5B;BMPR2;PPP3CA;ITGB1;ARHGEF12;CAMK2A;PIK3CD;BMPR1B;EPHB4;SLIT3;PARD6G;LIMK2;ABLIM3;SEMA6B;NCK2;SEMA6A;NTN4;NEO1;PLXNA3;SEMA4C;MET;CAMK2D;SEMA3F;ILK;PLXNB2;SEMA3D;EFNA5;BOC;EFNB2;LRRC4C;MYL9;SRGAP2;LRIG2;PDPK1;SSH3;ABL1;PLCG1;SEMA3B;ROCK1;PLXNB1;PRKCZ;RRAS;NFATC3;EFNB3;TRPC6;ABLIM2;PAK6;RASA1;PIK3CB;L1CAM;SRC;RAC2;PTK2;SEMA3A;PLXNA4;FYN;GSK3B;NTNG1;EPHA1;DPYSL2;PTCH1;BMP7;EPHB3;RHOD;SRGAP1;PTPN11;SEMA7A;RAF1;MAPK1;RGMA;ROCK2;TRPC5;RGS3;NGEF;PARD3
gsea,PI3K-Akt signaling pathway,0.5785979803563,2.4759973807412137,0.001,0.001653140967838894,0.004,133/353,14.30%,IRS1;LAMA3;TNC;LAMC2;EGFR;PDGFA;OSMR;LAMB3;LAMB1;ITGA3;IGF1R;NGFR;ITGB4;COL6A3;PDGFC;ITGB6;CDK6;PRKCA;LAMA1;LPAR3;COL6A1;ITGA6;CCND1;ITGA2;PDGFRB;THBS2;PIK3R1;LAMA4;ITGA5;RXRA;IL4R;FN1;COL6A2;COL1A1;LAMA5;NFKB1;COL1A2;LAMB4;COL4A5;EPHA2;COMP;PGF;FLT1;COL4A6;COL4A2;LAMA2;NTF4;VEGFC;TNN;ITGA11;ITGAV;ITGB1;PIK3CD;CSF1;ITGB3;FGFR3;GHR;ANGPT2;ITGB8;PDGFB;LAMC1;COL4A1;DDIT4;MET;ITGA1;COL9A2;F2R;FGF16;TLR2;ITGA4;ITGB5;TGFA;COL2A1;IL6R;EFNA5;JAK1;CREB3L1;PDPK1;VWF;MTOR;IFNAR2;CREB3L2;GYS1;COL6A6;THBS1;FGF1;KITLG;IFNA1;PDGFRA;PTEN;LAMB2;FOXO3;GNG12;CREB5;PIK3CB;AREG;CCND2;IKBKB;PRLR;LPAR6;GNGT1;PTK2;RPTOR;CREB1;PDGFD;GSK3B;TSC2;VEGFA;IL7R;AKT1;EREG;IL7;SOS2;KDR;LPAR4;FLT4;FGFR2;ERBB2;CDKN1A;GNB4;COL6A5;ITGA8;CSF1R;GNB5;INSR;LAMC3;RAF1;PHLPP2;MAPK1;IGF2;NTF3;BCL2L11;TSC1
gsea,MicroRNAs in cancer,0.5480696640166185,2.461725686261837,0.001,0.0023616299540555625,0.007,108/252,20.89%,IRS1;TNC;EGFR;PDGFA;CDK6;PRKCA;CCND1;NOTCH1;PDGFRB;ZFPM2;PIK3R1;ITGA5;WNT3A;TIMP3;PLAU;PTGS2;NFKB1;TPM1;FOXP1;BMPR2;TNN;TGFB2;PIK3CD;TP63;ITGB3;FGFR3;FSCN1;SLC7A1;MMP16;NOTCH2;PDGFB;CYP24A1;HOXD10;SERPINB5;EP300;DDIT4;MET;CREBBP;MIR205;EFNA5;CD44;MIRLET7G;SHC1;NOTCH4;ZEB1;ABL1;PLCG1;MTOR;MAPK7;ROCK1;ATM;THBS1;PDGFRA;PTEN;BCL2L2;MMP9;PIK3CB;CCND2;IKBKB;MIR26A1;RPTOR;APC;VIM;VEGFA;ZEB2;MIR145;MIR181B2;STAT3;CYP1B1;DICER1;SOS2;MIRLET7F2;ERBB2;CDKN1A;CRKL;GLS;MIRLET7I;SHC4;MIR26B;RAF1;MIR31;MIR373;SOX4;MAPK1;BCL2L11;NOTCH3;MIR135B;SOS1;MIR520H;HMGA2;MIR27B;MIR129-1;SPRY2;MIR96;MIR625;APC2;HRAS;RECK;MIR210;MIR23B;EFNA2;MIR125B1;MIR26A2;MIR181C;MIR15B;CRK;PIM1;MIR30A
gsea,Estrogen signaling pathway,0.565790041503391,2.456662259148493,0.001,0.0020664262097986174,0.007,60/137,18.96%,EGFR;GNAI1;PIK3R1;ADCY7;MMP2;KRT17;KRT14;ADCY9;ITPR2;PIK3CD;KRT23;GPER1;ITPR3;KRT9;PLCB3;TGFA;HSPA2;CREB3L1;SHC1;NCOA2;CREB3L2;ESR1;PGR;SHC3;KRT16;KRT15;MMP9;CREB5;PIK3CB;SRC;KRT13;RARA;PLCB1;CREB1;KRT25;AKT1;KCNJ5;KRT31;JUN;FOS;KRT37;SOS2;GNAQ;NCOA3;HSPA1A;SHC4;ADCY6;RAF1;MAPK1;KRT35;KRT33B;SP1;SOS1;KRT34;KCNJ6;KRT32;NCOA1;HSPA6;HRAS;ADCY1
gsea,Small cell lung cancer,0.664730064728367,2.4322179457781217,0.001,0.0018368232975987707,0.007,41/92,12.27%,LAMA3;LAMC2;LAMB3;LAMB1;ITGA3;CDK6;LAMA1;ITGA6;CCND1;ITGA2;PIK3R1;LAMA4;RXRA;FN1;PTGS2;LAMA5;NFKB1;LAMB4;COL4A5;COL4A6;COL4A2;LAMA2;ITGAV;ITGB1;PIK3CD;TRAF3;LAMC1;COL4A1;APAF1;PTEN;LAMB2;RARB;PIK3CB;IKBKB;PTK2;XIAP;TRAF6;AKT1;ZBTB17;RB1;CDKN1A
gsea,Oxidative phosphorylation,-0.6055403023432561,-2.421006012720463,0.001,0.001,0.002,76/120,20.07%,ATP6V0E2;ATP4A;ATP6V1C2;UQCR11;NDUFA2;ATP6V0A4;ATP5MG;COX11;UQCRQ;NDUFA11;ATP5PO;NDUFB5;NDUFB1;NDUFB8;NDUFA9;NDUFB9;ATP5MC1;COX5A;COX6A1;NDUFS7;NDUFB6;NDUFB7;NDUFB2;ATP5PF;COX8C;NDUFA7;ATP4B;ATP5PD;COX5B;NDUFA4;ATP5MF;UQCRHL;COX7B;NDUFAB1;ATP6V1F;SDHD;COX17;NDUFS3;COX7A2;NDUFA13;COX7C;COX6B1;COX4I1;ATP6V0B;COX6A2;ATP5MC3;NDUFB4;NDUFC2;ATP6V1B1;ATP5F1D;ATP12A;UQCRB;NDUFB10;UQCR10;NDUFS4;COX6C;ATP6V1G2;NDUFB11;NDUFA12;NDUFA3;CYC1;NDUFS8;UQCRFS1;ATP5F1C;NDUFA1;ATP6V1G3;SDHB;NDUFA5;COX7A2L;NDUFA8;UQCRC2;ATP5MC2;PPA1;NDUFA6;ATP5F1E;NDUFV3
gsea,Human cytomegalovirus infection,0.5349712171243839,2.4183363218172915,0.001,0.0019837691614066726,0.008,77/223,15.19%,EGFR;GNAI1;PXN;CDK6;PRKCA;CCND1;PIK3R1;ADCY7;PTGS2;NFKB1;ADCY9;AKAP13;ITPR2;IL1R1;PPP3CA;NFATC1;ITGAV;ARHGEF12;PIK3CD;ITGB3;PTGER3;PTK2B;STING1;ITPR3;GNA12;PLCB3;TNF;IL6R;CX3CL1;PTGER4;JAK1;CREB3L1;MTOR;ROCK1;CREB3L2;MAPK11;NFATC3;FAS;IFNA1;PDGFRA;GNG12;CREB5;BCAR1;PIK3CB;FADD;SRC;IKBKB;RAC2;GNGT1;PLCB1;PTK2;TAPBP;CREB1;TNFRSF1A;GSK3B;TSC2;VEGFA;AKT1;IL1B;CXCR2;STAT3;SOS2;RB1;RIPK1;CDKN1A;GNAQ;GNB4;CRKL;GNB5;ADCY6;RAF1;MAPK1;ROCK2;TSC1;RELA;SP1;SOS1
gsea,Regulation of actin cytoskeleton,0.5804288510750714,2.4150843941553837,0.001,0.0018034265103697026,0.008,86/217,14.15%,EGFR;PDGFA;ITGA3;PXN;VAV2;VAV3;ITGB4;PDGFC;ITGB6;ITGA6;ITGA2;PDGFRB;PIK3R1;ITGA5;FN1;SSH1;ACTN1;BDKRB2;ENAH;DOCK1;SLC9A1;MYLK;VCL;ITGA11;ITGAV;ITGB1;BDKRB1;ARHGEF12;PIK3CD;MYH10;ITGB3;FGFR3;LIMK2;ITGB8;PPP1R12B;MYH9;PDGFB;ARHGAP35;ITGA1;F2R;TIAM1;FGF16;GNA12;PIKFYVE;ITGA4;ITGB5;MYL9;SSH3;MSN;ROCK1;WASF2;RRAS;FGF1;IQGAP2;ARHGEF4;PDGFRA;CHRM3;MRAS;IQGAP1;PAK6;GNG12;BCAR1;PIK3CB;PIP5K1C;MYLK4;SRC;RAC2;RRAS2;ACTN4;CYFIP1;PTK2;PDGFD;APC;MYL10;CHRM4;SOS2;LPAR4;NCKAP1;ABI2;FGFR2;CRKL;ITGA8;DIAPH3;RAF1;MAPK1;ROCK2
gsea,Bacterial invasion of epithelial cells,0.5925119924925205,2.4045732656359764,0.001,0.001653140967838894,0.008,26/77,9.05%,PXN;CAV1;PIK3R1;ITGA5;FN1;DOCK1;ARHGAP10;VCL;ITGB1;PIK3CD;CAV2;MET;ILK;SHC1;CBL;WASF2;SHC3;CTTN;BCAR1;PIK3CB;SEPTIN11;SRC;SEPTIN8;PTK2;GAB1;DNM3
gsea,Thyroid hormone signaling pathway,0.6060257626849611,2.404473793088715,0.001,0.0015259762780051329,0.008,50/121,14.40%,MED13L;SLC16A2;PRKCA;CCND1;PLCD3;NOTCH1;PIK3R1;RXRA;WNT4;SLC9A1;ITGAV;DIO2;PIK3CD;ITGB3;SLC2A1;NOTCH2;FOXO1;DIO3;EP300;PLCB3;CREBBP;NCOR1;PLCD4;MED12;ATP1A1;NOTCH4;PDPK1;NCOA2;PLCG1;MTOR;ESR1;THRB;PIK3CB;RCAN2;SRC;PLCB1;PFKFB2;GSK3B;TSC2;PFKM;MED1;ATP2A2;AKT1;MED14;PFKP;THRA;NCOA3;RAF1;MAPK1;NOTCH3
gsea,Neurotrophin signaling pathway,0.5838549924468244,2.3927914909949006,0.001,0.0015350594701361157,0.009,48/119,15.87%,IRS1;TP73;NGFR;PIK3R1;MAP3K5;NFKB1;NTF4;CAMK2A;PIK3CD;KIDINS220;RPS6KA2;CAMK2D;MAP3K1;IRAK3;IRAK2;SHC1;PDPK1;ABL1;PLCG1;MAPK7;ZNF274;MAPK11;SHC3;RAPGEF1;FOXO3;SH2B3;PIK3CB;IKBKB;PRDM4;GAB1;MAGED1;GSK3B;TRAF6;AKT1;JUN;SOS2;NTRK3;CRKL;PTPN11;SHC4;RAF1;MAPK1;NTF3;RELA;FRS2;PSEN1;SOS1;BRAF
gsea,AGE-RAGE signaling pathway in diabetic complications,0.6733728350932597,2.3857497818642264,0.001,0.001653140967838894,0.01,44/100,10.84%,TGFB3;PRKCA;CCND1;PLCD3;PIK3R1;FN1;MMP2;COL1A1;NFKB1;COL1A2;COL4A5;TGFBR2;SERPINE1;COL4A6;COL4A2;COL3A1;VEGFC;TGFB2;NFATC1;PIK3CD;NOX4;FOXO1;ICAM1;THBD;COL4A1;PLCB3;TNF;TGFB1;SMAD3;PLCD4;IL1A;PLCG1;MAPK11;PRKCZ;PIK3CB;VCAM1;PLCB1;EGR1;VEGFA;F3;AKT1;IL1B;JUN;STAT3
gsea,Wnt signaling pathway,0.596085402250683,2.3733353379599116,0.001,0.001756462278328825,0.011,87/166,19.13%,FZD1;PRICKLE1;PRKCA;CCND1;ROR2;WNT3A;WNT10A;PRICKLE2;PORCN;SFRP2;TCF7L1;WNT4;VANGL1;WNT7B;WNT5B;PPP3CA;GPC4;NFATC1;LGR5;CAMK2A;WNT6;TLE4;DAAM1;WNT7A;LGR4;SIAH1;TCF7L2;FZD8;MMP7;EP300;CHD8;CAMK2D;CCN4;DAAM2;FOSL1;PLCB3;CREBBP;SMAD3;FZD4;ZNRF3;NFATC3;VANGL2;PPARD;FZD6;WNT9A;NKD1;LRP5;CCND2;RAC2;PLCB1;APC;NKD2;GSK3B;TLE3;CSNK1E;FZD2;JUN;RSPO1;ROR1;CSNK1A1;SERPINF1;BTRC;LRP6;LEF1;CSNK2A2;SFRP4;CSNK2A3;WNT16;CTBP1;MAP3K7;FZD7;PRICKLE3;ROCK2;SFRP1;PSEN1;WNT10B;DVL1;TCF7;FZD5;BAMBI;CSNK2A1;WNT2B;LGR6;APC2;SFRP5;FBXW11;TBL1Y
gsea,Hippo signaling pathway,0.6060379801729081,2.3619278552402267,0.001,0.0017503845541823582,0.012,83/163,18.30%,DLG5;TGFB3;FZD1;SNAI2;TP73;BMP2;CCND1;WNT3A;SMAD7;WNT10A;FRMD6;TCF7L1;TGFBR2;LATS2;DCHS1;SERPINE1;WNT4;AJUBA;WNT7B;WNT5B;FAT4;BMPR2;TGFB2;BMPR1B;WNT6;RASSF6;PARD6G;WNT7A;TCF7L2;FZD8;WTIP;YAP1;TEAD1;DCHS2;TGFB1;SMAD3;SMAD1;MOB1B;FZD4;PRKCZ;FGF1;FZD6;WNT9A;NKD1;CCN2;LLGL1;GDF6;ID1;AREG;CCND2;TEAD3;GDF5;APC;NKD2;GSK3B;SAV1;CSNK1E;LATS1;BMP8A;NF2;STK3;FZD2;BMP7;BTRC;LEF1;PALS1;TGFBR1;WNT16;FZD7;TEAD2;TP53BP2;SCRIB;TEAD4;DLG1;WNT10B;PARD3;DVL1;WWTR1;TCF7;FZD5;WNT2B;PPP2R1A;APC2
gsea,Relaxin signaling pathway,0.5729091770476173,2.3602248692667867,0.001,0.0016531409678388939,0.012,53/129,15.19%,MMP13;EGFR;GNAI1;PRKCA;PIK3R1;ADCY7;MMP2;COL1A1;NFKB1;COL1A2;COL4A5;MMP1;ADCY9;TGFBR2;COL4A6;COL4A2;COL3A1;VEGFC;PIK3CD;COL4A1;ACTA2;PLCB3;TGFB1;GNA15;CREB3L1;SHC1;CREB3L2;MAPK11;PRKCZ;SHC3;MMP9;GNG12;CREB5;PIK3CB;RXFP3;SRC;GNGT1;PLCB1;CREB1;VEGFA;AKT1;JUN;FOS;SOS2;TGFBR1;GNB4;GNB5;SHC4;ADCY6;RAF1;MAPK1;RELA;SOS1
gsea,Protein digestion and absorption,0.6846163601620257,2.3576028610367787,0.001,0.0015661335484789523,0.012,48/103,12.80%,COL16A1;COL17A1;COL12A1;COL5A1;COL5A2;COL5A3;COL6A3;COL18A1;COL6A1;COL27A1;COL7A1;COL8A2;COL8A1;COL6A2;COL1A1;COL11A1;COL1A2;COL4A5;COL10A1;COL4A6;COL4A2;COL3A1;COL21A1;COL13A1;MME;COL15A1;COL14A1;COL4A1;SLC7A8;COL9A2;COL23A1;COL24A1;COL2A1;SLC9A3;ATP1A1;ELN;SLC36A1;COL6A6;SLC38A2;KCNQ1;COL28A1;KCNN4;XPNPEP2;CELA2B;CTRB2;COL22A1;CTRL;COL6A5
gsea,Adherens junction,0.665300909922608,2.354075739279765,0.001,0.0014878268710550044,0.012,41/71,17.69%,EGFR;SNAI2;IGF1R;NECTIN1;ACTN1;TCF7L1;TGFBR2;FARP2;FER;VCL;PTPRB;TCF7L2;EP300;MET;PTPRM;CREBBP;SMAD3;PTPRF;WASF2;NECTIN3;CTNND1;IQGAP1;SORBS1;SRC;RAC2;ACTN4;TJP1;FYN;LEF1;CSNK2A2;TGFBR1;ERBB2;CSNK2A3;MAP3K7;INSR;MAPK1;PARD3;YES1;TCF7;CSNK2A1;BAIAP2
gsea,Renal cell carcinoma,0.6207843659268215,2.34591725668335,0.001,0.0015744199693703748,0.013,32/69,16.81%,TGFB3;PIK3R1;TGFB2;ETS1;PIK3CD;SLC2A1;PDGFB;EPAS1;EP300;MET;CREBBP;TGFA;TGFB1;EGLN3;RAPGEF1;EGLN1;PAK6;PIK3CB;GAB1;VEGFA;AKT1;JUN;SOS2;CDKN1A;CRKL;PTPN11;RAF1;MAPK1;ARNT2;SOS1;BRAF;TFE3
gsea,ErbB signaling pathway,0.6052159000463773,2.344004910525289,0.001,0.0015028554253080854,0.013,42/85,20.62%,EGFR;PRKCA;CBLB;PIK3R1;CAMK2A;PIK3CD;NCK2;CAMK2D;TGFA;SHC1;ABL1;CBL;PLCG1;MTOR;SHC3;NRG4;PAK6;ABL2;PIK3CB;AREG;SRC;PTK2;GAB1;GSK3B;AKT1;EREG;JUN;NRG1;SOS2;ERBB2;CDKN1A;CRKL;SHC4;RAF1;MAPK1;SOS1;BRAF;STAT5A;HRAS;NCK1;CRK;MAPK10
gsea,TGF-beta signaling pathway,0.6235354849062997,2.34191690895254,0.001,0.0014375138850772988,0.013,40/94,10.97%,THSD4;TGFB3;LTBP1;BMP2;FBN1;SMAD7;INHBA;ACVR1C;TGFBR2;BMPR2;FMOD;TGFB2;BMPR1B;ZFYVE9;NEO1;EP300;ACVR1;GREM2;DCN;SMAD6;TNF;CREBBP;TGFB1;SMAD3;SMAD1;ROCK1;THBS1;ACVR1B;NOG;GDF6;GREM1;ID1;PITX2;GDF5;BMP8A;ID4;NBL1;ACVR2A;SMURF1;BMP7
gsea,Acute myeloid leukemia,0.6212871105734217,2.3390880578485436,0.001,0.0013776174731990783,0.013,35/67,20.78%,CCND1;PIK3R1;NFKB1;DUSP6;TCF7L1;PIK3CD;TCF7L2;RUNX1;PML;MTOR;PPARD;PER2;PIK3CB;IKBKB;RARA;AKT1;STAT3;SOS2;CSF2;LEF1;CSF1R;ZBTB16;RAF1;MAPK1;RELA;SOS1;RUNX1T1;BRAF;IL3;TCF7;STAT5A;HRAS;ITGAM;JUP;PIM1
gsea,ECM-receptor interaction,0.7565355004588137,2.333615112219119,0.001,0.0013225127742711152,0.013,48/87,7.17%,LAMA3;TNC;LAMC2;HSPG2;LAMB3;LAMB1;ITGA3;AGRN;ITGB4;COL6A3;ITGB6;LAMA1;COL6A1;ITGA6;ITGA2;THBS2;LAMA4;ITGA5;FN1;COL6A2;COL1A1;LAMA5;COL1A2;LAMB4;COL4A5;COMP;COL4A6;COL4A2;LAMA2;TNN;ITGA11;ITGAV;ITGB1;ITGB3;ITGB8;LAMC1;COL4A1;ITGA1;COL9A2;ITGA4;ITGB5;COL2A1;CD44;VWF;COL6A6;THBS1;LAMB2;DSPP
gsea,"Parathyroid hormone synthesis, secretion and action",0.6046002003787468,2.326130467303819,0.001,0.0013352292432544913,0.014,47/105,18.96%,MMP13;EGFR;GNAI1;RUNX2;VDR;PRKCA;GATA3;RXRA;ADCY7;ADCY9;AKAP13;ITPR2;PTHLH;MMP14;PDE4A;MMP16;CYP24A1;ITPR3;GNA12;PLCB3;MEF2A;PTH1R;PLD2;CREB3L1;CREB3L2;TNFSF11;CREB5;MAFB;LRP5;PLCB1;CREB1;EGR1;FOS;LRP6;CDKN1A;GNAQ;ADCY6;RAF1;MAPK1;SP1;MMP25;MEF2D;BRAF;GNA11;MMP17;ARHGEF11;ADCY1
gsea,Hepatitis B,0.5188062057225172,2.319134706916317,0.001,0.00128577630831914,0.014,64/161,18.84%,HSPG2;TGFB3;PRKCA;PIK3R1;NFKB1;TGFBR2;TGFB2;NFATC1;TLR3;PIK3CD;TRAF3;PTK2B;EP300;MAP3K1;TLR2;TNF;CREBBP;TGFB1;SMAD3;JAK1;CREB3L1;CREB3L2;MAPK11;NFATC3;FAS;IFNA1;APAF1;EGR3;MMP9;CREB5;PIK3CB;FADD;SRC;IKBKB;CREB1;TRAF6;AKT1;MAVS;JUN;FOS;STAT3;SOS2;RB1;TAB2;TGFBR1;CDKN1A;STAT2;MAP3K7;TICAM2;CASP10;IFIH1;RAF1;MAPK1;RELA;DDB1;SOS1;BRAF;STAT4;STAT5A;IFNA2;TYK2;HRAS;JAK3;IFNA13
gsea,Melanogenesis,0.582205238302502,2.281560131679532,0.001,0.001771222465541672,0.019,47/101,18.96%,GNAI1;FZD1;PRKCA;WNT3A;WNT10A;ADCY7;ADCY9;TCF7L1;WNT4;WNT7B;WNT5B;CAMK2A;WNT6;WNT7A;TCF7L2;FZD8;EP300;CAMK2D;PLCB3;CREBBP;FZD4;CREB3L1;CREB3L2;KITLG;FZD6;WNT9A;MITF;PLCB1;CREB1;GSK3B;FZD2;LEF1;GNAQ;WNT16;FZD7;ADCY6;RAF1;MAPK1;TYRP1;WNT10B;DVL1;TYR;TCF7;FZD5;WNT2B;HRAS;ADCY1
gsea,Breast cancer,0.580075006604741,2.279310591899098,0.001,0.0017101458287988557,0.019,74/147,18.48%,EGFR;FZD1;IGF1R;CDK6;CCND1;NOTCH1;PIK3R1;WNT3A;WNT10A;JAG2;TCF7L1;JAG1;WNT4;WNT7B;WNT5B;PIK3CD;WNT6;NOTCH2;WNT7A;TCF7L2;HEYL;FZD8;FGF16;FZD4;SHC1;NOTCH4;MTOR;ESR1;FGF1;PGR;HEY2;SHC3;DLL1;PTEN;FZD6;TNFSF11;WNT9A;PIK3CB;LRP5;NFKB2;APC;GSK3B;AKT1;FZD2;JUN;FOS;CSNK1A1;SOS2;RB1;LRP6;LEF1;FLT4;ERBB2;CDKN1A;WNT16;FZD7;NCOA3;SHC4;RAF1;DLL4;MAPK1;NOTCH3;SP1;SOS1;WNT10B;DVL1;BRAF;GADD45A;TCF7;FZD5;WNT2B;NCOA1;APC2;HRAS
gsea,Amoebiasis,0.6613754819770731,2.279195904503877,0.001,0.001653140967838894,0.019,50/101,13.66%,LAMA3;LAMC2;LAMB3;LAMB1;TGFB3;PRKCA;LAMA1;PIK3R1;LAMA4;FN1;COL1A1;ACTN1;LAMA5;NFKB1;COL1A2;C9;LAMB4;COL4A5;RAB7B;IL1R1;COL4A6;COL4A2;COL3A1;LAMA2;TGFB2;VCL;PIK3CD;CD1A;LAMC1;COL4A1;CXCL1;TLR2;PLCB3;TNF;TGFB1;GNA15;IL1R2;LAMB2;PIK3CB;ACTN4;PLCB1;PTK2;CXCL3;SERPINB3;IL1B;SERPINB4;CSF2;GNAQ;GNAL;LAMC3
gsea,FoxO signaling pathway,0.5478630053826297,2.2769688821067677,0.001,0.0015998138398440908,0.019,49/130,16.43%,IRS1;EGFR;TGFB3;IGF1R;CCND1;PIK3R1;PLK2;TGFBR2;FBXO32;RAG1;TGFB2;PIK3CD;FOXO1;HOMER3;HOMER2;EP300;CREBBP;TGFB1;PLK3;SMAD3;CCNG2;SETD7;PDPK1;PLK4;MAPK11;ATM;TNFSF10;PTEN;FOXO3;PIK3CB;CCND2;IKBKB;IL7R;AKT1;CSNK1E;PRKAB2;STAT3;SOS2;TGFBR1;CDKN1A;INSR;RAF1;MAPK1;BCL2L11;STK4;SOS1;BRAF;HOMER1;GADD45A
gsea,MAPK signaling pathway,0.5388160401522126,2.2642164343280164,0.001,0.0018081229335737904,0.021,111/294,15.19%,IL1RAP;EGFR;PDGFA;TGFB3;IGF1R;NGFR;PDGFC;PRKCA;PDGFRB;DUSP7;MAP3K5;CACNA1C;FLNA;NFKB1;DUSP6;EPHA2;RAPGEF2;TGFBR2;MAP3K4;FLNB;MAP3K6;PGF;FLT1;IL1R1;NTF4;VEGFC;PPP3CA;TGFB2;NFATC1;CACNA1G;CSF1;FGFR3;ANGPT2;RASGRF2;PDGFB;MAP4K4;RPS6KA2;MET;FGF16;MAP3K1;GNA12;TNF;DUSP10;TGFA;TGFB1;TAOK3;EFNA5;HSPA2;MECOM;RELB;RPS6KA4;PLA2G4A;IL1A;MAPK7;MAPK11;RRAS;NFATC3;FGF1;FAS;KITLG;MAP3K2;PDGFRA;RASGRP4;FLNC;MRAS;MAP3K20;ELK4;PTPRR;RASA1;GNG12;MAP3K11;AREG;IKBKB;NFKB2;RAC2;RRAS2;PDGFD;TNFRSF1A;VEGFA;TRAF6;AKT1;IL1B;EREG;STK3;JUN;FOS;SOS2;KDR;TAB2;DUSP5;DUSP9;DUSP16;FLT4;TGFBR1;FGFR2;ERBB2;CACNA1H;MAP3K7;CRKL;NF1;CSF1R;HSPA1A;INSR;RAF1;MAPK1;IGF2;NTF3;RASGRF1;RELA;STK4;SOS1
gsea,Chronic myeloid leukemia,0.6002470892262648,2.2595311424803164,0.001,0.0018034265103697026,0.021,36/76,18.48%,TGFB3;CDK6;CCND1;PIK3R1;NFKB1;TGFBR2;BCR;TGFB2;PIK3CD;RUNX1;TGFB1;SMAD3;MECOM;SHC1;ABL1;CBL;SHC3;PIK3CB;IKBKB;AKT1;SOS2;RB1;TGFBR1;CDKN1A;CTBP1;CRKL;PTPN11;SHC4;RAF1;MAPK1;RELA;SOS1;BRAF;GADD45A;STAT5A;HRAS
gsea,TNF signaling pathway,0.6241443020489106,2.2524482083986324,0.001,0.0017990063473540903,0.022,52/112,14.63%,DAB2IP;PIK3R1;MAP3K5;PTGS2;NFKB1;MMP3;JAG1;VEGFC;MMP14;PIK3CD;CSF1;TRAF3;ICAM1;CXCL6;CXCL1;TNFAIP3;TNF;LIF;CX3CL1;CREB3L1;RPS6KA4;CREB3L2;MAPK11;NOD2;FAS;IL18R1;MMP9;CREB5;PIK3CB;FADD;VCAM1;IKBKB;TAB3;CXCL3;CFLAR;CREB1;TNFRSF1A;AKT1;IL1B;IL15;JUN;FOS;TAB2;CSF2;CEBPB;CCL20;CXCL5;RIPK1;MAP3K7;CASP10;MAPK1;RELA
gsea,HIF-1 signaling pathway,0.5081783504119013,2.2476901642243496,0.001,0.0018420713641633388,0.024,36/109,14.63%,EGFR;IGF1R;PRKCA;PIK3R1;NFKB1;SERPINE1;FLT1;CAMK2A;PIK3CD;SLC2A1;ANGPT2;EP300;CAMK2D;PFKFB3;CREBBP;IL6R;EGLN3;PLCG1;MTOR;ALDOA;EGLN1;PIK3CB;LTBR;VEGFA;LDHAL6B;PFKM;AKT1;STAT3;PFKP;ERBB2;CDKN1A;INSR;ENO2;MAPK1;IFNGR1;RELA
gsea,Signaling pathways regulating pluripotency of stem cells,0.5806414643019012,2.2325515111851897,0.001,0.0022501085395584945,0.03,68/142,18.80%,FZD1;IGF1R;KAT6A;PIK3R1;WNT3A;WNT10A;INHBA;ACVR1C;WNT4;WNT7B;WNT5B;BMPR2;PIK3CD;BMPR1B;WNT6;FGFR3;MEIS1;WNT7A;FZD8;ACVR1;LIF;SMAD3;SMAD1;TBX3;FZD4;REST;JAK1;JARID2;MAPK11;ACVR1B;FZD6;WNT9A;PIK3CB;ID1;LIFR;APC;GSK3B;SMARCAD1;AKT1;ID4;ACVR2A;LHX5;FZD2;RIF1;STAT3;PCGF3;DUSP9;HOXA1;FGFR2;WNT16;FZD7;IL6ST;ESRRB;RAF1;ESX1;MAPK1;WNT10B;DVL1;ZFHX3;TCF7;FZD5;WNT2B;ISL1;POU5F1;SKIL;APC2;HRAS;JAK3
gsea,Glioma,0.5885636309376596,2.2295789928847074,0.001,0.002189294795246103,0.03,32/75,16.43%,EGFR;PDGFA;IGF1R;CDK6;PRKCA;CCND1;PDGFRB;PIK3R1;CAMK2A;PIK3CD;PDGFB;CAMK2D;TGFA;SHC1;PLCG1;MTOR;SHC3;PDGFRA;PTEN;CAMK1D;PIK3CB;CAMK1G;AKT1;SOS2;RB1;CDKN1A;SHC4;RAF1;MAPK1;SOS1;BRAF;GADD45A
gsea,Phospholipase D signaling pathway,0.5842944247065106,2.2204215710536923,0.001,0.0024797114517583407,0.034,64/147,15.63%,EGFR;PDGFA;PDGFC;PRKCA;LPAR3;PDGFRB;PIK3R1;ADCY7;AGPAT4;ADCY9;RAPGEF3;PIK3CD;CYTH3;PTK2B;PDGFB;DGKH;F2R;GNA12;PLCB3;PLD2;SHC1;CXCR1;PLA2G4A;PLCG1;MTOR;RRAS;SHC3;KITLG;PDGFRA;MRAS;PIK3CB;DGKA;PIP5K1C;LPAR6;RRAS2;PTGFR;PLCB1;GAB1;PDGFD;FYN;DNM3;SPHK1;TSC2;PLPP3;AKT1;CXCR2;GRM4;DGKI;AGPAT3;SOS2;LPAR4;PTPN11;DGKQ;SHC4;INSR;ADCY6;RAF1;DGKZ;MAPK1;PLPP1;TSC1;SOS1;MS4A2;FCER1A
gsea,Shigellosis,0.4781325370335354,2.2156061529499422,0.001,0.0025856820266198085,0.035,69/244,12.80%,EGFR;PXN;PLCD3;PIK3R1;ITGA5;ACTN1;NFKB1;DOCK1;ITPR2;IL1R1;VCL;ITGB1;PIK3CD;CYTH3;FOXO1;STING1;ILK;ITPR3;PLCB3;TNF;PLCD4;CD44;MYL9;MALT1;PLCG1;MTOR;PRKCQ;ROCK1;MAPK11;ATM;WASF2;CTTN;TLR5;FOXO3;NOD1;CASP1;BCAR1;PIK3CB;C3;SEPTIN11;SRC;IKBKB;CAPN2;TLN1;ACTN4;FNBP1L;PLCB1;SEPTIN8;PTK2;TAB3;RPTOR;TNFRSF1A;GSK3B;TRAF6;AKT1;IL1B;MYL10;CAST;JUN;PIK3R4;TLN2;TAB2;CSF2;BTRC;RIPK1;MAP3K7;NLRP3;CRKL;CAPN1
gsea,Pancreatic cancer,0.5879935368884172,2.192094084527165,0.001,0.003678238653441539,0.045,31/76,16.43%,EGFR;TGFB3;CDK6;CCND1;PIK3R1;NFKB1;TGFBR2;TGFB2;PIK3CD;TGFA;TGFB1;SMAD3;JAK1;PLD2;MTOR;PIK3CB;IKBKB;RAC2;VEGFA;AKT1;STAT3;RB1;TGFBR1;ERBB2;CDKN1A;RAF1;MAPK1;RELA;RALBP1;BRAF;GADD45A
gsea,Glucagon signaling pathway,0.4853772872485564,2.1897074815218938,0.001,0.0037094870497848347,0.046,32/105,12.51%,ITPR2;PPARA;PPP3CA;CAMK2A;SLC2A1;FOXO1;EP300;CAMK2D;ITPR3;PPARGC1A;PLCB3;FBP2;CREBBP;SIK2;CREB3L1;PYGB;CREB3L2;GYS1;CREB5;PYGL;PLCB1;ACACA;CREB1;LDHAL6B;PFKM;AKT1;SIK1;PRKAB2;PHKG1;PFKP;PHKA2;GNAQ
gsea,Apoptosis,0.5234139702474974,2.189509090766722,0.001,0.003660526428786122,0.047,51/142,17.12%,PTPN13;NGFR;DAB2IP;TNFRSF10B;PIK3R1;MAP3K5;NFKB1;ITPR2;PIK3CD;TP53AIP1;HRK;ITPR3;CTSO;TNF;TNFRSF10A;PDPK1;ATM;BOK;CTSK;FAS;APAF1;TNFSF10;SPTAN1;PIK3CB;FADD;IKBKB;CAPN2;BIRC6;CFLAR;XIAP;TNFRSF1A;AKT1;JUN;FOS;CTSB;RIPK1;CAPN1;CASP10;LMNB2;RAF1;MAPK1;BCL2L11;RELA;LMNA;CASP2;CTSV;ERN1;GADD45A;IL3;CTSH;CTSF
gsea,Circadian rhythm,0.6590258095031211,2.178980153614918,0.001,0.0041136298502037595,0.053,14/30,11.61%,BHLHE41;NPAS2;NR1D1;PER3;CLOCK;RORB;PER2;BHLHE40;PER1;CREB1;CRY2;CSNK1E;PRKAB2;BTRC
gsea,Arrhythmogenic right ventricular cardiomyopathy,0.637174829873022,2.174468169497855,0.001,0.004283137962128043,0.055,25/77,5.26%,ITGA3;ITGB4;ITGB6;LAMA1;ITGA6;ITGA2;ITGA5;CACNA1C;GJA1;SGCD;TCF7L1;LAMA2;ITGA11;ITGAV;ITGB1;ITGB3;ITGB8;DSP;TCF7L2;ITGA1;ITGA4;ITGB5;SGCB;PKP2;DMD
gsea,Central carbon metabolism in cancer,0.5492937287113041,2.170852894929757,0.001,0.0042981665163811245,0.056,33/69,23.76%,EGFR;PDGFRB;PIK3R1;PIK3CD;FGFR3;SLC2A1;MET;MTOR;SLC16A3;PDGFRA;PTEN;PIK3CB;LDHAL6B;PFKM;AKT1;PFKP;FGFR2;ERBB2;NTRK3;GLS;RAF1;MAPK1;HK2;SIRT3;HRAS;PDHA2;HK1;PGAM1;HIF1A;PKM;SLC7A5;TIGAR;PIK3CA
gsea,GnRH signaling pathway,0.532457307032069,2.1675386491366693,0.001,0.004384417349485762,0.056,30/93,13.88%,EGFR;PRKCA;ADCY7;MMP2;CACNA1C;ADCY9;MAP3K4;ITPR2;MMP14;CAMK2A;PTK2B;CAMK2D;MAP3K1;ITPR3;PLCB3;PLD2;PLA2G4A;MAPK7;MAPK11;MAP3K2;SRC;PLCB1;EGR1;LHB;JUN;SOS2;GNAQ;ADCY6;RAF1;MAPK1
gsea,Rap1 signaling pathway,0.5402182721159302,2.16683755046199,0.001,0.004291131873964788,0.056,86/210,16.11%,EGFR;PDGFA;GNAI1;VAV2;IGF1R;VAV3;NGFR;PDGFC;PRKCA;LPAR3;PDGFRB;PIK3R1;ADCY7;EPHA2;RAPGEF2;ADCY9;ENAH;PGF;FLT1;RAPGEF3;VEGFC;FARP2;ADORA2B;ITGB1;PIK3CD;CSF1;ITGB3;FGFR3;PARD6G;ANGPT2;GRIN2A;PDGFB;MET;F2R;FYB1;TIAM1;FGF16;RAPGEF5;PLCB3;EFNA5;P2RY1;PLCG1;MAPK11;PRKCZ;RRAS;THBS1;FGF1;KITLG;PDGFRA;CTNND1;RAPGEF1;SIPA1L1;MRAS;BCAR1;PIK3CB;ARAP3;ID1;SRC;TLN1;RAC2;PLCB1;PDGFD;VEGFA;AKT1;MAGI3;TLN2;KDR;LPAR4;SIPA1L2;FLT4;FGFR2;GNAQ;CRKL;CSF1R;INSR;ADCY6;RAF1;PRKD2;MAPK1;DOCK4;SIPA1;PARD3;BRAF;ADORA2A;MAGI1;PRKD1
gsea,Insulin signaling pathway,0.5037969199169464,2.1655272742960454,0.001,0.004236173730087166,0.056,61/137,23.76%,IRS1;CBLB;PIK3R1;PIK3CD;FOXO1;PPARGC1A;FBP2;PYGB;SHC1;PDPK1;INPP5A;CBL;PTPRF;MTOR;PRKCZ;GYS1;SHC3;RAPGEF1;SORBS1;PIK3CB;PPP1R3B;PYGL;IKBKB;ACACA;RPTOR;GSK3B;TSC2;AKT1;EXOC7;PRKAB2;PHKG1;SOS2;PHKA2;PKLR;CRKL;TRIP10;SHC4;INSR;RAF1;MAPK1;PPP1R3C;TSC1;FASN;SOS1;BRAF;HK2;HRAS;PTPN1;HK1;PRKAA1;PPP1R3D;CRK;MAPK10;PRKAR1B;G6PC2;INS;CALML3;SHC2;EIF4E;SREBF1;PIK3CA
gsea,cAMP signaling pathway,0.504224199655334,2.1500549307635772,0.001,0.005026898045061127,0.067,76/216,16.76%,GLI3;GNAI1;EDNRA;VAV2;VAV3;PIK3R1;ADCY7;CACNA1C;NFKB1;ADCY9;SLC9A1;RAPGEF3;ATP2B4;HCAR2;PPARA;HCAR3;SOX9;NFATC1;PDE4A;CAMK2A;PIK3CD;PTGER3;GRIN2A;ADRB2;EP300;CAMK2D;F2R;TIAM1;CREBBP;CNGB1;GRIA3;ATP1A1;PLD2;MYL9;CREB3L1;GRIA1;ROCK1;CREB3L2;RRAS;CREB5;PIK3CB;PDE10A;HCAR1;ARAP3;PDE3A;RAC2;RRAS2;EDN2;CREB1;ACOX3;ATP2A2;AKT1;LHB;JUN;FOS;PTCH1;CNGA1;DRD1;GLI1;HTR1F;MC2R;ADCYAP1R1;SSTR5;GRIN3B;ADCY6;RAF1;MAPK1;ROCK2;RELA;FXYD1;CNGA2;BRAF;ADORA2A;PPP1R12A;HTR1B;PTGER2
gsea,Gap junction,0.5614294940493795,2.1454711549241936,0.001890359168241966,0.005190862639014127,0.072,37/88,18.96%,EGFR;PDGFA;GNAI1;PDGFC;PRKCA;PDGFRB;ADCY7;GJA1;ADCY9;ITPR2;PDGFB;PRKG1;ITPR3;GUCY1A2;PLCB3;MAPK7;MAP3K2;PDGFRA;GUCY1A1;TUBB6;SRC;PLCB1;TJP1;PDGFD;DRD1;SOS2;HTR2C;GNAQ;ADCY6;RAF1;MAPK1;SOS1;GNA11;TUBB8;HTR2A;HRAS;ADCY1
gsea,VEGF signaling pathway,0.5565284812750816,2.144518681781518,0.001,0.005251153662547075,0.075,19/59,13.88%,PXN;PRKCA;PIK3R1;PTGS2;PPP3CA;PIK3CD;PLA2G4A;PLCG1;MAPK11;PIK3CB;SRC;RAC2;PTK2;SPHK1;VEGFA;AKT1;KDR;RAF1;MAPK1
gsea,Prolactin signaling pathway,0.5294290948074967,2.14396703418664,0.001,0.005181961110725764,0.076,28/70,15.19%,CCND1;PIK3R1;NFKB1;PIK3CD;SHC1;MAPK11;ESR1;SHC3;CISH;FOXO3;TNFSF11;PIK3CB;SRC;CCND2;PRLR;SOCS7;GSK3B;AKT1;LHB;FOS;STAT3;SOS2;SHC4;SOCS5;RAF1;MAPK1;RELA;SOS1
gsea,Cellular senescence,0.5076686264016217,2.1413757459535043,0.001949317738791423,0.00514657093761165,0.078,57/156,18.81%,TGFB3;CDK6;CCND1;PIK3R1;TRAF3IP2;NFKB1;TGFBR2;SERPINE1;ITPR2;ZFP36L2;PPP3CA;TGFB2;NFATC1;ETS1;PIK3CD;HIPK2;FOXO1;ITPR3;TGFB1;SMAD3;IL1A;MTOR;MAPK11;ATM;RRAS;NFATC3;PTEN;MRAS;FOXO3;ZFP36L1;PIK3CB;CCND2;CAPN2;RRAS2;TSC2;AKT1;RAD50;HIPK3;HIPK1;RB1;BTRC;ATR;TGFBR1;CDKN1A;CAPN1;RAF1;MAPK1;TSC1;FOXM1;RELA;GADD45A;LIN54;HIPK4;TRPV4;RBL2;HRAS;FBXW11
gsea,Lipid and atherosclerosis,0.4788581193740312,2.1362497192409378,0.001,0.005418628727916375,0.083,64/213,14.63%,VAV2;VAV3;PRKCA;TNFRSF10B;PIK3R1;RXRA;MAP3K5;NFKB1;MMP1;MMP3;PPP3CA;NFATC1;CAMK2A;PIK3CD;TRAF3;ICAM1;ABCA1;CAMK2D;CXCL1;TLR2;PLCB3;TNF;VLDLR;TNFRSF10A;HSPA2;LDLR;PDPK1;MIB2;PLCG1;MAPK11;NFATC3;FAS;IFNA1;APAF1;TNFSF10;MMP9;CASP1;PIK3CB;VCAM1;SRC;IKBKB;PLCB1;TLR6;PTK2;CXCL3;TNFRSF1A;GSK3B;TRAF6;AKT1;IL1B;POU2F2;JUN;FOS;STAT3;TAB2;ERO1A;MAP3K7;NLRP3;TICAM2;MIB1;HSPA1A;MAPK1;ROCK2;RELA
gsea,Cushing syndrome,0.5212805418953859,2.1307955377139924,0.001,0.00562067929065224,0.086,63/155,18.96%,EGFR;GNAI1;FZD1;CDK6;CCND1;WNT3A;WNT10A;ADCY7;CACNA1C;ADCY9;TCF7L1;WNT4;ITPR2;KMT2D;WNT7B;WNT5B;CAMK2A;CACNA1G;WNT6;WNT7A;KMT2A;TCF7L2;FZD8;CAMK2D;ITPR3;PLCB3;FZD4;LDLR;CREB3L1;CREB3L2;PBX1;FZD6;WNT9A;CREB5;PLCB1;USP8;CREB1;APC;GSK3B;FZD2;STAR;RB1;LEF1;MC2R;CACNA1H;CDKN1A;GNAQ;WNT16;FZD7;ADCY6;MAPK1;SP1;WNT10B;DVL1;BRAF;TCF7;FZD5;PDE8A;WNT2B;GNA11;APC2;CYP11B1;ADCY1
gsea,Other types of O-glycan biosynthesis,0.6042066748872142,2.1286578002156302,0.001,0.005697432264159045,0.089,24/47,20.19%,GXYLT2;GALNT5;GALNT2;GALNT18;GALNT10;POMT2;GALNT15;PLOD3;EOGT;POFUT2;GALNT11;POFUT1;GALNT4;GALNT7;GALNT1;ST6GAL1;GALNT3;GALNT17;COLGALT1;B4GALT1;B3GLCT;B4GALT2;C1GALT1;GALNT14
gsea,Ras signaling pathway,0.5202392475215429,2.128074827564341,0.001,0.005626479785276235,0.089,83/232,15.26%,EGFR;PDGFA;IGF1R;NGFR;PDGFC;PRKCA;REL;PDGFRB;PIK3R1;NFKB1;RIN1;EPHA2;PGF;FLT1;NTF4;VEGFC;ETS1;PIK3CD;CSF1;FGFR3;ANGPT2;RASGRF2;ETS2;GRIN2A;PDGFB;RASA3;MET;HTR7;TIAM1;FGF16;RAPGEF5;TGFA;RASAL2;EFNA5;PLD2;SHC1;PLA2G4A;ABL1;PLCG1;RRAS;FGF1;SHC3;KITLG;SYNGAP1;PDGFRA;RASGRP4;MRAS;PAK6;RASA1;ABL2;GNG12;PIK3CB;IKBKB;RAC2;RRAS2;GNGT1;GAB1;PDGFD;PLA2G12A;VEGFA;AKT1;SOS2;KDR;FLT4;FGFR2;PLA2G5;GNB4;NF1;PTPN11;CSF1R;GNB5;SHC4;INSR;RAF1;MAPK1;IGF2;NTF3;RASGRF1;RELA;STK4;SOS1;EXOC2;RALBP1
gsea,IL-17 signaling pathway,0.5581671081913706,2.1252895720937834,0.008298755186721992,0.005814495817916109,0.092,35/94,14.63%,MMP13;TRAF3IP2;PTGS2;NFKB1;MMP1;MMP3;TRAF3;CXCL6;IL17RA;CXCL1;TNFAIP3;FOSL1;TNF;MAPK7;MAPK11;MMP9;FADD;CCL11;IKBKB;TAB3;CXCL3;GSK3B;TRAF6;IL1B;JUN;FOS;TAB2;CSF2;CEBPB;CCL20;CXCL5;MAPK6;MAP3K7;MAPK1;RELA
gsea,Choline metabolism in cancer,0.5486000411801987,2.1223214766456664,0.001,0.005912080410406892,0.094,39/98,15.65%,EGFR;PDGFA;PDGFC;PRKCA;PDGFRB;PIK3R1;PIK3CD;SLC22A3;PDGFB;DGKH;PLD2;PDPK1;PLA2G4A;PLCG1;MTOR;WASF2;PDGFRA;PIK3CB;DGKA;PIP5K1C;RAC2;PDGFD;TSC2;PLPP3;AKT1;JUN;FOS;DGKI;SOS2;DGKQ;GPCPD1;RAF1;DGKZ;MAPK1;PLPP1;TSC1;SP1;SOS1;SLC44A5
gsea,Kaposi sarcoma-associated herpesvirus infection,0.4707051938389993,2.120639348779494,0.001,0.005841098086364092,0.095,57/193,14.63%,CDK6;CCND1;PIK3R1;PTGS2;NFKB1;TCF7L1;ITPR2;PPP3CA;NFATC1;TLR3;PIK3CD;ANGPT2;TRAF3;ICAM1;PDGFB;TCF7L2;EP300;CLEC2B;CXCL1;ITPR3;CREBBP;JAK1;PLCG1;MTOR;IFNAR2;MAPK11;NFATC3;FAS;IFNA1;GNG12;PIK3CB;C3;FADD;SRC;IKBKB;GNGT1;CXCL3;CREB1;TNFRSF1A;GSK3B;VEGFA;AKT1;JUN;FOS;STAT3;RB1;CSF2;LEF1;CDKN1A;STAT2;GNB4;IL6ST;GNB5;RAF1;MAPK1;IFNGR1;RELA
gsea,Colorectal cancer,0.5433092183029161,2.1090934091023446,0.0019801980198019802,0.006558362528147742,0.101,35/86,18.48%,EGFR;TGFB3;CCND1;PIK3R1;TCF7L1;TGFBR2;TGFB2;PIK3CD;TCF7L2;TGFA;TGFB1;SMAD3;MTOR;PIK3CB;AREG;RAC2;APC;GSK3B;AKT1;EREG;JUN;FOS;SOS2;LEF1;TGFBR1;CDKN1A;RAF1;MAPK1;BCL2L11;SOS1;BRAF;GADD45A;TCF7;APC2;HRAS
gsea,Fluid shear stress and atherosclerosis,0.49240861307122674,2.0981291169399503,0.001,0.007145835151303606,0.108,48/137,14.63%,PDGFA;PLAT;CAV1;PIK3R1;MAP3K5;MMP2;NFKB1;GPC1;IL1R1;BMPR2;ITGAV;PIK3CD;BMPR1B;ITGB3;ICAM1;PDGFB;CAV2;THBD;ACVR1;TNF;MEF2A;IL1A;IL1R2;MAPK7;MAPK11;PRKCZ;MMP9;PIK3CB;VCAM1;SRC;IKBKB;RAC2;PTK2;TNFRSF1A;VEGFA;AKT1;IL1B;ACVR2A;JUN;FOS;SDC2;KDR;CDH5;SDC1;MAP3K7;SDC4;SUMO4;RELA
gsea,Pathogenic Escherichia coli infection,0.4743443182492175,2.091278029151703,0.001,0.0074522545216864425,0.109,77/193,21.93%,MYO10;TNFRSF10B;NFKB1;MYO1B;IL1R1;ITGB1;ARHGEF12;MYH10;CYTH3;CLDN1;MYO1E;NCK2;MYH9;MYO5A;F2R;SEC24D;GNA12;SEC24B;TNF;SEC24C;CLDN14;TNFRSF10A;ABL1;ROCK1;MAPK11;WASF2;FAS;TNFSF10;CTTN;TLR5;CASP1;TUBB6;FADD;MYO1C;SRC;IKBKB;CYFIP1;CLDN16;TJP1;TAB3;FYN;TNFRSF1A;TRAF6;IL1B;MYO1D;JUN;FOS;CLDN24;TAB2;LPAR4;NCKAP1;RIPK1;FCGR2A;MAP3K7;NLRP3;PTPN11;MAPK1;ROCK2;MYO6;CLDN19;RELA;ARPC2;BAIAP2L1;BAIAP2;TUBB8;WIPF2;ARHGEF11;SEC24A;IL18;CLDN2;NCK1;MAPK10;TRAF2;TMED10;NLRP4;WIPF1;WASL
gsea,"Growth hormone synthesis, secretion and action",0.5113992894636666,2.086387777378525,0.00392156862745098,0.00769743763149985,0.112,40/119,13.88%,IRS1;GNAI1;PRKCA;PIK3R1;ADCY7;CACNA1C;ADCY9;ITPR2;PIK3CD;GHR;EP300;MAP3K1;ITPR3;PLCB3;CREBBP;CREB3L1;SHC1;PLCG1;MTOR;CREB3L2;MAPK11;SHC3;CREB5;BCAR1;PIK3CB;PLCB1;PTK2;CREB1;GSK3B;AKT1;FOS;STAT3;SOS2;SSTR5;GNAQ;CRKL;SHC4;ADCY6;RAF1;MAPK1
gsea,Dilated cardiomyopathy,0.6152706577456563,2.082432732421165,0.003875968992248062,0.007858777831726433,0.115,28/95,5.51%,ITGA3;TGFB3;ITGB4;ITGB6;LAMA1;ITGA6;ITGA2;ITGA5;ADCY7;CACNA1C;SGCD;ADCY9;TPM1;LAMA2;TGFB2;ITGA11;ITGAV;ITGB1;ITGB3;ITGB8;ITGA1;TNF;ITGA4;ITGB5;TGFB1;SGCB;DMD;TPM2
gsea,Basal cell carcinoma,0.6124540350183563,2.081277199171333,0.001,0.007864943392445648,0.115,34/63,18.30%,GLI3;FZD1;BMP2;WNT3A;WNT10A;TCF7L1;WNT4;WNT7B;WNT5B;WNT6;WNT7A;TCF7L2;SUFU;FZD8;FZD4;KIF7;FZD6;WNT9A;APC;GSK3B;FZD2;PTCH1;GLI1;LEF1;CDKN1A;WNT16;FZD7;WNT10B;DVL1;GADD45A;TCF7;FZD5;WNT2B;APC2
gsea,Non-small cell lung cancer,0.5468663797894647,2.08064416783663,0.001,0.007796903669210305,0.115,30/72,18.80%,EGFR;CDK6;PRKCA;CCND1;PIK3R1;RXRA;PIK3CD;MET;TGFA;PDPK1;PLCG1;FOXO3;RARB;PIK3CB;AKT1;STAT3;SOS2;RB1;EML4;ERBB2;CDKN1A;RAF1;MAPK1;STK4;SOS1;BRAF;GADD45A;STAT5A;HRAS;JAK3
gsea,Hypertrophic cardiomyopathy,0.6070730129553983,2.0804179130399745,0.0038684719535783366,0.007682243321133684,0.115,26/90,5.51%,ITGA3;TGFB3;ITGB4;ITGB6;LAMA1;ITGA6;ITGA2;ITGA5;CACNA1C;SGCD;TPM1;LAMA2;TGFB2;ITGA11;ITGAV;ITGB1;ITGB3;ITGB8;ITGA1;TNF;ITGA4;ITGB5;TGFB1;SGCB;DMD;TPM2
gsea,Insulin resistance,0.4902225511137801,2.0719342376431267,0.001,0.008361539098199623,0.121,39/108,14.63%,IRS1;PIK3R1;NFKB1;PPARA;SLC27A1;PIK3CD;SLC2A1;MLXIP;FOXO1;RPS6KA2;GFPT2;PPARGC1A;TNF;CREB3L1;PYGB;PDPK1;PTPRF;MTOR;PRKCQ;CREB3L2;PRKCZ;GYS1;PTEN;CREB5;PIK3CB;PPP1R3B;PYGL;IKBKB;CREB1;TNFRSF1A;GSK3B;AKT1;PRKAB2;STAT3;PTPN11;PPARGC1B;INSR;PPP1R3C;RELA
gsea,Endometrial cancer,0.5736609144427434,2.0674302791020565,0.001,0.008596333032762249,0.124,26/58,18.48%,EGFR;CCND1;PIK3R1;TCF7L1;PIK3CD;TCF7L2;ILK;PDPK1;PTEN;FOXO3;PIK3CB;APC;GSK3B;AKT1;SOS2;LEF1;ERBB2;CDKN1A;RAF1;MAPK1;SOS1;BRAF;GADD45A;TCF7;APC2;HRAS
gsea,AMPK signaling pathway,0.49491459623438094,2.06432085178565,0.001,0.008661527324451669,0.126,53/120,23.76%,IRS1;IGF1R;CCND1;PIK3R1;SCD5;PIK3CD;FOXO1;PFKFB3;PPARGC1A;FBP2;CREB3L1;PDPK1;MTOR;CREB3L2;GYS1;CAB39;TBC1D1;FOXO3;CREB5;PIK3CB;PFKFB2;ACACA;RPTOR;CREB1;TSC2;PFKM;AKT1;PRKAB2;PFKP;MAP3K7;INSR;TSC1;EEF2K;FASN;ADRA1A;PPP2R3A;PPP2R5D;CD36;CAMKK2;PPP2R1A;PRKAA1;PPP2R5B;PPP2R5E;STK11;PPP2R2C;G6PC2;INS;PPP2CB;ADIPOQ;AKT1S1;SREBF1;PIK3CA;ULK1
gsea,Endocytosis,0.47692208458837243,2.0641425263649182,0.005928853754940711,0.008541228333834285,0.126,94/252,21.93%,EGFR;EHD2;IGF1R;CBLB;CAV1;NEDD4;ARAP2;DAB2;PSD3;TGFBR2;AGAP1;ASAP2;EHD3;LDLRAP1;IGF2R;FGFR3;CYTH3;PARD6G;GRK4;CAV2;ZFYVE9;RAB11FIP5;IQSEC1;PML;SMAD3;ARAP1;HSPA2;FOLR3;EPN2;PLD2;LDLR;CXCR1;EEA1;CBL;GBF1;GIT2;PRKCZ;RAB31;EHD1;PDGFRA;IQSEC2;ARAP3;PIP5K1C;SRC;AP2A1;RAB22A;PSD4;USP8;ARFGEF2;DNM3;WWP1;EPN1;TRAF6;AGAP3;EHD4;CXCR2;BIN1;SMURF1;GRK5;TGFBR1;FGFR2;RUFY1;SH3GL3;AP2A2;HSPA1A;VPS36;PSD;WASHC5;ASAP1;ARFGEF1;AMPH;PARD3;VPS37C;WASHC2A;CAPZB;ASAP3;RBSN;ARPC2;HSPA6;WIPF2;HRAS;RAB11FIP2;ZFYVE16;GRK2;ITCH;WASHC4;RUFY2;CHMP7;RAB4A;IZUMO1R;IL2RB;STAM;WIPF1;WASL
gsea,mTOR signaling pathway,0.4988622617340281,2.0636791330653557,0.007782101167315175,0.008446870972656265,0.127,61/154,19.87%,IRS1;FZD1;IGF1R;RNF152;PRKCA;PIK3R1;WNT3A;WNT10A;WNT4;WNT7B;WNT5B;PIK3CD;WNT6;RICTOR;WNT7A;FZD8;RPS6KA2;DDIT4;CLIP1;TNF;FZD4;FNIP2;GRB10;SESN2;PDPK1;MTOR;CAB39;CASTOR1;PTEN;FZD6;WNT9A;PIK3CB;LRP5;IKBKB;DEPDC5;RPTOR;TNFRSF1A;GSK3B;TSC2;AKT1;FNIP1;FZD2;SOS2;LRP6;WNT16;FZD7;INSR;RAF1;MAPK1;TSC1;SOS1;WNT10B;DVL1;BRAF;FZD5;WNT2B;HRAS;ULK2;PRKAA1;RPS6KA1;STK11
gsea,Gastric cancer,0.511846386684555,2.062359407344707,0.001,0.008399743296046272,0.127,62/149,18.48%,EGFR;TGFB3;FZD1;CCND1;PIK3R1;RXRA;WNT3A;WNT10A;TCF7L1;TGFBR2;WNT4;WNT7B;WNT5B;TGFB2;PIK3CD;WNT6;WNT7A;TCF7L2;FZD8;MET;FGF16;TGFB1;SMAD3;FZD4;SHC1;MTOR;FGF1;SHC3;FZD6;WNT9A;RARB;PIK3CB;LRP5;GAB1;APC;GSK3B;AKT1;FZD2;CSNK1A1;SOS2;RB1;LRP6;LEF1;TGFBR1;FGFR2;ERBB2;CDKN1A;WNT16;FZD7;SHC4;RAF1;MAPK1;SOS1;WNT10B;DVL1;BRAF;GADD45A;TCF7;FZD5;WNT2B;APC2;HRAS
gsea,Hedgehog signaling pathway,0.6022772389453083,2.0604612964751037,0.001841620626151013,0.008419997996192766,0.129,30/56,22.48%,GLI3;EVC;GAS1;CCND1;GPR161;MEGF8;IQCE;EVC2;SUFU;BOC;KIF7;SCUBE2;CCND2;CSNK1G1;GSK3B;CSNK1E;SMURF1;PTCH1;CSNK1A1;GLI1;BTRC;HHAT;CDON;CSNK1G2;FBXW11;GRK2;CUL3;SMO;HHIP;MGRN1
gsea,Protein processing in endoplasmic reticulum,0.40629388546195233,2.0512704797228243,0.025896414342629483,0.009157530887633873,0.135,57/169,22.32%,MAP3K5;TUSC3;SEC24D;SEC24B;SEC24C;HSPA2;UBE4B;SEC31A;FBXO2;CKAP4;SEC23A;DNAJC5;UGGT1;HYOU1;HSPA4L;PPP1R15A;MAN1C1;RRBP1;CAPN2;EDEM1;UBQLN2;ATXN3;DNAJC10;RNF185;OS9;LMAN1;MAN1A2;SEC63;ERO1A;CAPN1;DNAJB2;EIF2AK4;YOD1;HSPA1A;SYVN1;GANAB;MARCHF6;ERN1;STT3A;UBQLN3;MAN1A1;HSPA6;SEL1L;PDIA6;PRKCSH;P4HB;PDIA4;SEC24A;TXNDC5;MAN1B1;EIF2AK2;MBTPS2;MAPK10;DNAJC3;TRAF2;EDEM3;CRYAB
gsea,Transcriptional misregulation in cancer,0.5024256671673766,2.044083590582327,0.001,0.009661213448409119,0.137,78/189,21.84%,PDGFA;RUNX2;IGF1R;PLAT;NGFR;CDK14;REL;RXRA;PLAU;MAF;NFKB1;DUSP6;AFF1;MMP3;TGFBR2;FLT1;MEIS1;FOXO1;KMT2A;RUNX1;MET;PML;SMAD1;NCOR1;GRIA3;JMJD1C;BMP2K;MYCN;ZEB1;HOXA11;IL1R2;ATM;NSD2;PBX1;ELK4;MMP9;PER2;ETV6;CCND2;BCL11B;RARA;MITF;PTK2;LMO2;ERG;ZBTB17;CSF2;CEBPB;DOT1L;CDKN1A;WNT16;CSF1R;ZBTB16;RELA;SP1;ARNT2;RUNX1T1;HMGA2;GADD45A;IL3;SPINT1;TFE3;KLF3;SS18;FLI1;ETV1;H3C6;LDB1;ITGAM;JUP;ETV5;IGFBP3;MLLT1;WT1;SIN3A;NFKBIZ;IL2RB;KDM6A
gsea,Long-term depression,0.5454101584277241,2.0436109227689205,0.003838771593090211,0.00953735173753208,0.137,28/60,22.48%,GNAI1;IGF1R;PRKCA;ITPR2;PRKG1;ITPR3;GNA12;GUCY1A2;PLCB3;GRIA3;PLA2G4A;GRIA1;GUCY1A1;GRID2;PLCB1;GNAQ;RAF1;MAPK1;BRAF;NOS1;GNA11;PPP2R1A;HRAS;PRKG2;RYR1;PLA2G4C;PPP2CB;GNAI2
gsea,Vasopressin-regulated water reabsorption,0.4964035377496793,2.0420443434354585,0.003913894324853229,0.009646809951566204,0.143,10/44,8.79%,DYNC2H1;ADCY9;DYNC1H1;DYNC1LI2;CREB3L1;CREB3L2;AQP3;CREB5;DCTN1;CREB1
gsea,Yersinia infection,0.5219109366545036,2.034971512801981,0.005940594059405941,0.010290802524797114,0.151,62/136,23.10%,PXN;VAV2;VAV3;PIK3R1;ITGA5;FN1;NFKB1;DOCK1;NFATC1;ITGB1;ARHGEF12;PIK3CD;PTK2B;RPS6KA2;FYB1;TNF;ITGA4;PLCG1;ROCK1;MAPK11;GIT2;WASF2;NFATC3;MEFV;CASP1;BCAR1;PIK3CB;PIP5K1C;SRC;IKBKB;RAC2;PTK2;GSK3B;TRAF6;AKT1;IL1B;JUN;FOS;TAB2;FCGR2A;GNAQ;MAP3K7;NLRP3;CRKL;MAPK1;ROCK2;RELA;LIMK1;ARPC2;BAIAP2;WIPF2;IL18;RPS6KA1;CRK;MAPK10;TRAF2;CD8B2;ELMO2;WIPF1;WASL;CXCL8;MAP2K3
gsea,cGMP-PKG signaling pathway,0.5063409897976453,2.033451027477227,0.003795066413662239,0.010327028762055313,0.152,57/167,16.59%,IRS1;GNAI1;EDNRA;ADCY7;CACNA1C;BDKRB2;ADCY9;ITPR2;MYLK;ATP2B4;PPP3CA;NFATC1;GTF2I;IRAG1;ADRB2;PRKG1;ITPR3;GNA12;GUCY1A2;PLCB3;CNGB1;MEF2A;ATP1A1;MYL9;CREB3L1;ADRA1D;ROCK1;CREB3L2;NFATC3;TRPC6;GUCY1A1;KCNMB4;CREB5;PDE3A;MYLK4;PLCB1;CREB1;ATP2A2;AKT1;KCNJ8;CNGA1;PDE2A;ADRA2A;GNAQ;INSR;ADCY6;RAF1;MAPK1;ROCK2;KCNU1;KCNMB1;ADRA1A;MEF2D;SRF;GTF2IRD1;PPP1R12A;PDE5A
gsea,Glycosaminoglycan biosynthesis,0.5977359489256889,2.030766817378346,0.0019801980198019802,0.010523653478193933,0.153,28/53,17.64%,DSE;CHST3;EXTL3;EXT1;CHST11;CHST15;NDST1;CHSY1;XYLT1;CHPF;CSGALNACT2;ST3GAL2;HS6ST1;CHSY3;CHPF2;HS3ST1;ST3GAL1;HS3ST3A1;UST;XYLT2;CSGALNACT1;B3GALT6;HS3ST3B1;EXT2;CHST6;CHST12;EXTL2;B4GALT1
gsea,Mucin type O-glycan biosynthesis,0.6090156967172171,2.0244919924535947,0.0019723865877712033,0.011093970109473059,0.157,15/36,12.73%,GALNT5;GALNT2;GALNT18;GALNT10;GCNT1;GALNT15;ST3GAL2;ST6GALNAC2;GALNT11;ST3GAL1;GALNT4;GALNT7;GALNT1;GALNT3;GALNT17
gsea,Leukocyte transendothelial migration,0.5604400179891957,2.0208660885059833,0.00398406374501992,0.01141454477793522,0.162,44/112,14.86%,GNAI1;PXN;VAV2;VAV3;PRKCA;ARHGAP5;PIK3R1;MMP2;ACTN1;THY1;RAPGEF3;VCL;ITGB1;PIK3CD;CLDN1;ICAM1;PTK2B;ARHGAP35;ITGA4;CLDN14;MYL9;PLCG1;MSN;ROCK1;MAPK11;CTNND1;MMP9;BCAR1;PIK3CB;VCAM1;RAC2;ACTN4;CLDN16;PTK2;JAM3;MYL10;CLDN24;CDH5;JAM2;PTPN11;ROCK2;CLDN19;SIPA1;CD99
gsea,Bladder cancer,0.5578733609394328,2.017582446785479,0.009940357852882704,0.01159143549214095,0.166,17/41,15.87%,EGFR;CCND1;MMP2;MMP1;FGFR3;THBS1;MMP9;DAPK3;SRC;VEGFA;TYMP;RB1;ERBB2;CDKN1A;RAF1;MAPK1;BRAF
gsea,JAK-STAT signaling pathway,0.5144679381900584,2.0092743534776303,0.0020242914979757085,0.012148663856676524,0.171,72/162,23.15%,EGFR;PDGFA;OSMR;CCND1;PDGFRB;PIK3R1;IL11;IL4R;IL12RB2;IL20RB;PIK3CD;GHR;IFNE;PDGFB;EP300;CREBBP;LIF;IL6R;JAK1;MTOR;IFNAR2;IL20;IFNA1;PDGFRA;CISH;IL24;PIK3CB;LIFR;CCND2;PRLR;CNTF;SOCS7;IL7R;AKT1;IL15;STAT3;IL7;SOS2;CSF2;CDKN1A;STAT2;IL13RA2;IL27RA;PTPN11;IL6ST;SOCS5;RAF1;IFNGR1;IL22RA2;SOS1;IL22RA1;PIAS1;PIAS3;IFNLR1;IL3;CTF1;STAT4;STAT5A;IFNA2;TYK2;HRAS;JAK3;IFNA13;PIM1;IL2RB;STAM;STAT6;IL15RA;IL13RA1;CSF2RB;IFNA16;IFNA5
gsea,Platelet activation,0.5765426778243451,2.0082351427370204,0.008097165991902834,0.012142035384471873,0.172,44/123,14.15%,GNAI1;ITGA2;PIK3R1;ADCY7;COL1A1;COL1A2;ADCY9;ITPR2;MYLK;COL3A1;ITGB1;ARHGEF12;PIK3CD;ITGB3;PTGS1;PRKG1;ARHGAP35;F2R;ITPR3;GUCY1A2;PLCB3;PLA2G4A;VWF;P2RY1;ROCK1;MAPK11;PRKCZ;GUCY1A1;PIK3CB;TBXA2R;MYLK4;SRC;TLN1;PLCB1;FYN;AKT1;TLN2;STIM1;PTGIR;FCGR2A;GNAQ;ADCY6;MAPK1;ROCK2
gsea,Hepatocellular carcinoma,0.48759716400275704,2.0079919273724394,0.003838771593090211,0.012022843402464683,0.172,67/167,17.49%,EGFR;TGFB3;FZD1;IGF1R;CDK6;PRKCA;CCND1;PIK3R1;WNT3A;WNT10A;TCF7L1;TGFBR2;ARID1B;WNT4;WNT7B;WNT5B;TGFB2;PIK3CD;WNT6;WNT7A;TCF7L2;FZD8;MET;ARID1A;TGFA;TGFB1;SMAD3;FZD4;SHC1;PLCG1;MTOR;SHC3;PTEN;FZD6;WNT9A;PIK3CB;LRP5;SMARCA4;GAB1;APC;SMARCA2;GSK3B;AKT1;PBRM1;ARID2;FZD2;CSNK1A1;SOS2;RB1;LRP6;LEF1;TGFBR1;CDKN1A;WNT16;FZD7;SHC4;RAF1;MAPK1;IGF2;SOS1;WNT10B;DVL1;BRAF;GADD45A;TCF7;FZD5;WNT2B
gsea,Hepatitis C,0.4463759782910943,2.007509367015842,0.001,0.011962053744811772,0.174,65/155,23.76%,EGFR;CDK6;CCND1;PIK3R1;RXRA;NFKB1;PPARA;TLR3;PIK3CD;CLDN1;TRAF3;TNF;CLDN14;JAK1;LDLR;IFNAR2;FAS;IFNA1;APAF1;OAS2;PIK3CB;FADD;IKBKB;OAS3;CLDN16;CFLAR;TNFRSF1A;GSK3B;TRAF6;AKT1;MAVS;STAT3;CLDN24;SOS2;RB1;RNASEL;RIPK1;CDKN1A;STAT2;EIF2AK4;RAF1;MAPK1;MX2;CLDN19;RELA;SOS1;PIAS1;BRAF;IFIT1B;IFNA2;TYK2;PPP2R1A;HRAS;IFNA13;RSAD2;CLDN2;EIF2AK2;PPP2R2C;TRAF2;PPP2CB;SCARB1;IFNA16;IFNA5;CLDN9;PIK3CA
gsea,Longevity regulating pathway,0.5054471633410248,2.0015954974521475,0.0019569471624266144,0.012380189025815717,0.18,44/101,23.76%,IRS1;IGF1R;PIK3R1;ADCY7;NFKB1;ADCY9;PIK3CD;SESN3;FOXO1;PPARGC1A;HSPA2;CREB3L1;SESN2;MTOR;CREB3L2;FOXO3;CREB5;CLPB;PIK3CB;RPTOR;CREB1;TSC2;AKT1;PRKAB2;HSPA1A;INSR;ADCY6;TSC1;RELA;CAMKK2;HSPA6;HRAS;ADCY1;PRKAA1;STK11;EHMT1;INS;EHMT2;CRYAB;ADIPOQ;EIF4E;AKT1S1;PIK3CA;ULK1
gsea,Measles,0.4874053237652303,2.000440662002833,0.00392156862745098,0.012389474066660723,0.181,51/138,18.84%,TP73;CDK6;CBLB;CCND1;PIK3R1;NFKB1;PIK3CD;TRAF3;TLR2;TNFAIP3;HSPA2;JAK1;IL1A;MSN;IFNAR2;FAS;IFNA1;APAF1;OAS2;PIK3CB;FADD;CCND2;IKBKB;OAS3;CD209;GSK3B;TRAF6;AKT1;IL1B;MAVS;JUN;TLR9;FOS;STAT3;TAB2;CSNK2A2;CSNK2A3;STAT2;MAP3K7;EIF2AK4;HSPA1A;IFIH1;MX2;RELA;CSNK2A1;STAT5A;HSPA6;IFNA2;TYK2;JAK3;IFNA13
gsea,Sphingolipid signaling pathway,0.500427782954731,1.9981408103477072,0.001984126984126984,0.0125063708001725,0.181,53/119,22.48%,GNAI1;PRKCA;PIK3R1;MAP3K5;NFKB1;BDKRB2;S1PR5;PIK3CD;SGMS2;CERS3;GNA12;PLCB3;TNF;PLD2;PDPK1;S1PR3;ROCK1;MAPK11;PRKCZ;PTEN;PIK3CB;RAC2;PLCB1;SPTLC3;SMPD1;FYN;SPHK1;TNFRSF1A;AKT1;CERS6;ACER2;SGPP1;S1PR2;GNAQ;RAF1;MAPK1;ROCK2;RELA;PPP2R3A;MS4A2;FCER1A;PPP2R5D;SGPL1;PPP2R1A;HRAS;SGPP2;PPP2R5B;PPP2R5E;PPP2R2C;MAPK10;TRAF2;PPP2CB;GNAI2
gsea,Notch signaling pathway,0.5692002422686464,1.9863746711904615,0.0018867924528301887,0.013865053278648789,0.19,29/59,20.64%,NOTCH1;JAG2;NCOR2;JAG1;MAML2;ATXN1;ATXN1L;NOTCH2;TLE4;DTX4;HEYL;EP300;CREBBP;MAML3;NOTCH4;HEY2;DLL1;TLE3;MAML1;CTBP1;ADAM17;DLL4;NOTCH3;PSEN1;DVL1;NUMB;RBPJ;DTX3L;TLE1
gsea,Long-term potentiation,0.4731671087516079,1.9782758009758452,0.003838771593090211,0.014614469619937455,0.2,14/67,5.43%,PRKCA;CACNA1C;ITPR2;RAPGEF3;PPP3CA;CAMK2A;GRIN2A;RPS6KA2;EP300;CAMK2D;ITPR3;PLCB3;CREBBP;GRIA1
gsea,C-type lectin receptor signaling pathway,0.5317426775791667,1.9706679449855304,0.006198347107438017,0.0156961384525335,0.21,36/104,14.63%,CBLB;PIK3R1;PTGS2;NFKB1;ITPR2;PPP3CA;NFATC1;ARHGEF12;PIK3CD;ITPR3;TNF;PLK3;RELB;MALT1;MAPK11;RRAS;NFATC3;CYLD;MRAS;EGR3;CASP1;PIK3CB;SRC;IKBKB;NFKB2;RRAS2;CD209;AKT1;IL1B;JUN;STAT2;NLRP3;PTPN11;RAF1;MAPK1;RELA
gsea,Toxoplasmosis,0.5527284922986047,1.9513902062756872,0.011881188118811881,0.01844285392245266,0.226,39/110,14.63%,LAMA3;LAMC2;LAMB3;LAMB1;GNAI1;TGFB3;LAMA1;ITGA6;LAMA4;LAMA5;NFKB1;LAMB4;LAMA2;TGFB2;ITGB1;LAMC1;TLR2;TNF;TGFB1;HSPA2;JAK1;LDLR;PDPK1;MAPK11;LAMB2;IKBKB;XIAP;TNFRSF1A;TRAF6;AKT1;STAT3;TAB2;MAP3K7;HSPA1A;IRGM;LAMC3;MAPK1;IFNGR1;RELA
gsea,Salmonella infection,0.42520996811004963,1.9425080867998896,0.010040160642570281,0.01966726471016581,0.236,87/248,23.36%,AHNAK;TNFRSF10B;AHNAK2;FLNA;NFKB1;DYNC2H1;TCF7L1;RAB7B;FLNB;PIK3CD;CYTH3;SNX33;DYNC1H1;TCF7L2;DYNC1LI2;TLR2;TNF;TNFRSF10A;FYCO1;RHOJ;MYL9;MAPK11;RRAS;TNFSF10;FLNC;TLR5;NOD1;CASP1;TUBB6;PIK3CB;FADD;PIK3C2G;DCTN1;PLEKHM2;IKBKB;PODXL;CYFIP1;TLR6;TAB3;TNFRSF1A;TRAF6;AKT1;IL1B;MYL10;EXOC7;JUN;TLR9;FOS;TAB2;VPS18;LEF1;NCKAP1;RIPK1;PIK3C2B;MAP3K7;PIK3C2A;NLRP3;KLC1;VPS39;RAF1;MAPK1;ROCK2;MYO6;RELA;GCC2;EXOC2;KLC3;EXOC4;VPS11;TCF7;ARPC2;TUBB8;HRAS;DYNC1I2;VPS41;IL18;M6PR;ANXA2;RIPK3;MAPK10;TRAF2;ELMO2;WASL;CXCL8;TUBB3;MAP2K3;MLKL
gsea,Ribosome,-0.5835347086352675,-1.9379006000312096,0.04247104247104247,0.21223146223146225,0.24,103/136,28.72%,MRPL22;MRPL12;MRPL34;RPL22L1;RPS15A;RSL24D1;RPS10;MRPS12;MRPS7;MRPL11;MRPL13;RPS7;RPL38;MRPS15;RPL26L1;RPS29;RPL39;MRPL33;RPS14;RPL9;MRPL24;MRPL4;MRPL32;RPL27;MRPS21;RPL35;RPS26;MRPL27;RPL17;RPL24;RPL15;RPS18;MRPS6;RPL18A;MRPL14;MRPL35;RPSA;RPS17;MRPS14;RPS6;MRPL2;RPL31;MRPS18A;RPS16;RPS21;RPL35A;RPS19;RPS15;RPL14;RPL36;MRPL16;RPS5;RPL21;FAU;RPL27A;MRPL9;RPL32;MRPL15;MRPL21;RPL23;RPS27;RPS8;RPL13;RPS9;RPL19;RPL29;RPS3A;RPL23A;RPL5;MRPS16;MRPS9;RPLP1;RPL10L;RPS27A;RPS3;RPS10-NUDT3;MRPL10;RPS13;RPL12;MRPL18;RPL18;RPL7A;RPS4X;MRPS10;MRPL23;RPL10A;RPL36AL;RPL41;MRPL17;RPL10;MRPL20;RPLP0;RPL8;RPS11;RPL37A;UBA52;RPS28;MRPS11;MRPS2;RPS25;RPL26;RPS2;RPS24
gsea,Inflammatory mediator regulation of TRP channels,0.5050947682222434,1.937570847492589,0.003861003861003861,0.020124460965630617,0.24,24/98,8.23%,IL1RAP;HRH1;P2RY2;PRKCA;PIK3R1;ADCY7;BDKRB2;ADCY9;ITPR2;IL1R1;BDKRB1;CAMK2A;PIK3CD;CAMK2D;ITPR3;PLCB3;PTGER4;PLA2G4A;PLCG1;PRKCQ;MAPK11;PIK3CB;SRC;PLCB1
gsea,Necroptosis,0.40299987232345524,1.9320165632674695,0.002012072434607646,0.020739404869251576,0.244,51/155,23.36%,TNFRSF10B;TLR3;CAMK2A;CAMK2D;TNFAIP3;TNF;TNFRSF10A;JAK1;PYGB;PLA2G4A;IL1A;IFNAR2;FAS;CYLD;IFNA1;TNFSF10;CASP1;FADD;PYGL;CAPN2;CFLAR;SMPD1;XIAP;TNFRSF1A;SPATA2;IL1B;STAT3;RIPK1;STAT2;NLRP3;CAPN1;TICAM2;IFNGR1;IL33;STAT4;STAT5A;IFNA2;TYK2;JAK3;IFNA13;EIF2AK2;RIPK3;CHMP7;MAPK10;PLA2G4C;TRAF2;H2AB2;STAT6;IFNA16;IFNA5;MLKL
gsea,Human immunodeficiency virus 1 infection,0.40985340982908186,1.9263551702866324,0.00404040404040404,0.021424706943192068,0.25,72/211,23.15%,GNAI1;PXN;PRKCA;PIK3R1;NFKB1;ITPR2;PPP3CA;NFATC1;PIK3CD;LIMK2;TRIM5;PTK2B;STING1;ITPR3;TLR2;TNF;PLCG1;MTOR;MAPK11;ATM;NFATC3;FAS;IFNA1;PAK6;GNG12;PIK3CB;FADD;IKBKB;RAC2;GNGT1;BST2;PTK2;TAPBP;TNFRSF1A;TRAF6;AKT1;JUN;FOS;TAB2;BTRC;ATR;RIPK1;GNAQ;MAP3K7;GNB4;CRKL;GNB5;APOBEC3D;APOBEC3C;RAF1;MAPK1;DCAF1;RELA;DDB1;LIMK1;CGAS;IFNA2;GNA11;HRAS;FBXW11;IFNA13;GNB1;TNFRSF1B;CRK;MAPK10;TRAF2;AP1G1;CALML3;GNAI2;IFNA16;MAP2K3;IFNA5
gsea,Starch and sucrose metabolism,0.5129107233299122,1.9240480369099466,0.001,0.021670877637808866,0.254,18/36,29.11%,GANC;PYGB;PGM2L1;GYS1;PYGL;PGM2;GBE1;ENPP1;PGM1;HK2;AGL;HK1;G6PC2;MGAM;MGAM2;GAA;GYS2;TREH
gsea,Fc epsilon RI signaling pathway,0.5210667250107351,1.9218032738232598,0.0019569471624266144,0.02183118513410775,0.255,29/67,23.76%,VAV2;VAV3;PRKCA;PIK3R1;PIK3CD;TNF;PDPK1;PLA2G4A;PLCG1;MAPK11;PIK3CB;ALOX5AP;RAC2;FYN;AKT1;SOS2;CSF2;RAF1;MAPK1;SOS1;MS4A2;FCER1A;IL3;HRAS;MAPK10;PLA2G4C;INPP5D;MAP2K3;PIK3CA
gsea,p53 signaling pathway,0.5139310175437057,1.9211299398205373,0.007905138339920948,0.0217797310034697,0.256,24/73,12.68%,TP73;CDK6;CCND1;TNFRSF10B;CD82;SERPINE1;TP53AIP1;SESN3;SIAH1;SERPINB5;TNFRSF10A;STEAP3;CCNG2;SESN2;ATM;THBS1;FAS;APAF1;PTEN;CCND2;TSC2;ATR;CDKN1A;SHISA5
gsea,Glyoxylate and dicarboxylate metabolism,-0.5652057473021217,-1.9170624266730112,0.00946969696969697,0.16643566643566643,0.259,14/29,19.62%,PGP;PCCB;SHMT1;ACAT1;HOGA1;GLYCTK;GCSH;AFMID;MCEE;GRHPR;MDH1;ACAT2;ACSS2;GLDC
gsea,Glutamatergic synapse,0.49603803465337826,1.9160409336198638,0.011583011583011582,0.022285611893366628,0.259,46/114,21.20%,GNAI1;PRKCA;ADCY7;SLC1A3;CACNA1C;SHANK2;ADCY9;ITPR2;PPP3CA;GRIN2A;HOMER3;HOMER2;ITPR3;PLCB3;SHANK3;GRIA3;SHANK1;PLD2;PLA2G4A;GRIA1;GNG12;SLC38A1;SLC38A2;GNGT1;PLCB1;GRM4;GNAQ;GRIN3B;GNB4;SLC1A6;GLS;GNB5;GRIK1;ADCY6;SLC1A1;MAPK1;HOMER1;TRPC1;SLC17A7;ADCY1;GRM7;GRK2;DLG4;GNB1;PLA2G4C;GRIN2D
gsea,NOD-like receptor signaling pathway,0.4668343875102097,1.915788255042323,0.008146639511201629,0.022089112170266365,0.259,67/178,24.01%,ANTXR2;ANTXR1;NLRP1;NFKB1;CARD6;ITPR2;PANX1;TRAF3;STING1;CXCL1;ITPR3;TNFAIP3;PLCB3;TNF;JAK1;IFNAR2;MAPK11;MFN2;NOD2;IFNA1;MEFV;NOD1;CASP1;OAS2;TP53BP1;FADD;NLRP7;IKBKB;PLCB1;OAS3;TAB3;CXCL3;XIAP;TRAF6;GBP3;IL1B;MAVS;JUN;TAB2;CTSB;RNASEL;RIPK1;STAT2;MAP3K7;TRIP6;NLRP3;P2RX7;MAPK1;IFI16;RELA;NLRX1;DHX33;IFNA2;TYK2;IFNA13;IL18;RIPK3;MAPK10;ERBIN;TRAF2;NLRP6;CXCL8;IFNA16;IFNA5;CXCL2;AIM2;CARD8
gsea,Vascular smooth muscle contraction,0.5009824861467704,1.9077012860569782,0.005780346820809248,0.02354946095695028,0.273,51/133,19.03%,EDNRA;PRKCA;CALD1;ADCY7;CACNA1C;ADCY9;ITPR2;MYLK;ADORA2B;ARHGEF12;MYH10;IRAG1;ACTG2;PPP1R12B;MYH9;PRKG1;ACTA2;ITPR3;GNA12;GUCY1A2;PLCB3;MYL9;ADRA1D;PLA2G4A;PRKCQ;ROCK1;ADM;GUCY1A1;KCNMB4;MYLK4;PLCB1;EDN2;PLA2G12A;PTGIR;GNAQ;PLA2G5;ADCY6;RAF1;MAPK1;ROCK2;KCNU1;KCNMB1;ADRA1A;BRAF;ADORA2A;PPP1R12A;PLA2G2F;GNA11;ARHGEF11;ADCY1;AVPR1A
gsea,Calcium signaling pathway,0.4867880196287503,1.9071517005624896,0.003875968992248062,0.023514771523839222,0.275,74/239,13.05%,EGFR;PDGFA;EDNRA;HRH1;PDGFC;PRKCA;PLCD3;PDGFRB;ADCY7;CACNA1C;GDNF;BDKRB2;ADCY9;ITPR2;FLT1;STIM2;MYLK;ATP2B4;VEGFC;ADORA2B;PPP3CA;BDKRB1;CAMK2A;CACNA1G;FGFR3;PTGER3;GRIN2A;PTK2B;ADRB2;PDGFB;TPCN2;PTAFR;MET;CAMK2D;HTR7;F2R;FGF16;ITPR3;RYR3;PLCB3;ORAI2;PLCD4;GNA15;HRH2;ADRA1D;PLCG1;FGF1;PDGFRA;CHRM3;CAMK1D;TBXA2R;MYLK4;PTGFR;PLCB1;CAMK1G;PDGFD;SPHK1;VEGFA;ATP2A2;PHKG1;DRD1;KDR;STIM1;TPCN1;FLT4;FGFR2;PHKA2;ERBB2;NTRK3;CACNA1H;HTR2C;GNAQ;GNAL;LTB4R2
gsea,Adipocytokine signaling pathway,0.4735499692847512,1.9050207409580016,0.00816326530612245,0.0236644068173975,0.275,26/69,21.21%,IRS1;RXRA;NFKB1;PPARA;SLC2A1;PPARGC1A;TNF;MTOR;PRKCQ;IKBKB;TNFRSF1A;AKT1;ACSL4;PRKAB2;STAT3;ACSL3;PTPN11;RELA;CD36;CAMKK2;PRKAA1;STK11;TNFRSF1B;MAPK10;TRAF2;G6PC2
gsea,Pancreatic secretion,0.4835385825844426,1.9029636141524378,0.007952286282306162,0.023871962232829533,0.276,31/102,13.57%,PRKCA;ADCY7;ADCY9;CLCA4;ITPR2;SLC9A1;ATP2B4;CA2;SCT;TPCN2;ITPR3;PLCB3;ATP1A1;CLCA2;SLC12A2;RAB27B;CHRM3;SLC4A4;PLCB1;KCNQ1;PLA2G12A;ATP2A2;CCK;RAB3D;CELA2B;CTRB2;CTRL;GNAQ;PLA2G5;SLC4A2;ADCY6
gsea,Endocrine and other factor-regulated calcium reabsorption,0.5156753889690927,1.9017239710948273,0.0056179775280898875,0.02397054403366396,0.278,15/53,13.57%,VDR;PRKCA;BDKRB2;ADCY9;ATP2B4;PLCB3;ATP1A1;PTH1R;ESR1;AP2A1;PLCB1;DNM3;GNAQ;AP2A2;ADCY6
gsea,Phosphatidylinositol signaling system,0.5255303102670611,1.8993638258093173,0.009633911368015413,0.0242609606901762,0.281,35/97,14.03%,PRKCA;PLCD3;INPP1;PIK3R1;MTMR3;ITPR2;INPP4B;PIK3CD;DGKH;INPP5F;ITPR3;PIKFYVE;PLCB3;SYNJ2;PLCD4;INPP5A;PLCG1;PTEN;PI4K2A;PIK3CB;DGKA;PIK3C2G;PIP5K1C;CDS1;PLCB1;SYNJ1;DGKI;PI4KA;MTM1;PIK3C2B;IPPK;PIK3C2A;DGKQ;DGKZ;MTMR2
gsea,Mitophagy,0.471468789167508,1.898884906692853,0.03564356435643564,0.024088625531366738,0.281,27/68,20.77%,ATG9A;RAB7B;PINK1;TFEB;MFN2;RRAS;MRAS;FOXO3;SRC;RRAS2;MITF;AMBRA1;USP8;OPTN;JUN;CSNK2A2;TBC1D17;CSNK2A3;CITED2;RELA;SP1;TFE3;CSNK2A1;BCL2L13;HRAS;MAPK10;HIF1A
gsea,Melanoma,0.5095025309445198,1.897659546509617,0.0019801980198019802,0.024109524911491126,0.282,23/72,13.88%,EGFR;PDGFA;IGF1R;PDGFC;CDK6;CCND1;PDGFRB;PIK3R1;PIK3CD;PDGFB;MET;FGF16;FGF1;PDGFRA;PTEN;PIK3CB;MITF;PDGFD;AKT1;RB1;CDKN1A;RAF1;MAPK1
gsea,Human T-cell leukemia virus 1 infection,0.46576486553653684,1.8968178644626892,0.016,0.024057551453023903,0.282,64/217,15.14%,TGFB3;CCND1;PIK3R1;ADCY7;NFKB1;NRP1;ADCY9;TGFBR2;IL1R1;PPP3CA;TGFB2;NFATC1;ETS1;PIK3CD;SLC2A1;ICAM1;ETS2;MMP7;EP300;TRRAP;MAP3K1;FOSL1;TNF;CREBBP;TGFB1;SMAD3;JAK1;CREB3L1;RELB;IL1R2;CREB3L2;ATM;NFATC3;PTEN;ELK4;CREB5;PIK3CB;CCND2;IKBKB;TLN1;NFKB2;MAD1L1;ANAPC1;CREB1;XIAP;EGR1;LTBR;TNFRSF1A;AKT1;IL15;JUN;FOS;TLN2;RB1;CSF2;ATR;TGFBR1;CDKN1A;KAT5;ADCY6;MAPK1;RELA;DLG1;MSX2
gsea,Inositol phosphate metabolism,0.5436790117886872,1.8875551395242558,0.015122873345935728,0.025544621737823604,0.292,26/73,14.03%,PLCD3;INPP1;PLCH2;MTMR3;INPP4B;PIK3CD;INPP5F;PIKFYVE;PLCB3;SYNJ2;PLCD4;INPP5A;PLCG1;PTEN;PI4K2A;PIK3CB;PIK3C2G;PIP5K1C;PLCB1;SYNJ1;PI4KA;MTM1;PIK3C2B;IPPK;PIK3C2A;MTMR2
gsea,Spinocerebellar ataxia,0.4163248072814978,1.8845940237566778,0.012,0.025751945938662767,0.294,51/143,23.76%,PRKCA;PIK3R1;MAP3K5;ITPR2;ATXN1;ATXN1L;PIK3CD;CIC;ATG2B;GRIN2A;ITPR3;PLCB3;ATG2A;VLDLR;GRIA3;SPTBN2;KCND3;GRIA1;MTOR;PIK3CB;AMBRA1;PLCB1;PSMD9;ATP2A2;AKT1;ATXN3;PIK3R4;PDYN;PUM1;PSMD1;GNAQ;GRIN3B;NFYA;SLC1A6;KAT5;ATXN2;SP1;ERN1;ULK2;RBPJ;WIPI1;KCNC3;MAPK10;RYR1;TRAF2;GRIN2D;TWNK;PSMC1;TBPL2;PIK3CA;ULK1
gsea,Oxytocin signaling pathway,0.4678024495187666,1.8798360440064277,0.007827788649706457,0.026450255485422302,0.298,50/154,19.06%,EGFR;GNAI1;PRKCA;CCND1;ADCY7;PTGS2;CACNA1C;ADCY9;ITPR2;MYLK;PPP3CA;NFATC1;CAMK2A;PPP1R12B;CAMK2D;ITPR3;RYR3;GUCY1A2;PLCB3;MYL9;PLA2G4A;MAPK7;ROCK1;NFATC3;GUCY1A1;CAMK1D;KCNJ12;MYLK4;SRC;PLCB1;CAMK1G;KCNJ5;JUN;FOS;PRKAB2;CDKN1A;GNAQ;ADCY6;RAF1;MAPK1;ROCK2;EEF2K;KCNJ6;PPP1R12A;CAMKK2;CACNB3;KCNJ2;HRAS;ADCY1;PRKAA1
gsea,Autophagy,0.4588654648148021,1.8743526756693576,0.017964071856287425,0.027416922661531486,0.304,54/137,23.76%,IRS1;IGF1R;PIK3R1;MTMR3;ATG9A;RAB7B;PIK3CD;SMCR8;ATG2B;DDIT4;ATG2A;ZFYVE1;PDPK1;MTOR;PRKCQ;RRAS;PTEN;MRAS;DAPK3;PIK3CB;RRAS2;AMBRA1;CFLAR;RPTOR;TSC2;TRAF6;AKT1;PIK3R4;CTSB;MAP3K7;EIF2AK4;LAMP1;RAF1;MAPK1;TSC1;ERN1;CAMKK2;LAMP2;RUBCN;HRAS;ULK2;PRKAA1;WIPI1;STK11;MAPK10;UVRAG;HIF1A;INS;PPP2CB;TP53INP2;SH3GLB1;AKT1S1;PIK3CA;ULK1
gsea,Ubiquitin mediated proteolysis,0.4538003711725141,1.8680745546995545,0.04743083003952569,0.028367343330479168,0.312,45/140,19.28%,CBLB;NEDD4;HERC2;RHOBTB1;SIAH1;RHOBTB2;HERC1;UBR5;MAP3K1;UBE2QL1;PML;UBE4B;HUWE1;CBL;FBXO2;MID1;FBXW7;UBA6;FBXW8;TRIP12;UBE4A;UBA7;ANAPC1;BIRC6;TRIM32;UBE3B;XIAP;WWP1;CUL7;TRAF6;SMURF1;UBE3C;BTRC;HERC4;WWP2;UBE2H;SYVN1;DDB1;PIAS1;PIAS3;UBE2E3;HERC3;UBOX5;FBXW11;ITCH
gsea,Circadian entrainment,0.5003608943848488,1.8655217699758144,0.007707129094412331,0.028599338743612864,0.314,46/97,24.66%,GNAI1;PRKCA;ADCY7;CACNA1C;ADCY9;CAMK2A;CACNA1G;PER3;GRIN2A;PRKG1;CAMK2D;ITPR3;RYR3;GUCY1A2;PLCB3;GRIA3;GRIA1;GUCY1A1;PER2;GNG12;PER1;GNGT1;PLCB1;CREB1;KCNJ5;FOS;ADCYAP1R1;CACNA1H;GNAQ;GNB4;GNB5;ADCY6;MAPK1;KCNJ6;NOS1;ADCY1;GNB1;PRKG2;RYR1;GRIN2D;CALML3;GNAI2;MTNR1B;RYR2;GNAI3;MTNR1A
gsea,Coronavirus disease,0.38868525036571056,1.865165268287276,0.02569593147751606,0.028376642894226305,0.314,54/228,14.01%,EGFR;PRKCA;PIK3R1;NFKB1;NRP1;C9;MMP1;MMP3;TLR3;PIK3CD;TRAF3;C1R;STING1;TLR2;TNF;IL6R;C1S;JAK1;VWF;PLCG1;IFNAR2;MAPK11;IFNA1;RPL3L;CASP1;OAS2;PIK3CB;C3;IKBKB;OAS3;F13A1;TNFRSF1A;TRAF6;C4B;IL1B;MAVS;JUN;CFB;FOS;STAT3;TAB2;CSF2;MAS1;FCGR2A;C4A;STAT2;MAP3K7;ADAM17;NLRP3;IL6ST;RPS4Y1;IFIH1;MAPK1;MX2
gsea,Gastric acid secretion,0.4655764122237104,1.8412422869713014,0.003992015968063872,0.03306281935677788,0.344,20/76,8.29%,GNAI1;PRKCA;ADCY7;ADCY9;KCNJ15;ITPR2;SLC9A1;MYLK;CA2;CAMK2A;CAMK2D;ITPR3;PLCB3;ATP1A1;HRH2;KCNK10;CHRM3;MYLK4;PLCB1;KCNQ1
gsea,NF-kappa B signaling pathway,0.5635145604861075,1.838262859166334,0.014285714285714285,0.03327786208430164,0.346,44/101,17.44%,EDAR;EDARADD;PLAU;PTGS2;NFKB1;ERC1;IL1R1;CARD10;TRAF3;ICAM1;CXCL1;TNFAIP3;EDA2R;TNF;BLNK;RELB;MALT1;PLCG1;PRKCQ;ATM;CYLD;TNFSF11;VCAM1;IKBKB;NFKB2;TAB3;CXCL3;CFLAR;XIAP;LTBR;TNFRSF1A;TRAF6;IL1B;TAB2;CSNK2A2;RIPK1;CSNK2A3;MAP3K7;TICAM2;EDA;RELA;GADD45A;CCL13;CSNK2A1
gsea,Apelin signaling pathway,0.45992580415292533,1.834608261113908,0.013725490196078431,0.03372940845671291,0.349,40/137,14.40%,GNAI1;PLAT;CCND1;ADCY7;ADCY9;JAG1;SERPINE1;ITPR2;SLC9A1;MYLK;ACTA2;ITPR3;RYR3;PPARGC1A;PLCB3;SMAD3;MEF2A;MTOR;RRAS;APLN;MRAS;GNG12;CCN2;MYLK4;RRAS2;GNGT1;PLCB1;EGR1;SPHK1;AKT1;PIK3R4;PRKAB2;TGFBR1;GNAQ;GNB4;GNB5;ADCY6;RAF1;MAPK1;NOTCH3
gsea,PD-L1 expression and PD-1 checkpoint pathway in cancer,0.5020003770488517,1.8316947173716163,0.016,0.03427953110910731,0.35,31/89,14.63%,EGFR;PIK3R1;NFKB1;PPP3CA;NFATC1;PIK3CD;TLR2;JAK1;PLCG1;MTOR;PRKCQ;MAPK11;NFATC3;PTEN;PIK3CB;IKBKB;TRAF6;AKT1;JUN;TLR9;FOS;STAT3;CSNK2A2;EML4;CSNK2A3;PTPN11;TICAM2;RAF1;MAPK1;IFNGR1;RELA
gsea,Folate biosynthesis,-0.5930542169527386,-1.824862731235908,0.011194029850746268,0.2481808731808732,0.36,13/26,11.01%,PAH;GCH1;PTS;AKR1B1;CBR1;AKR1C3;PCBD2;MOCS2;AKR1B10;TPH1;PCBD1;DHFR;SPR
gsea,Tight junction,0.4334407251043607,1.8228461848522017,0.013944223107569721,0.03634286095963283,0.366,58/166,20.62%,SYNPO;AMOTL1;CCND1;NEDD4;MAP3K5;ACTN1;RAPGEF2;ITGB1;MYH10;PARD6G;CLDN1;CD1A;MYH9;CGNL1;MICALL2;RUNX1;AMOTL2;MPDZ;TIAM1;MAP3K1;CLDN14;MYL9;MSN;ROCK1;PRKCZ;CTTN;LLGL1;ARHGEF18;SRC;ACTN4;WHAMM;CLDN16;TJP1;JAM3;NF2;JUN;PRKAB2;CLDN24;PALS1;JAM2;ERBB2;YBX3;ROCK2;CLDN19;SCRIB;DLG1;PARD3;MAGI1;ARPC2;PPP2R1A;SYMPK;RAB8B;PRKAA1;STK11;CLDN2;AFDN;PPP2R2C;MAPK10
gsea,Amphetamine addiction,0.4379002562635604,1.817699004554856,0.015873015873015872,0.03715011277332444,0.369,19/69,12.54%,PRKCA;CACNA1C;PPP3CA;CAMK2A;GRIN2A;CAMK2D;GRIA3;CREB3L1;GRIA1;CREB3L2;CREB5;MAOB;CREB1;SLC18A2;JUN;FOS;DRD1;PDYN;GRIN3B
gsea,Fc gamma R-mediated phagocytosis,0.47121364608600036,1.8096526613852744,0.021653543307086614,0.03919752216711753,0.378,30/96,16.42%,MYO10;VAV2;VAV3;PRKCA;PIK3R1;DOCK1;ASAP2;PIK3CD;LIMK2;PLD2;PLA2G4A;PLCG1;WASF2;PIK3CB;PIP5K1C;RAC2;SPHK1;PLPP3;AKT1;BIN1;FCGR2A;CRKL;RAF1;MAPK1;PLPP1;ASAP1;AMPH;FCGR3B;LIMK1;ASAP3
gsea,Cholinergic synapse,0.4790917390192876,1.8007454005430268,0.017964071856287425,0.04103377813193905,0.388,42/113,20.13%,GNAI1;PRKCA;PIK3R1;ADCY7;CACNA1C;ADCY9;ITPR2;CAMK2A;PIK3CD;CAMK2D;ITPR3;PLCB3;CREB3L1;CREB3L2;CHRM3;GNG12;CREB5;PIK3CB;KCNJ12;GNGT1;PLCB1;KCNQ1;CREB1;FYN;CHRNA6;AKT1;CHRM4;FOS;GNAQ;GNB4;GNB5;ADCY6;MAPK1;KCNJ6;SLC18A3;GNA11;KCNJ2;HRAS;CHAT;ADCY1;GNB1;CHRNB4
gsea,Viral carcinogenesis,0.3885403396903496,1.7969785823046893,0.03747534516765286,0.04183718295530739,0.391,61/198,23.76%,PXN;CDK6;CCND1;REL;PIK3R1;ACTN1;NFKB1;UBR4;PIK3CD;TRAF3;EP300;CREBBP;JAK1;CREB3L1;CREB3L2;HDAC7;EGR3;CREB5;PIK3CB;C3;SRC;CCND2;NFKB2;MAD1L1;ACTN4;CREB1;GTF2A1L;LTBR;HDAC11;JUN;STAT3;RB1;CDKN1A;IL6ST;MAPK1;RELA;SCRIB;SP100;H2BC18;DLG1;DDB1;SRF;STAT5A;RBL2;HRAS;JAK3;RBPJ;H4C13;HDAC6;VAC14;MAPKAPK2;USP7;SND1;EIF2AK2;TRAF2;PKM;PSMC1;HDAC4;H2BW2;TBPL2;PIK3CA
gsea,Osteoclast differentiation,0.5362518566678693,1.7888848177278673,0.056530214424951264,0.04365049318896743,0.397,47/126,15.37%,FHL2;PIK3R1;NFKB1;TGFBR2;IL1R1;PPP3CA;TGFB2;NFATC1;SIRPA;PIK3CD;CSF1;ITGB3;FOSL2;FOSL1;TNF;TGFB1;JAK1;BLNK;RELB;IL1A;IFNAR2;MAPK11;CTSK;CYLD;TNFSF11;PIK3CB;IKBKB;NFKB2;MITF;CREB1;FYN;TNFRSF1A;TRAF6;AKT1;IL1B;JUN;FOS;TAB2;TGFBR1;FCGR2A;STAT2;MAP3K7;CSF1R;MAPK1;IFNGR1;RELA;FCGR3B
gsea,Chagas disease,0.48595340776108026,1.7876016549996345,0.028629856850715747,0.043595331129145376,0.398,36/101,14.63%,GNAI1;TGFB3;PIK3R1;NFKB1;BDKRB2;TGFBR2;SERPINE1;TGFB2;PIK3CD;TLR2;PLCB3;TNF;TGFB1;GNA15;MAPK11;FAS;PIK3CB;C3;FADD;IKBKB;PLCB1;TLR6;CFLAR;TNFRSF1A;TRAF6;AKT1;IL1B;JUN;TLR9;FOS;TGFBR1;GNAQ;GNAL;MAPK1;IFNGR1;RELA
gsea,Renin secretion,0.4988217990353062,1.7842891145382622,0.0137524557956778,0.044261917191536104,0.404,21/69,13.57%,GNAI1;EDNRA;CACNA1C;CLCA4;ITPR2;PPP3CA;ADRB2;ITPR3;GUCY1A2;PLCB3;PTGER4;CLCA2;GUCY1A1;PDE3A;PLCB1;EDN2;CREB1;CTSB;ADCYAP1R1;GNAQ;ADCY6
gsea,Influenza A,0.4270207695742717,1.7764240754673866,0.026530612244897958,0.04600419902291966,0.418,62/169,24.70%,CDK6;PRKCA;TNFRSF10B;PIK3R1;NFKB1;TLR3;PIK3CD;TRAF3;ICAM1;EP300;TNF;PML;CREBBP;TNFRSF10A;JAK1;KPNA6;IL1A;IFNAR2;FAS;IFNA1;APAF1;TNFSF10;CASP1;OAS2;PIK3CB;FADD;IKBKB;OAS3;TNFRSF1A;AKT1;IL1B;MAVS;TMPRSS11D;TPSAB1;RNASEL;STAT2;NLRP3;IFIH1;RAF1;MAPK1;MX2;IFNGR1;RELA;NLRX1;NUP98;IL33;IFNA2;TYK2;IFNA13;RSAD2;IL18;TMPRSS4;EIF2AK2;DNAJC3;NXF1;CXCL8;IFNA16;IFNA5;PIK3CA;HNRNPUL1;TRIM25;IFNGR2
gsea,Thyroid cancer,0.47228527678161136,1.7757062535087393,0.027237354085603113,0.045798127553462686,0.419,19/37,31.58%,CCND1;RXRA;TCF7L1;TCF7L2;TPR;LEF1;CDKN1A;MAPK1;BRAF;GADD45A;TCF7;HRAS;CCDC6;TFG;CTNNB1;NTRK1;POLK;NRAS;DDB2
gsea,Epithelial cell signaling in Helicobacter pylori infection,0.43960331399630964,1.7706633541829628,0.022357723577235773,0.04688356406584275,0.428,22/70,14.63%,EGFR;NFKB1;MET;CXCL1;CXCR1;PLCG1;MAPK11;NOD1;SRC;IKBKB;ADAM10;TJP1;CXCL3;PTPRZ1;JAM3;CXCR2;JUN;JAM2;ADAM17;PTPN11;TCIRG1;RELA
gsea,Salivary secretion,0.4679262145104468,1.7651819311187404,0.011787819253438114,0.04842375696304731,0.432,30/93,17.52%,PRKCA;ADCY7;ADCY9;ITPR2;SLC9A1;ATP2B4;ADRB2;PRKG1;HTN1;ITPR3;RYR3;GUCY1A2;PLCB3;ATP1A1;SLC12A2;ADRA1D;GUCY1A1;CHRM3;PLCB1;HTN3;KCNN4;GNAQ;DMBT1;SLC4A2;ADCY6;CST2;ADRA1A;NOS1;MUC5B;STATH
gsea,Thyroid hormone synthesis,0.43578730467158333,1.7624138850998847,0.01606425702811245,0.0489114099397551,0.434,17/75,8.98%,PRKCA;TG;ADCY7;ADCY9;ITPR2;GPX8;ITPR3;PLCB3;ATP1A1;CREB3L1;CREB3L2;DUOX2;DUOX1;CREB5;PLCB1;CREB1;DUOXA2
gsea,Pathways of neurodegeneration,0.3247349708058813,1.7459532724208553,0.03578528827037773,0.053756814205984174,0.46,104/462,15.87%,FZD1;PRKCA;WNT3A;WNT10A;MAP3K5;HTT;PTGS2;CACNA1C;NFKB1;SNCA;WNT4;ITPR2;WNT7B;WNT5B;PPP3CA;COX6B2;ATXN1;ATXN1L;CAMK2A;CSF1;PRNP;WNT6;NOX4;GPX8;WNT7A;SMCR8;ATG2B;GRIN2A;FZD8;PINK1;CAMK2D;ITPR3;RYR3;DNAH17;PLCB3;TNF;ATG2A;GPR37;GRIA3;FZD4;ZFYVE1;SPTBN2;SNCAIP;IL1A;APP;GRIA1;PLCG1;MTOR;MAPK11;MFN2;FAS;NEFL;APAF1;CHRM3;FZD6;WNT9A;TUBB6;ALS2;LRP5;FADD;DCTN1;SPG11;UBA7;CAPN2;AMBRA1;PLCB1;HIP1;OPTN;APC;TNFRSF1A;GSK3B;PSMD9;ATP2A2;CSNK1E;IL1B;ATXN3;FZD2;PIK3R4;SDHA;CSNK1A1;DNAH11;PDYN;LRP6;CSNK2A2;PSMD1;CSNK2A3;GNAQ;WNT16;NDUFA4L2;FZD7;CAPN1;KLC1;RAF1;MAPK1;ATXN2;RELA;VAPB;DNAL1;PSEN1;WNT10B;KLC3;DVL1;ERN1;BRAF
gsea,Dopaminergic synapse,0.4008092753382612,1.7456694893002531,0.02584493041749503,0.053420069560736826,0.46,46/131,23.02%,GNAI1;PRKCA;CACNA1C;ITPR2;PPP3CA;CAMK2A;GRIN2A;CAMK2D;ITPR3;PLCB3;CLOCK;GRIA3;CREB3L1;GRIA1;CREB3L2;MAPK11;GNG12;CREB5;MAOB;GNGT1;PLCB1;CREB1;GSK3B;AKT1;SLC18A2;KCNJ5;FOS;DRD1;GNAQ;GNB4;GNAL;GNB5;MAOA;PPP2R3A;KCNJ6;PPP2R5D;PPP2R1A;PPP2R5B;PPP2R5E;GNB1;PPP2R2C;MAPK10;PPP2CB;CALML3;GNAI2;DRD5
gsea,Regulation of lipolysis in adipocytes,0.5041432286001872,1.7361931503506423,0.011494252873563218,0.05594885601792342,0.468,13/55,7.11%,IRS1;GNAI1;PIK3R1;ADCY7;PTGS2;ADCY9;PIK3CD;PTGS1;PTGER3;ADRB2;PRKG1;FABP4;PIK3CB
gsea,RIG-I-like receptor signaling pathway,0.4425794849637331,1.727544265585855,0.019801980198019802,0.058605011493668965,0.481,42/69,37.29%,NFKB1;TRAF3;IFNE;STING1;MAP3K1;TNF;MAPK11;CYLD;IFNA1;FADD;IKBKB;TRAF6;MAVS;RIPK1;MAP3K7;CASP10;IFIH1;RELA;NLRX1;IFNA2;IFNA13;MAPK10;DHX58;TRAF2;CXCL8;IFNA16;IFNA5;TRIM25;AZI2;IFNW1;IFNA10;IRF7;DDX3X;IFNA6;SIKE1;MAPK14;IFNA7;MAPK8;CXCL10;IFNB1;IFNA8;IFNA14
gsea,Alzheimer disease,0.3324124204009878,1.7264381239456308,0.05432595573440644,0.058599801160666806,0.483,84/356,15.87%,IRS1;LRP1;FZD1;PIK3R1;WNT3A;WNT10A;MAP3K5;PTGS2;CACNA1C;NFKB1;SNCA;WNT4;ITPR2;WNT7B;WNT5B;BACE1;PPP3CA;COX6B2;PIK3CD;CSF1;WNT6;BACE2;MME;NOX4;WNT7A;ATG2B;GRIN2A;FZD8;ITPR3;RYR3;PLCB3;TNF;ATG2A;FZD4;IL1A;APP;MTOR;FAS;APAF1;CHRM3;FZD6;WNT9A;TUBB6;PIK3CB;LRP5;FADD;IKBKB;CAPN2;AMBRA1;ADAM10;PLCB1;APC;TNFRSF1A;GSK3B;PSMD9;ATP2A2;AKT1;CSNK1E;IL1B;FZD2;PIK3R4;SDHA;CSNK1A1;LRP6;CSNK2A2;PSMD1;CSNK2A3;GNAQ;WNT16;ADAM17;NDUFA4L2;FZD7;CAPN1;KLC1;INSR;RAF1;MAPK1;RELA;PSEN1;WNT10B;KLC3;DVL1;ERN1;BRAF
gsea,Diabetic cardiomyopathy,0.32523405272147754,1.7090445925347917,0.039337474120082816,0.06433473599839694,0.51,34/190,9.75%,IRS1;TGFB3;PRKCA;PIK3R1;MMP2;COL1A1;NFKB1;COL1A2;TGFBR2;COL3A1;PPARA;COX6B2;TGFB2;CAMK2A;PIK3CD;SLC2A1;CAMK2D;GFPT2;PLCB3;TGFB1;SMAD3;MTOR;MAPK11;PDK3;PRKCZ;GYS1;PTEN;MMP9;PIK3CB;RAC2;PLCB1;GSK3B;ATP2A2;AKT1
gsea,Cytokine-cytokine receptor interaction,0.483868523061869,1.703499999748592,0.03292181069958848,0.06566959982587606,0.517,90/290,13.69%,IL1RAP;OSMR;TGFB3;NGFR;BMP2;EDAR;TNFRSF10D;TNFRSF10B;IL11;IL4R;INHBA;ACVR1C;IL12RB2;TGFBR2;TNFRSF12A;IL1R1;BMPR2;IL1RL2;TGFB2;IL20RB;CSF1;BMPR1B;GHR;IFNE;CXCL6;IL17RA;ACVR1;IL1RN;CXCL1;EDA2R;TNF;TNFRSF21;TGFB1;LIF;IL6R;CX3CL1;TNFRSF10A;CXCR1;IL1A;IL1R2;IFNAR2;TNFRSF19;FAS;IL20;IFNA1;IL18R1;TNFSF10;ACVR1B;ACKR3;TNFSF11;IL24;IL1RL1;GDF6;CCL11;LIFR;PRLR;TNFRSF8;CNTF;GDF5;CXCL3;CX3CR1;LTBR;TNFRSF1A;ACKR4;IL7R;IL34;CCL28;IL1B;PPBP;BMP8A;ACVR2A;CXCR2;IL15;BMP7;IL7;CSF2;IL31RA;CCL20;TNFRSF10C;CXCL5;TGFBR1;TNFSF15;TNFRSF14;IL13RA2;IL27RA;CSF1R;IL36G;IL6ST;ACVRL1;EDA
gsea,Lysosome,0.4207723964641759,1.7006040881456361,0.0736196319018405,0.06646532521379662,0.523,47/127,22.24%,MANBA;HGSNAT;IGF2R;GALNS;ARSB;CTSO;CTSK;SCARB2;AP4E1;ABCA2;CTSA;ENTPD4;GALC;SMPD1;IDS;ARSA;IDUA;PLA2G15;GNPTAB;CTSB;CD68;LAMP3;TPP1;AP3M2;LAMP1;LAPTM4B;TCIRG1;SUMF1;HYAL4;AP3D1;AP3S2;CTSV;CTSH;LAMP2;AGA;GM2A;CLN5;SLC11A1;LITAF;NAGPA;CTSF;M6PR;CTNS;CTSG;NPC1;AP1G1;NAGA
gsea,Glycosaminoglycan degradation,0.5585436345916998,1.6969368938732317,0.0326530612244898,0.06718274926441872,0.525,6/19,14.37%,HGSNAT;GALNS;ARSB;IDS;IDUA;HYAL4
gsea,Aldosterone synthesis and secretion,0.4456024084806851,1.6945988157484446,0.025048169556840076,0.067544212381904,0.529,28/98,13.83%,PRKCA;ADCY7;CACNA1C;ADCY9;ITPR2;ATP2B4;CAMK2A;CACNA1G;CAMK2D;ITPR3;PLCB3;ATP1A1;LDLR;CREB3L1;CREB3L2;CREB5;CAMK1D;PLCB1;CREB1;CAMK1G;KCNJ5;PDE2A;STAR;MC2R;CACNA1H;GNAQ;ADCY6;PRKD2
gsea,Chemokine signaling pathway,0.4653455009127896,1.6918907044862275,0.06412825651302605,0.06802286760953193,0.532,59/189,15.87%,GNAI1;PXN;VAV2;VAV3;PIK3R1;ADCY7;NFKB1;ADCY9;PIK3CD;GRK4;CXCL6;PTK2B;TIAM1;CXCL1;PLCB3;CX3CL1;SHC1;CXCR1;PLCG1;ROCK1;PRKCZ;SHC3;FOXO3;GNG12;BCAR1;PIK3CB;CCL11;SRC;IKBKB;RAC2;GNGT1;PLCB1;PTK2;CXCL3;CX3CR1;GSK3B;CCL28;AKT1;PPBP;CXCR2;STAT3;SOS2;GRK5;CCL20;CXCL5;GNAQ;STAT2;GNB4;CRKL;GNB5;SHC4;ADCY6;RAF1;MAPK1;ROCK2;RELA;SOS1;PARD3;BRAF
gsea,Aldosterone-regulated sodium reabsorption,0.49309439779787007,1.6897541715095705,0.02004008016032064,0.0684400360685302,0.536,9/36,7.11%,IRS1;PRKCA;PIK3R1;PIK3CD;SCNN1G;ATP1A1;PDPK1;NR3C2;PIK3CB
gsea,T cell receptor signaling pathway,0.47379929526157577,1.6751864802685126,0.047520661157024795,0.07343887160439272,0.55,32/104,15.19%,VAV2;VAV3;CBLB;PIK3R1;NFKB1;PPP3CA;NFATC1;PIK3CD;NCK2;TNF;PDPK1;MALT1;PLCG1;PRKCQ;MAPK11;NFATC3;PAK6;PIK3CB;IKBKB;FYN;GSK3B;AKT1;JUN;FOS;SOS2;CSF2;MAP3K7;RAF1;MAPK1;RELA;DLG1;SOS1
gsea,Cortisol synthesis and secretion,0.464418195021195,1.674541716727237,0.017892644135188866,0.07315148782687106,0.551,24/65,18.96%,ADCY7;CACNA1C;ADCY9;ITPR2;CACNA1G;ITPR3;PLCB3;LDLR;CREB3L1;CREB3L2;PBX1;CREB5;PLCB1;CREB1;STAR;MC2R;CACNA1H;GNAQ;ADCY6;SP1;PDE8A;GNA11;CYP11B1;ADCY1
gsea,Pertussis,0.4710409436605488,1.6742474622232657,0.07489878542510121,0.07270578805613018,0.551,25/76,14.63%,GNAI1;ITGA5;NFKB1;ITGB1;CXCL6;C1R;TNF;C1S;IL1A;MAPK11;NOD1;CASP1;C3;SERPING1;TRAF6;C4B;IL1B;JUN;FOS;CXCL5;C4A;NLRP3;TICAM2;MAPK1;RELA
gsea,Cholesterol metabolism,0.48756044113010444,1.6670780074564475,0.03206412825651302,0.07494954699643608,0.562,21/50,23.94%,LRP1;LIPG;LDLRAP1;OSBPL5;ABCA1;LCAT;LRPAP1;LDLR;PCSK9;ANGPTL4;STAR;ABCB11;PLTP;VAPB;LIPC;CD36;LPA;NPC1;LPL;SCARB1;NPC2
gsea,Natural killer cell mediated cytotoxicity,0.4632734787062068,1.6664898186621568,0.04426559356136821,0.07467931004392217,0.563,38/124,15.87%,VAV2;VAV3;PRKCA;TNFRSF10B;PIK3R1;ULBP3;ULBP2;SH3BP2;PPP3CA;NFATC1;PIK3CD;ICAM1;PTK2B;TNF;RAET1G;TNFRSF10A;SHC1;PLCG1;IFNAR2;SHC3;FAS;IFNA1;TNFSF10;PIK3CB;RAC2;FYN;NCR2;SOS2;CSF2;RAET1E;PTPN11;SHC4;RAF1;MAPK1;IFNGR1;SOS1;FCGR3B;BRAF
gsea,Chemical carcinogenesis,0.35626599147283,1.6649500568658935,0.013888888888888888,0.07485761408214069,0.565,53/227,15.19%,EGFR;GNAI1;VDR;PRKCA;CCND1;PIK3R1;RXRA;ADCY7;PTGS2;CACNA1C;NFKB1;ADCY9;JAG1;PPARA;PIK3CD;NOTCH2;ADRB2;RPS6KA2;FGF16;MIRLET7G;CREB3L1;KPNA6;MTOR;CREB3L2;ESR1;PGR;DLL1;TNFSF11;CREB5;PIK3CB;SRC;PAQR7;CREB1;XIAP;VEGFA;UGT1A10;AKT1;JUN;FOS;STAT3;CYP1B1;SOS2;RB1;MIRLET7F2;MIRLET7I;ADCY6;RAF1;DLL4;MAPK1;AR;RELA;UGT1A8;SOS1
gsea,Lysine degradation,0.47953881854969427,1.6401622792948964,0.0562015503875969,0.08419436419643182,0.589,24/63,16.61%,PRDM6;KMT2D;KMT2C;PLOD1;KMT2A;NSD1;ASH1L;PLOD3;SETD1B;KMT2E;SETD7;PRDM2;MECOM;NSD2;BBOX1;SETD2;PLOD2;KMT5B;DOT1L;SETD1A;ALDH2;KMT2B;COLGALT1;AASS
gsea,Renin-angiotensin system,0.538697183861845,1.6269631204406987,0.04040404040404041,0.08901850224286906,0.603,9/23,16.43%,ENPEP;MME;ANPEP;CTSA;LNPEP;PREP;MAS1;MRGPRD;CPA3
gsea,Herpes simplex virus 1 infection,0.4698533958123331,1.6247193416244468,0.08249496981891348,0.08931120071532136,0.606,160/493,15.00%,PIK3R1;ITGA5;ZNF699;NECTIN1;NFKB1;ZNF841;ZNF836;ZNF616;ZNF805;ZNF221;ZNF888;TLR3;PIK3CD;ZNF611;ZNF641;ZNF749;ITGB3;ZNF808;ZNF713;ZNF773;TRAF3;ZNF81;ZNF229;ZNF549;ZNF436;ZNF175;ZNF211;ZNF320;ZNF816;ZNF160;ZNF587;STING1;ZNF468;TLR2;ZNF615;ZNF347;ZNF813;TNF;ZNF613;ZNF426;PML;ZNF551;ZNF304;ZNF417;ZNF8;ZNF600;JAK1;ZNF649;ZNF577;ZNF432;ZNF324;ZNF311;ZNF766;MTOR;ZNF155;RBAK;IFNAR2;ZNF83;ZNF37A;ZNF473;ZNF316;ZNF772;FAS;ZNF250;ZNF528;ZNF845;IFNA1;ZNF418;ZNF268;ZNF543;APAF1;ZFP90;ZNF550;ZFP92;ZNF614;ZNF350;OAS2;PIK3CB;C3;ZNF471;ZNF25;ZNF324B;ZNF548;ZNF761;FADD;ZNF17;ZNF45;SRC;IKBKB;ZNF701;ZNF275;ZNF415;OAS3;BST2;ZNF425;ZNF112;ZNF214;TAPBP;ZNF33A;ZNF765;ZNF585B;TNFRSF1A;ZNF225;TSC2;ZNF460;TRAF6;ZFP69B;AKT1;ZNF227;ZNF470;IL1B;MAVS;ZNF790;ZNF354C;ZNF721;POU2F2;HCFC1;ZNF132;ZNF154;TLR9;ZNF624;ZNF234;ZNF343;ZIM3;ZNF419;TAB2;ZNF584;ZNF718;RNASEL;ZNF677;TNFRSF14;ZNF605;STAT2;MAP3K7;PTPN11;ZNF777;ZNF416;ZNF707;ZNF860;EIF2AK4;ZNF623;ZNF786;ZNF256;ZNF74;IFIH1;ZNF283;ZNF235;ZNF317;IFNGR1;TSC1;ZNF585A;ZNF783;ZNF667;RELA;ZNF282;ZNF621;SP100;ZNF230;ZNF846;ZNF559
gsea,Complement and coagulation cascades,0.5194634951874422,1.6183565835059621,0.08634538152610442,0.09149102043883378,0.618,23/85,10.64%,CFH;PLAT;PLAU;C9;BDKRB2;SERPINE1;CFI;BDKRB1;PROC;C1R;THBD;F2R;CD59;C1S;VWF;C3;SERPING1;F13A1;PLAUR;F3;C4B;CFHR4;CFB
gsea,Toll-like receptor signaling pathway,0.41660075078187303,1.6143998757803009,0.056338028169014086,0.09267857376219786,0.621,29/102,14.63%,PIK3R1;NFKB1;TLR3;PIK3CD;TRAF3;TLR2;TNF;TOLLIP;IFNAR2;MAPK11;CTSK;IFNA1;TLR5;PIK3CB;FADD;IKBKB;TLR6;TRAF6;AKT1;IL1B;JUN;TLR9;FOS;TAB2;RIPK1;MAP3K7;TICAM2;MAPK1;RELA
gsea,GnRH secretion,0.46192655402340316,1.6110500043778109,0.05222437137330754,0.0934841012739019,0.627,24/64,18.48%,PRKCA;PIK3R1;CACNA1C;ITPR2;PIK3CD;CACNA1G;GPER1;ITPR3;PLCB3;PIK3CB;PLCB1;AKT1;KCNJ5;LHB;KCNN4;CACNA1H;GNAQ;RAF1;MAPK1;TRPC5;KCNJ6;TRPC1;GNA11;HRAS
gsea,Cocaine addiction,0.4079515412540064,1.6093916463740447,0.030181086519114688,0.09353938126612342,0.628,16/49,14.83%,GNAI1;NFKB1;GRIN2A;CREB3L1;CREB3L2;CREB5;MAOB;CREB1;SLC18A2;JUN;DRD1;GPSM1;PDYN;GRIN3B;RELA;MAOA
gsea,Type II diabetes mellitus,0.4571057782662368,1.6085170900363066,0.027833001988071572,0.09329158327651807,0.629,21/46,23.76%,IRS1;PIK3R1;CACNA1C;PIK3CD;CACNA1G;TNF;MAFA;MTOR;PRKCZ;PIK3CB;IKBKB;PKLR;INSR;MAPK1;HK2;HK1;MAPK10;PKM;INS;ADIPOQ;PIK3CA
gsea,Tuberculosis,0.4067363381006448,1.5837506380423487,0.09979633401221996,0.10419797615469391,0.657,47/177,14.63%,TGFB3;VDR;MRC2;NFKB1;PPP3CA;TGFB2;ARHGEF12;CAMK2A;EP300;CAMK2D;TLR2;TNF;CREBBP;IRAK2;TGFB1;PLK3;JAK1;EEA1;MALT1;IL1A;MAPK11;NOD2;IFNA1;APAF1;C3;FADD;SRC;TLR6;CD209;CREB1;SPHK1;TNFRSF1A;TRAF6;PLA2R1;AKT1;IL1B;TLR9;CEBPB;FCGR2A;NFYA;CASP10;LAMP1;RAF1;MAPK1;TCIRG1;IFNGR1;RELA
gsea,Epstein-Barr virus infection,0.3661442481634157,1.5694921925363894,0.07539682539682539,0.11025255213821925,0.673,64/198,24.63%,CDK6;CCND1;PIK3R1;NEDD4;NFKB1;NCOR2;PIK3CD;TRAF3;ICAM1;TLR2;TNFAIP3;TNF;CD44;JAK1;BLNK;RELB;IFNAR2;MAPK11;FAS;IFNA1;APAF1;OAS2;PIK3CB;FADD;CCND2;IKBKB;NFKB2;OAS3;TAPBP;VIM;TRAF6;AKT1;MAVS;JUN;STAT3;RB1;TAB2;RIPK1;PSMD1;CDKN1A;STAT2;MAP3K7;BCL2L11;RELA;GADD45A;IFNA2;TYK2;JAK3;IFNA13;RBPJ;USP7;EIF2AK2;MAPK10;TRAF2;SIN3A;ENTPD1;PSMC1;IFNA16;MAP2K3;IFNA5;SAP30L;PIK3CA;SAP30;RUNX3
gsea,Morphine addiction,0.43066065706380724,1.565599599175151,0.0444015444015444,0.11149297437586506,0.675,31/91,23.01%,GNAI1;PRKCA;ADCY7;ADCY9;PDE7A;PDE4A;PDE7B;GRK4;GABRG2;GNG12;PDE10A;PDE3A;GNGT1;KCNJ5;PDE2A;DRD1;GRK5;GNB4;GNB5;ADCY6;KCNJ6;PDE8A;PDE1B;ADCY1;GRK2;GABRR2;GNB1;GABRA4;GNAI2;GABRG3;GABBR1
gsea,Insulin secretion,0.4144167760602885,1.5633956321932703,0.044145873320537425,0.11199046044627649,0.678,30/86,18.96%,PRKCA;ADCY7;CACNA1C;ADCY9;CAMK2A;SLC2A1;CAMK2D;ITPR3;PLCB3;ATP1A1;CREB3L1;SNAP25;CREB3L2;KCNMB4;CHRM3;CREB5;PLCB1;TRPM4;CREB1;CCK;KCNN4;ADCYAP1R1;GNAQ;ADCY6;KCNU1;KCNMB1;STX1A;GNA11;RIMS2;ADCY1
gsea,Serotonergic synapse,0.37813149065628193,1.5633501662833873,0.03740157480314961,0.11133757689906681,0.678,37/113,19.96%,GNAI1;PRKCA;PTGS2;CACNA1C;ITPR2;RAPGEF3;PTGS1;HTR7;ITPR3;PLCB3;PLA2G4A;APP;GNG12;KCND2;MAOB;GNGT1;PLCB1;SLC18A2;KCNJ5;HTR1F;HTR2C;GNAQ;GNB4;GNB5;RAF1;MAPK1;MAOA;KCNJ6;BRAF;HTR1B;TRPC1;HTR5A;CYP4X1;HTR2A;HRAS;ALOX15B;GNB1
gsea,Adrenergic signaling in cardiomyocytes,0.3791077090729164,1.5411240773304535,0.0625,0.12212822008875687,0.706,27/149,9.75%,GNAI1;PRKCA;ADCY7;CACNA1C;ADCY9;TPM1;SLC9A1;RAPGEF3;ATP2B4;CAMK2A;SCN4B;SCN1B;ADRB2;CAMK2D;PLCB3;ATP1A1;CREB3L1;ADRA1D;TPM2;CREB3L2;MAPK11;CREB5;PLCB1;KCNQ1;CREB1;ATP2A2;AKT1
gsea,Glutathione metabolism,-0.4366325166380268,-1.5386126307556318,0.1,0.9171171171171171,0.736,16/56,4.55%,CHAC2;GSTA1;CHAC1;GSTM3;GSTA2;GSR;GSTA4;GSTM4;GSTM2;PGD;GPX2;GCLC;GCLM;GSTA3;GSTA5;ODC1
gsea,Th17 cell differentiation,0.48485947360202086,1.5317581858620173,0.1108786610878661,0.1260350806883957,0.714,31/105,14.63%,IL1RAP;GATA3;RXRA;IL4R;NFKB1;TGFBR2;IL1R1;PPP3CA;NFATC1;RUNX1;TGFB1;IL6R;SMAD3;JAK1;PLCG1;MTOR;PRKCQ;MAPK11;NFATC3;IKBKB;RARA;IL1B;JUN;FOS;STAT3;TGFBR1;IL27RA;IL6ST;MAPK1;IFNGR1;RELA
gsea,GABAergic synapse,0.3940802085978519,1.522677849201283,0.04725897920604915,0.13024251892549335,0.724,30/89,23.01%,GNAI1;PRKCA;SLC38A5;ADCY7;CACNA1C;ADCY9;GABRG2;GNG12;SLC38A1;SLC38A2;SLC6A1;SRC;GNGT1;ABAT;GNB4;PLCL1;GLS;GNB5;ADCY6;KCNJ6;SLC6A11;GAD1;ADCY1;GABRR2;GNB1;TRAK2;GABRA4;GNAI2;GABRG3;GABBR1
gsea,B cell receptor signaling pathway,0.46048603367864854,1.5084012310434132,0.15139442231075698,0.13759292945614007,0.741,23/79,15.19%,VAV2;VAV3;PIK3R1;NFKB1;PPP3CA;NFATC1;PIK3CD;IFITM1;BLNK;MALT1;NFATC3;PIK3CB;IKBKB;RAC2;GSK3B;AKT1;JUN;FOS;SOS2;RAF1;MAPK1;RELA;SOS1
gsea,Thermogenesis,-0.3232135171282594,-1.5048857041498322,0.11531190926275993,0.8768191268191268,0.763,92/219,18.39%,COA6;NDUFAF2;UQCR11;NDUFA2;ATP5MG;COX11;NDUFAF4;COA5;UQCRQ;NDUFA11;ATP5PO;KLB;SLC25A20;NDUFB5;NDUFB1;NDUFAF6;NDUFB8;NDUFA9;NDUFB9;ATP5MC1;COX5A;COX6A1;NDUFS7;NDUFB6;NDUFB7;NDUFAF7;NDUFB2;ADCY10;ATP5PF;COX8C;PRKAA2;COA3;NDUFA7;ATP5PD;COX14;NDUFAF8;COX5B;NDUFA4;ATP5MF;UQCRHL;COX7B;NDUFAB1;ADCY8;FGF21;SDHD;COX17;COA1;NDUFAF5;NDUFS3;PPARG;ACSL6;COX7A2;NDUFA13;COX7C;COX6B1;CREB3L4;COX4I1;COX6A2;ATP5MC3;NDUFB4;PRKAG3;NDUFC2;ATP5F1D;NPPA;UQCRB;NDUFB10;UQCR10;NDUFS4;COX6C;ACTL6A;NDUFB11;NDUFA12;NDUFA3;RPS6;CYC1;NDUFS8;LIPE;UQCRFS1;ACTL6B;DPF1;ATP5F1C;NDUFA1;GCG;SDHB;NDUFA5;COX7A2L;BMP8B;NDUFA8;UQCRC2;COX16;ATP5MC2;CPT1B
gsea,Progesterone-mediated oocyte maturation,0.3887270607959059,1.498817898105689,0.07905138339920949,0.14209411675286493,0.752,37/99,30.49%,GNAI1;IGF1R;PIK3R1;ADCY7;ADCY9;PIK3CD;RPS6KA2;CPEB2;STK10;MAPK11;PGR;PIK3CB;MAD1L1;ANAPC1;AKT1;SPDYE4;ADCY6;RAF1;MAPK1;BRAF;CPEB4;ADCY1;RPS6KA1;MAPK10;INS;GNAI2;PIK3CA;GNAI3;FZR1;SPDYE15;AKT3;PKMYT1;ADCY4;CDC25B;MOS;SPDYE2;SPDYE1
gsea,Th1 and Th2 cell differentiation,0.48378067689605886,1.4983450954727644,0.12804878048780488,0.14157499248572286,0.752,33/90,19.27%,GATA3;NOTCH1;IL4R;JAG2;MAF;NFKB1;IL12RB2;JAG1;MAML2;PPP3CA;NFATC1;NOTCH2;MAML3;JAK1;PLCG1;PRKCQ;MAPK11;NFATC3;DLL1;IKBKB;JUN;FOS;MAML1;DLL4;MAPK1;IFNGR1;NOTCH3;RELA;STAT4;STAT5A;TYK2;JAK3;RBPJ
gsea,African trypanosomiasis,0.5017235404871764,1.4938487466696486,0.09812108559498957,0.1433160504959423,0.757,12/36,12.51%,PRKCA;LAMA4;ICAM1;PLCB3;TNF;FAS;APOL1;VCAM1;PLCB1;IL1B;TLR9;GNAQ
gsea,Malaria,0.5372413940058222,1.490772003089388,0.13279678068410464,0.1441875156016771,0.761,19/50,16.26%,LRP1;TGFB3;THBS2;COMP;TGFB2;ICAM1;MET;TLR2;TNF;TGFB1;THBS1;VCAM1;IL1B;TLR9;SDC2;SDC1;GYPA;THBS3;CD36
gsea,Metabolism of xenobiotics by cytochrome P450,-0.45251198972302187,-1.4819587733630497,0.08055009823182711,0.8242748242748242,0.788,31/73,19.79%,GSTA1;GSTM3;AKR7A3;GSTA2;GSTA4;CBR3;GSTM4;CBR1;GSTM2;AKR7L;AKR1C1;GSTA3;GSTA5;CYP2C9;ALDH3A1;UGT1A7;GSTO1;CYP1A1;CYP2B6;EPHX1;HSD11B1;CYP2A7;GSTT2;DHDH;MGST3;MGST1;CYP2D6;HSD11B1L;ADH7;UGT2B11;MGST2
gsea,Viral myocarditis,0.505290303547118,1.4779909727245413,0.1593625498007968,0.15113237623394563,0.778,13/57,8.97%,LAMA1;CCND1;CAV1;SGCD;LAMA2;ICAM1;EIF4G3;SGCB;DMD;ABL1;ABL2;RAC2;FYN
gsea,Legionellosis,0.4211565831947143,1.4710609851711942,0.12704918032786885,0.15464718160034793,0.788,22/57,23.59%,NFKB1;CXCL1;TLR2;TNF;HSPA2;APAF1;TLR5;CASP1;C3;NFKB2;CXCL3;IL1B;CLK4;HSPA1A;RELA;BCL2L13;HSPA6;IL18;ITGAM;HSF1;CXCL8;CXCL2
gsea,Mannose type O-glycan biosynthesis,0.5147899336648547,1.4646273311178477,0.1171875,0.15763617539992653,0.794,11/23,19.49%,POMT2;POMK;LARGE1;LARGE2;FUT4;B3GALNT2;FKRP;FKTN;B4GALT1;CRPPA;B4GALT2
gsea,Cell adhesion molecules,0.4317320578609843,1.393498294829164,0.17835671342685372,0.20431361022406663,0.872,44/145,14.86%,CDH3;ITGA6;NECTIN1;VCAN;ITGAV;ITGB1;CNTNAP1;CLDN1;NLGN4X;ICAM1;ITGB8;NEO1;NLGN2;PTPRM;CDH4;ITGA4;NCAM2;CLDN14;PVR;LRRC4C;GLG1;CD276;PTPRF;NFASC;NECTIN3;NLGN4Y;VSIR;L1CAM;VCAM1;CLDN16;JAM3;CD34;NTNG1;SDC2;CLDN24;CDH5;MPZL1;JAM2;SDC1;ITGA8;NEGR1;SDC4;CLDN19;CD99
gsea,Proteasome,-0.40348799124760426,-1.3913037585269508,0.1891891891891892,0.9965783090783091,0.866,28/46,26.11%,IFNG;PSMB3;PSMA3;PSMC6;POMP;PSMB4;PSMB8;PSMD12;PSMD14;PSMA4;PSMD4;PSMD11;PSMD8;PSMA5;PSMA1;PSMB1;PSME2;PSMC5;PSMB9;PSMC2;PSMB10;PSMD6;PSMB6;PSMC4;SEM1;PSME1;PSMA7;PSMB5
gsea,Hematopoietic cell lineage,0.4962712540609409,1.3892580151343141,0.20967741935483872,0.20637920840806323,0.875,28/95,13.00%,ITGA3;ITGA6;ITGA2;IL11;ITGA5;IL4R;IL1R1;CSF1;ITGB3;MME;CD1A;ANPEP;ITGA1;CD59;TNF;ITGA4;IL6R;CD44;IL1A;IL1R2;KITLG;IL7R;CD34;IL1B;IL7;CSF2;CSF1R;GYPA
gsea,Collecting duct acid secretion,-0.4233775416532049,-1.382541969772569,0.15682281059063136,0.9126819126819128,0.876,9/27,16.48%,ATP6V0E2;ATP4A;ATP6V1C2;ATP6V0A4;ATP4B;ATP6V1F;ATP6V1B1;ATP6V1G2;ATP6V1G3
gsea,Inflammatory bowel disease,0.5044785118297035,1.3823779331288248,0.1839323467230444,0.2103012116463904,0.879,19/63,10.84%,TGFB3;GATA3;IL4R;MAF;NFKB1;IL12RB2;TGFB2;NFATC1;TLR2;TNF;TGFB1;SMAD3;IL1A;NOD2;IL18R1;TLR5;IL1B;JUN;STAT3
gsea,Viral protein interaction with cytokine and cytokine receptor,0.487354707602137,1.3775541147204453,0.19753086419753085,0.21223994066988147,0.883,32/97,12.95%,TNFRSF10D;TNFRSF10B;IL20RB;CSF1;CXCL6;CXCL1;TNF;IL6R;CX3CL1;TNFRSF10A;CXCR1;IL20;IL18R1;TNFSF10;ACKR3;IL24;CCL11;CXCL3;CX3CR1;LTBR;TNFRSF1A;ACKR4;IL34;CCL28;PPBP;CXCR2;CCL20;TNFRSF10C;CXCL5;TNFRSF14;CSF1R;IL6ST
gsea,Oocyte meiosis,0.3192081868712734,1.3757123802840856,0.15637065637065636,0.21261180025832868,0.883,30/128,19.77%,IGF1R;ADCY7;ADCY9;ITPR2;PPP3CA;CAMK2A;RPS6KA2;CAMK2D;ITPR3;CPEB2;SLK;MAPK11;PGR;MAD1L1;ANAPC1;SPDYE4;BTRC;ADCY6;MAPK1;AR;PPP2R5D;CPEB4;SMC1A;PPP2R1A;SMC3;FBXW11;ADCY1;PPP2R5B;PPP2R5E;RPS6KA1
gsea,Rheumatoid arthritis,0.45692584327868163,1.3719146931590036,0.1958762886597938,0.21432172741111338,0.886,25/89,12.06%,TGFB3;IL11;MMP1;MMP3;FLT1;TGFB2;CSF1;ICAM1;CXCL6;CXCL1;TLR2;TNF;TGFB1;IL1A;CTSK;TNFSF11;CXCL3;VEGFA;IL1B;IL15;JUN;FOS;CSF2;CCL20;CXCL5
gsea,Peroxisome,-0.33902852282304546,-1.3587574124801867,0.15313653136531366,0.8883922383922384,0.887,36/81,23.55%,SLC27A2;NUDT12;HACL1;NOS2;ECI2;DECR2;PIPOX;BAAT;PECR;PEX11G;ABCD2;MPV17L2;PXMP2;ACSL6;PXMP4;SOD1;DAO;PRDX1;DHRS4;IDH1;PEX11A;ECH1;ACOT8;PEX2;PAOX;PEX19;PEX7;FAR2;PEX12;PEX3;ABCD1;PHYH;HAO1;HMGCLL1;PEX16;PEX11B
gsea,Glycerophospholipid metabolism,0.34771786006305394,1.3540187567233712,0.15430861723446893,0.226223943139023,0.897,25/97,13.94%,LPCAT2;AGPAT4;PLPP4;LPCAT3;MBOAT2;DGKH;LCAT;PLD2;PLA2G4A;DGKA;CDS1;GPAT4;MBOAT7;PLA2G12A;PLPP3;DGKI;AGPAT3;PLA2G15;PLB1;PLA2G5;DGKQ;GPCPD1;LPCAT1;DGKZ;PLPP1
gsea,Pyruvate metabolism,-0.36605254253076097,-1.3510594931337885,0.15922330097087378,0.8266868266868267,0.897,20/47,19.49%,ACYP1;ME1;HAGH;LDHD;ACAT1;ALDH3A2;PCK2;ME3;GRHPR;GLO1;ACYP2;FH;MDH1;ACOT12;PDHB;AKR1A1;ACAT2;ADH7;ACSS2;ME2
gsea,Cytosolic DNA-sensing pathway,0.3566421341143336,1.3492802580854082,0.16041666666666668,0.22910951019703393,0.9,22/60,24.00%,NFKB1;STING1;IFNA1;CASP1;IKBKB;POLR3A;IL1B;MAVS;POLR3H;RIPK1;POLR3B;RELA;POLR3D;CGAS;IL33;IFNA2;IFNA13;IL18;RIPK3;IFNA16;IFNA5;AIM2
gsea,Carbohydrate digestion and absorption,0.36769278303983377,1.3478829334017464,0.10756972111553785,0.22898189098970584,0.901,15/47,24.94%,PIK3R1;PIK3CD;PLCB3;ATP1A1;TAS1R2;PIK3CB;PLCB1;AKT1;HK2;HK1;G6PC2;SLC2A5;MGAM;PIK3CA;MGAM2
gsea,Cysteine and methionine metabolism,-0.3440646939429945,-1.3390725096323999,0.13592233009708737,0.7886059136059136,0.901,18/49,18.75%,CBS;GCLC;GCLM;TST;APIP;SDS;ADI1;CTH;MPST;AHCY;PSAT1;BHMT2;KYAT3;MDH1;TAT;SMS;MRI1;GOT1
gsea,Galactose metabolism,0.3613908817762724,1.3308085744023928,0.16096579476861167,0.2408017338205749,0.914,16/31,27.76%,GANC;PGM2;PFKM;PFKP;PGM1;HK2;B4GALT1;HK1;B4GALT2;G6PC2;LALBA;MGAM;MGAM2;GAA;PFKL;GALE
gsea,Non-alcoholic fatty liver disease,0.27207597607422596,1.329339413142955,0.1987179487179487,0.24073540774592145,0.914,31/151,14.63%,IRS1;PIK3R1;RXRA;MAP3K5;NFKB1;PPARA;COX6B2;PIK3CD;MLXIP;TNF;TGFB1;IL6R;IL1A;MAPK11;FAS;PIK3CB;MAP3K11;IKBKB;TNFRSF1A;GSK3B;AKT1;IL1B;JUN;FOS;PRKAB2;SDHA;PKLR;NDUFA4L2;INSR;BCL2L11;RELA
gsea,N-Glycan biosynthesis,0.34358819409427405,1.3236595948175482,0.2158859470468432,0.24417408701532914,0.917,15/50,20.30%,TUSC3;ALG11;MGAT5;MAN1C1;MAN2A1;ALG12;MAN1A2;ST6GAL1;GANAB;ALG9;STT3A;B4GALT1;MAN1A1;B4GALT2;MAN1B1
gsea,Parkinson disease,-0.2634190927770412,-1.323419491769699,0.229126213592233,0.7652326883096114,0.913,106/236,24.14%,TUBB2B;UQCR11;NDUFA2;TUBB4A;UQCRQ;NDUFA11;ATP5PO;NDUFB5;NDUFB1;NDUFB8;UCHL1;SLC18A1;NDUFA9;NDUFB9;ATP5MC1;COX5A;COX6A1;NDUFS7;SLC6A3;NDUFB6;NDUFB7;NDUFB2;ATP5PF;COX8C;NDUFA7;ATP5PD;COX5B;CALM2;NDUFA4;UQCRHL;COX7B;NDUFAB1;SDHD;PSMB3;NDUFS3;COX7A2;NDUFA13;COX7C;COX6B1;COX4I1;COX6A2;PSMA3;ATP5MC3;NDUFB4;KIF5C;NDUFC2;ATP5F1D;UQCRB;NDUFB10;UQCR10;NDUFS4;PSMC6;COX6C;TXN;NDUFB11;NDUFA12;NDUFA3;CYC1;NDUFS8;UQCRFS1;CYCS;PSMB4;TUBB1;PSMD12;PSMD14;ATP5F1C;NDUFA1;SDHB;SLC25A4;NDUFA5;COX7A2L;XBP1;NDUFA8;UQCRC2;PSMA4;ATP5MC2;PSMD4;PSMD11;VDAC3;PSMD8;HTRA2;NDUFA6;PSMA5;PSMA1;ATP5F1E;NDUFV3;UQCRH;TRAP1;PSMB1;CALML6;SLC25A5;PSMC5;ADCY5;PSMC2;ATP5F1A;KIF5A;PSMD6;PSMB6;RPS27A;SDHC;PSMC4;SEM1;TUBA3E;MAPT;UQCRC1;KLC4
gsea,Leishmaniasis,0.44431946948593964,1.3177691139297794,0.24489795918367346,0.24769704926406802,0.919,24/74,15.37%,TGFB3;PTGS2;NFKB1;TGFB2;ITGB1;TLR2;TNF;ITGA4;TGFB1;JAK1;IL1A;MAPK11;C3;TRAF6;IL1B;JUN;FOS;TAB2;FCGR2A;MAP3K7;MAPK1;IFNGR1;RELA;FCGR3B
gsea,beta-Alanine metabolism,0.3847017528900943,1.3170645098618965,0.15643564356435644,0.2468974556812583,0.919,9/30,17.24%,SMOX;DPYD;ACOX3;ABAT;ALDH3B2;AOC3;ALDH2;GAD1;HIBCH
gsea,Bile secretion,0.3357726465446383,1.3142291940035342,0.12219959266802444,0.2477337710881444,0.919,19/88,15.82%,RXRA;ADCY7;ADCY9;SLC9A1;CA2;SLC2A1;SCT;SLC9A3;ATP1A1;LDLR;SLC4A4;SLCO1A2;UGT1A10;ABCB11;SLC4A2;ADCY6;UGT1A8;ABCB4;UGT2A2
gsea,Staphylococcus aureus infection,0.4367805202695878,1.3071727031377587,0.2318840579710145,0.25207869441735214,0.923,26/91,15.37%,CFH;KRT17;KRT14;CFI;KRT23;ICAM1;C1R;PTAFR;KRT9;C1S;KRT16;KRT15;C3;KRT13;KRT25;C4B;KRT31;CFB;KRT37;FCAR;FCGR2A;C4A;KRT35;KRT33B;KRT34;FCGR3B
gsea,Neuroactive ligand-receptor interaction,0.3229962073694369,1.3068933879110842,0.10980392156862745,0.2510508544915543,0.925,104/339,23.39%,EDNRA;HRH1;P2RY2;LPAR3;UCN2;BDKRB2;ADORA2B;BDKRB1;S1PR5;GHR;PTGER3;GRIN2A;ADRB2;SCT;PTAFR;HTR7;F2R;GRIA3;PTGER4;GABRG2;PTH1R;HRH2;ADRA1D;P2RY1;S1PR3;GRIA1;ADM;GPR156;APLN;CHRM3;THRB;C3;GLRA3;RXFP3;TBXA2R;PRLR;LPAR6;GRID2;PTGFR;SLURP2;EDN2;CHRNA6;CCK;NPBWR1;MCHR1;LHB;GRM4;CHRM4;DRD1;PDYN;LPAR4;HTR1F;MAS1;MC2R;ADCYAP1R1;S1PR2;SSTR5;PTGIR;HTR2C;THRA;ADRA2A;GRIN3B;GRP;HCRTR1;LTB4R2;GRIK1;P2RX7;HRH4;GRID1;ADRA1A;PARD3;ADORA2A;CHRNB3;HTR1B;PTGER2;SLURP1;MC5R;HTR5A;NPY4R;HTR2A;AVPR1A;GRM7;NPY5R;MLN;GABRR2;NPY4R2;LTB4R;OPRL1;CHRNB4;VIPR1;GABRA4;P2RX6;CTSG;GRIN2D;P2RY4;APLNR;GLRA2;GABRG3;MTNR1B;GABBR1;DRD5;FPR2;PTGDR;PENK
gsea,PPAR signaling pathway,0.3355862732181274,1.2961849809664123,0.1437246963562753,0.2582907524296163,0.933,17/74,11.99%,RXRA;MMP1;PPARA;SCD5;SLC27A1;ILK;HMGCS1;FABP5;FABP4;ANGPTL4;PDPK1;PPARD;SORBS1;ACOX3;ACSL4;PLIN4;ACSL3
gsea,Prion disease,0.23945260412950162,1.2958129623725059,0.1841541755888651,0.2572254116993141,0.934,41/260,13.28%,NOTCH1;CAV1;PIK3R1;CACNA1C;C9;ITPR2;PPP3CA;COX6B2;PIK3CD;PRNP;GRIN2A;CAV2;LAMC1;ITPR3;RYR3;TNF;NCAM2;HSPA2;CREB3L1;IL1A;CREB3L2;MAPK11;APAF1;CREB5;TUBB6;PIK3CB;RAC2;CREB1;FYN;EGR1;GSK3B;PSMD9;IL1B;SDHA;CSNK2A2;PSMD1;CSNK2A3;GRIN3B;NDUFA4L2;KLC1;HSPA1A
gsea,Sphingolipid metabolism,0.3523044333897275,1.2932448258982852,0.21042084168336672,0.25818755635707846,0.935,15/48,13.94%,SGMS2;CERS3;ACER3;SPTLC3;GALC;SMPD1;SPHK1;ARSA;PLPP3;CERS6;ACER2;NEU3;SGPP1;KDSR;PLPP1
gsea,Various types of N-glycan biosynthesis,0.3432699393534908,1.291818388117287,0.21370967741935484,0.2580380334575993,0.935,12/39,20.30%,TUSC3;ALG11;MAN1C1;MAN2A1;ALG12;MAN1A2;ALG9;STT3A;B4GALT1;MAN1A1;B4GALT2;MAN1B1
gsea,"Glycine, serine and threonine metabolism",-0.3703914665242425,-1.2729630471430782,0.16602316602316602,0.8309820809820809,0.938,12/38,11.75%,PIPOX;SHMT1;DMGDH;CBS;GLYCTK;GCSH;SDS;CTH;DAO;GAMT;GRHPR;PSAT1
gsea,Glycolysis / Gluconeogenesis,0.30589895501300407,1.2717472976840216,0.1908713692946058,0.27352935924791755,0.949,18/66,21.67%,FBP2;ALDOA;PGM2;LDHAL6B;PFKM;ALDH3B2;PFKP;PKLR;ENO2;PGM1;ALDH2;BPGM;HK2;PDHA2;HK1;PGAM1;G6PC2;PKM
gsea,Ovarian steroidogenesis,0.3554592658068911,1.2693135827194169,0.15524193548387097,0.27419338121741654,0.949,12/51,13.57%,IGF1R;ADCY7;PTGS2;ADCY9;HSD17B2;LDLR;PLA2G4A;LHB;CYP1B1;STAR;INSR;ADCY6
gsea,Purine metabolism,0.2961808108139904,1.2660723248317671,0.1996007984031936,0.27561263459396385,0.95,32/127,18.96%,NT5E;ADCY7;ADCY9;PDE7A;XDH;PDE4A;PDE7B;PAPSS2;GUCY1A2;GUCY1A1;PDE10A;AMPD3;NT5C2;PDE3A;ENTPD4;PGM2;PDE2A;ENPP1;ENTPD5;PKLR;PAPSS1;NME7;AMPD2;ADCY6;PGM1;ADSS1;PDE5A;PDE8A;PDE1B;PFAS;AK4;ADCY1
gsea,Mineral absorption,0.3292992212906321,1.2632228335949367,0.1926782273603083,0.27654225956145945,0.951,13/60,16.59%,VDR;HEPH;ATP2B4;HEPHL1;SLC9A3;ATP1A1;CYBRD1;ATP7A;STEAP2;ATP7B;SLC30A1;MT1M;MT2A
gsea,Nitrogen metabolism,0.42268276146608263,1.247169459491315,0.21052631578947367,0.2889305213886968,0.957,3/17,2.15%,CA12;CA2;CA9
gsea,Phagosome,0.3459155585393535,1.244983296939432,0.2837573385518591,0.2894753655133159,0.957,33/149,16.71%,MRC2;ITGA2;THBS2;ITGA5;DYNC2H1;COMP;RAB7B;ITGAV;ITGB1;ITGB3;DYNC1H1;C1R;COLEC12;DYNC1LI2;TLR2;PIKFYVE;ITGB5;EEA1;THBS1;TUBB6;C3;TLR6;CD209;PLA2R1;FCAR;FCGR2A;LAMP1;TCIRG1;THBS3;FCGR3B;CD36;NOS1;LAMP2
gsea,Glycerolipid metabolism,0.320464072499842,1.2331713580629715,0.19029126213592232,0.29870985641950476,0.962,16/61,15.14%,AGPAT4;PLPP4;LIPG;MBOAT2;DGKH;DGAT2;DGKA;GPAT4;PLPP3;DGKI;AGPAT3;DGKQ;DGKZ;PLPP1;ALDH2;LIPC
gsea,Primary bile acid biosynthesis,-0.41588609752464134,-1.2144955888235547,0.2675521821631879,0.9182028182028183,0.954,6/17,14.96%,SLC27A5;AKR1C4;BAAT;HSD3B7;AKR1D1;ACOT8
gsea,Vibrio cholerae infection,0.2851840435420308,1.1758891260694153,0.2803921568627451,0.35015740433138753,0.975,9/50,13.96%,PRKCA;ADCY9;SLC12A2;PLCG1;KCNQ1;TJP1;KDELR3;ERO1A;TCIRG1
gsea,Retrograde endocannabinoid signaling,0.25520831683717693,1.1630604949816659,0.2793522267206478,0.3605264287861222,0.976,23/141,13.88%,GNAI1;PRKCA;ADCY7;PTGS2;CACNA1C;ADCY9;ITPR2;ITPR3;PLCB3;GRIA3;GABRG2;GRIA1;MAPK11;GNG12;GNGT1;PLCB1;KCNJ5;GNAQ;GNB4;NDUFA4L2;GNB5;ADCY6;MAPK1
gsea,Tryptophan metabolism,-0.3170726721234331,-1.157044320343669,0.275390625,1.0,0.971,10/42,11.39%,DDC;ACAT1;ALDH3A2;AFMID;TPH1;AANAT;CYP1A1;GCDH;KMO;ASMT
gsea,Cardiac muscle contraction,-0.27967057353382113,-1.154456441811523,0.30284552845528456,0.9547103664750725,0.971,30/83,18.24%,ATP1A3;UQCR11;UQCRQ;CACNG1;TNNC1;COX5A;COX6A1;COX8C;COX5B;UQCRHL;COX7B;TNNI3;COX7A2;COX7C;COX6B1;COX4I1;CACNA1S;ATP2A1;COX6A2;CACNA1F;UQCRB;UQCR10;COX6C;CYC1;UQCRFS1;CACNG4;COX7A2L;CACNG6;UQCRC2;CACNG2
gsea,Pantothenate and CoA biosynthesis,0.368591056124133,1.151172778675198,0.3091286307053942,0.37069531636175085,0.979,5/20,14.25%,DPYD;BCAT1;ENPP1;PANK2;ALDH2
gsea,Linoleic acid metabolism,-0.3760026963771098,-1.1498349043540874,0.2842741935483871,0.9124124124124126,0.975,7/29,7.50%,PLAAT3;PLA2G2D;CYP2J2;CYP2C9;CYP2C19;PLA2G10;PLA2G12B
gsea,Fructose and mannose metabolism,0.3430966817834123,1.1492026272147091,0.29957805907172996,0.37074025554213386,0.979,13/33,27.20%,PFKFB3;PMM2;FBP2;ALDOA;PFKFB2;PFKM;PFKP;HK2;HK1;GMDS;TIGAR;GMPPA;PFKL
gsea,Neutrophil extracellular trap formation,0.2976232091255887,1.148164851171795,0.3111111111111111,0.37026477066990665,0.979,41/180,23.76%,PRKCA;PIK3R1;NFKB1;PIK3CD;ITGB3;TLR2;PLCB3;VWF;PLCG1;MTOR;MAPK11;HDAC7;CLCN3;CLCN4;CASP1;PIK3CB;C3;SRC;RAC2;PLCB1;HDAC11;AKT1;FCGR2A;MAP3K7;RAF1;MAPK1;RELA;H2BC18;FCGR3B;H4C13;HDAC6;H3C6;ITGAM;CTSG;H2AB2;CLEC7A;CLCN5;FPR2;HDAC4;H2BW2;PIK3CA
gsea,DNA replication,-0.4180374425944535,-1.144900641867621,0.36381709741550694,0.8762811394390343,0.976,19/36,23.08%,RNASEH2A;RFC4;PRIM1;RPA3;POLE2;RNASEH2B;RNASEH2C;POLA2;SSBP1;PRIM2;POLE4;DNA2;RFC2;RFC3;RFC5;PCNA;RPA2;POLE3;MCM6
gsea,Huntington disease,-0.22901839349113234,-1.1430512216660487,0.33201581027667987,0.8364518364518363,0.977,98/292,19.17%,TUBB2B;KCNJ10;UQCR11;NDUFA2;POLR2I;TBPL1;TUBB4A;UQCRQ;NDUFA11;ATP5PO;NDUFB5;NDUFB1;NDUFB8;GPX2;NDUFA9;NDUFB9;ATP5MC1;COX5A;COX6A1;NDUFS7;NDUFB6;CACNA1B;NDUFB7;DNAH14;NDUFB2;ATP5PF;COX8C;NDUFA7;GRIN1;POLR2H;ATP5PD;COX5B;NDUFA4;UQCRHL;COX7B;GRIN2B;NDUFAB1;SDHD;PSMB3;NDUFS3;PPARG;COX7A2;NDUFA13;COX7C;COX6B1;CREB3L4;COX4I1;BDNF;POLR2F;DCTN3;COX6A2;DNALI1;PSMA3;SOD1;ATP5MC3;BECN2;NDUFB4;KIF5C;NDUFC2;ATP5F1D;GPX6;UQCRB;NDUFB10;UQCR10;NDUFS4;PSMC6;COX6C;POLR2J;NDUFB11;NDUFA12;NDUFA3;CYC1;NDUFS8;UQCRFS1;CYCS;PSMB4;TUBB1;PSMD12;PSMD14;ATP5F1C;PLCB2;NDUFA1;SDHB;SLC25A4;NDUFA5;COX7A2L;BBC3;CLTA;NDUFA8;UQCRC2;PSMA4;ATP5MC2;PSMD4;PSMD11;VDAC3;PSMD8;NDUFA6;PSMA5
gsea,Arginine and proline metabolism,0.2919567294149772,1.1374778139646042,0.3032258064516129,0.37903277910272504,0.983,7/50,7.33%,P4HA2;AZIN2;P4HA3;SMOX;ALDH4A1;P4HA1;MAOB
gsea,Maturity onset diabetes of the young,-0.41696981514970505,-1.1189575905712115,0.34615384615384615,0.8484803484803485,0.983,14/26,20.63%,HHEX;FOXA3;NEUROG3;MNX1;NEUROD1;HNF1A;BHLHA15;ONECUT1;FOXA2;PAX4;GCK;SLC2A2;RFX6;PDX1
gsea,Tyrosine metabolism,-0.32465735780937544,-1.1165502393921913,0.3049907578558225,0.8144648144648144,0.983,14/36,19.16%,DDC;HPD;HGD;GSTZ1;PNMT;ALDH3A1;DCT;MIF;TAT;FAHD1;TPO;ADH7;GOT1;AOC2
gsea,Phenylalanine metabolism,-0.36961251205010237,-1.1128806941292406,0.328740157480315,0.7866461779505257,0.984,8/17,19.16%,PAH;DDC;HPD;ALDH3A1;MIF;TAT;GOT1;AOC2
gsea,Ferroptosis,0.3215386856495395,1.111854134306159,0.35394456289978676,0.4033894632359623,0.987,8/41,12.19%,LPCAT3;PRNP;STEAP3;SLC39A14;PCBP1;ACSL4;ACSL3;CP
gsea,Amyotrophic lateral sclerosis,-0.20979202476261558,-1.0817949194925887,0.3713733075435203,0.8131208131208131,0.99,106/351,19.31%,TUBB2B;UQCR11;NDUFA2;RAB39B;TUBB4A;NOS2;UQCRQ;NDUFA11;ATP5PO;C9orf72;PFN4;NDUFB5;NDUFB1;NDUFB8;GPX2;PFN2;NDUFA9;NDUFB9;ATP5MC1;COX5A;COX6A1;NDUFS7;NDUFB6;NDUFB7;DNAH14;NDUFB2;ATP5PF;COX8C;NDUFA7;GRIN1;ATP5PD;COX5B;NDUFA4;UQCRHL;NEFH;COX7B;GRIN2B;NDUFAB1;GRIN2C;SDHD;GABARAPL2;PSMB3;NDUFS3;CHCHD10;NUP210;COX7A2;NDUFA13;COX7C;NUP88;COX6B1;COX4I1;DCTN3;COX6A2;DNALI1;PSMA3;PFN3;SOD1;ATP5MC3;BECN2;NDUFB4;NUP210L;KIF5C;NUP85;NDUFC2;ATP5F1D;GPX6;NUP37;UQCRB;NDUFB10;UQCR10;NDUFS4;PSMC6;COX6C;NDUFB11;FIG4;NDUFA12;NDUFA3;SEH1L;ALYREF;CYC1;NDUFS8;UQCRFS1;CYCS;SRSF7;PSMB4;TUBB1;NXT1;PSMD12;PSMD14;ATP5F1C;NDUFA1;SDHB;NDUFA5;COX7A2L;XBP1;NDUFA8;UQCRC2;PSMA4;ATP5MC2;PSMD4;PSMD11;PSMD8;SRSF3;NDUFA6;PSMA5;NUP35
gsea,Drug metabolism,-0.2724525889127744,-1.0613498264852024,0.38823529411764707,0.8213305613305614,0.994,36/104,19.79%,GSTA1;GSTM3;GSTA2;NAT1;GSTA4;NME1;GSTM4;GSTM2;GSTA3;GSTA5;CYP2C9;CES1;CYP2C19;ALDH3A1;UGT1A7;GSTO1;CYP2B6;NME2;DUT;RRM2;CYP2A7;NME4;GSTT2;NME3;FMO5;MGST3;MGST1;UPP2;CYP2D6;ADH7;NAT2;CYP2C8;HPRT1;MPO;UGT2B11;MGST2
gsea,Pentose phosphate pathway,0.28477537584071816,1.0544668658609866,0.3668032786885246,0.4636754277571831,0.996,7/30,13.91%,H6PD;FBP2;ALDOA;PGM2;PFKM;PFKP;PGM1
gsea,Ether lipid metabolism,0.2837963342850747,1.0362519543010833,0.3920792079207921,0.4820696189118773,0.996,14/48,16.38%,LPCAT2;PLD2;PLA2G4A;ENPP6;PLA2G12A;PLPP3;PLB1;PLA2G5;LPCAT1;PAFAH1B1;PLPP1;ENPP2;PEDS1;PLA2G2F
gsea,Alcoholism,0.25502821918262364,1.0286720284436446,0.41478439425051333,0.4884121574110075,0.997,43/178,23.42%,GNAI1;ADORA2B;GRIN2A;CREB3L1;SHC1;CREB3L2;HDAC7;SHC3;GNG12;CREB5;MAOB;GNGT1;CREB1;HDAC11;SLC18A2;DRD1;SOS2;PDYN;GRIN3B;GNB4;GNB5;SHC4;RAF1;MAPK1;H2BC18;MAOA;SOS1;BRAF;ADORA2A;CAMKK2;HRAS;PKIA;H4C13;HDAC6;GNB1;H3C6;GRIN2D;H2AB2;CALML3;GNAI2;SHC2;HDAC4;H2BW2
gsea,Arachidonic acid metabolism,0.2838816663128349,1.0264405842902582,0.4271255060728745,0.48856731900199424,0.997,12/61,12.76%,PTGES;PTGS2;GGT5;PTGS1;GPX8;PRXL2B;PLA2G4A;PLA2G12A;GGT1;PLB1;PLA2G5;PTGIS
gsea,Pyrimidine metabolism,0.27475809396754225,1.0261687914408073,0.4196242171189979,0.48665464382326423,0.997,11/54,13.34%,NT5E;DPYD;TK2;NT5C2;ENTPD4;DCTD;TYMP;CAD;ENPP1;ENTPD5;NME7
gsea,Proximal tubule bicarbonate reclamation,0.3149153526449091,1.01614154434624,0.4309278350515464,0.4959871720069036,0.997,5/23,13.08%,CA2;SLC9A3;ATP1A1;SLC4A4;GLS
gsea,Cell cycle,0.29280992853118076,1.0133381446406864,0.46506986027944114,0.4967986471593324,0.997,20/124,12.27%,TGFB3;CDK6;CCND1;TGFB2;EP300;CREBBP;TGFB1;SMAD3;PRKDC;ABL1;ATM;CCND2;MAD1L1;STAG1;ANAPC1;GSK3B;ZBTB17;RB1;ATR;CDKN1A
gsea,Other glycan degradation,0.3425084552532099,1.0098787615009053,0.42886178861788615,0.49861103810243945,0.997,8/17,33.61%,MANBA;MAN2B2;NEU3;AGA;MAN2B1;MAN2C1;NEU2;GLB1
gsea,mRNA surveillance pathway,0.2544597920988637,1.0095326061463237,0.444672131147541,0.49683528167804547,0.997,38/98,38.72%,SMG6;PABPC4L;GSPT2;SMG1;UPF2;PPP2R3A;PPP2R5D;CPSF1;PPP2R1A;WDR82;SYMPK;ACIN1;CPSF7;PPP2R5B;PPP2R5E;PPP2R2C;NXF1;SRRM1;PPP2CB;UPF1;CPSF2;CSTF2;SMG5;PABPC4;BCL2L2-PABPN1;PABPC5;WDR33;PPP2R2A;RNMT;DDX19A;FUS;RNGTT;TARDBP;PPP2R2B;PCF11;PPP2R2D;FIP1L1;SMG7
gsea,Fatty acid biosynthesis,0.32461150503635355,0.985624049869879,0.48282828282828283,0.5226129646328024,0.997,5/18,14.77%,ACACA;ACSL4;ACSL3;MECR;FASN
gsea,Steroid biosynthesis,-0.3235871323072518,-0.9528488583708502,0.487378640776699,1.0,0.999,2/20,0.90%,TM7SF2;HSD17B7
gsea,Steroid hormone biosynthesis,-0.2623747865322042,-0.9472085479341847,0.5404896421845574,0.987102487102487,0.999,13/59,12.09%,DHRS11;AKR1C4;HSD17B7;HSD17B8;AKR1C3;AKR1C1;SULT2B1;UGT1A7;CYP1A1;HSD11B2;AKR1D1;AKR1C2;HSD11B1
gsea,Nicotinate and nicotinamide metabolism,0.26958111725142814,0.9447351600636903,0.5041666666666667,0.5678612372357037,0.999,7/34,13.48%,NT5E;ASPDH;NT5C2;NNT;ENPP1;NMNAT1;NADK2
gsea,Synaptic vesicle cycle,0.2364985029708993,0.9341376012313662,0.5338645418326693,0.5783662968450628,0.999,18/77,18.95%,SLC6A2;SLC1A3;STXBP1;SNAP25;STX2;SLC6A1;AP2A1;DNM3;SLC18A2;SLC1A6;AP2A2;SLC1A1;TCIRG1;SLC6A11;SLC18A3;NAPA;STX1A;SLC17A7
gsea,Fatty acid degradation,-0.2612106119298741,-0.9069768389994283,0.5369649805447471,1.0,1.0,12/43,18.39%,ACADSB;ECI1;ECI2;ACAT1;ALDH3A2;ACSL6;GCDH;ACAA2;ACADL;ACAT2;ADH7;CPT1B
gsea,One carbon pool by folate,-0.32590713324684306,-0.9061322901318211,0.5475728155339806,1.0,1.0,5/19,10.90%,MTHFD2;SHMT1;MTHFD2L;FTCD;DHFR
gsea,Glycosphingolipid biosynthesis,0.258397325108668,0.9037686613774578,0.5838509316770186,0.6123509668369902,0.999,13/45,22.24%,ST8SIA1;ST3GAL2;ST3GAL1;A3GALT2;FUT4;ST6GALNAC5;ST3GAL4;B3GNT4;B4GALT1;B4GALT2;ST3GAL6;ST3GAL5;NAGA
gsea,Phototransduction,0.2715776624593885,0.8994847268710792,0.610337972166998,0.6145425216207738,0.999,8/28,23.11%,SLC24A1;CNGB1;GNGT1;CNGA1;GNAT2;GNB1;CALML3;RCVRN
gsea,Nicotine addiction,0.2863987324339824,0.8993619567481893,0.5773809523809523,0.6120430992799363,0.999,11/40,22.78%,GRIN2A;GRIA3;GABRG2;GRIA1;CHRNA6;GRIN3B;SLC17A7;GABRR2;GABRA4;GRIN2D;GABRG3
gsea,"Alanine, aspartate and glutamate metabolism",-0.25017124940522384,-0.8976151639505886,0.5817120622568094,0.9847539847539848,1.0,9/36,15.01%,ASRGL1;RIMKLA;ASNS;FOLH1;NIT2;ADSL;ALDH5A1;GPT;GLS2
gsea,Base excision repair,-0.2858946135404746,-0.8950581641159131,0.5456349206349206,0.9581181677955872,1.0,11/33,23.00%,NTHL1;NEIL1;POLE2;POLE4;MPG;OGG1;SMUG1;POLL;UNG;PCNA;POLE3
gsea,Selenocompound metabolism,-0.31170634197294533,-0.8849542592578257,0.5826612903225806,0.9463790713790714,1.0,8/17,21.03%,TXNRD1;PSTK;CTH;MARS2;KYAT3;SEPHS2;SCLY;INMT
gsea,Vitamin digestion and absorption,0.2848271023035669,0.8793718034784445,0.6166666666666667,0.6336253166731075,1.0,7/24,24.64%,BTD;LRAT;PLB1;SLC19A3;SLC52A3;SCARB1;CUBN
gsea,Histidine metabolism,-0.29570966904401347,-0.8782490992113055,0.6019607843137255,0.9291984291984293,1.0,7/22,13.07%,ALDH3A2;ALDH3A1;FTCD;HAL;UROC1;HNMT;CNDP1
gsea,Porphyrin and chlorophyll metabolism,-0.25464411518212327,-0.8777594631477392,0.5808270676691729,0.902531490766785,1.0,9/41,13.70%,HMOX1;PPOX;FECH;UROS;UGT1A7;HMBS;BLVRB;MMAB;FXN
gsea,ABC transporters,0.25994235673243427,0.8767542854242185,0.5816326530612245,0.6344569768767555,1.0,9/45,15.44%,ABCC9;ABCA1;ABCB5;ABCA2;ABCC11;ABCA6;ABCB11;ABCC10;ABCB4
gsea,RNA transport,-0.2059463300205224,-0.874896580696553,0.5540796963946869,0.8817245817245818,1.0,50/183,20.31%,SMN1;RPP40;GEMIN6;GEMIN2;ELAC1;EEF1A2;RPP25L;THOC3;TRNT1;PABPC1L2B;RNU1-3;POP5;PYM1;RNVU1-7;PABPC1L;NUP210;GEMIN7;NUP88;RNU4-2;EIF4A2;SNORD3B-2;RPP38;MAGOHB;EIF1AX;NUP210L;NUP85;NUP37;SNORD3A;RPP25;POP7;SAP18;RNVU1-18;SEH1L;ALYREF;NCBP2L;PABPC1L2A;EIF4EBP3;NXT1;RPP30;SUMO2;RPP21;SNORD3C;EIF3E;SNORD3B-1;NUP35;EIF4A3;THOC1;THOC7;DDX19B;SENP2
gsea,Allograft rejection,-0.37934879694447,-0.8679584186988047,0.5834932821497121,0.8684453684453685,1.0,19/35,28.99%,IL12B;HLA-DOB;IFNG;HLA-DMB;GZMB;IL12A;IL2;HLA-DQA1;CD40LG;HLA-DMA;FASLG;HLA-DPB1;HLA-DRA;HLA-DPA1;HLA-DRB5;HLA-DRB1;HLA-DQB1;IL10;HLA-DQA2
gsea,Basal transcription factors,0.24383255141080964,0.8517400587911239,0.6032064128256514,0.6623064509262879,1.0,13/44,24.50%,GTF2I;TAF3;TAF1;GTF2A1L;TAF4;GTF2IRD1;TAF4B;TAF6;TAF2;ERCC2;TBPL2;TAF15;GTF2H1
gsea,Amino sugar and nucleotide sugar metabolism,0.22934411827556922,0.8502567110219192,0.5731462925851704,0.6613199694804744,1.0,11/48,20.91%,GFPT2;PMM2;PGM2;CYB5R1;CYB5R3;PGM1;HK2;UAP1L1;HK1;UXS1;GMDS
gsea,RNA degradation,0.22096506328132465,0.8458257402830385,0.562874251497006,0.6639014126840997,1.0,17/76,17.07%,PABPC4L;CNOT1;TENT4A;PATL1;CNOT3;PFKM;EDC4;EXOSC10;DCP1B;PFKP;ENO2;DCP1A;DDX6;XRN1;CNOT6;CNOT6L;PAN2
gsea,Olfactory transduction,0.4370770085385643,0.8453845646252308,0.9683794466403162,0.6616486578736888,1.0,293/432,40.91%,CAMK2A;PRKG1;CAMK2D;OR10A3;CNGB1;OR51B6;OR10A6;OR5P2;OR2AE1;OR52E2;OR56B4;OR51B2;OR52N1;OR1J4;OR7C2;OR14K1;NCALD;OR51M1;PDE2A;OR52E5;OR1N1;OR2C1;ANO2;OR11A1;OR2T3;OR3A1;GNAL;OR8K3;OR10H1;OR56A4;OR2AK2;OR52B4;OR12D1;OR52A5;OR1Q1;OR4F6;OR51Q1;OR52W1;OR10Q1;OR52L1;OR8B12;OR8K5;CNGA2;OR10V1;OR9Q1;OR56A5;OR2D3;OR2G3;OR6B3;OR10A7;OR5D14;OR2H1;OR13H1;OR2G2;OR10AG1;OR6A2;OR11L1;OR8D4;PDE1B;OR52H1;OR52K2;OR51B5;OR51F1;OR2V2;OR8S1;OR5B17;GRK2;OR1L6;OR12D2;OR5V1;OR52J3;OR52E1;OR10A5;OR1L1;OR4M1;GNB1;OR6C4;OR3A3;OR1L3;PRKG2;OR3A2;OR4C5;OR10J1;OR51B4;OR8A1;OR10A4;OR52N2;OR2L5;OR4D9;OR2T6;OR52B6;OR52A1;OR6C76;OR2T27;OR10J5;OR4D6;OR13C8;OR5A1;OR4D11;OR10Z1;OR1B1;OR5A2;OR2M5;OR2T4;OR1G1;CALML3;OR2T7;OR5AC2;OR5M8;OR4X2;OR8I2;OR2A7;OR8G1;OR4S1;OR6K2;OR5L1;OR1D5;OR4E2;OR6C68;OR5D13;OR2M7;OR4K3;OR8B4;OR2J1;OR2AG2;OR7D4;OR10G3;OR4D2;OR5T3;OR6X1;OR4K17;OR51D1;OR8J3;OR2L8;OR8B8;OR5F1;OR8J1;OR4C13;OR51A2;OR5M3;OR10R2;OR8K1;OR52E4;OR2T33;OR51V1;OR6C70;OR14C36;OR5H14;OR4K13;OR6P1;OR12D3;OR10K2;OR1S1;OR2T2;OR52M1;OR9Q2;OR9G1;OR5D16;OR6Y1;OR4K5;OR6N2;OR5M1;OR56A1;GRK3;OR6C1;OR6Q1;OR2J2;OR4C15;OR4N5;OR10J4;OR5M10;OR10K1;OR1J2;OR5AN1;OR13C3;OR10W1;OR4K2;OR11G2;OR4B1;OR1L8;OR9I1;OR10C1;OR5L2;OR10X1;OR2C3;OR10G8;OR52K1;OR5H1;PDE1C;OR7G1;OR2T11;OR1D4;OR11H1;OR2V1;OR2T12;OR14J1;OR2T34;OR5AL1;OR5AS1;OR2AP1;OR4X1;OR7G2;OR2T1;OR2AJ1;OR6C74;OR1D2;OR5P3;OR4C46;CALML4;OR4L1;OR10T2;OR4C45;OR6C3;OR8U1;OR2M3;OR2A5;OR8U3;ADCY3;OR7E24;OR10G9;OR6C65;OR2J3;OR51S1;OR4F15;OR7A10;OR14A2;OR9G4;OR8H3;OR2AT4;OR51A7;OR2W1;OR1I1;OR6C6;PDE1A;OR56A3;OR5H2;OR51G1;OR2L13;OR9K2;OR2M2;OR1S2;OR4D10;OR4A5;OR6S1;CAMK2G;OR10AC1;OR9A2;OR51I2;OR2Z1;OR2B2;OR1N2;OR5K3;OR5K1;OR4Q2;GNG7;OR10H4;OR52B2;OR5B3;OR4F17;OR5J2;OR5H15;OR1L4;OR51F2;OR52E8;OR2H2;OR6V1;OR5I1;OR8B2;OR4K14;OR4K15;OR10G4;OR52E6;OR4E1;OR51L1;OR4C3;OR1A1;OR2B3;OR11H12;OR8H1;OR1E1;OR6F1;OR51J1;OR5AU1;OR5W2;OR51I1;OR10A2;OR51T1;OR4C16;OR8D2;OR10D3;OR51A4;CALM3;OR10G7
gsea,Fat digestion and absorption,0.25538126600869954,0.841424937526407,0.6542443064182195,0.6636698334430354,1.0,10/43,17.29%,SLC27A1;ABCA1;DGAT2;PLA2G12A;PLPP3;PLA2G5;PLPP1;CD36;PLA2G2F;MOGAT2
gsea,Pentose and glucuronate interconversions,-0.28056129048268125,-0.8317902724103862,0.6444007858546169,0.902586578262254,1.0,10/32,20.82%,CRYL1;AKR1B1;DCXR;UGT1A7;AKR1B10;DHDH;AKR1A1;XYLB;UGT2B11;UGT2B4
gsea,alpha-Linolenic acid metabolism,0.2684401811093721,0.8234606660077686,0.6673387096774194,0.6823512994016362,1.0,8/25,21.02%,PLA2G4A;ACOX3;PLA2G12A;PLB1;PLA2G5;PLA2G2F;FADS2;PLA2G4C
gsea,Biosynthesis of unsaturated fatty acids,0.2601828080739831,0.8223575050729592,0.6137787056367432,0.6809349898698741,1.0,6/27,18.20%,SCD5;HACD1;ACOX3;HACD4;FADS2;HACD2
gsea,RNA polymerase,-0.26252899462604196,-0.8215478690957648,0.5914396887159533,0.895165408323303,1.0,9/31,13.95%,POLR2I;POLR3G;POLR3K;POLR2H;POLR1C;POLR2F;POLR1H;POLR3GL;POLR2J
gsea,Primary immunodeficiency,-0.31132575484999336,-0.8049472432210777,0.61003861003861,0.8978445901522825,1.0,18/37,22.11%,CD8B;CD8A;CD3D;RFXAP;TNFRSF13C;ADA;CD19;TNFRSF13B;AICDA;CD40LG;BTK;ZAP70;IGLL1;UNG;RFXANK;IL2RG;LCK;ICOS
gsea,Fanconi anemia pathway,-0.2835006087304498,-0.7952808913095721,0.6322067594433399,0.8899428274428275,1.0,9/54,6.84%,CENPX;CENPS;FANCL;RAD51C;UBE2T;RMI1;RPA3;RMI2;FANCG
gsea,Taste transduction,0.21773708090987146,0.7869117733633298,0.7739463601532567,0.7208590071135157,1.0,22/85,23.43%,CACNA1C;SCNN1G;ITPR3;PLCB3;P2RY1;TAS1R2;CHRM3;PLCB1;TAS2R1;TAS2R3;GRM4;HTR1F;ADCY6;TAS2R10;HTR1B;PDE1B;SCNN1B;GABRA4;TAS2R8;P2RY4;GABBR1;TAS2R13
gsea,Protein export,-0.23442080431215984,-0.7704793607768109,0.7213740458015268,0.9055406250528201,1.0,2/23,4.59%,SEC11C;SRP19
gsea,Mismatch repair,-0.2856049324309635,-0.7655505284752222,0.7058823529411765,0.8917103917103916,1.0,9/23,22.79%,RFC4;MSH2;RPA3;SSBP1;RFC2;RFC3;RFC5;PCNA;RPA2
gsea,Fatty acid elongation,-0.23535146293050788,-0.7614241804961268,0.6826003824091779,0.8771213073538655,1.0,9/27,21.61%,ELOVL7;ACOT4;ACAA2;THEM4;ACOT2;ACOT1;ECHS1;PPT1;HACD3
gsea,Arginine biosynthesis,-0.2394556559120325,-0.7555266738061499,0.766,0.8652586152586152,1.0,6/22,18.75%,NOS2;ARG1;GPT;NOS3;GLS2;GOT1
gsea,Retinol metabolism,0.21512898167842745,0.7447707123640184,0.8016528925619835,0.7691358394227039,1.0,10/66,15.82%,CYP27C1;ALDH1A3;CYP26B1;LRAT;RDH16;UGT1A10;RDH8;UGT1A8;DHRS3;UGT2A2
gsea,Citrate cycle (TCA cycle),-0.21948536480871694,-0.7421442742701629,0.7018867924528301,0.8644028644028644,1.0,8/30,16.55%,SUCLG1;SDHD;PCK2;FH;IDH1;MDH1;PDHB;SDHB
gsea,Terpenoid backbone biosynthesis,0.23684500458300559,0.7233789273333073,0.7175732217573222,0.7918203677897095,1.0,13/22,45.41%,HMGCS1;ICMT;PCYOX1;DHDDS;FNTB;RCE1;IDI2;NUS1;MVK;FNTA;PDSS2;ZMPSTE24;HMGCS2
gsea,Nucleotide excision repair,-0.21760359553998934,-0.7199705780423801,0.69921875,0.8752523426436469,1.0,17/45,23.81%,GTF2H2C;RFC4;CCNH;XPA;RPA3;POLE2;POLE4;RFC2;GTF2H2;GTF2H5;RBX1;RFC3;RFC5;PCNA;RPA2;POLE3;ERCC8
gsea,Butanoate metabolism,0.22090724555171448,0.7141060867019984,0.810204081632653,0.7996168027894976,1.0,7/28,20.95%,HMGCS1;ABAT;OXCT1;AACS;GAD1;BDH2;EHHADH
gsea,Type I diabetes mellitus,0.2800016707845957,0.7013573186356565,0.7453798767967146,0.8110485742583039,1.0,6/41,10.00%,CPE;TNF;IL1A;PTPRN;FAS;IL1B
gsea,SNARE interactions in vesicular transport,0.1948075532673019,0.6887847243504949,0.7923387096774194,0.822731148365568,1.0,12/33,30.76%,STX6;STX2;VTI1B;BET1L;YKT6;STX1A;VAMP3;STX17;SNAP29;STX3;STX1B;STX4
gsea,Thiamine metabolism,-0.2384100946459438,-0.6780154860269807,0.8432122370936902,0.9085976320018874,1.0,4/15,19.10%,NTPCR;AK7;ACP1;THTPA
gsea,Intestinal immune network for IgA production,-0.262389224072907,-0.6494235685729854,0.75,0.922008547008547,1.0,20/45,24.96%,CCL25;HLA-DOB;HLA-DMB;MADCAM1;TNFRSF17;TNFRSF13C;IL2;TNFRSF13B;TNFSF13B;AICDA;HLA-DQA1;CD40LG;HLA-DMA;CCR10;HLA-DPB1;HLA-DRA;ICOS;CXCR4;HLA-DPA1;HLA-DRB5
gsea,Graft-versus-host disease,-0.28301591054010145,-0.6458993215496132,0.7705882352941177,0.9070035498606926,1.0,15/38,21.60%,HLA-DOB;IFNG;HLA-DMB;GZMB;KLRD1;IL2;KIR2DL1;KLRC1;HLA-DQA1;HLA-DMA;FASLG;KIR2DL3;KIR3DL2;HLA-DPB1;HLA-DRA
gsea,"Valine, leucine and isoleucine degradation",-0.18426292033475017,-0.6448687880344015,0.8195488721804511,0.8898059598059598,1.0,7/48,11.11%,ACADSB;PCCB;ACAT1;ALDH3A2;MCCC1;MCEE;ACAA2
gsea,Systemic lupus erythematosus,0.19217713879015275,0.6379740140113862,0.803680981595092,0.875438943749221,1.0,16/124,16.58%,ACTN1;C9;GRIN2A;C1R;TNF;C1S;C3;ACTN4;C4B;FCGR2A;C4A;SNRPD3;H2BC18;RO60;FCGR3B;C7
gsea,Aminoacyl-tRNA biosynthesis,0.1927175846971411,0.6363372286971702,0.7802874743326489,0.8735143331033417,1.0,8/44,24.59%,TARS3;GATB;AARS2;HARS2;LARS2;CARS1;EARS2;YARS1
gsea,Antigen processing and presentation,-0.21041134916902945,-0.6168988997254029,0.7602339181286549,0.9009009009009009,1.0,22/70,21.88%,HLA-DOB;CD8B;IFNG;HLA-DMB;CD8A;RFXAP;KLRD1;KLRC2;KLRC3;IFI30;KLRC4;KIR2DL1;KLRC1;HLA-DQA1;CTSS;HLA-DMA;KIR2DL3;KIR3DL2;RFXANK;HLA-DPB1;HLA-DRA;PSME2
gsea,Ribosome biogenesis in eukaryotes,0.16342681859411995,0.5951532597902223,0.8089171974522293,0.9102007523972967,1.0,18/84,22.89%,DROSHA;MDN1;BMS1;HEATR1;POP1;CSNK2A2;CSNK2A3;GAR1;FCF1;TCOF1;XRN1;EFL1;CSNK2A1;GNL3L;WDR3;NXF1;NOL6;NAT10
gsea,Spliceosome,-0.14254347762233333,-0.5902398894264711,0.7762906309751434,0.9083973026280718,1.0,36/146,20.10%,SNRPG;THOC3;U2AF1L4;LSM7;LSM2;RNU1-3;RNVU1-7;PQBP1;RNU4-2;LSM4;MAGOHB;LSM3;SNRPD1;SF3B5;TXNL4A;USP39;LSM5;RNVU1-18;ALYREF;SNRPD2;NCBP2L;SNRPE;SNRPC;PPIL1;SRSF7;CCDC12;SRSF2;SNRPB;SNRPF;PRPF4;PHF5A;SRSF3;EIF4A3;THOC1;LSM8;PRPF3
gsea,Propanoate metabolism,0.17490229285290426,0.5847238033333783,0.8637274549098196,0.9158002614606306,1.0,4/34,9.34%,ACACA;ACOX3;ABAT;LDHAL6B
gsea,Ascorbate and aldarate metabolism,0.19715862024585692,0.5752968501247608,0.9120654396728016,0.9201911632100992,1.0,7/28,28.63%,UGT1A10;ALDH2;UGT1A8;UGT2A2;UGT1A4;ALDH7A1;UGT2A1
gsea,Glycosylphosphatidylinositol (GPI)-anchor biosynthesis,0.20192432567389057,0.5748949002059198,0.8473895582329317,0.916841201470044,1.0,3/25,12.11%,PIGG;PGAP1;PIGT
gsea,Asthma,0.22627210789060825,0.5582641549098207,0.8455445544554455,0.9265067914752315,1.0,5/28,16.50%,TNF;CCL11;MS4A2;FCER1A;IL3
gsea,Homologous recombination,-0.19377415832651426,-0.5388209439757288,0.8313492063492064,0.9321513095098001,1.0,13/41,24.24%,RAD54B;RAD51C;BABAM1;RPA3;SSBP1;EME1;RAD51B;RAD51;RPA2;RAD51D;XRCC3;SEM1;UIMC1
gsea,Autoimmune thyroid disease,0.1667891191775786,0.4457962570851185,0.9762376237623762,0.9809529410227258,1.0,3/50,6.12%,TG;FAS;IFNA1
